server,round,backend,campaign,category,decision,family,timestamp,path,reason,error_tail
32906,4,tilelang,2026.09.25-23.14_tilelang_hard-shape_seed=42,ptx_async_boundary,confirmed_signature,cp_async,1790352255.7007813,results/2026.09.25-23.14_tilelang_hard-shape_seed=42/failed/ptx_async_boundary/failed_calls_main(f1)__f0()__f1(f0)_3abfb79fb0216843.json,独立复现代表样本，按相同错误签名关联；非逐例根因证明,"lse: T.ptx_cp_async(T.address_of(As[T.shift_right(T.bitwise_and(thread_binding, 15), 3) * 4096 + i * 1024 + T.shift_right(thread_binding, 4) * 64 + T.bitwise_and(T.shift_right(T.bitwise_and(thread_binding, 127), 6) + T.shift_right(T.bitwise_and(thread_binding, 7), 2), 1) * 32 + T.bitwise_and(T.shift_right(T.bitwise_and(thread_binding, 63), 5) + T.shift_right(T.bitwise_and(thread_binding, 3), 1), 1) * 16 + T.bitwise_and(T.shift_right(T.bitwise_and(thread_binding, 31), 4) + T.bitwise_and(thread_binding, 1), 1) * 8 + vec]), T.address_of(A[i * 146512 + T.shift_right(thread_binding, 4) * 9157 + T.bitwise_and(thread_binding, 15) * 8 + vec]), 1, i * 16 + T.shift_right(thread_binding, 4) < 1 and i * 16 + T.shift_right(thread_binding, 4) < 1) requires a final PTX byte width in {4, 8, 16}, but got 2"
32906,4,tilelang,2026.09.25-23.14_tilelang_hard-shape_seed=42,ptx_async_boundary,confirmed_signature,cp_async,1790352438.5909212,results/2026.09.25-23.14_tilelang_hard-shape_seed=42/failed/ptx_async_boundary/failed_calls_main(f0)__f0()_23b7d224b769b798.json,独立复现代表样本，按相同错误签名关联；非逐例根因证明,"ytes(total_bytes)) is false: T.ptx_cp_async(T.address_of(As[T.shift_right(T.bitwise_and(thread_binding, 15), 3) * 8192 + i * 512 + T.shift_right(thread_binding, 4) * 64 + T.bitwise_and(T.shift_right(thread_binding, 6) + T.shift_right(T.bitwise_and(thread_binding, 7), 2), 1) * 32 + T.bitwise_and(T.shift_right(T.bitwise_and(thread_binding, 63), 5) + T.shift_right(T.bitwise_and(thread_binding, 3), 1), 1) * 16 + T.bitwise_and(T.shift_right(T.bitwise_and(thread_binding, 31), 4) + T.bitwise_and(thread_binding, 1), 1) * 8 + vec]), T.address_of(A[i * 30520 + T.shift_right(thread_binding, 4) * 3815 + T.bitwise_and(thread_binding, 15) * 8 + vec]), 1, i * 8 + T.shift_right(thread_binding, 4) < 1 and i * 8 + T.shift_right(thread_binding, 4) < 1) requires a final PTX byte width in {4, 8, 16}, but got 2"
32906,4,tilelang,2026.09.25-23.14_tilelang_hard-shape_seed=42,ptx_async_boundary,confirmed_signature,cp_async,1790354456.014656,results/2026.09.25-23.14_tilelang_hard-shape_seed=42/failed/ptx_async_boundary/failed_calls_main(f1)__f0()__f1(f0)_7ecf8518efb56f5f.json,独立复现代表样本，按相同错误签名关联；非逐例根因证明,"Stmt_(tvm::tirx::EvaluateNode const*)
  File ""<unknown>"", line 0, in tvm::codegen::CodeGenC::PrintExpr[abi:cxx11](tvm::PrimExpr const&)
  File ""<unknown>"", line 0, in tvm::codegen::CodeGenTileLangCUDA::VisitExpr_(tvm::tirx::CallNode const*, std::ostream&)
  File ""/project/src/cuda/codegen/codegen_cuda.cc"", line 103, in int tvm::codegen::{anonymous}::GetTileLangCPAsyncTransferBytes(const tvm::tirx::CallNode*)
tvm.error.InternalError: Check failed: (IsValidCPAsyncTransferBytes(total_bytes)) is false: T.ptx_cp_async(T.address_of(As[thread_binding * 8 + i * 2 + vec]), T.address_of(A[by * 1169152 + thread_binding * 9134 + i * 2 + vec]), 1, by * 4 + T.shift_right(thread_binding, 5) < 499 and by * 4 + T.shift_right(thread_binding, 5) < 499) requires a final PTX byte width in {4, 8, 16}, but got 2"
32906,4,tilelang,2026.09.25-23.14_tilelang_hard-shape_seed=42,ptx_async_boundary,confirmed_signature,cp_async,1790356373.2574394,results/2026.09.25-23.14_tilelang_hard-shape_seed=42/failed/ptx_async_boundary/failed_calls_main(f0+f0)__f0()_b1adb7f41e17b7c4.json,独立复现代表样本，按相同错误签名关联；非逐例根因证明,"GetTileLangCPAsyncTransferBytes(const tvm::tirx::CallNode*)
tvm.error.InternalError: Check failed: (IsValidCPAsyncTransferBytes(total_bytes)) is false: T.ptx_cp_async(T.address_of(Bs[T.shift_right(thread_binding, 3) * 32 + T.bitwise_and(T.shift_right(T.bitwise_and(thread_binding, 63), 5) + T.shift_right(T.bitwise_and(thread_binding, 7), 2), 1) * 16 + T.bitwise_and(T.shift_right(T.bitwise_and(thread_binding, 31), 4) + T.shift_right(T.bitwise_and(thread_binding, 3), 1), 1) * 8 + T.bitwise_and(thread_binding, 1) * 4 + i]), T.address_of(B[T.shift_right(thread_binding, 3) * 14172 + bx * 32 + T.bitwise_and(thread_binding, 7) * 4 + i]), 1, bx * 8 + T.bitwise_and(thread_binding, 7) < 3543 and bx * 8 + T.bitwise_and(thread_binding, 7) < 3543) requires a final PTX byte width in {4, 8, 16}, but got 2"
32906,4,tilelang,2026.09.25-23.14_tilelang_hard-shape_seed=42,ptx_async_boundary,confirmed_signature,cp_async,1790357096.4063885,results/2026.09.25-23.14_tilelang_hard-shape_seed=42/failed/ptx_async_boundary/failed_calls_main(f0)__f0()_ed99dfeaca951be1.json,独立复现代表样本，按相同错误签名关联；非逐例根因证明,"Stmt_(tvm::tirx::ForNode const*)
  File ""<unknown>"", line 0, in tvm::codegen::CodeGenC::VisitStmt_(tvm::tirx::EvaluateNode const*)
  File ""<unknown>"", line 0, in tvm::codegen::CodeGenC::PrintExpr[abi:cxx11](tvm::PrimExpr const&)
  File ""<unknown>"", line 0, in tvm::codegen::CodeGenTileLangCUDA::VisitExpr_(tvm::tirx::CallNode const*, std::ostream&)
  File ""/project/src/cuda/codegen/codegen_cuda.cc"", line 103, in int tvm::codegen::{anonymous}::GetTileLangCPAsyncTransferBytes(const tvm::tirx::CallNode*)
tvm.error.InternalError: Check failed: (IsValidCPAsyncTransferBytes(total_bytes)) is false: T.ptx_cp_async(T.address_of(As[thread_binding * 8 + i]), T.address_of(A[thread_binding * 4367 + i]), 1, thread_binding < 1 and thread_binding < 1) requires a final PTX byte width in {4, 8, 16}, but got 2"
32906,4,tilelang,2026.09.25-23.14_tilelang_hard-shape_seed=42,ptx_async_boundary,confirmed_signature,cp_async,1790360034.9597645,results/2026.09.25-23.14_tilelang_hard-shape_seed=42/failed/ptx_async_boundary/failed_calls_main(f1)__f0()__f1(f0+f0)_d6a306a12b24cf8f.json,独立复现代表样本，按相同错误签名关联；非逐例根因证明,"r.InternalError: Check failed: (IsValidCPAsyncTransferBytes(total_bytes)) is false: T.ptx_cp_async(T.address_of(As[T.shift_right(T.bitwise_and(thread_binding, 15), 3) * 1024 + T.shift_right(thread_binding, 4) * 64 + T.bitwise_and(T.shift_right(T.bitwise_and(thread_binding, 127), 6) + T.shift_right(T.bitwise_and(thread_binding, 7), 2), 1) * 32 + T.bitwise_and(T.shift_right(T.bitwise_and(thread_binding, 63), 5) + T.shift_right(T.bitwise_and(thread_binding, 3), 1), 1) * 16 + T.bitwise_and(T.shift_right(T.bitwise_and(thread_binding, 31), 4) + T.bitwise_and(thread_binding, 1), 1) * 8 + i]), T.address_of(A[T.shift_right(thread_binding, 4) * 15233 + T.bitwise_and(thread_binding, 15) * 8 + i]), 1, thread_binding < 16 and thread_binding < 16) requires a final PTX byte width in {4, 8, 16}, but got 2"
32906,4,tilelang,2026.09.25-23.14_tilelang_hard-shape_seed=42,ptx_async_boundary,confirmed_signature,cp_async,1790360533.8428745,results/2026.09.25-23.14_tilelang_hard-shape_seed=42/failed/ptx_async_boundary/failed_calls_main(f0)__f0()_bc3928eddcd1ac90.json,独立复现代表样本，按相同错误签名关联；非逐例根因证明,": (IsValidCPAsyncTransferBytes(total_bytes)) is false: T.ptx_cp_async(T.address_of(As[T.shift_right(thread_binding, 3) * 64 + T.bitwise_and(T.shift_right(T.bitwise_and(thread_binding, 63), 5) + T.shift_right(T.bitwise_and(thread_binding, 7), 2), 1) * 32 + T.bitwise_and(T.shift_right(T.bitwise_and(thread_binding, 31), 4) + T.shift_right(T.bitwise_and(thread_binding, 3), 1), 1) * 16 + T.bitwise_and(T.shift_right(T.bitwise_and(thread_binding, 15), 3) + T.bitwise_and(thread_binding, 1), 1) * 8 + i * 2 + vec]), T.address_of(A[by * 462144 + T.shift_right(thread_binding, 3) * 14442 + T.bitwise_and(thread_binding, 7) * 8 + i * 2 + vec]), 1, by * 4 + T.shift_right(thread_binding, 6) < 1689 and by * 4 + T.shift_right(thread_binding, 6) < 1689) requires a final PTX byte width in {4, 8, 16}, but got 2"
32906,4,tilelang,2026.09.25-23.14_tilelang_hard-shape_seed=42,ptx_async_boundary,confirmed_signature,cp_async,1790364966.093124,results/2026.09.25-23.14_tilelang_hard-shape_seed=42/failed/ptx_async_boundary/failed_calls_main(f0)__f0()_3ca0fd3f01e82033.json,独立复现代表样本，按相同错误签名关联；非逐例根因证明,"sferBytes(const tvm::tirx::CallNode*)
tvm.error.InternalError: Check failed: (IsValidCPAsyncTransferBytes(total_bytes)) is false: T.ptx_cp_async(T.address_of(As[T.shift_right(thread_binding, 3) * 64 + T.bitwise_and(T.shift_right(T.bitwise_and(thread_binding, 63), 5) + T.shift_right(T.bitwise_and(thread_binding, 7), 2), 1) * 32 + T.bitwise_and(T.shift_right(T.bitwise_and(thread_binding, 31), 4) + T.shift_right(T.bitwise_and(thread_binding, 3), 1), 1) * 16 + T.bitwise_and(T.shift_right(T.bitwise_and(thread_binding, 15), 3) + T.bitwise_and(thread_binding, 1), 1) * 8 + i * 2 + vec]), T.address_of(A[T.shift_right(thread_binding, 3) * 7994 + T.bitwise_and(thread_binding, 7) * 8 + i * 2 + vec]), 1, thread_binding < 8 and thread_binding < 8) requires a final PTX byte width in {4, 8, 16}, but got 2"
32906,4,tilelang,2026.09.25-23.14_tilelang_hard-shape_seed=42,ptx_async_boundary,confirmed_signature,cp_async,1790366283.5957415,results/2026.09.25-23.14_tilelang_hard-shape_seed=42/failed/ptx_async_boundary/failed_calls_main(f1)__f0()__f1(f0+f0)_17599c9bf09d071c.json,独立复现代表样本，按相同错误签名关联；非逐例根因证明,"nalError: Check failed: (IsValidCPAsyncTransferBytes(total_bytes)) is false: T.ptx_cp_async(T.address_of(As[T.shift_right(thread_binding, 3) * 64 + T.bitwise_and(T.shift_right(T.bitwise_and(thread_binding, 63), 5) + T.shift_right(T.bitwise_and(thread_binding, 7), 2), 1) * 32 + T.bitwise_and(T.shift_right(T.bitwise_and(thread_binding, 31), 4) + T.shift_right(T.bitwise_and(thread_binding, 3), 1), 1) * 16 + T.bitwise_and(T.shift_right(T.bitwise_and(thread_binding, 15), 3) + T.bitwise_and(thread_binding, 1), 1) * 8 + i]), T.address_of(A[by * 411136 + T.shift_right(thread_binding, 3) * 12848 + T.bitwise_and(thread_binding, 7) * 8 + i]), 1, by * 2 + T.shift_right(thread_binding, 7) < 803 and by * 2 + T.shift_right(thread_binding, 7) < 803) requires a final PTX byte width in {4, 8, 16}, but got 2"
32906,4,tilelang,2026.09.25-23.14_tilelang_hard-shape_seed=42,ptx_async_boundary,confirmed_signature,cp_async,1790367010.5515182,results/2026.09.25-23.14_tilelang_hard-shape_seed=42/failed/ptx_async_boundary/failed_calls_main(f0)__f0()_63e3966ace8f0bd8.json,独立复现代表样本，按相同错误签名关联；非逐例根因证明,", in int tvm::codegen::{anonymous}::GetTileLangCPAsyncTransferBytes(const tvm::tirx::CallNode*)
tvm.error.InternalError: Check failed: (IsValidCPAsyncTransferBytes(total_bytes)) is false: T.ptx_cp_async(T.address_of(As[T.shift_right(thread_binding, 2) * 32 + T.bitwise_and(T.shift_right(T.bitwise_and(thread_binding, 31), 4) + T.shift_right(T.bitwise_and(thread_binding, 3), 1), 1) * 16 + T.bitwise_and(T.shift_right(T.bitwise_and(thread_binding, 15), 3) + T.bitwise_and(thread_binding, 1), 1) * 8 + i * 2 + vec]), T.address_of(A[by * 107328 + T.shift_right(thread_binding, 2) * 3354 + T.bitwise_and(thread_binding, 3) * 8 + i * 2 + vec]), 1, by * 8 + T.shift_right(thread_binding, 4) < 919 and by * 8 + T.shift_right(thread_binding, 4) < 919) requires a final PTX byte width in {4, 8, 16}, but got 2"
32906,4,tilelang,2026.09.25-23.14_tilelang_hard-shape_seed=42,ptx_async_boundary,confirmed_signature,cp_async,1790370003.429309,results/2026.09.25-23.14_tilelang_hard-shape_seed=42/failed/ptx_async_boundary/failed_calls_main(f1)__f0()__f1(f0)_707e5f9069dc9029.json,独立复现代表样本，按相同错误签名关联；非逐例根因证明,":VisitExpr_(tvm::tirx::CallNode const*, std::ostream&)
  File ""/project/src/cuda/codegen/codegen_cuda.cc"", line 103, in int tvm::codegen::{anonymous}::GetTileLangCPAsyncTransferBytes(const tvm::tirx::CallNode*)
tvm.error.InternalError: Check failed: (IsValidCPAsyncTransferBytes(total_bytes)) is false: T.ptx_cp_async(T.address_of(As[i * 1024 + T.shift_right(thread_binding, 1) * 16 + T.bitwise_and(T.shift_right(T.bitwise_and(thread_binding, 15), 3) + T.bitwise_and(thread_binding, 1), 1) * 8 + vec * 2 + vec_1]), T.address_of(A[i * 738176 + T.shift_right(thread_binding, 1) * 11534 + T.bitwise_and(thread_binding, 1) * 8 + vec * 2 + vec_1]), 1, i * 64 + T.shift_right(thread_binding, 1) < 1 and i * 64 + T.shift_right(thread_binding, 1) < 1) requires a final PTX byte width in {4, 8, 16}, but got 2"
32906,4,tilelang,2026.09.25-23.14_tilelang_hard-shape_seed=42,ptx_async_boundary,confirmed_signature,cp_async,1790370088.8066657,results/2026.09.25-23.14_tilelang_hard-shape_seed=42/failed/ptx_async_boundary/failed_calls_main(f1)__f0()__f1(f0)_3c299f157c89c1c1.json,独立复现代表样本，按相同错误签名关联；非逐例根因证明,"vm::PrimExpr const&)
  File ""<unknown>"", line 0, in tvm::codegen::CodeGenTileLangCUDA::VisitExpr_(tvm::tirx::CallNode const*, std::ostream&)
  File ""/project/src/cuda/codegen/codegen_cuda.cc"", line 103, in int tvm::codegen::{anonymous}::GetTileLangCPAsyncTransferBytes(const tvm::tirx::CallNode*)
tvm.error.InternalError: Check failed: (IsValidCPAsyncTransferBytes(total_bytes)) is false: T.ptx_cp_async(T.address_of(As[T.shift_right(thread_binding, 1) * 16 + T.bitwise_and(T.shift_right(T.bitwise_and(thread_binding, 15), 3) + T.bitwise_and(thread_binding, 1), 1) * 8 + i * 2 + vec]), T.address_of(A[T.shift_right(thread_binding, 1) * 11534 + T.bitwise_and(thread_binding, 1) * 8 + i * 2 + vec]), 1, thread_binding < 2 and thread_binding < 2) requires a final PTX byte width in {4, 8, 16}, but got 2"
32906,4,tilelang,2026.09.25-23.14_tilelang_hard-shape_seed=42,ptx_async_boundary,confirmed_signature,cp_async,1790371738.0115523,results/2026.09.25-23.14_tilelang_hard-shape_seed=42/failed/ptx_async_boundary/failed_calls_main(f0)__f0()_87f739ece9305b4d.json,独立复现代表样本，按相同错误签名关联；非逐例根因证明,"es(total_bytes)) is false: T.ptx_cp_async(T.address_of(As[T.shift_right(T.bitwise_and(thread_binding, 15), 3) * 1024 + i * 512 + T.shift_right(thread_binding, 4) * 64 + T.bitwise_and(T.shift_right(thread_binding, 6) + T.shift_right(T.bitwise_and(thread_binding, 7), 2), 1) * 32 + T.bitwise_and(T.shift_right(T.bitwise_and(thread_binding, 63), 5) + T.shift_right(T.bitwise_and(thread_binding, 3), 1), 1) * 16 + T.bitwise_and(T.shift_right(T.bitwise_and(thread_binding, 31), 4) + T.bitwise_and(thread_binding, 1), 1) * 8 + vec]), T.address_of(A[i * 116936 + T.shift_right(thread_binding, 4) * 14617 + T.bitwise_and(thread_binding, 15) * 8 + vec]), 1, i * 8 + T.shift_right(thread_binding, 4) < 1 and i * 8 + T.shift_right(thread_binding, 4) < 1) requires a final PTX byte width in {4, 8, 16}, but got 2"
32906,4,tilelang,2026.09.25-23.14_tilelang_hard-shape_seed=42,ptx_async_boundary,confirmed_signature,cp_async,1790374897.8770645,results/2026.09.25-23.14_tilelang_hard-shape_seed=42/failed/ptx_async_boundary/failed_calls_main(f1)__f0()__f1(f0)_26df0cdd10fe7bd6.json,独立复现代表样本，按相同错误签名关联；非逐例根因证明," + T.bitwise_and(T.shift_right(T.bitwise_and(thread_binding, 63), 5) + T.shift_right(T.bitwise_and(thread_binding, 7), 2), 1) * 32 + T.bitwise_and(T.shift_right(T.bitwise_and(thread_binding, 31), 4) + T.shift_right(T.bitwise_and(thread_binding, 3), 1), 1) * 16 + T.bitwise_and(T.shift_right(T.bitwise_and(thread_binding, 15), 3) + T.bitwise_and(thread_binding, 1), 1) * 8 + T.bitwise_and(i, 1) * 4 + vec]), T.address_of(A[by * 523648 + T.shift_right(i, 1) * 261824 + T.shift_right(thread_binding, 3) * 16364 + T.bitwise_and(thread_binding, 7) * 8 + T.bitwise_and(i, 1) * 4 + vec]), 1, by * 32 + T.shift_right(i, 1) * 16 + T.shift_right(thread_binding, 3) < 6801 and by * 32 + T.shift_right(i, 1) * 16 + T.shift_right(thread_binding, 3) < 6801) requires a final PTX byte width in {4, 8, 16}, but got 2"
32906,4,tilelang,2026.09.25-23.14_tilelang_hard-shape_seed=42,ptx_async_boundary,confirmed_signature,cp_async,1790377789.6829727,results/2026.09.25-23.14_tilelang_hard-shape_seed=42/failed/ptx_async_boundary/failed_calls_main(f0+f0)__f0()_246a4f73c1f25e45.json,独立复现代表样本，按相同错误签名关联；非逐例根因证明,"
  File ""<unknown>"", line 0, in tvm::codegen::CodeGenC::PrintExpr[abi:cxx11](tvm::PrimExpr const&)
  File ""<unknown>"", line 0, in tvm::codegen::CodeGenTileLangCUDA::VisitExpr_(tvm::tirx::CallNode const*, std::ostream&)
  File ""/project/src/cuda/codegen/codegen_cuda.cc"", line 103, in int tvm::codegen::{anonymous}::GetTileLangCPAsyncTransferBytes(const tvm::tirx::CallNode*)
tvm.error.InternalError: Check failed: (IsValidCPAsyncTransferBytes(total_bytes)) is false: T.ptx_cp_async(T.address_of(As[thread_binding * 4 + i]), T.address_of(A[by * 873984 + T.shift_right(thread_binding, 1) * 13656 + T.bitwise_and(thread_binding, 1) * 4 + i]), 1, by * 2 + T.shift_right(thread_binding, 6) < 141 and by * 2 + T.shift_right(thread_binding, 6) < 141) requires a final PTX byte width in {4, 8, 16}, but got 2"
32906,4,tilelang,2026.09.25-23.14_tilelang_hard-shape_seed=42,ptx_async_boundary,confirmed_signature,cp_async,1790378347.315232,results/2026.09.25-23.14_tilelang_hard-shape_seed=42/failed/ptx_async_boundary/failed_calls_main(f1)__f0()__f1(f0)_90652524ecb15ea9.json,独立复现代表样本，按相同错误签名关联；非逐例根因证明,"intExpr[abi:cxx11](tvm::PrimExpr const&)
  File ""<unknown>"", line 0, in tvm::codegen::CodeGenTileLangCUDA::VisitExpr_(tvm::tirx::CallNode const*, std::ostream&)
  File ""/project/src/cuda/codegen/codegen_cuda.cc"", line 103, in int tvm::codegen::{anonymous}::GetTileLangCPAsyncTransferBytes(const tvm::tirx::CallNode*)
tvm.error.InternalError: Check failed: (IsValidCPAsyncTransferBytes(total_bytes)) is false: T.ptx_cp_async(T.address_of(As[T.shift_right(thread_binding, 1) * 16 + T.bitwise_and(T.shift_right(T.bitwise_and(thread_binding, 15), 3) + T.bitwise_and(thread_binding, 1), 1) * 8 + i]), T.address_of(A[T.shift_right(thread_binding, 1) * 12461 + T.bitwise_and(thread_binding, 1) * 8 + i]), 1, thread_binding < 2 and thread_binding < 2) requires a final PTX byte width in {4, 8, 16}, but got 2"
32906,4,tilelang,2026.09.25-23.14_tilelang_hard-shape_seed=42,ptx_async_boundary,confirmed_signature,cp_async,1790382188.3521855,results/2026.09.25-23.14_tilelang_hard-shape_seed=42/failed/ptx_async_boundary/failed_calls_main(f0)__f0()_09721e7729cdcd69.json,独立复现代表样本，按相同错误签名关联；非逐例根因证明,"allNode const*, std::ostream&)
  File ""/project/src/cuda/codegen/codegen_cuda.cc"", line 103, in int tvm::codegen::{anonymous}::GetTileLangCPAsyncTransferBytes(const tvm::tirx::CallNode*)
tvm.error.InternalError: Check failed: (IsValidCPAsyncTransferBytes(total_bytes)) is false: T.ptx_cp_async(T.address_of(As[T.shift_right(thread_binding, 2) * 32 + T.bitwise_and(T.shift_right(T.bitwise_and(thread_binding, 31), 4) + T.shift_right(T.bitwise_and(thread_binding, 3), 1), 1) * 16 + T.bitwise_and(T.shift_right(T.bitwise_and(thread_binding, 15), 3) + T.bitwise_and(thread_binding, 1), 1) * 8 + i]), T.address_of(A[T.shift_right(thread_binding, 2) * 13069 + T.bitwise_and(thread_binding, 3) * 8 + i]), 1, thread_binding < 4 and thread_binding < 4) requires a final PTX byte width in {4, 8, 16}, but got 2"
32906,4,tilelang,2026.09.25-23.14_tilelang_hard-shape_seed=42,ptx_async_boundary,confirmed_signature,cp_async,1790382673.5584574,results/2026.09.25-23.14_tilelang_hard-shape_seed=42/failed/ptx_async_boundary/failed_calls_main(f1)__f0()__f1(f0+f0)_db4367d4096c897f.json,独立复现代表样本，按相同错误签名关联；非逐例根因证明,"Check failed: (IsValidCPAsyncTransferBytes(total_bytes)) is false: T.ptx_cp_async(T.address_of(As[i * 2048 + T.shift_right(thread_binding, 3) * 64 + T.bitwise_and(T.shift_right(T.bitwise_and(thread_binding, 63), 5) + T.shift_right(T.bitwise_and(thread_binding, 7), 2), 1) * 32 + T.bitwise_and(T.shift_right(T.bitwise_and(thread_binding, 31), 4) + T.shift_right(T.bitwise_and(thread_binding, 3), 1), 1) * 16 + T.bitwise_and(T.shift_right(T.bitwise_and(thread_binding, 15), 3) + T.bitwise_and(thread_binding, 1), 1) * 8 + vec]), T.address_of(A[i * 359648 + T.shift_right(thread_binding, 3) * 11239 + T.bitwise_and(thread_binding, 7) * 8 + vec]), 1, i * 32 + T.shift_right(thread_binding, 3) < 1 and i * 32 + T.shift_right(thread_binding, 3) < 1) requires a final PTX byte width in {4, 8, 16}, but got 2"
32906,4,tilelang,2026.09.25-23.14_tilelang_hard-shape_seed=42,ptx_async_boundary,confirmed_signature,cp_async,1790383558.44417,results/2026.09.25-23.14_tilelang_hard-shape_seed=42/failed/ptx_async_boundary/failed_calls_main(f0)__f0()_567a614e8cdaeedf.json,独立复现代表样本，按相同错误签名关联；非逐例根因证明," 0, in tvm::codegen::CodeGenC::VisitStmt_(tvm::tirx::EvaluateNode const*)
  File ""<unknown>"", line 0, in tvm::codegen::CodeGenC::PrintExpr[abi:cxx11](tvm::PrimExpr const&)
  File ""<unknown>"", line 0, in tvm::codegen::CodeGenTileLangCUDA::VisitExpr_(tvm::tirx::CallNode const*, std::ostream&)
  File ""/project/src/cuda/codegen/codegen_cuda.cc"", line 103, in int tvm::codegen::{anonymous}::GetTileLangCPAsyncTransferBytes(const tvm::tirx::CallNode*)
tvm.error.InternalError: Check failed: (IsValidCPAsyncTransferBytes(total_bytes)) is false: T.ptx_cp_async(T.address_of(As[thread_binding * 4 + i]), T.address_of(A[T.shift_right(thread_binding, 1) * 7511 + T.bitwise_and(thread_binding, 1) * 4 + i]), 1, thread_binding < 2 and thread_binding < 2) requires a final PTX byte width in {4, 8, 16}, but got 2"
32906,4,tilelang,2026.09.25-23.14_tilelang_hard-shape_seed=42,ptx_async_boundary,confirmed_signature,cp_async,1790387906.235557,results/2026.09.25-23.14_tilelang_hard-shape_seed=42/failed/ptx_async_boundary/failed_calls_main(f0)__f0()_9f1422b74b4f7c85.json,独立复现代表样本，按相同错误签名关联；非逐例根因证明,"etTileLangCPAsyncTransferBytes(const tvm::tirx::CallNode*)
tvm.error.InternalError: Check failed: (IsValidCPAsyncTransferBytes(total_bytes)) is false: T.ptx_cp_async(T.address_of(As[T.shift_right(thread_binding, 3) * 64 + T.bitwise_and(T.shift_right(T.bitwise_and(thread_binding, 63), 5) + T.shift_right(T.bitwise_and(thread_binding, 7), 2), 1) * 32 + T.bitwise_and(T.shift_right(T.bitwise_and(thread_binding, 31), 4) + T.shift_right(T.bitwise_and(thread_binding, 3), 1), 1) * 16 + T.bitwise_and(T.shift_right(T.bitwise_and(thread_binding, 15), 3) + T.bitwise_and(thread_binding, 1), 1) * 8 + i]), T.address_of(A[T.shift_right(thread_binding, 3) * 752 + T.bitwise_and(thread_binding, 7) * 8 + i]), 1, thread_binding < 8 and thread_binding < 8) requires a final PTX byte width in {4, 8, 16}, but got 2"
32906,4,tilelang,2026.09.25-23.14_tilelang_hard-shape_seed=42,ptx_async_boundary,confirmed_signature,cp_async,1790390195.6926458,results/2026.09.25-23.14_tilelang_hard-shape_seed=42/failed/ptx_async_boundary/failed_calls_main(f1)__f0()__f1(f0)_52d3565674941808.json,独立复现代表样本，按相同错误签名关联；非逐例根因证明,":CallNode const*, std::ostream&)
  File ""/project/src/cuda/codegen/codegen_cuda.cc"", line 103, in int tvm::codegen::{anonymous}::GetTileLangCPAsyncTransferBytes(const tvm::tirx::CallNode*)
tvm.error.InternalError: Check failed: (IsValidCPAsyncTransferBytes(total_bytes)) is false: T.ptx_cp_async(T.address_of(As[T.shift_right(thread_binding, 2) * 16 + T.bitwise_and(T.shift_right(T.bitwise_and(thread_binding, 31), 4) + T.shift_right(T.bitwise_and(thread_binding, 3), 1), 1) * 8 + T.bitwise_and(thread_binding, 1) * 4 + i]), T.address_of(A[by * 52992 + T.shift_right(thread_binding, 2) * 828 + T.bitwise_and(thread_binding, 3) * 4 + i]), 1, by * 16 + T.shift_right(thread_binding, 4) < 919 and by * 16 + T.shift_right(thread_binding, 4) < 919) requires a final PTX byte width in {4, 8, 16}, but got 2"
32906,4,tilelang,2026.09.25-23.14_tilelang_hard-shape_seed=42,ptx_async_boundary,confirmed_signature,cp_async,1790395898.3457851,results/2026.09.25-23.14_tilelang_hard-shape_seed=42/failed/ptx_async_boundary/failed_calls_main(f0+f1)__f0()__f1(f0)_826f42aff652d003.json,独立复现代表样本，按相同错误签名关联；非逐例根因证明," 0, in tvm::codegen::CodeGenC::VisitStmt_(tvm::tirx::EvaluateNode const*)
  File ""<unknown>"", line 0, in tvm::codegen::CodeGenC::PrintExpr[abi:cxx11](tvm::PrimExpr const&)
  File ""<unknown>"", line 0, in tvm::codegen::CodeGenTileLangCUDA::VisitExpr_(tvm::tirx::CallNode const*, std::ostream&)
  File ""/project/src/cuda/codegen/codegen_cuda.cc"", line 103, in int tvm::codegen::{anonymous}::GetTileLangCPAsyncTransferBytes(const tvm::tirx::CallNode*)
tvm.error.InternalError: Check failed: (IsValidCPAsyncTransferBytes(total_bytes)) is false: T.ptx_cp_async(T.address_of(As[thread_binding * 4 + i]), T.address_of(A[T.shift_right(thread_binding, 1) * 7189 + T.bitwise_and(thread_binding, 1) * 4 + i]), 1, thread_binding < 2 and thread_binding < 2) requires a final PTX byte width in {4, 8, 16}, but got 2"
32906,4,tilelang,2026.09.25-23.14_tilelang_hard-shape_seed=42,ptx_async_boundary,confirmed_signature,cp_async,1790396069.5728347,results/2026.09.25-23.14_tilelang_hard-shape_seed=42/failed/ptx_async_boundary/failed_calls_main(f0)__f0()_f52040a1ad31f931.json,独立复现代表样本，按相同错误签名关联；非逐例根因证明,"gen::CodeGenTileLangCUDA::VisitExpr_(tvm::tirx::CallNode const*, std::ostream&)
  File ""/project/src/cuda/codegen/codegen_cuda.cc"", line 103, in int tvm::codegen::{anonymous}::GetTileLangCPAsyncTransferBytes(const tvm::tirx::CallNode*)
tvm.error.InternalError: Check failed: (IsValidCPAsyncTransferBytes(total_bytes)) is false: T.ptx_cp_async(T.address_of(As[i * 1024 + T.shift_right(thread_binding, 1) * 16 + T.bitwise_and(T.shift_right(T.bitwise_and(thread_binding, 15), 3) + T.bitwise_and(thread_binding, 1), 1) * 8 + vec]), T.address_of(A[i * 537408 + T.shift_right(thread_binding, 1) * 8397 + T.bitwise_and(thread_binding, 1) * 8 + vec]), 1, i * 64 + T.shift_right(thread_binding, 1) < 1 and i * 64 + T.shift_right(thread_binding, 1) < 1) requires a final PTX byte width in {4, 8, 16}, but got 2"
32906,4,tilelang,2026.09.25-23.14_tilelang_hard-shape_seed=42,ptx_async_boundary,confirmed_signature,cp_async,1790396666.122269,results/2026.09.25-23.14_tilelang_hard-shape_seed=42/failed/ptx_async_boundary/failed_calls_main(f1)__f0()__f1(f0+f0)_51e5142e38a5aa2d.json,独立复现代表样本，按相同错误签名关联；非逐例根因证明,"ncTransferBytes(const tvm::tirx::CallNode*)
tvm.error.InternalError: Check failed: (IsValidCPAsyncTransferBytes(total_bytes)) is false: T.ptx_cp_async(T.address_of(Bs[T.shift_right(thread_binding, 4) * 32 + T.bitwise_and(T.shift_right(thread_binding, 6) + T.shift_right(T.bitwise_and(thread_binding, 15), 3), 1) * 16 + T.bitwise_and(T.shift_right(T.bitwise_and(thread_binding, 63), 5) + T.shift_right(T.bitwise_and(thread_binding, 7), 2), 1) * 8 + T.bitwise_and(thread_binding, 3) * 2 + i]), T.address_of(B[T.shift_right(thread_binding, 4) * 1456 + bx * 32 + T.bitwise_and(thread_binding, 15) * 2 + i]), 1, bx * 2 + T.shift_right(T.bitwise_and(thread_binding, 15), 3) < 91 and bx * 2 + T.shift_right(T.bitwise_and(thread_binding, 15), 3) < 91) requires a final PTX byte width in {4, 8, 16}, but got 2"
32906,4,tilelang,2026.09.25-23.14_tilelang_hard-shape_seed=42,ptx_async_boundary,confirmed_signature,cp_async,1790396740.630121,results/2026.09.25-23.14_tilelang_hard-shape_seed=42/failed/ptx_async_boundary/failed_calls_main(f0)__f0()_cf15aefaf95df1a5.json,独立复现代表样本，按相同错误签名关联；非逐例根因证明,"lNode const*, std::ostream&)
  File ""/project/src/cuda/codegen/codegen_cuda.cc"", line 103, in int tvm::codegen::{anonymous}::GetTileLangCPAsyncTransferBytes(const tvm::tirx::CallNode*)
tvm.error.InternalError: Check failed: (IsValidCPAsyncTransferBytes(total_bytes)) is false: T.ptx_cp_async(T.address_of(As[T.shift_right(thread_binding, 2) * 16 + T.bitwise_and(T.shift_right(T.bitwise_and(thread_binding, 31), 4) + T.shift_right(T.bitwise_and(thread_binding, 3), 1), 1) * 8 + T.bitwise_and(thread_binding, 1) * 4 + i]), T.address_of(A[by * 546304 + T.shift_right(thread_binding, 2) * 8536 + T.bitwise_and(thread_binding, 3) * 4 + i]), 1, by * 32 + T.shift_right(thread_binding, 3) < 6299 and by * 32 + T.shift_right(thread_binding, 3) < 6299) requires a final PTX byte width in {4, 8, 16}, but got 2"
32906,4,tilelang,2026.09.25-23.14_tilelang_hard-shape_seed=42,ptx_async_boundary,confirmed_signature,cp_async,1790397111.7000263,results/2026.09.25-23.14_tilelang_hard-shape_seed=42/failed/ptx_async_boundary/failed_calls_main(f0)__f0()_4144251c3bc77903.json,独立复现代表样本，按相同错误签名关联；非逐例根因证明,"(Bs[T.shift_right(T.bitwise_and(thread_binding, 31), 3) * 1024 + i * 512 + T.shift_right(thread_binding, 5) * 64 + T.bitwise_and(T.shift_right(thread_binding, 7) + T.shift_right(T.bitwise_and(thread_binding, 7), 2), 1) * 32 + T.bitwise_and(T.shift_right(T.bitwise_and(thread_binding, 127), 6) + T.shift_right(T.bitwise_and(thread_binding, 3), 1), 1) * 16 + T.bitwise_and(T.shift_right(T.bitwise_and(thread_binding, 63), 5) + T.bitwise_and(thread_binding, 1), 1) * 8 + vec]), T.address_of(B[i * 11648 + T.shift_right(thread_binding, 5) * 1456 + bx * 256 + T.bitwise_and(thread_binding, 31) * 8 + vec]), 1, bx * 16 + T.shift_right(T.bitwise_and(thread_binding, 31), 1) < 91 and bx * 16 + T.shift_right(T.bitwise_and(thread_binding, 31), 1) < 91) requires a final PTX byte width in {4, 8, 16}, but got 2"
32906,4,tilelang,2026.09.25-23.14_tilelang_hard-shape_seed=42,ptx_async_boundary,confirmed_signature,cp_async,1790397667.8833787,results/2026.09.25-23.14_tilelang_hard-shape_seed=42/failed/ptx_async_boundary/failed_calls_main(f0)__f0()_9744815e5a5c3b0f.json,独立复现代表样本，按相同错误签名关联；非逐例根因证明,"intExpr[abi:cxx11](tvm::PrimExpr const&)
  File ""<unknown>"", line 0, in tvm::codegen::CodeGenTileLangCUDA::VisitExpr_(tvm::tirx::CallNode const*, std::ostream&)
  File ""/project/src/cuda/codegen/codegen_cuda.cc"", line 103, in int tvm::codegen::{anonymous}::GetTileLangCPAsyncTransferBytes(const tvm::tirx::CallNode*)
tvm.error.InternalError: Check failed: (IsValidCPAsyncTransferBytes(total_bytes)) is false: T.ptx_cp_async(T.address_of(As[T.shift_right(thread_binding, 1) * 16 + T.bitwise_and(T.shift_right(T.bitwise_and(thread_binding, 15), 3) + T.bitwise_and(thread_binding, 1), 1) * 8 + i]), T.address_of(A[T.shift_right(thread_binding, 1) * 11327 + T.bitwise_and(thread_binding, 1) * 8 + i]), 1, thread_binding < 2 and thread_binding < 2) requires a final PTX byte width in {4, 8, 16}, but got 2"
32906,4,tilelang,2026.09.25-23.14_tilelang_hard-shape_seed=42,ptx_async_boundary,confirmed_signature,cp_async,1790399242.6840396,results/2026.09.25-23.14_tilelang_hard-shape_seed=42/failed/ptx_async_boundary/failed_calls_main(f1)__f0()__f1(f0)_70a4fcffd54d5380.json,独立复现代表样本，按相同错误签名关联；非逐例根因证明,"codegen::{anonymous}::GetTileLangCPAsyncTransferBytes(const tvm::tirx::CallNode*)
tvm.error.InternalError: Check failed: (IsValidCPAsyncTransferBytes(total_bytes)) is false: T.ptx_cp_async(T.address_of(As[i * 1024 + T.shift_right(thread_binding, 2) * 32 + T.bitwise_and(T.shift_right(T.bitwise_and(thread_binding, 31), 4) + T.shift_right(T.bitwise_and(thread_binding, 3), 1), 1) * 16 + T.bitwise_and(T.shift_right(T.bitwise_and(thread_binding, 15), 3) + T.bitwise_and(thread_binding, 1), 1) * 8 + vec * 4 + vec_1]), T.address_of(A[i * 134784 + T.shift_right(thread_binding, 2) * 4212 + T.bitwise_and(thread_binding, 3) * 8 + vec * 4 + vec_1]), 1, i * 32 + T.shift_right(thread_binding, 2) < 1 and i * 32 + T.shift_right(thread_binding, 2) < 1) requires a final PTX byte width in {4, 8, 16}, but got 2"
32906,4,tilelang,2026.09.25-23.14_tilelang_hard-shape_seed=42,ptx_async_boundary,confirmed_signature,cp_async,1790400892.3704042,results/2026.09.25-23.14_tilelang_hard-shape_seed=42/failed/ptx_async_boundary/failed_calls_main(f0)__f0()_54a82213c95db4f2.json,独立复现代表样本，按相同错误签名关联；非逐例根因证明,"CallNode const*, std::ostream&)
  File ""/project/src/cuda/codegen/codegen_cuda.cc"", line 103, in int tvm::codegen::{anonymous}::GetTileLangCPAsyncTransferBytes(const tvm::tirx::CallNode*)
tvm.error.InternalError: Check failed: (IsValidCPAsyncTransferBytes(total_bytes)) is false: T.ptx_cp_async(T.address_of(As[T.shift_right(thread_binding, 2) * 32 + T.bitwise_and(T.shift_right(T.bitwise_and(thread_binding, 31), 4) + T.shift_right(T.bitwise_and(thread_binding, 3), 1), 1) * 16 + T.bitwise_and(T.shift_right(T.bitwise_and(thread_binding, 15), 3) + T.bitwise_and(thread_binding, 1), 1) * 8 + i]), T.address_of(A[T.shift_right(thread_binding, 2) * 9601 + T.bitwise_and(thread_binding, 3) * 8 + i]), 1, thread_binding < 4 and thread_binding < 4) requires a final PTX byte width in {4, 8, 16}, but got 2"
32906,4,tilelang,2026.09.25-23.14_tilelang_hard-shape_seed=42,ptx_async_boundary,confirmed_signature,cp_async,1790408869.618227,results/2026.09.25-23.14_tilelang_hard-shape_seed=42/failed/ptx_async_boundary/failed_calls_main(f0+f1)__f0()__f1(f0)_6f60aa45e9405ac2.json,独立复现代表样本，按相同错误签名关联；非逐例根因证明,"ss_of(Bs[T.shift_right(T.bitwise_and(thread_binding, 63), 4) * 4096 + i * 256 + T.shift_right(thread_binding, 6) * 64 + T.bitwise_and(T.shift_right(T.bitwise_and(thread_binding, 15), 3) + T.bitwise_and(i, 1), 1) * 32 + T.bitwise_and(T.shift_right(thread_binding, 7) + T.shift_right(T.bitwise_and(thread_binding, 7), 2), 1) * 16 + T.bitwise_and(T.shift_right(T.bitwise_and(thread_binding, 127), 6) + T.shift_right(T.bitwise_and(thread_binding, 3), 1), 1) * 8 + T.bitwise_and(thread_binding, 1) * 4 + vec]), T.address_of(B[i * 49776 + T.shift_right(thread_binding, 6) * 12444 + bx * 256 + T.bitwise_and(thread_binding, 63) * 4 + vec]), 1, bx * 64 + T.bitwise_and(thread_binding, 63) < 3111 and bx * 64 + T.bitwise_and(thread_binding, 63) < 3111) requires a final PTX byte width in {4, 8, 16}, but got 2"
32906,4,tilelang,2026.09.25-23.14_tilelang_hard-shape_seed=42,tilelang_codegen_error,confirmed_signature,bool_vector,1790349324.4013786,results/2026.09.25-23.14_tilelang_hard-shape_seed=42/failed/tilelang_codegen_error/failed_extended_mixed_16367aeaf0b9a947.json,独立复现代表样本，按相同错误签名关联；非逐例根因证明,"ine 0, in tvm::codegen::CodeGenTileLangCUDA::VisitExpr_(tvm::tirx::CastNode const*, std::ostream&)
  File ""<unknown>"", line 0, in tvm::codegen::CodeGenC::PrintExpr[abi:cxx11](tvm::PrimExpr const&)
  File ""<unknown>"", line 0, in tvm::codegen::CodeGenC::VisitExpr_(tvm::tirx::AndNode const*, std::ostream&)
  File ""<unknown>"", line 0, in tvm::codegen::CodeGenTileLangCUDA::PrintVecBinaryOp(std::__cxx11::basic_string<char, std::char_traits<char>, std::allocator<char> > const&, tvm::runtime::DataType, tvm::PrimExpr, tvm::PrimExpr, std::ostream&)
  File ""<unknown>"", line 0, in tvm::codegen::CodeGenTileLangCUDA::PrintType(tvm::runtime::DataType, std::ostream&)
  File ""<unknown>"", line 0, in tvm::runtime::detail::LogFatal::~LogFatal()
tvm.error.InternalError: Cannot convert type boolx16 to CUDA type"
32906,4,tilelang,2026.09.25-23.14_tilelang_hard-shape_seed=42,tilelang_codegen_error,confirmed_signature,reduce_layout,1790349796.0967007,results/2026.09.25-23.14_tilelang_hard-shape_seed=42/failed/tilelang_codegen_error/failed_calls_main(f0)__f0()_b77d283a58fb4bb4.json,独立复现代表样本，按相同错误签名关联；非逐例根因证明,"eStep, std::allocator<tvm::tl::backend::reduce::ThreadReduceStep> > const&, tvm::arith::Analyzer*)
  File ""/project/src/backend/common/op/reduce.h"", line 534, in void tvm::tl::backend::reduce::CheckThreadOwnedStepsProjectable(const tvm::PrimExpr&, const tvm::tirx::Var&, const std::vector<ThreadReduceStep>&, tvm::arith::Analyzer*)
tvm.error.InternalError: Check failed: (analyzer->CanProveEqual(projected_index, simplified_index)) is false: ReduceOp cannot lower a layout where a source index depends on a thread-owned reduce segment: src_index=rv % 32 // 16 * 32 + i % 64 // 8 * 4 + rv % 16 // 8 * 2 + i % 2, projected_src_index=(rv - rv % 8) % 32 // 16 * 32 + i % 64 // 8 * 4 + (rv - rv % 8) % 16 // 8 * 2 + i % 2, reduce_var=rv, projected_reduce_var=rv - rv // 32 % 2 * 32 - T.FloorDiv(rv, 1) % 8"
32906,4,tilelang,2026.09.25-23.14_tilelang_hard-shape_seed=42,tilelang_codegen_error,confirmed_signature,reduce_layout,1790350502.4641128,results/2026.09.25-23.14_tilelang_hard-shape_seed=42/failed/tilelang_codegen_error/failed_calls_main(f1)__f0()__f1(f0)_60c5249808fc7651.json,独立复现代表样本，按相同错误签名关联；非逐例根因证明," std::allocator<tvm::tl::backend::reduce::ThreadReduceStep> > const&, tvm::arith::Analyzer*)
  File ""/project/src/backend/common/op/reduce.h"", line 534, in void tvm::tl::backend::reduce::CheckThreadOwnedStepsProjectable(const tvm::PrimExpr&, const tvm::tirx::Var&, const std::vector<ThreadReduceStep>&, tvm::arith::Analyzer*)
tvm.error.InternalError: Check failed: (analyzer->CanProveEqual(projected_index, simplified_index)) is false: ReduceOp cannot lower a layout where a source index depends on a thread-owned reduce segment: src_index=rv % 128 // 16 * 64 + i % 128 // 8 * 4 + rv % 16 // 8 * 2 + i % 2, projected_src_index=(rv - rv % 8) % 128 // 16 * 64 + i % 128 // 8 * 4 + (rv - rv % 8) % 16 // 8 * 2 + i % 2, reduce_var=rv, projected_reduce_var=rv - rv // 128 % 2 * 128 - T.FloorDiv(rv, 1) % 8"
32906,4,tilelang,2026.09.25-23.14_tilelang_hard-shape_seed=42,tilelang_codegen_error,confirmed_signature,reduce_layout,1790352054.2605872,results/2026.09.25-23.14_tilelang_hard-shape_seed=42/failed/tilelang_codegen_error/failed_calls_main(f1)__f0()__f1(f0)_a67173abe5e3e8e9.json,独立复现代表样本，按相同错误签名关联；非逐例根因证明,"eStep, std::allocator<tvm::tl::backend::reduce::ThreadReduceStep> > const&, tvm::arith::Analyzer*)
  File ""/project/src/backend/common/op/reduce.h"", line 534, in void tvm::tl::backend::reduce::CheckThreadOwnedStepsProjectable(const tvm::PrimExpr&, const tvm::tirx::Var&, const std::vector<ThreadReduceStep>&, tvm::arith::Analyzer*)
tvm.error.InternalError: Check failed: (analyzer->CanProveEqual(projected_index, simplified_index)) is false: ReduceOp cannot lower a layout where a source index depends on a thread-owned reduce segment: src_index=rv % 64 // 16 * 32 + i % 64 // 8 * 4 + rv % 16 // 8 * 2 + i % 2, projected_src_index=(rv - rv % 8) % 64 // 16 * 32 + i % 64 // 8 * 4 + (rv - rv % 8) % 16 // 8 * 2 + i % 2, reduce_var=rv, projected_reduce_var=rv - rv // 64 % 2 * 64 - T.FloorDiv(rv, 1) % 8"
32906,4,tilelang,2026.09.25-23.14_tilelang_hard-shape_seed=42,tilelang_codegen_error,confirmed_signature,reduce_layout,1790352196.6026592,results/2026.09.25-23.14_tilelang_hard-shape_seed=42/failed/tilelang_codegen_error/failed_calls_main(f0)__f0()_8cc3dcc699840192.json,独立复现代表样本，按相同错误签名关联；非逐例根因证明,"p, std::allocator<tvm::tl::backend::reduce::ThreadReduceStep> > const&, tvm::arith::Analyzer*)
  File ""/project/src/backend/common/op/reduce.h"", line 534, in void tvm::tl::backend::reduce::CheckThreadOwnedStepsProjectable(const tvm::PrimExpr&, const tvm::tirx::Var&, const std::vector<ThreadReduceStep>&, tvm::arith::Analyzer*)
tvm.error.InternalError: Check failed: (analyzer->CanProveEqual(projected_index, simplified_index)) is false: ReduceOp cannot lower a layout where a source index depends on a thread-owned reduce segment: src_index=rv % 128 // 16 * 16 + i % 32 // 8 * 4 + rv % 16 // 8 * 2 + i % 2, projected_src_index=(rv - rv % 8) % 128 // 16 * 16 + i % 32 // 8 * 4 + (rv - rv % 8) % 16 // 8 * 2 + i % 2, reduce_var=rv, projected_reduce_var=rv - rv // 128 % 2 * 128 - T.FloorDiv(rv, 1) % 8"
32906,4,tilelang,2026.09.25-23.14_tilelang_hard-shape_seed=42,tilelang_codegen_error,confirmed_signature,reduce_layout,1790352270.2723691,results/2026.09.25-23.14_tilelang_hard-shape_seed=42/failed/tilelang_codegen_error/failed_calls_main(f1)__f0()__f1(f0+f0)_2848dfb6fa2194f8.json,独立复现代表样本，按相同错误签名关联；非逐例根因证明,"p, std::allocator<tvm::tl::backend::reduce::ThreadReduceStep> > const&, tvm::arith::Analyzer*)
  File ""/project/src/backend/common/op/reduce.h"", line 534, in void tvm::tl::backend::reduce::CheckThreadOwnedStepsProjectable(const tvm::PrimExpr&, const tvm::tirx::Var&, const std::vector<ThreadReduceStep>&, tvm::arith::Analyzer*)
tvm.error.InternalError: Check failed: (analyzer->CanProveEqual(projected_index, simplified_index)) is false: ReduceOp cannot lower a layout where a source index depends on a thread-owned reduce segment: src_index=rv % 128 // 16 * 16 + i % 32 // 8 * 4 + rv % 16 // 8 * 2 + i % 2, projected_src_index=(rv - rv % 8) % 128 // 16 * 16 + i % 32 // 8 * 4 + (rv - rv % 8) % 16 // 8 * 2 + i % 2, reduce_var=rv, projected_reduce_var=rv - rv // 128 % 2 * 128 - T.FloorDiv(rv, 1) % 8"
32906,4,tilelang,2026.09.25-23.14_tilelang_hard-shape_seed=42,tilelang_codegen_error,confirmed_signature,reduce_layout,1790353266.6838124,results/2026.09.25-23.14_tilelang_hard-shape_seed=42/failed/tilelang_codegen_error/failed_calls_main(f0)__f0()_225b90fb7a76eae7.json,独立复现代表样本，按相同错误签名关联；非逐例根因证明,"eStep, std::allocator<tvm::tl::backend::reduce::ThreadReduceStep> > const&, tvm::arith::Analyzer*)
  File ""/project/src/backend/common/op/reduce.h"", line 534, in void tvm::tl::backend::reduce::CheckThreadOwnedStepsProjectable(const tvm::PrimExpr&, const tvm::tirx::Var&, const std::vector<ThreadReduceStep>&, tvm::arith::Analyzer*)
tvm.error.InternalError: Check failed: (analyzer->CanProveEqual(projected_index, simplified_index)) is false: ReduceOp cannot lower a layout where a source index depends on a thread-owned reduce segment: src_index=rv % 32 // 16 * 16 + i % 32 // 8 * 4 + rv % 16 // 8 * 2 + i % 2, projected_src_index=(rv - rv % 8) % 32 // 16 * 16 + i % 32 // 8 * 4 + (rv - rv % 8) % 16 // 8 * 2 + i % 2, reduce_var=rv, projected_reduce_var=rv - rv // 32 % 2 * 32 - T.FloorDiv(rv, 1) % 8"
32906,4,tilelang,2026.09.25-23.14_tilelang_hard-shape_seed=42,tilelang_codegen_error,confirmed_signature,bool_vector,1790353286.8412976,results/2026.09.25-23.14_tilelang_hard-shape_seed=42/failed/tilelang_codegen_error/failed_extended_mixed_9d320c1186d9d5b8.json,独立复现代表样本，按相同错误签名关联；非逐例根因证明,"ine 0, in tvm::codegen::CodeGenTileLangCUDA::VisitExpr_(tvm::tirx::CastNode const*, std::ostream&)
  File ""<unknown>"", line 0, in tvm::codegen::CodeGenC::PrintExpr[abi:cxx11](tvm::PrimExpr const&)
  File ""<unknown>"", line 0, in tvm::codegen::CodeGenC::VisitExpr_(tvm::tirx::AndNode const*, std::ostream&)
  File ""<unknown>"", line 0, in tvm::codegen::CodeGenTileLangCUDA::PrintVecBinaryOp(std::__cxx11::basic_string<char, std::char_traits<char>, std::allocator<char> > const&, tvm::runtime::DataType, tvm::PrimExpr, tvm::PrimExpr, std::ostream&)
  File ""<unknown>"", line 0, in tvm::codegen::CodeGenTileLangCUDA::PrintType(tvm::runtime::DataType, std::ostream&)
  File ""<unknown>"", line 0, in tvm::runtime::detail::LogFatal::~LogFatal()
tvm.error.InternalError: Cannot convert type boolx16 to CUDA type"
32906,4,tilelang,2026.09.25-23.14_tilelang_hard-shape_seed=42,tilelang_codegen_error,confirmed_signature,reduce_layout,1790353297.5332963,results/2026.09.25-23.14_tilelang_hard-shape_seed=42/failed/tilelang_codegen_error/failed_calls_main(f0)__f0()_d535f1a4d0fe7835.json,独立复现代表样本，按相同错误签名关联；非逐例根因证明,"eStep, std::allocator<tvm::tl::backend::reduce::ThreadReduceStep> > const&, tvm::arith::Analyzer*)
  File ""/project/src/backend/common/op/reduce.h"", line 534, in void tvm::tl::backend::reduce::CheckThreadOwnedStepsProjectable(const tvm::PrimExpr&, const tvm::tirx::Var&, const std::vector<ThreadReduceStep>&, tvm::arith::Analyzer*)
tvm.error.InternalError: Check failed: (analyzer->CanProveEqual(projected_index, simplified_index)) is false: ReduceOp cannot lower a layout where a source index depends on a thread-owned reduce segment: src_index=rv % 32 // 16 * 16 + i % 32 // 8 * 4 + rv % 16 // 8 * 2 + i % 2, projected_src_index=(rv - rv % 8) % 32 // 16 * 16 + i % 32 // 8 * 4 + (rv - rv % 8) % 16 // 8 * 2 + i % 2, reduce_var=rv, projected_reduce_var=rv - rv // 32 % 2 * 32 - T.FloorDiv(rv, 1) % 8"
32906,4,tilelang,2026.09.25-23.14_tilelang_hard-shape_seed=42,tilelang_codegen_error,confirmed_signature,bool_vector,1790353315.5902197,results/2026.09.25-23.14_tilelang_hard-shape_seed=42/failed/tilelang_codegen_error/failed_extended_mixed_1982407a5a1e187a.json,独立复现代表样本，按相同错误签名关联；非逐例根因证明,"ine 0, in tvm::codegen::CodeGenTileLangCUDA::VisitExpr_(tvm::tirx::CastNode const*, std::ostream&)
  File ""<unknown>"", line 0, in tvm::codegen::CodeGenC::PrintExpr[abi:cxx11](tvm::PrimExpr const&)
  File ""<unknown>"", line 0, in tvm::codegen::CodeGenC::VisitExpr_(tvm::tirx::AndNode const*, std::ostream&)
  File ""<unknown>"", line 0, in tvm::codegen::CodeGenTileLangCUDA::PrintVecBinaryOp(std::__cxx11::basic_string<char, std::char_traits<char>, std::allocator<char> > const&, tvm::runtime::DataType, tvm::PrimExpr, tvm::PrimExpr, std::ostream&)
  File ""<unknown>"", line 0, in tvm::codegen::CodeGenTileLangCUDA::PrintType(tvm::runtime::DataType, std::ostream&)
  File ""<unknown>"", line 0, in tvm::runtime::detail::LogFatal::~LogFatal()
tvm.error.InternalError: Cannot convert type boolx16 to CUDA type"
32906,4,tilelang,2026.09.25-23.14_tilelang_hard-shape_seed=42,tilelang_codegen_error,confirmed_signature,reduce_layout,1790353397.0426877,results/2026.09.25-23.14_tilelang_hard-shape_seed=42/failed/tilelang_codegen_error/failed_calls_main(f0+f0+f0)__f0()_82ae20f6f9265fdf.json,独立复现代表样本，按相同错误签名关联；非逐例根因证明,"uceStep, std::allocator<tvm::tl::backend::reduce::ThreadReduceStep> > const&, tvm::arith::Analyzer*)
  File ""/project/src/backend/common/op/reduce.h"", line 534, in void tvm::tl::backend::reduce::CheckThreadOwnedStepsProjectable(const tvm::PrimExpr&, const tvm::tirx::Var&, const std::vector<ThreadReduceStep>&, tvm::arith::Analyzer*)
tvm.error.InternalError: Check failed: (analyzer->CanProveEqual(projected_index, simplified_index)) is false: ReduceOp cannot lower a layout where a source index depends on a thread-owned reduce segment: src_index=rv % 32 // 16 * 8 + i % 16 // 8 * 4 + rv % 16 // 8 * 2 + i % 2, projected_src_index=(rv - rv % 8) % 32 // 16 * 8 + i % 16 // 8 * 4 + (rv - rv % 8) % 16 // 8 * 2 + i % 2, reduce_var=rv, projected_reduce_var=rv - rv // 32 % 2 * 32 - T.FloorDiv(rv, 1) % 8"
32906,4,tilelang,2026.09.25-23.14_tilelang_hard-shape_seed=42,tilelang_codegen_error,confirmed_signature,bool_vector,1790353738.0895767,results/2026.09.25-23.14_tilelang_hard-shape_seed=42/failed/tilelang_codegen_error/failed_extended_mixed_1ef1ecd7acb233ce.json,独立复现代表样本，按相同错误签名关联；非逐例根因证明,"line 0, in tvm::codegen::CodeGenTileLangCUDA::VisitExpr_(tvm::tirx::CastNode const*, std::ostream&)
  File ""<unknown>"", line 0, in tvm::codegen::CodeGenC::PrintExpr[abi:cxx11](tvm::PrimExpr const&)
  File ""<unknown>"", line 0, in tvm::codegen::CodeGenC::VisitExpr_(tvm::tirx::AndNode const*, std::ostream&)
  File ""<unknown>"", line 0, in tvm::codegen::CodeGenTileLangCUDA::PrintVecBinaryOp(std::__cxx11::basic_string<char, std::char_traits<char>, std::allocator<char> > const&, tvm::runtime::DataType, tvm::PrimExpr, tvm::PrimExpr, std::ostream&)
  File ""<unknown>"", line 0, in tvm::codegen::CodeGenTileLangCUDA::PrintType(tvm::runtime::DataType, std::ostream&)
  File ""<unknown>"", line 0, in tvm::runtime::detail::LogFatal::~LogFatal()
tvm.error.InternalError: Cannot convert type boolx8 to CUDA type"
32906,4,tilelang,2026.09.25-23.14_tilelang_hard-shape_seed=42,tilelang_codegen_error,confirmed_signature,reduce_layout,1790353858.6512773,results/2026.09.25-23.14_tilelang_hard-shape_seed=42/failed/tilelang_codegen_error/failed_calls_main(f1+f0+f1)__f0()__f1(f0)_0a6664a8f831b3aa.json,独立复现代表样本，按相同错误签名关联；非逐例根因证明,"const&, std::vector<tvm::tl::backend::reduce::ThreadReduceStep, std::allocator<tvm::tl::backend::reduce::ThreadReduceStep> > const&, tvm::arith::Analyzer*)
  File ""/project/src/backend/common/op/reduce.h"", line 534, in void tvm::tl::backend::reduce::CheckThreadOwnedStepsProjectable(const tvm::PrimExpr&, const tvm::tirx::Var&, const std::vector<ThreadReduceStep>&, tvm::arith::Analyzer*)
tvm.error.InternalError: Check failed: (analyzer->CanProveEqual(projected_index, simplified_index)) is false: ReduceOp cannot lower a layout where a source index depends on a thread-owned reduce segment: src_index=rv % 32 // 8 * 4 + i // 8 * 2 + rv % 2, projected_src_index=(rv % 8 // 2 * 30 + rv) % 32 // 8 * 4 + i // 8 * 2 + rv % 2, reduce_var=rv, projected_reduce_var=rv - rv // 32 % 8 * 32 - rv // 2 % 4 * 2"
32906,4,tilelang,2026.09.25-23.14_tilelang_hard-shape_seed=42,tilelang_codegen_error,confirmed_signature,bool_vector,1790354562.284436,results/2026.09.25-23.14_tilelang_hard-shape_seed=42/failed/tilelang_codegen_error/failed_extended_mixed_5225b5231833adc3.json,独立复现代表样本，按相同错误签名关联；非逐例根因证明,"ine 0, in tvm::codegen::CodeGenTileLangCUDA::VisitExpr_(tvm::tirx::CastNode const*, std::ostream&)
  File ""<unknown>"", line 0, in tvm::codegen::CodeGenC::PrintExpr[abi:cxx11](tvm::PrimExpr const&)
  File ""<unknown>"", line 0, in tvm::codegen::CodeGenC::VisitExpr_(tvm::tirx::AndNode const*, std::ostream&)
  File ""<unknown>"", line 0, in tvm::codegen::CodeGenTileLangCUDA::PrintVecBinaryOp(std::__cxx11::basic_string<char, std::char_traits<char>, std::allocator<char> > const&, tvm::runtime::DataType, tvm::PrimExpr, tvm::PrimExpr, std::ostream&)
  File ""<unknown>"", line 0, in tvm::codegen::CodeGenTileLangCUDA::PrintType(tvm::runtime::DataType, std::ostream&)
  File ""<unknown>"", line 0, in tvm::runtime::detail::LogFatal::~LogFatal()
tvm.error.InternalError: Cannot convert type boolx16 to CUDA type"
32906,4,tilelang,2026.09.25-23.14_tilelang_hard-shape_seed=42,tilelang_codegen_error,confirmed_signature,reduce_layout,1790354632.618331,results/2026.09.25-23.14_tilelang_hard-shape_seed=42/failed/tilelang_codegen_error/failed_calls_main()_13dd9aa73234312b.json,独立复现代表样本，按相同错误签名关联；非逐例根因证明,"const&, std::vector<tvm::tl::backend::reduce::ThreadReduceStep, std::allocator<tvm::tl::backend::reduce::ThreadReduceStep> > const&, tvm::arith::Analyzer*)
  File ""/project/src/backend/common/op/reduce.h"", line 534, in void tvm::tl::backend::reduce::CheckThreadOwnedStepsProjectable(const tvm::PrimExpr&, const tvm::tirx::Var&, const std::vector<ThreadReduceStep>&, tvm::arith::Analyzer*)
tvm.error.InternalError: Check failed: (analyzer->CanProveEqual(projected_index, simplified_index)) is false: ReduceOp cannot lower a layout where a source index depends on a thread-owned reduce segment: src_index=rv % 32 // 8 * 4 + i // 8 * 2 + rv % 2, projected_src_index=(rv % 8 // 2 * 30 + rv) % 32 // 8 * 4 + i // 8 * 2 + rv % 2, reduce_var=rv, projected_reduce_var=rv - rv // 32 % 8 * 32 - rv // 2 % 4 * 2"
32906,4,tilelang,2026.09.25-23.14_tilelang_hard-shape_seed=42,tilelang_codegen_error,confirmed_signature,bool_vector,1790354998.2812386,results/2026.09.25-23.14_tilelang_hard-shape_seed=42/failed/tilelang_codegen_error/failed_extended_mixed_108026a0a5513996.json,独立复现代表样本，按相同错误签名关联；非逐例根因证明,"ine 0, in tvm::codegen::CodeGenTileLangCUDA::VisitExpr_(tvm::tirx::CastNode const*, std::ostream&)
  File ""<unknown>"", line 0, in tvm::codegen::CodeGenC::PrintExpr[abi:cxx11](tvm::PrimExpr const&)
  File ""<unknown>"", line 0, in tvm::codegen::CodeGenC::VisitExpr_(tvm::tirx::AndNode const*, std::ostream&)
  File ""<unknown>"", line 0, in tvm::codegen::CodeGenTileLangCUDA::PrintVecBinaryOp(std::__cxx11::basic_string<char, std::char_traits<char>, std::allocator<char> > const&, tvm::runtime::DataType, tvm::PrimExpr, tvm::PrimExpr, std::ostream&)
  File ""<unknown>"", line 0, in tvm::codegen::CodeGenTileLangCUDA::PrintType(tvm::runtime::DataType, std::ostream&)
  File ""<unknown>"", line 0, in tvm::runtime::detail::LogFatal::~LogFatal()
tvm.error.InternalError: Cannot convert type boolx16 to CUDA type"
32906,4,tilelang,2026.09.25-23.14_tilelang_hard-shape_seed=42,tilelang_codegen_error,confirmed_signature,bool_vector,1790355020.708731,results/2026.09.25-23.14_tilelang_hard-shape_seed=42/failed/tilelang_codegen_error/failed_extended_mixed_d2b9411f0bc96e49.json,独立复现代表样本，按相同错误签名关联；非逐例根因证明,"ine 0, in tvm::codegen::CodeGenTileLangCUDA::VisitExpr_(tvm::tirx::CastNode const*, std::ostream&)
  File ""<unknown>"", line 0, in tvm::codegen::CodeGenC::PrintExpr[abi:cxx11](tvm::PrimExpr const&)
  File ""<unknown>"", line 0, in tvm::codegen::CodeGenC::VisitExpr_(tvm::tirx::AndNode const*, std::ostream&)
  File ""<unknown>"", line 0, in tvm::codegen::CodeGenTileLangCUDA::PrintVecBinaryOp(std::__cxx11::basic_string<char, std::char_traits<char>, std::allocator<char> > const&, tvm::runtime::DataType, tvm::PrimExpr, tvm::PrimExpr, std::ostream&)
  File ""<unknown>"", line 0, in tvm::codegen::CodeGenTileLangCUDA::PrintType(tvm::runtime::DataType, std::ostream&)
  File ""<unknown>"", line 0, in tvm::runtime::detail::LogFatal::~LogFatal()
tvm.error.InternalError: Cannot convert type boolx16 to CUDA type"
32906,4,tilelang,2026.09.25-23.14_tilelang_hard-shape_seed=42,tilelang_codegen_error,confirmed_signature,reduce_layout,1790355322.926572,results/2026.09.25-23.14_tilelang_hard-shape_seed=42/failed/tilelang_codegen_error/failed_calls_main(f0)__f0()_dba01d7792a9eae4.json,独立复现代表样本，按相同错误签名关联；非逐例根因证明,"p, std::allocator<tvm::tl::backend::reduce::ThreadReduceStep> > const&, tvm::arith::Analyzer*)
  File ""/project/src/backend/common/op/reduce.h"", line 534, in void tvm::tl::backend::reduce::CheckThreadOwnedStepsProjectable(const tvm::PrimExpr&, const tvm::tirx::Var&, const std::vector<ThreadReduceStep>&, tvm::arith::Analyzer*)
tvm.error.InternalError: Check failed: (analyzer->CanProveEqual(projected_index, simplified_index)) is false: ReduceOp cannot lower a layout where a source index depends on a thread-owned reduce segment: src_index=rv % 128 // 16 * 16 + i % 32 // 8 * 4 + rv % 16 // 8 * 2 + i % 2, projected_src_index=(rv - rv % 8) % 128 // 16 * 16 + i % 32 // 8 * 4 + (rv - rv % 8) % 16 // 8 * 2 + i % 2, reduce_var=rv, projected_reduce_var=rv - rv // 128 % 2 * 128 - T.FloorDiv(rv, 1) % 8"
32906,4,tilelang,2026.09.25-23.14_tilelang_hard-shape_seed=42,tilelang_codegen_error,confirmed_signature,reduce_layout,1790355343.891242,results/2026.09.25-23.14_tilelang_hard-shape_seed=42/failed/tilelang_codegen_error/failed_calls_main(f1)__f0()__f1(f0)_a1eb3757f9481cfd.json,独立复现代表样本，按相同错误签名关联；非逐例根因证明,"const&, std::vector<tvm::tl::backend::reduce::ThreadReduceStep, std::allocator<tvm::tl::backend::reduce::ThreadReduceStep> > const&, tvm::arith::Analyzer*)
  File ""/project/src/backend/common/op/reduce.h"", line 534, in void tvm::tl::backend::reduce::CheckThreadOwnedStepsProjectable(const tvm::PrimExpr&, const tvm::tirx::Var&, const std::vector<ThreadReduceStep>&, tvm::arith::Analyzer*)
tvm.error.InternalError: Check failed: (analyzer->CanProveEqual(projected_index, simplified_index)) is false: ReduceOp cannot lower a layout where a source index depends on a thread-owned reduce segment: src_index=rv % 32 // 8 * 4 + i // 8 * 2 + rv % 2, projected_src_index=(rv % 8 // 2 * 30 + rv) % 32 // 8 * 4 + i // 8 * 2 + rv % 2, reduce_var=rv, projected_reduce_var=rv - rv // 32 % 8 * 32 - rv // 2 % 4 * 2"
32906,4,tilelang,2026.09.25-23.14_tilelang_hard-shape_seed=42,tilelang_codegen_error,confirmed_signature,bool_vector,1790355915.0821118,results/2026.09.25-23.14_tilelang_hard-shape_seed=42/failed/tilelang_codegen_error/failed_extended_mixed_cb1797c54bd718ff.json,独立复现代表样本，按相同错误签名关联；非逐例根因证明,"ine 0, in tvm::codegen::CodeGenTileLangCUDA::VisitExpr_(tvm::tirx::CastNode const*, std::ostream&)
  File ""<unknown>"", line 0, in tvm::codegen::CodeGenC::PrintExpr[abi:cxx11](tvm::PrimExpr const&)
  File ""<unknown>"", line 0, in tvm::codegen::CodeGenC::VisitExpr_(tvm::tirx::AndNode const*, std::ostream&)
  File ""<unknown>"", line 0, in tvm::codegen::CodeGenTileLangCUDA::PrintVecBinaryOp(std::__cxx11::basic_string<char, std::char_traits<char>, std::allocator<char> > const&, tvm::runtime::DataType, tvm::PrimExpr, tvm::PrimExpr, std::ostream&)
  File ""<unknown>"", line 0, in tvm::codegen::CodeGenTileLangCUDA::PrintType(tvm::runtime::DataType, std::ostream&)
  File ""<unknown>"", line 0, in tvm::runtime::detail::LogFatal::~LogFatal()
tvm.error.InternalError: Cannot convert type boolx16 to CUDA type"
32906,4,tilelang,2026.09.25-23.14_tilelang_hard-shape_seed=42,tilelang_codegen_error,confirmed_signature,reduce_layout,1790357043.2545736,results/2026.09.25-23.14_tilelang_hard-shape_seed=42/failed/tilelang_codegen_error/failed_calls_main(f0)__f0()_2329504ca5c88d23.json,独立复现代表样本，按相同错误签名关联；非逐例根因证明,"uceStep, std::allocator<tvm::tl::backend::reduce::ThreadReduceStep> > const&, tvm::arith::Analyzer*)
  File ""/project/src/backend/common/op/reduce.h"", line 534, in void tvm::tl::backend::reduce::CheckThreadOwnedStepsProjectable(const tvm::PrimExpr&, const tvm::tirx::Var&, const std::vector<ThreadReduceStep>&, tvm::arith::Analyzer*)
tvm.error.InternalError: Check failed: (analyzer->CanProveEqual(projected_index, simplified_index)) is false: ReduceOp cannot lower a layout where a source index depends on a thread-owned reduce segment: src_index=rv % 64 // 16 * 8 + i % 16 // 8 * 4 + rv % 16 // 8 * 2 + i % 2, projected_src_index=(rv - rv % 8) % 64 // 16 * 8 + i % 16 // 8 * 4 + (rv - rv % 8) % 16 // 8 * 2 + i % 2, reduce_var=rv, projected_reduce_var=rv - rv // 64 % 2 * 64 - T.FloorDiv(rv, 1) % 8"
32906,4,tilelang,2026.09.25-23.14_tilelang_hard-shape_seed=42,tilelang_codegen_error,confirmed_signature,reduce_layout,1790357683.3620336,results/2026.09.25-23.14_tilelang_hard-shape_seed=42/failed/tilelang_codegen_error/failed_calls_main(f1)__f0()__f1(f0)_2931483f70b54288.json,独立复现代表样本，按相同错误签名关联；非逐例根因证明,"eStep, std::allocator<tvm::tl::backend::reduce::ThreadReduceStep> > const&, tvm::arith::Analyzer*)
  File ""/project/src/backend/common/op/reduce.h"", line 534, in void tvm::tl::backend::reduce::CheckThreadOwnedStepsProjectable(const tvm::PrimExpr&, const tvm::tirx::Var&, const std::vector<ThreadReduceStep>&, tvm::arith::Analyzer*)
tvm.error.InternalError: Check failed: (analyzer->CanProveEqual(projected_index, simplified_index)) is false: ReduceOp cannot lower a layout where a source index depends on a thread-owned reduce segment: src_index=rv % 64 // 16 * 32 + i % 64 // 8 * 4 + rv % 16 // 8 * 2 + i % 2, projected_src_index=(rv - rv % 8) % 64 // 16 * 32 + i % 64 // 8 * 4 + (rv - rv % 8) % 16 // 8 * 2 + i % 2, reduce_var=rv, projected_reduce_var=rv - rv // 64 % 2 * 64 - T.FloorDiv(rv, 1) % 8"
32906,4,tilelang,2026.09.25-23.14_tilelang_hard-shape_seed=42,tilelang_codegen_error,confirmed_signature,bool_vector,1790357963.1036072,results/2026.09.25-23.14_tilelang_hard-shape_seed=42/failed/tilelang_codegen_error/failed_extended_mixed_b5baad2c8e4a4956.json,独立复现代表样本，按相同错误签名关联；非逐例根因证明,"ine 0, in tvm::codegen::CodeGenTileLangCUDA::VisitExpr_(tvm::tirx::CastNode const*, std::ostream&)
  File ""<unknown>"", line 0, in tvm::codegen::CodeGenC::PrintExpr[abi:cxx11](tvm::PrimExpr const&)
  File ""<unknown>"", line 0, in tvm::codegen::CodeGenC::VisitExpr_(tvm::tirx::AndNode const*, std::ostream&)
  File ""<unknown>"", line 0, in tvm::codegen::CodeGenTileLangCUDA::PrintVecBinaryOp(std::__cxx11::basic_string<char, std::char_traits<char>, std::allocator<char> > const&, tvm::runtime::DataType, tvm::PrimExpr, tvm::PrimExpr, std::ostream&)
  File ""<unknown>"", line 0, in tvm::codegen::CodeGenTileLangCUDA::PrintType(tvm::runtime::DataType, std::ostream&)
  File ""<unknown>"", line 0, in tvm::runtime::detail::LogFatal::~LogFatal()
tvm.error.InternalError: Cannot convert type boolx16 to CUDA type"
32906,4,tilelang,2026.09.25-23.14_tilelang_hard-shape_seed=42,tilelang_codegen_error,confirmed_signature,bool_vector,1790359210.0652018,results/2026.09.25-23.14_tilelang_hard-shape_seed=42/failed/tilelang_codegen_error/failed_extended_mixed_547dbc2db0e98b22.json,独立复现代表样本，按相同错误签名关联；非逐例根因证明,"ine 0, in tvm::codegen::CodeGenTileLangCUDA::VisitExpr_(tvm::tirx::CastNode const*, std::ostream&)
  File ""<unknown>"", line 0, in tvm::codegen::CodeGenC::PrintExpr[abi:cxx11](tvm::PrimExpr const&)
  File ""<unknown>"", line 0, in tvm::codegen::CodeGenC::VisitExpr_(tvm::tirx::AndNode const*, std::ostream&)
  File ""<unknown>"", line 0, in tvm::codegen::CodeGenTileLangCUDA::PrintVecBinaryOp(std::__cxx11::basic_string<char, std::char_traits<char>, std::allocator<char> > const&, tvm::runtime::DataType, tvm::PrimExpr, tvm::PrimExpr, std::ostream&)
  File ""<unknown>"", line 0, in tvm::codegen::CodeGenTileLangCUDA::PrintType(tvm::runtime::DataType, std::ostream&)
  File ""<unknown>"", line 0, in tvm::runtime::detail::LogFatal::~LogFatal()
tvm.error.InternalError: Cannot convert type boolx16 to CUDA type"
32906,4,tilelang,2026.09.25-23.14_tilelang_hard-shape_seed=42,tilelang_codegen_error,confirmed_signature,reduce_layout,1790359353.3665519,results/2026.09.25-23.14_tilelang_hard-shape_seed=42/failed/tilelang_codegen_error/failed_calls_main(f0+f1)__f0()__f1(f0)_3251e9c6d9b820c6.json,独立复现代表样本，按相同错误签名关联；非逐例根因证明,"tep, std::allocator<tvm::tl::backend::reduce::ThreadReduceStep> > const&, tvm::arith::Analyzer*)
  File ""/project/src/backend/common/op/reduce.h"", line 534, in void tvm::tl::backend::reduce::CheckThreadOwnedStepsProjectable(const tvm::PrimExpr&, const tvm::tirx::Var&, const std::vector<ThreadReduceStep>&, tvm::arith::Analyzer*)
tvm.error.InternalError: Check failed: (analyzer->CanProveEqual(projected_index, simplified_index)) is false: ReduceOp cannot lower a layout where a source index depends on a thread-owned reduce segment: src_index=rv % 128 // 16 * 8 + i % 16 // 8 * 4 + rv % 16 // 8 * 2 + i % 2, projected_src_index=(rv - rv % 8) % 128 // 16 * 8 + i % 16 // 8 * 4 + (rv - rv % 8) % 16 // 8 * 2 + i % 2, reduce_var=rv, projected_reduce_var=rv - rv // 128 % 2 * 128 - T.FloorDiv(rv, 1) % 8"
32906,4,tilelang,2026.09.25-23.14_tilelang_hard-shape_seed=42,tilelang_codegen_error,confirmed_signature,reduce_layout,1790359691.5615847,results/2026.09.25-23.14_tilelang_hard-shape_seed=42/failed/tilelang_codegen_error/failed_calls_main(f0)__f0()_2d0de565ef4d0786.json,独立复现代表样本，按相同错误签名关联；非逐例根因证明,"tep, std::allocator<tvm::tl::backend::reduce::ThreadReduceStep> > const&, tvm::arith::Analyzer*)
  File ""/project/src/backend/common/op/reduce.h"", line 534, in void tvm::tl::backend::reduce::CheckThreadOwnedStepsProjectable(const tvm::PrimExpr&, const tvm::tirx::Var&, const std::vector<ThreadReduceStep>&, tvm::arith::Analyzer*)
tvm.error.InternalError: Check failed: (analyzer->CanProveEqual(projected_index, simplified_index)) is false: ReduceOp cannot lower a layout where a source index depends on a thread-owned reduce segment: src_index=rv % 128 // 16 * 8 + i % 16 // 8 * 4 + rv % 16 // 8 * 2 + i % 2, projected_src_index=(rv - rv % 8) % 128 // 16 * 8 + i % 16 // 8 * 4 + (rv - rv % 8) % 16 // 8 * 2 + i % 2, reduce_var=rv, projected_reduce_var=rv - rv // 128 % 2 * 128 - T.FloorDiv(rv, 1) % 8"
32906,4,tilelang,2026.09.25-23.14_tilelang_hard-shape_seed=42,tilelang_codegen_error,confirmed_signature,reduce_layout,1790360007.7042947,results/2026.09.25-23.14_tilelang_hard-shape_seed=42/failed/tilelang_codegen_error/failed_calls_main(f1)__f0()__f1(f0+f0)_1b27df58146f2e95.json,独立复现代表样本，按相同错误签名关联；非逐例根因证明,"const&, std::vector<tvm::tl::backend::reduce::ThreadReduceStep, std::allocator<tvm::tl::backend::reduce::ThreadReduceStep> > const&, tvm::arith::Analyzer*)
  File ""/project/src/backend/common/op/reduce.h"", line 534, in void tvm::tl::backend::reduce::CheckThreadOwnedStepsProjectable(const tvm::PrimExpr&, const tvm::tirx::Var&, const std::vector<ThreadReduceStep>&, tvm::arith::Analyzer*)
tvm.error.InternalError: Check failed: (analyzer->CanProveEqual(projected_index, simplified_index)) is false: ReduceOp cannot lower a layout where a source index depends on a thread-owned reduce segment: src_index=rv % 16 // 8 * 4 + i // 8 * 2 + rv % 2, projected_src_index=(rv % 8 // 2 * 14 + rv) % 16 // 8 * 4 + i // 8 * 2 + rv % 2, reduce_var=rv, projected_reduce_var=rv - rv // 16 % 8 * 16 - rv // 2 % 4 * 2"
32906,4,tilelang,2026.09.25-23.14_tilelang_hard-shape_seed=42,tilelang_codegen_error,confirmed_signature,bool_vector,1790360234.6310146,results/2026.09.25-23.14_tilelang_hard-shape_seed=42/failed/tilelang_codegen_error/failed_extended_mixed_d0207f5b48238396.json,独立复现代表样本，按相同错误签名关联；非逐例根因证明,"ine 0, in tvm::codegen::CodeGenTileLangCUDA::VisitExpr_(tvm::tirx::CastNode const*, std::ostream&)
  File ""<unknown>"", line 0, in tvm::codegen::CodeGenC::PrintExpr[abi:cxx11](tvm::PrimExpr const&)
  File ""<unknown>"", line 0, in tvm::codegen::CodeGenC::VisitExpr_(tvm::tirx::AndNode const*, std::ostream&)
  File ""<unknown>"", line 0, in tvm::codegen::CodeGenTileLangCUDA::PrintVecBinaryOp(std::__cxx11::basic_string<char, std::char_traits<char>, std::allocator<char> > const&, tvm::runtime::DataType, tvm::PrimExpr, tvm::PrimExpr, std::ostream&)
  File ""<unknown>"", line 0, in tvm::codegen::CodeGenTileLangCUDA::PrintType(tvm::runtime::DataType, std::ostream&)
  File ""<unknown>"", line 0, in tvm::runtime::detail::LogFatal::~LogFatal()
tvm.error.InternalError: Cannot convert type boolx16 to CUDA type"
32906,4,tilelang,2026.09.25-23.14_tilelang_hard-shape_seed=42,tilelang_codegen_error,confirmed_signature,reduce_layout,1790360251.0937831,results/2026.09.25-23.14_tilelang_hard-shape_seed=42/failed/tilelang_codegen_error/failed_calls_main(f0)__f0()_541ef11c0419f588.json,独立复现代表样本，按相同错误签名关联；非逐例根因证明,"p, std::allocator<tvm::tl::backend::reduce::ThreadReduceStep> > const&, tvm::arith::Analyzer*)
  File ""/project/src/backend/common/op/reduce.h"", line 534, in void tvm::tl::backend::reduce::CheckThreadOwnedStepsProjectable(const tvm::PrimExpr&, const tvm::tirx::Var&, const std::vector<ThreadReduceStep>&, tvm::arith::Analyzer*)
tvm.error.InternalError: Check failed: (analyzer->CanProveEqual(projected_index, simplified_index)) is false: ReduceOp cannot lower a layout where a source index depends on a thread-owned reduce segment: src_index=rv % 128 // 16 * 32 + i % 64 // 8 * 4 + rv % 16 // 8 * 2 + i % 2, projected_src_index=(rv - rv % 8) % 128 // 16 * 32 + i % 64 // 8 * 4 + (rv - rv % 8) % 16 // 8 * 2 + i % 2, reduce_var=rv, projected_reduce_var=rv - rv // 128 % 2 * 128 - T.FloorDiv(rv, 1) % 8"
32906,4,tilelang,2026.09.25-23.14_tilelang_hard-shape_seed=42,tilelang_codegen_error,confirmed_signature,reduce_layout,1790361031.1533408,results/2026.09.25-23.14_tilelang_hard-shape_seed=42/failed/tilelang_codegen_error/failed_calls_main(f0)__f0()_79031a9c33a17712.json,独立复现代表样本，按相同错误签名关联；非逐例根因证明,"tep, std::allocator<tvm::tl::backend::reduce::ThreadReduceStep> > const&, tvm::arith::Analyzer*)
  File ""/project/src/backend/common/op/reduce.h"", line 534, in void tvm::tl::backend::reduce::CheckThreadOwnedStepsProjectable(const tvm::PrimExpr&, const tvm::tirx::Var&, const std::vector<ThreadReduceStep>&, tvm::arith::Analyzer*)
tvm.error.InternalError: Check failed: (analyzer->CanProveEqual(projected_index, simplified_index)) is false: ReduceOp cannot lower a layout where a source index depends on a thread-owned reduce segment: src_index=rv % 32 // 16 * 64 + i % 128 // 8 * 4 + rv % 16 // 8 * 2 + i % 2, projected_src_index=(rv - rv % 8) % 32 // 16 * 64 + i % 128 // 8 * 4 + (rv - rv % 8) % 16 // 8 * 2 + i % 2, reduce_var=rv, projected_reduce_var=rv - rv // 32 % 2 * 32 - T.FloorDiv(rv, 1) % 8"
32906,4,tilelang,2026.09.25-23.14_tilelang_hard-shape_seed=42,tilelang_codegen_error,confirmed_signature,reduce_layout,1790361164.7009444,results/2026.09.25-23.14_tilelang_hard-shape_seed=42/failed/tilelang_codegen_error/failed_calls_main()_29b4afffca46e69c.json,独立复现代表样本，按相同错误签名关联；非逐例根因证明,"const&, std::vector<tvm::tl::backend::reduce::ThreadReduceStep, std::allocator<tvm::tl::backend::reduce::ThreadReduceStep> > const&, tvm::arith::Analyzer*)
  File ""/project/src/backend/common/op/reduce.h"", line 534, in void tvm::tl::backend::reduce::CheckThreadOwnedStepsProjectable(const tvm::PrimExpr&, const tvm::tirx::Var&, const std::vector<ThreadReduceStep>&, tvm::arith::Analyzer*)
tvm.error.InternalError: Check failed: (analyzer->CanProveEqual(projected_index, simplified_index)) is false: ReduceOp cannot lower a layout where a source index depends on a thread-owned reduce segment: src_index=rv % 32 // 8 * 4 + i // 8 * 2 + rv % 2, projected_src_index=(rv % 8 // 2 * 30 + rv) % 32 // 8 * 4 + i // 8 * 2 + rv % 2, reduce_var=rv, projected_reduce_var=rv - rv // 32 % 8 * 32 - rv // 2 % 4 * 2"
32906,4,tilelang,2026.09.25-23.14_tilelang_hard-shape_seed=42,tilelang_codegen_error,confirmed_signature,reduce_layout,1790363066.8722403,results/2026.09.25-23.14_tilelang_hard-shape_seed=42/failed/tilelang_codegen_error/failed_calls_main(f0+f0)__f0()_ae514ca7ac10e43d.json,独立复现代表样本，按相同错误签名关联；非逐例根因证明,"const&, std::vector<tvm::tl::backend::reduce::ThreadReduceStep, std::allocator<tvm::tl::backend::reduce::ThreadReduceStep> > const&, tvm::arith::Analyzer*)
  File ""/project/src/backend/common/op/reduce.h"", line 534, in void tvm::tl::backend::reduce::CheckThreadOwnedStepsProjectable(const tvm::PrimExpr&, const tvm::tirx::Var&, const std::vector<ThreadReduceStep>&, tvm::arith::Analyzer*)
tvm.error.InternalError: Check failed: (analyzer->CanProveEqual(projected_index, simplified_index)) is false: ReduceOp cannot lower a layout where a source index depends on a thread-owned reduce segment: src_index=rv % 32 // 8 * 4 + i // 8 * 2 + rv % 2, projected_src_index=(rv % 8 // 2 * 30 + rv) % 32 // 8 * 4 + i // 8 * 2 + rv % 2, reduce_var=rv, projected_reduce_var=rv - rv // 32 % 8 * 32 - rv // 2 % 4 * 2"
32906,4,tilelang,2026.09.25-23.14_tilelang_hard-shape_seed=42,tilelang_codegen_error,confirmed_signature,reduce_layout,1790363705.5177147,results/2026.09.25-23.14_tilelang_hard-shape_seed=42/failed/tilelang_codegen_error/failed_calls_main(f0)__f0()_3af2c583113bf7a2.json,独立复现代表样本，按相同错误签名关联；非逐例根因证明,"const&, std::vector<tvm::tl::backend::reduce::ThreadReduceStep, std::allocator<tvm::tl::backend::reduce::ThreadReduceStep> > const&, tvm::arith::Analyzer*)
  File ""/project/src/backend/common/op/reduce.h"", line 534, in void tvm::tl::backend::reduce::CheckThreadOwnedStepsProjectable(const tvm::PrimExpr&, const tvm::tirx::Var&, const std::vector<ThreadReduceStep>&, tvm::arith::Analyzer*)
tvm.error.InternalError: Check failed: (analyzer->CanProveEqual(projected_index, simplified_index)) is false: ReduceOp cannot lower a layout where a source index depends on a thread-owned reduce segment: src_index=rv % 32 // 8 * 4 + i // 8 * 2 + rv % 2, projected_src_index=(rv % 8 // 2 * 30 + rv) % 32 // 8 * 4 + i // 8 * 2 + rv % 2, reduce_var=rv, projected_reduce_var=rv - rv // 32 % 8 * 32 - rv // 2 % 4 * 2"
32906,4,tilelang,2026.09.25-23.14_tilelang_hard-shape_seed=42,tilelang_codegen_error,confirmed_signature,reduce_layout,1790363908.9253447,results/2026.09.25-23.14_tilelang_hard-shape_seed=42/failed/tilelang_codegen_error/failed_calls_main(f1)__f0()__f1(f0)_fd697a651b4227a1.json,独立复现代表样本，按相同错误签名关联；非逐例根因证明,"const&, std::vector<tvm::tl::backend::reduce::ThreadReduceStep, std::allocator<tvm::tl::backend::reduce::ThreadReduceStep> > const&, tvm::arith::Analyzer*)
  File ""/project/src/backend/common/op/reduce.h"", line 534, in void tvm::tl::backend::reduce::CheckThreadOwnedStepsProjectable(const tvm::PrimExpr&, const tvm::tirx::Var&, const std::vector<ThreadReduceStep>&, tvm::arith::Analyzer*)
tvm.error.InternalError: Check failed: (analyzer->CanProveEqual(projected_index, simplified_index)) is false: ReduceOp cannot lower a layout where a source index depends on a thread-owned reduce segment: src_index=rv % 16 // 8 * 4 + i // 8 * 2 + rv % 2, projected_src_index=(rv % 8 // 2 * 14 + rv) % 16 // 8 * 4 + i // 8 * 2 + rv % 2, reduce_var=rv, projected_reduce_var=rv - rv // 16 % 8 * 16 - rv // 2 % 4 * 2"
32906,4,tilelang,2026.09.25-23.14_tilelang_hard-shape_seed=42,tilelang_codegen_error,confirmed_signature,reduce_layout,1790365572.2531319,results/2026.09.25-23.14_tilelang_hard-shape_seed=42/failed/tilelang_codegen_error/failed_calls_main(f0)__f0()_da40b733f90c10ad.json,独立复现代表样本，按相同错误签名关联；非逐例根因证明,"p, std::allocator<tvm::tl::backend::reduce::ThreadReduceStep> > const&, tvm::arith::Analyzer*)
  File ""/project/src/backend/common/op/reduce.h"", line 534, in void tvm::tl::backend::reduce::CheckThreadOwnedStepsProjectable(const tvm::PrimExpr&, const tvm::tirx::Var&, const std::vector<ThreadReduceStep>&, tvm::arith::Analyzer*)
tvm.error.InternalError: Check failed: (analyzer->CanProveEqual(projected_index, simplified_index)) is false: ReduceOp cannot lower a layout where a source index depends on a thread-owned reduce segment: src_index=rv % 128 // 16 * 16 + i % 32 // 8 * 4 + rv % 16 // 8 * 2 + i % 2, projected_src_index=(rv - rv % 8) % 128 // 16 * 16 + i % 32 // 8 * 4 + (rv - rv % 8) % 16 // 8 * 2 + i % 2, reduce_var=rv, projected_reduce_var=rv - rv // 128 % 2 * 128 - T.FloorDiv(rv, 1) % 8"
32906,4,tilelang,2026.09.25-23.14_tilelang_hard-shape_seed=42,tilelang_codegen_error,confirmed_signature,reduce_layout,1790365967.68448,results/2026.09.25-23.14_tilelang_hard-shape_seed=42/failed/tilelang_codegen_error/failed_calls_main(f1)__f0()__f1(f0)_ec2e30cf811e71c6.json,独立复现代表样本，按相同错误签名关联；非逐例根因证明,"uceStep, std::allocator<tvm::tl::backend::reduce::ThreadReduceStep> > const&, tvm::arith::Analyzer*)
  File ""/project/src/backend/common/op/reduce.h"", line 534, in void tvm::tl::backend::reduce::CheckThreadOwnedStepsProjectable(const tvm::PrimExpr&, const tvm::tirx::Var&, const std::vector<ThreadReduceStep>&, tvm::arith::Analyzer*)
tvm.error.InternalError: Check failed: (analyzer->CanProveEqual(projected_index, simplified_index)) is false: ReduceOp cannot lower a layout where a source index depends on a thread-owned reduce segment: src_index=rv % 32 // 16 * 8 + i % 16 // 8 * 4 + rv % 16 // 8 * 2 + i % 2, projected_src_index=(rv - rv % 8) % 32 // 16 * 8 + i % 16 // 8 * 4 + (rv - rv % 8) % 16 // 8 * 2 + i % 2, reduce_var=rv, projected_reduce_var=rv - rv // 32 % 2 * 32 - T.FloorDiv(rv, 1) % 8"
32906,4,tilelang,2026.09.25-23.14_tilelang_hard-shape_seed=42,tilelang_codegen_error,confirmed_signature,bool_vector,1790366184.79318,results/2026.09.25-23.14_tilelang_hard-shape_seed=42/failed/tilelang_codegen_error/failed_extended_mixed_2db1d310d5d5440b.json,独立复现代表样本，按相同错误签名关联；非逐例根因证明,"line 0, in tvm::codegen::CodeGenTileLangCUDA::VisitExpr_(tvm::tirx::CastNode const*, std::ostream&)
  File ""<unknown>"", line 0, in tvm::codegen::CodeGenC::PrintExpr[abi:cxx11](tvm::PrimExpr const&)
  File ""<unknown>"", line 0, in tvm::codegen::CodeGenC::VisitExpr_(tvm::tirx::AndNode const*, std::ostream&)
  File ""<unknown>"", line 0, in tvm::codegen::CodeGenTileLangCUDA::PrintVecBinaryOp(std::__cxx11::basic_string<char, std::char_traits<char>, std::allocator<char> > const&, tvm::runtime::DataType, tvm::PrimExpr, tvm::PrimExpr, std::ostream&)
  File ""<unknown>"", line 0, in tvm::codegen::CodeGenTileLangCUDA::PrintType(tvm::runtime::DataType, std::ostream&)
  File ""<unknown>"", line 0, in tvm::runtime::detail::LogFatal::~LogFatal()
tvm.error.InternalError: Cannot convert type boolx8 to CUDA type"
32906,4,tilelang,2026.09.25-23.14_tilelang_hard-shape_seed=42,tilelang_codegen_error,confirmed_signature,reduce_layout,1790366440.6231868,results/2026.09.25-23.14_tilelang_hard-shape_seed=42/failed/tilelang_codegen_error/failed_calls_main(f0)__f0()_74a9efdaeac0a874.json,独立复现代表样本，按相同错误签名关联；非逐例根因证明,"uceStep, std::allocator<tvm::tl::backend::reduce::ThreadReduceStep> > const&, tvm::arith::Analyzer*)
  File ""/project/src/backend/common/op/reduce.h"", line 534, in void tvm::tl::backend::reduce::CheckThreadOwnedStepsProjectable(const tvm::PrimExpr&, const tvm::tirx::Var&, const std::vector<ThreadReduceStep>&, tvm::arith::Analyzer*)
tvm.error.InternalError: Check failed: (analyzer->CanProveEqual(projected_index, simplified_index)) is false: ReduceOp cannot lower a layout where a source index depends on a thread-owned reduce segment: src_index=rv % 64 // 16 * 8 + i % 16 // 8 * 4 + rv % 16 // 8 * 2 + i % 2, projected_src_index=(rv - rv % 8) % 64 // 16 * 8 + i % 16 // 8 * 4 + (rv - rv % 8) % 16 // 8 * 2 + i % 2, reduce_var=rv, projected_reduce_var=rv - rv // 64 % 2 * 64 - T.FloorDiv(rv, 1) % 8"
32906,4,tilelang,2026.09.25-23.14_tilelang_hard-shape_seed=42,tilelang_codegen_error,confirmed_signature,bool_vector,1790366489.7386186,results/2026.09.25-23.14_tilelang_hard-shape_seed=42/failed/tilelang_codegen_error/failed_extended_mixed_9a31a665508b4828.json,独立复现代表样本，按相同错误签名关联；非逐例根因证明,"ine 0, in tvm::codegen::CodeGenTileLangCUDA::VisitExpr_(tvm::tirx::CastNode const*, std::ostream&)
  File ""<unknown>"", line 0, in tvm::codegen::CodeGenC::PrintExpr[abi:cxx11](tvm::PrimExpr const&)
  File ""<unknown>"", line 0, in tvm::codegen::CodeGenC::VisitExpr_(tvm::tirx::AndNode const*, std::ostream&)
  File ""<unknown>"", line 0, in tvm::codegen::CodeGenTileLangCUDA::PrintVecBinaryOp(std::__cxx11::basic_string<char, std::char_traits<char>, std::allocator<char> > const&, tvm::runtime::DataType, tvm::PrimExpr, tvm::PrimExpr, std::ostream&)
  File ""<unknown>"", line 0, in tvm::codegen::CodeGenTileLangCUDA::PrintType(tvm::runtime::DataType, std::ostream&)
  File ""<unknown>"", line 0, in tvm::runtime::detail::LogFatal::~LogFatal()
tvm.error.InternalError: Cannot convert type boolx16 to CUDA type"
32906,4,tilelang,2026.09.25-23.14_tilelang_hard-shape_seed=42,tilelang_codegen_error,confirmed_signature,bool_vector,1790366551.4313447,results/2026.09.25-23.14_tilelang_hard-shape_seed=42/failed/tilelang_codegen_error/failed_extended_mixed_8fe7621db88311e1.json,独立复现代表样本，按相同错误签名关联；非逐例根因证明,"line 0, in tvm::codegen::CodeGenTileLangCUDA::VisitExpr_(tvm::tirx::CastNode const*, std::ostream&)
  File ""<unknown>"", line 0, in tvm::codegen::CodeGenC::PrintExpr[abi:cxx11](tvm::PrimExpr const&)
  File ""<unknown>"", line 0, in tvm::codegen::CodeGenC::VisitExpr_(tvm::tirx::AndNode const*, std::ostream&)
  File ""<unknown>"", line 0, in tvm::codegen::CodeGenTileLangCUDA::PrintVecBinaryOp(std::__cxx11::basic_string<char, std::char_traits<char>, std::allocator<char> > const&, tvm::runtime::DataType, tvm::PrimExpr, tvm::PrimExpr, std::ostream&)
  File ""<unknown>"", line 0, in tvm::codegen::CodeGenTileLangCUDA::PrintType(tvm::runtime::DataType, std::ostream&)
  File ""<unknown>"", line 0, in tvm::runtime::detail::LogFatal::~LogFatal()
tvm.error.InternalError: Cannot convert type boolx8 to CUDA type"
32906,4,tilelang,2026.09.25-23.14_tilelang_hard-shape_seed=42,tilelang_codegen_error,confirmed_signature,bool_vector,1790366737.0260131,results/2026.09.25-23.14_tilelang_hard-shape_seed=42/failed/tilelang_codegen_error/failed_extended_mixed_ac54f15799e95d8f.json,独立复现代表样本，按相同错误签名关联；非逐例根因证明,"line 0, in tvm::codegen::CodeGenTileLangCUDA::VisitExpr_(tvm::tirx::CastNode const*, std::ostream&)
  File ""<unknown>"", line 0, in tvm::codegen::CodeGenC::PrintExpr[abi:cxx11](tvm::PrimExpr const&)
  File ""<unknown>"", line 0, in tvm::codegen::CodeGenC::VisitExpr_(tvm::tirx::AndNode const*, std::ostream&)
  File ""<unknown>"", line 0, in tvm::codegen::CodeGenTileLangCUDA::PrintVecBinaryOp(std::__cxx11::basic_string<char, std::char_traits<char>, std::allocator<char> > const&, tvm::runtime::DataType, tvm::PrimExpr, tvm::PrimExpr, std::ostream&)
  File ""<unknown>"", line 0, in tvm::codegen::CodeGenTileLangCUDA::PrintType(tvm::runtime::DataType, std::ostream&)
  File ""<unknown>"", line 0, in tvm::runtime::detail::LogFatal::~LogFatal()
tvm.error.InternalError: Cannot convert type boolx8 to CUDA type"
32906,4,tilelang,2026.09.25-23.14_tilelang_hard-shape_seed=42,tilelang_codegen_error,confirmed_signature,bool_vector,1790366799.577367,results/2026.09.25-23.14_tilelang_hard-shape_seed=42/failed/tilelang_codegen_error/failed_extended_mixed_55933b12faed54d1.json,独立复现代表样本，按相同错误签名关联；非逐例根因证明,"ine 0, in tvm::codegen::CodeGenTileLangCUDA::VisitExpr_(tvm::tirx::CastNode const*, std::ostream&)
  File ""<unknown>"", line 0, in tvm::codegen::CodeGenC::PrintExpr[abi:cxx11](tvm::PrimExpr const&)
  File ""<unknown>"", line 0, in tvm::codegen::CodeGenC::VisitExpr_(tvm::tirx::AndNode const*, std::ostream&)
  File ""<unknown>"", line 0, in tvm::codegen::CodeGenTileLangCUDA::PrintVecBinaryOp(std::__cxx11::basic_string<char, std::char_traits<char>, std::allocator<char> > const&, tvm::runtime::DataType, tvm::PrimExpr, tvm::PrimExpr, std::ostream&)
  File ""<unknown>"", line 0, in tvm::codegen::CodeGenTileLangCUDA::PrintType(tvm::runtime::DataType, std::ostream&)
  File ""<unknown>"", line 0, in tvm::runtime::detail::LogFatal::~LogFatal()
tvm.error.InternalError: Cannot convert type boolx16 to CUDA type"
32906,4,tilelang,2026.09.25-23.14_tilelang_hard-shape_seed=42,tilelang_codegen_error,confirmed_signature,bool_vector,1790367047.39234,results/2026.09.25-23.14_tilelang_hard-shape_seed=42/failed/tilelang_codegen_error/failed_extended_mixed_c20a88931907cefe.json,独立复现代表样本，按相同错误签名关联；非逐例根因证明,"line 0, in tvm::codegen::CodeGenTileLangCUDA::VisitExpr_(tvm::tirx::CastNode const*, std::ostream&)
  File ""<unknown>"", line 0, in tvm::codegen::CodeGenC::PrintExpr[abi:cxx11](tvm::PrimExpr const&)
  File ""<unknown>"", line 0, in tvm::codegen::CodeGenC::VisitExpr_(tvm::tirx::AndNode const*, std::ostream&)
  File ""<unknown>"", line 0, in tvm::codegen::CodeGenTileLangCUDA::PrintVecBinaryOp(std::__cxx11::basic_string<char, std::char_traits<char>, std::allocator<char> > const&, tvm::runtime::DataType, tvm::PrimExpr, tvm::PrimExpr, std::ostream&)
  File ""<unknown>"", line 0, in tvm::codegen::CodeGenTileLangCUDA::PrintType(tvm::runtime::DataType, std::ostream&)
  File ""<unknown>"", line 0, in tvm::runtime::detail::LogFatal::~LogFatal()
tvm.error.InternalError: Cannot convert type boolx8 to CUDA type"
32906,4,tilelang,2026.09.25-23.14_tilelang_hard-shape_seed=42,tilelang_codegen_error,confirmed_signature,bool_vector,1790367245.3710494,results/2026.09.25-23.14_tilelang_hard-shape_seed=42/failed/tilelang_codegen_error/failed_extended_mixed_e30b9f59a271102a.json,独立复现代表样本，按相同错误签名关联；非逐例根因证明,"line 0, in tvm::codegen::CodeGenTileLangCUDA::VisitExpr_(tvm::tirx::CastNode const*, std::ostream&)
  File ""<unknown>"", line 0, in tvm::codegen::CodeGenC::PrintExpr[abi:cxx11](tvm::PrimExpr const&)
  File ""<unknown>"", line 0, in tvm::codegen::CodeGenC::VisitExpr_(tvm::tirx::AndNode const*, std::ostream&)
  File ""<unknown>"", line 0, in tvm::codegen::CodeGenTileLangCUDA::PrintVecBinaryOp(std::__cxx11::basic_string<char, std::char_traits<char>, std::allocator<char> > const&, tvm::runtime::DataType, tvm::PrimExpr, tvm::PrimExpr, std::ostream&)
  File ""<unknown>"", line 0, in tvm::codegen::CodeGenTileLangCUDA::PrintType(tvm::runtime::DataType, std::ostream&)
  File ""<unknown>"", line 0, in tvm::runtime::detail::LogFatal::~LogFatal()
tvm.error.InternalError: Cannot convert type boolx8 to CUDA type"
32906,4,tilelang,2026.09.25-23.14_tilelang_hard-shape_seed=42,tilelang_codegen_error,confirmed_signature,bool_vector,1790367307.102543,results/2026.09.25-23.14_tilelang_hard-shape_seed=42/failed/tilelang_codegen_error/failed_extended_mixed_2f9d6b6cd77ca4f8.json,独立复现代表样本，按相同错误签名关联；非逐例根因证明,"ine 0, in tvm::codegen::CodeGenTileLangCUDA::VisitExpr_(tvm::tirx::CastNode const*, std::ostream&)
  File ""<unknown>"", line 0, in tvm::codegen::CodeGenC::PrintExpr[abi:cxx11](tvm::PrimExpr const&)
  File ""<unknown>"", line 0, in tvm::codegen::CodeGenC::VisitExpr_(tvm::tirx::AndNode const*, std::ostream&)
  File ""<unknown>"", line 0, in tvm::codegen::CodeGenTileLangCUDA::PrintVecBinaryOp(std::__cxx11::basic_string<char, std::char_traits<char>, std::allocator<char> > const&, tvm::runtime::DataType, tvm::PrimExpr, tvm::PrimExpr, std::ostream&)
  File ""<unknown>"", line 0, in tvm::codegen::CodeGenTileLangCUDA::PrintType(tvm::runtime::DataType, std::ostream&)
  File ""<unknown>"", line 0, in tvm::runtime::detail::LogFatal::~LogFatal()
tvm.error.InternalError: Cannot convert type boolx16 to CUDA type"
32906,4,tilelang,2026.09.25-23.14_tilelang_hard-shape_seed=42,tilelang_codegen_error,confirmed_signature,bool_vector,1790367619.4506528,results/2026.09.25-23.14_tilelang_hard-shape_seed=42/failed/tilelang_codegen_error/failed_extended_mixed_b5114c98120db45c.json,独立复现代表样本，按相同错误签名关联；非逐例根因证明,"ine 0, in tvm::codegen::CodeGenTileLangCUDA::VisitExpr_(tvm::tirx::CastNode const*, std::ostream&)
  File ""<unknown>"", line 0, in tvm::codegen::CodeGenC::PrintExpr[abi:cxx11](tvm::PrimExpr const&)
  File ""<unknown>"", line 0, in tvm::codegen::CodeGenC::VisitExpr_(tvm::tirx::AndNode const*, std::ostream&)
  File ""<unknown>"", line 0, in tvm::codegen::CodeGenTileLangCUDA::PrintVecBinaryOp(std::__cxx11::basic_string<char, std::char_traits<char>, std::allocator<char> > const&, tvm::runtime::DataType, tvm::PrimExpr, tvm::PrimExpr, std::ostream&)
  File ""<unknown>"", line 0, in tvm::codegen::CodeGenTileLangCUDA::PrintType(tvm::runtime::DataType, std::ostream&)
  File ""<unknown>"", line 0, in tvm::runtime::detail::LogFatal::~LogFatal()
tvm.error.InternalError: Cannot convert type boolx16 to CUDA type"
32906,4,tilelang,2026.09.25-23.14_tilelang_hard-shape_seed=42,tilelang_codegen_error,confirmed_signature,bool_vector,1790367780.5162926,results/2026.09.25-23.14_tilelang_hard-shape_seed=42/failed/tilelang_codegen_error/failed_extended_mixed_52d32aa76a80b1d3.json,独立复现代表样本，按相同错误签名关联；非逐例根因证明,"line 0, in tvm::codegen::CodeGenTileLangCUDA::VisitExpr_(tvm::tirx::CastNode const*, std::ostream&)
  File ""<unknown>"", line 0, in tvm::codegen::CodeGenC::PrintExpr[abi:cxx11](tvm::PrimExpr const&)
  File ""<unknown>"", line 0, in tvm::codegen::CodeGenC::VisitExpr_(tvm::tirx::AndNode const*, std::ostream&)
  File ""<unknown>"", line 0, in tvm::codegen::CodeGenTileLangCUDA::PrintVecBinaryOp(std::__cxx11::basic_string<char, std::char_traits<char>, std::allocator<char> > const&, tvm::runtime::DataType, tvm::PrimExpr, tvm::PrimExpr, std::ostream&)
  File ""<unknown>"", line 0, in tvm::codegen::CodeGenTileLangCUDA::PrintType(tvm::runtime::DataType, std::ostream&)
  File ""<unknown>"", line 0, in tvm::runtime::detail::LogFatal::~LogFatal()
tvm.error.InternalError: Cannot convert type boolx8 to CUDA type"
32906,4,tilelang,2026.09.25-23.14_tilelang_hard-shape_seed=42,tilelang_codegen_error,confirmed_signature,reduce_layout,1790367870.1877885,results/2026.09.25-23.14_tilelang_hard-shape_seed=42/failed/tilelang_codegen_error/failed_calls_main(f0+f0)__f0()_cfe8785ced127a8b.json,独立复现代表样本，按相同错误签名关联；非逐例根因证明,"eStep, std::allocator<tvm::tl::backend::reduce::ThreadReduceStep> > const&, tvm::arith::Analyzer*)
  File ""/project/src/backend/common/op/reduce.h"", line 534, in void tvm::tl::backend::reduce::CheckThreadOwnedStepsProjectable(const tvm::PrimExpr&, const tvm::tirx::Var&, const std::vector<ThreadReduceStep>&, tvm::arith::Analyzer*)
tvm.error.InternalError: Check failed: (analyzer->CanProveEqual(projected_index, simplified_index)) is false: ReduceOp cannot lower a layout where a source index depends on a thread-owned reduce segment: src_index=rv % 64 // 16 * 16 + i % 32 // 8 * 4 + rv % 16 // 8 * 2 + i % 2, projected_src_index=(rv - rv % 8) % 64 // 16 * 16 + i % 32 // 8 * 4 + (rv - rv % 8) % 16 // 8 * 2 + i % 2, reduce_var=rv, projected_reduce_var=rv - rv // 64 % 2 * 64 - T.FloorDiv(rv, 1) % 8"
32906,4,tilelang,2026.09.25-23.14_tilelang_hard-shape_seed=42,tilelang_codegen_error,confirmed_signature,bool_vector,1790368069.405841,results/2026.09.25-23.14_tilelang_hard-shape_seed=42/failed/tilelang_codegen_error/failed_extended_mixed_054220097e5b45be.json,独立复现代表样本，按相同错误签名关联；非逐例根因证明,"ine 0, in tvm::codegen::CodeGenTileLangCUDA::VisitExpr_(tvm::tirx::CastNode const*, std::ostream&)
  File ""<unknown>"", line 0, in tvm::codegen::CodeGenC::PrintExpr[abi:cxx11](tvm::PrimExpr const&)
  File ""<unknown>"", line 0, in tvm::codegen::CodeGenC::VisitExpr_(tvm::tirx::AndNode const*, std::ostream&)
  File ""<unknown>"", line 0, in tvm::codegen::CodeGenTileLangCUDA::PrintVecBinaryOp(std::__cxx11::basic_string<char, std::char_traits<char>, std::allocator<char> > const&, tvm::runtime::DataType, tvm::PrimExpr, tvm::PrimExpr, std::ostream&)
  File ""<unknown>"", line 0, in tvm::codegen::CodeGenTileLangCUDA::PrintType(tvm::runtime::DataType, std::ostream&)
  File ""<unknown>"", line 0, in tvm::runtime::detail::LogFatal::~LogFatal()
tvm.error.InternalError: Cannot convert type boolx16 to CUDA type"
32906,4,tilelang,2026.09.25-23.14_tilelang_hard-shape_seed=42,tilelang_codegen_error,confirmed_signature,bool_vector,1790368229.1448784,results/2026.09.25-23.14_tilelang_hard-shape_seed=42/failed/tilelang_codegen_error/failed_extended_mixed_0c55b09a751aa34f.json,独立复现代表样本，按相同错误签名关联；非逐例根因证明,"line 0, in tvm::codegen::CodeGenTileLangCUDA::VisitExpr_(tvm::tirx::CastNode const*, std::ostream&)
  File ""<unknown>"", line 0, in tvm::codegen::CodeGenC::PrintExpr[abi:cxx11](tvm::PrimExpr const&)
  File ""<unknown>"", line 0, in tvm::codegen::CodeGenC::VisitExpr_(tvm::tirx::AndNode const*, std::ostream&)
  File ""<unknown>"", line 0, in tvm::codegen::CodeGenTileLangCUDA::PrintVecBinaryOp(std::__cxx11::basic_string<char, std::char_traits<char>, std::allocator<char> > const&, tvm::runtime::DataType, tvm::PrimExpr, tvm::PrimExpr, std::ostream&)
  File ""<unknown>"", line 0, in tvm::codegen::CodeGenTileLangCUDA::PrintType(tvm::runtime::DataType, std::ostream&)
  File ""<unknown>"", line 0, in tvm::runtime::detail::LogFatal::~LogFatal()
tvm.error.InternalError: Cannot convert type boolx8 to CUDA type"
32906,4,tilelang,2026.09.25-23.14_tilelang_hard-shape_seed=42,tilelang_codegen_error,confirmed_signature,bool_vector,1790368296.529073,results/2026.09.25-23.14_tilelang_hard-shape_seed=42/failed/tilelang_codegen_error/failed_extended_mixed_3db2363324831fef.json,独立复现代表样本，按相同错误签名关联；非逐例根因证明,"line 0, in tvm::codegen::CodeGenTileLangCUDA::VisitExpr_(tvm::tirx::CastNode const*, std::ostream&)
  File ""<unknown>"", line 0, in tvm::codegen::CodeGenC::PrintExpr[abi:cxx11](tvm::PrimExpr const&)
  File ""<unknown>"", line 0, in tvm::codegen::CodeGenC::VisitExpr_(tvm::tirx::AndNode const*, std::ostream&)
  File ""<unknown>"", line 0, in tvm::codegen::CodeGenTileLangCUDA::PrintVecBinaryOp(std::__cxx11::basic_string<char, std::char_traits<char>, std::allocator<char> > const&, tvm::runtime::DataType, tvm::PrimExpr, tvm::PrimExpr, std::ostream&)
  File ""<unknown>"", line 0, in tvm::codegen::CodeGenTileLangCUDA::PrintType(tvm::runtime::DataType, std::ostream&)
  File ""<unknown>"", line 0, in tvm::runtime::detail::LogFatal::~LogFatal()
tvm.error.InternalError: Cannot convert type boolx8 to CUDA type"
32906,4,tilelang,2026.09.25-23.14_tilelang_hard-shape_seed=42,tilelang_codegen_error,confirmed_signature,bool_vector,1790368498.3517945,results/2026.09.25-23.14_tilelang_hard-shape_seed=42/failed/tilelang_codegen_error/failed_extended_mixed_ad687e7c30a19d41.json,独立复现代表样本，按相同错误签名关联；非逐例根因证明,"ine 0, in tvm::codegen::CodeGenTileLangCUDA::VisitExpr_(tvm::tirx::CastNode const*, std::ostream&)
  File ""<unknown>"", line 0, in tvm::codegen::CodeGenC::PrintExpr[abi:cxx11](tvm::PrimExpr const&)
  File ""<unknown>"", line 0, in tvm::codegen::CodeGenC::VisitExpr_(tvm::tirx::AndNode const*, std::ostream&)
  File ""<unknown>"", line 0, in tvm::codegen::CodeGenTileLangCUDA::PrintVecBinaryOp(std::__cxx11::basic_string<char, std::char_traits<char>, std::allocator<char> > const&, tvm::runtime::DataType, tvm::PrimExpr, tvm::PrimExpr, std::ostream&)
  File ""<unknown>"", line 0, in tvm::codegen::CodeGenTileLangCUDA::PrintType(tvm::runtime::DataType, std::ostream&)
  File ""<unknown>"", line 0, in tvm::runtime::detail::LogFatal::~LogFatal()
tvm.error.InternalError: Cannot convert type boolx16 to CUDA type"
32906,4,tilelang,2026.09.25-23.14_tilelang_hard-shape_seed=42,tilelang_codegen_error,confirmed_signature,bool_vector,1790368854.544751,results/2026.09.25-23.14_tilelang_hard-shape_seed=42/failed/tilelang_codegen_error/failed_extended_mixed_ec1dd260d468b656.json,独立复现代表样本，按相同错误签名关联；非逐例根因证明,"line 0, in tvm::codegen::CodeGenTileLangCUDA::VisitExpr_(tvm::tirx::CastNode const*, std::ostream&)
  File ""<unknown>"", line 0, in tvm::codegen::CodeGenC::PrintExpr[abi:cxx11](tvm::PrimExpr const&)
  File ""<unknown>"", line 0, in tvm::codegen::CodeGenC::VisitExpr_(tvm::tirx::AndNode const*, std::ostream&)
  File ""<unknown>"", line 0, in tvm::codegen::CodeGenTileLangCUDA::PrintVecBinaryOp(std::__cxx11::basic_string<char, std::char_traits<char>, std::allocator<char> > const&, tvm::runtime::DataType, tvm::PrimExpr, tvm::PrimExpr, std::ostream&)
  File ""<unknown>"", line 0, in tvm::codegen::CodeGenTileLangCUDA::PrintType(tvm::runtime::DataType, std::ostream&)
  File ""<unknown>"", line 0, in tvm::runtime::detail::LogFatal::~LogFatal()
tvm.error.InternalError: Cannot convert type boolx8 to CUDA type"
32906,4,tilelang,2026.09.25-23.14_tilelang_hard-shape_seed=42,tilelang_codegen_error,confirmed_signature,reduce_layout,1790369336.377788,results/2026.09.25-23.14_tilelang_hard-shape_seed=42/failed/tilelang_codegen_error/failed_calls_main()_74ca239ed0d472df.json,独立复现代表样本，按相同错误签名关联；非逐例根因证明,"const&, std::vector<tvm::tl::backend::reduce::ThreadReduceStep, std::allocator<tvm::tl::backend::reduce::ThreadReduceStep> > const&, tvm::arith::Analyzer*)
  File ""/project/src/backend/common/op/reduce.h"", line 534, in void tvm::tl::backend::reduce::CheckThreadOwnedStepsProjectable(const tvm::PrimExpr&, const tvm::tirx::Var&, const std::vector<ThreadReduceStep>&, tvm::arith::Analyzer*)
tvm.error.InternalError: Check failed: (analyzer->CanProveEqual(projected_index, simplified_index)) is false: ReduceOp cannot lower a layout where a source index depends on a thread-owned reduce segment: src_index=rv % 32 // 8 * 4 + i // 8 * 2 + rv % 2, projected_src_index=(rv % 8 // 2 * 30 + rv) % 32 // 8 * 4 + i // 8 * 2 + rv % 2, reduce_var=rv, projected_reduce_var=rv - rv // 32 % 8 * 32 - rv // 2 % 4 * 2"
32906,4,tilelang,2026.09.25-23.14_tilelang_hard-shape_seed=42,tilelang_codegen_error,confirmed_signature,bool_vector,1790369461.9470382,results/2026.09.25-23.14_tilelang_hard-shape_seed=42/failed/tilelang_codegen_error/failed_extended_mixed_bfbbd6f3a961c024.json,独立复现代表样本，按相同错误签名关联；非逐例根因证明,"ine 0, in tvm::codegen::CodeGenTileLangCUDA::VisitExpr_(tvm::tirx::CastNode const*, std::ostream&)
  File ""<unknown>"", line 0, in tvm::codegen::CodeGenC::PrintExpr[abi:cxx11](tvm::PrimExpr const&)
  File ""<unknown>"", line 0, in tvm::codegen::CodeGenC::VisitExpr_(tvm::tirx::AndNode const*, std::ostream&)
  File ""<unknown>"", line 0, in tvm::codegen::CodeGenTileLangCUDA::PrintVecBinaryOp(std::__cxx11::basic_string<char, std::char_traits<char>, std::allocator<char> > const&, tvm::runtime::DataType, tvm::PrimExpr, tvm::PrimExpr, std::ostream&)
  File ""<unknown>"", line 0, in tvm::codegen::CodeGenTileLangCUDA::PrintType(tvm::runtime::DataType, std::ostream&)
  File ""<unknown>"", line 0, in tvm::runtime::detail::LogFatal::~LogFatal()
tvm.error.InternalError: Cannot convert type boolx16 to CUDA type"
32906,4,tilelang,2026.09.25-23.14_tilelang_hard-shape_seed=42,tilelang_codegen_error,confirmed_signature,reduce_layout,1790369490.1665466,results/2026.09.25-23.14_tilelang_hard-shape_seed=42/failed/tilelang_codegen_error/failed_calls_main(f0)__f0()_5842e51ae3f84e96.json,独立复现代表样本，按相同错误签名关联；非逐例根因证明,"uceStep, std::allocator<tvm::tl::backend::reduce::ThreadReduceStep> > const&, tvm::arith::Analyzer*)
  File ""/project/src/backend/common/op/reduce.h"", line 534, in void tvm::tl::backend::reduce::CheckThreadOwnedStepsProjectable(const tvm::PrimExpr&, const tvm::tirx::Var&, const std::vector<ThreadReduceStep>&, tvm::arith::Analyzer*)
tvm.error.InternalError: Check failed: (analyzer->CanProveEqual(projected_index, simplified_index)) is false: ReduceOp cannot lower a layout where a source index depends on a thread-owned reduce segment: src_index=rv % 32 // 16 * 8 + i % 16 // 8 * 4 + rv % 16 // 8 * 2 + i % 2, projected_src_index=(rv - rv % 8) % 32 // 16 * 8 + i % 16 // 8 * 4 + (rv - rv % 8) % 16 // 8 * 2 + i % 2, reduce_var=rv, projected_reduce_var=rv - rv // 32 % 2 * 32 - T.FloorDiv(rv, 1) % 8"
32906,4,tilelang,2026.09.25-23.14_tilelang_hard-shape_seed=42,tilelang_codegen_error,confirmed_signature,reduce_layout,1790369824.9899275,results/2026.09.25-23.14_tilelang_hard-shape_seed=42/failed/tilelang_codegen_error/failed_calls_main(f0)__f0()_4cc0f10d8da122c1.json,独立复现代表样本，按相同错误签名关联；非逐例根因证明,"tep, std::allocator<tvm::tl::backend::reduce::ThreadReduceStep> > const&, tvm::arith::Analyzer*)
  File ""/project/src/backend/common/op/reduce.h"", line 534, in void tvm::tl::backend::reduce::CheckThreadOwnedStepsProjectable(const tvm::PrimExpr&, const tvm::tirx::Var&, const std::vector<ThreadReduceStep>&, tvm::arith::Analyzer*)
tvm.error.InternalError: Check failed: (analyzer->CanProveEqual(projected_index, simplified_index)) is false: ReduceOp cannot lower a layout where a source index depends on a thread-owned reduce segment: src_index=rv % 128 // 16 * 8 + i % 16 // 8 * 4 + rv % 16 // 8 * 2 + i % 2, projected_src_index=(rv - rv % 8) % 128 // 16 * 8 + i % 16 // 8 * 4 + (rv - rv % 8) % 16 // 8 * 2 + i % 2, reduce_var=rv, projected_reduce_var=rv - rv // 128 % 2 * 128 - T.FloorDiv(rv, 1) % 8"
32906,4,tilelang,2026.09.25-23.14_tilelang_hard-shape_seed=42,tilelang_codegen_error,confirmed_signature,bool_vector,1790370067.4880784,results/2026.09.25-23.14_tilelang_hard-shape_seed=42/failed/tilelang_codegen_error/failed_extended_mixed_8488c1c8207908d1.json,独立复现代表样本，按相同错误签名关联；非逐例根因证明,"line 0, in tvm::codegen::CodeGenTileLangCUDA::VisitExpr_(tvm::tirx::CastNode const*, std::ostream&)
  File ""<unknown>"", line 0, in tvm::codegen::CodeGenC::PrintExpr[abi:cxx11](tvm::PrimExpr const&)
  File ""<unknown>"", line 0, in tvm::codegen::CodeGenC::VisitExpr_(tvm::tirx::AndNode const*, std::ostream&)
  File ""<unknown>"", line 0, in tvm::codegen::CodeGenTileLangCUDA::PrintVecBinaryOp(std::__cxx11::basic_string<char, std::char_traits<char>, std::allocator<char> > const&, tvm::runtime::DataType, tvm::PrimExpr, tvm::PrimExpr, std::ostream&)
  File ""<unknown>"", line 0, in tvm::codegen::CodeGenTileLangCUDA::PrintType(tvm::runtime::DataType, std::ostream&)
  File ""<unknown>"", line 0, in tvm::runtime::detail::LogFatal::~LogFatal()
tvm.error.InternalError: Cannot convert type boolx8 to CUDA type"
32906,4,tilelang,2026.09.25-23.14_tilelang_hard-shape_seed=42,tilelang_codegen_error,confirmed_signature,reduce_layout,1790370293.9859738,results/2026.09.25-23.14_tilelang_hard-shape_seed=42/failed/tilelang_codegen_error/failed_calls_main(f0+f0)__f0()_9c0dff1841ac02be.json,独立复现代表样本，按相同错误签名关联；非逐例根因证明,"eStep, std::allocator<tvm::tl::backend::reduce::ThreadReduceStep> > const&, tvm::arith::Analyzer*)
  File ""/project/src/backend/common/op/reduce.h"", line 534, in void tvm::tl::backend::reduce::CheckThreadOwnedStepsProjectable(const tvm::PrimExpr&, const tvm::tirx::Var&, const std::vector<ThreadReduceStep>&, tvm::arith::Analyzer*)
tvm.error.InternalError: Check failed: (analyzer->CanProveEqual(projected_index, simplified_index)) is false: ReduceOp cannot lower a layout where a source index depends on a thread-owned reduce segment: src_index=rv % 32 // 16 * 32 + i % 64 // 8 * 4 + rv % 16 // 8 * 2 + i % 2, projected_src_index=(rv - rv % 8) % 32 // 16 * 32 + i % 64 // 8 * 4 + (rv - rv % 8) % 16 // 8 * 2 + i % 2, reduce_var=rv, projected_reduce_var=rv - rv // 32 % 2 * 32 - T.FloorDiv(rv, 1) % 8"
32906,4,tilelang,2026.09.25-23.14_tilelang_hard-shape_seed=42,tilelang_codegen_error,confirmed_signature,bool_vector,1790370427.2065802,results/2026.09.25-23.14_tilelang_hard-shape_seed=42/failed/tilelang_codegen_error/failed_extended_mixed_f6b749af42298d9c.json,独立复现代表样本，按相同错误签名关联；非逐例根因证明,"ine 0, in tvm::codegen::CodeGenTileLangCUDA::VisitExpr_(tvm::tirx::CastNode const*, std::ostream&)
  File ""<unknown>"", line 0, in tvm::codegen::CodeGenC::PrintExpr[abi:cxx11](tvm::PrimExpr const&)
  File ""<unknown>"", line 0, in tvm::codegen::CodeGenC::VisitExpr_(tvm::tirx::AndNode const*, std::ostream&)
  File ""<unknown>"", line 0, in tvm::codegen::CodeGenTileLangCUDA::PrintVecBinaryOp(std::__cxx11::basic_string<char, std::char_traits<char>, std::allocator<char> > const&, tvm::runtime::DataType, tvm::PrimExpr, tvm::PrimExpr, std::ostream&)
  File ""<unknown>"", line 0, in tvm::codegen::CodeGenTileLangCUDA::PrintType(tvm::runtime::DataType, std::ostream&)
  File ""<unknown>"", line 0, in tvm::runtime::detail::LogFatal::~LogFatal()
tvm.error.InternalError: Cannot convert type boolx16 to CUDA type"
32906,4,tilelang,2026.09.25-23.14_tilelang_hard-shape_seed=42,tilelang_codegen_error,confirmed_signature,reduce_layout,1790370498.1867948,results/2026.09.25-23.14_tilelang_hard-shape_seed=42/failed/tilelang_codegen_error/failed_calls_main(f0)__f0()_a347d6860c89e7ec.json,独立复现代表样本，按相同错误签名关联；非逐例根因证明," std::allocator<tvm::tl::backend::reduce::ThreadReduceStep> > const&, tvm::arith::Analyzer*)
  File ""/project/src/backend/common/op/reduce.h"", line 534, in void tvm::tl::backend::reduce::CheckThreadOwnedStepsProjectable(const tvm::PrimExpr&, const tvm::tirx::Var&, const std::vector<ThreadReduceStep>&, tvm::arith::Analyzer*)
tvm.error.InternalError: Check failed: (analyzer->CanProveEqual(projected_index, simplified_index)) is false: ReduceOp cannot lower a layout where a source index depends on a thread-owned reduce segment: src_index=rv % 128 // 16 * 64 + i % 128 // 8 * 4 + rv % 16 // 8 * 2 + i % 2, projected_src_index=(rv - rv % 8) % 128 // 16 * 64 + i % 128 // 8 * 4 + (rv - rv % 8) % 16 // 8 * 2 + i % 2, reduce_var=rv, projected_reduce_var=rv - rv // 128 % 2 * 128 - T.FloorDiv(rv, 1) % 8"
32906,4,tilelang,2026.09.25-23.14_tilelang_hard-shape_seed=42,tilelang_codegen_error,confirmed_signature,reduce_layout,1790370512.255862,results/2026.09.25-23.14_tilelang_hard-shape_seed=42/failed/tilelang_codegen_error/failed_calls_main(f0)__f0()_d5cb21531f4ba944.json,独立复现代表样本，按相同错误签名关联；非逐例根因证明,"eStep, std::allocator<tvm::tl::backend::reduce::ThreadReduceStep> > const&, tvm::arith::Analyzer*)
  File ""/project/src/backend/common/op/reduce.h"", line 534, in void tvm::tl::backend::reduce::CheckThreadOwnedStepsProjectable(const tvm::PrimExpr&, const tvm::tirx::Var&, const std::vector<ThreadReduceStep>&, tvm::arith::Analyzer*)
tvm.error.InternalError: Check failed: (analyzer->CanProveEqual(projected_index, simplified_index)) is false: ReduceOp cannot lower a layout where a source index depends on a thread-owned reduce segment: src_index=rv % 32 // 16 * 16 + i % 32 // 8 * 4 + rv % 16 // 8 * 2 + i % 2, projected_src_index=(rv - rv % 8) % 32 // 16 * 16 + i % 32 // 8 * 4 + (rv - rv % 8) % 16 // 8 * 2 + i % 2, reduce_var=rv, projected_reduce_var=rv - rv // 32 % 2 * 32 - T.FloorDiv(rv, 1) % 8"
32906,4,tilelang,2026.09.25-23.14_tilelang_hard-shape_seed=42,tilelang_codegen_error,confirmed_signature,bool_vector,1790370566.504045,results/2026.09.25-23.14_tilelang_hard-shape_seed=42/failed/tilelang_codegen_error/failed_extended_mixed_d15df1538aaa34e8.json,独立复现代表样本，按相同错误签名关联；非逐例根因证明,"ine 0, in tvm::codegen::CodeGenTileLangCUDA::VisitExpr_(tvm::tirx::CastNode const*, std::ostream&)
  File ""<unknown>"", line 0, in tvm::codegen::CodeGenC::PrintExpr[abi:cxx11](tvm::PrimExpr const&)
  File ""<unknown>"", line 0, in tvm::codegen::CodeGenC::VisitExpr_(tvm::tirx::AndNode const*, std::ostream&)
  File ""<unknown>"", line 0, in tvm::codegen::CodeGenTileLangCUDA::PrintVecBinaryOp(std::__cxx11::basic_string<char, std::char_traits<char>, std::allocator<char> > const&, tvm::runtime::DataType, tvm::PrimExpr, tvm::PrimExpr, std::ostream&)
  File ""<unknown>"", line 0, in tvm::codegen::CodeGenTileLangCUDA::PrintType(tvm::runtime::DataType, std::ostream&)
  File ""<unknown>"", line 0, in tvm::runtime::detail::LogFatal::~LogFatal()
tvm.error.InternalError: Cannot convert type boolx16 to CUDA type"
32906,4,tilelang,2026.09.25-23.14_tilelang_hard-shape_seed=42,tilelang_codegen_error,confirmed_signature,bool_vector,1790370706.6526968,results/2026.09.25-23.14_tilelang_hard-shape_seed=42/failed/tilelang_codegen_error/failed_extended_mixed_6a69c4bc20bcadf3.json,独立复现代表样本，按相同错误签名关联；非逐例根因证明,"line 0, in tvm::codegen::CodeGenTileLangCUDA::VisitExpr_(tvm::tirx::CastNode const*, std::ostream&)
  File ""<unknown>"", line 0, in tvm::codegen::CodeGenC::PrintExpr[abi:cxx11](tvm::PrimExpr const&)
  File ""<unknown>"", line 0, in tvm::codegen::CodeGenC::VisitExpr_(tvm::tirx::AndNode const*, std::ostream&)
  File ""<unknown>"", line 0, in tvm::codegen::CodeGenTileLangCUDA::PrintVecBinaryOp(std::__cxx11::basic_string<char, std::char_traits<char>, std::allocator<char> > const&, tvm::runtime::DataType, tvm::PrimExpr, tvm::PrimExpr, std::ostream&)
  File ""<unknown>"", line 0, in tvm::codegen::CodeGenTileLangCUDA::PrintType(tvm::runtime::DataType, std::ostream&)
  File ""<unknown>"", line 0, in tvm::runtime::detail::LogFatal::~LogFatal()
tvm.error.InternalError: Cannot convert type boolx8 to CUDA type"
32906,4,tilelang,2026.09.25-23.14_tilelang_hard-shape_seed=42,tilelang_codegen_error,confirmed_signature,bool_vector,1790371048.181457,results/2026.09.25-23.14_tilelang_hard-shape_seed=42/failed/tilelang_codegen_error/failed_extended_mixed_49de61a1997ea823.json,独立复现代表样本，按相同错误签名关联；非逐例根因证明,"ine 0, in tvm::codegen::CodeGenTileLangCUDA::VisitExpr_(tvm::tirx::CastNode const*, std::ostream&)
  File ""<unknown>"", line 0, in tvm::codegen::CodeGenC::PrintExpr[abi:cxx11](tvm::PrimExpr const&)
  File ""<unknown>"", line 0, in tvm::codegen::CodeGenC::VisitExpr_(tvm::tirx::AndNode const*, std::ostream&)
  File ""<unknown>"", line 0, in tvm::codegen::CodeGenTileLangCUDA::PrintVecBinaryOp(std::__cxx11::basic_string<char, std::char_traits<char>, std::allocator<char> > const&, tvm::runtime::DataType, tvm::PrimExpr, tvm::PrimExpr, std::ostream&)
  File ""<unknown>"", line 0, in tvm::codegen::CodeGenTileLangCUDA::PrintType(tvm::runtime::DataType, std::ostream&)
  File ""<unknown>"", line 0, in tvm::runtime::detail::LogFatal::~LogFatal()
tvm.error.InternalError: Cannot convert type boolx16 to CUDA type"
32906,4,tilelang,2026.09.25-23.14_tilelang_hard-shape_seed=42,tilelang_codegen_error,confirmed_signature,reduce_layout,1790371093.7902482,results/2026.09.25-23.14_tilelang_hard-shape_seed=42/failed/tilelang_codegen_error/failed_calls_main(f0)__f0()_23b4eeb06a5f58b4.json,独立复现代表样本，按相同错误签名关联；非逐例根因证明,"eStep, std::allocator<tvm::tl::backend::reduce::ThreadReduceStep> > const&, tvm::arith::Analyzer*)
  File ""/project/src/backend/common/op/reduce.h"", line 534, in void tvm::tl::backend::reduce::CheckThreadOwnedStepsProjectable(const tvm::PrimExpr&, const tvm::tirx::Var&, const std::vector<ThreadReduceStep>&, tvm::arith::Analyzer*)
tvm.error.InternalError: Check failed: (analyzer->CanProveEqual(projected_index, simplified_index)) is false: ReduceOp cannot lower a layout where a source index depends on a thread-owned reduce segment: src_index=rv % 64 // 16 * 16 + i % 32 // 8 * 4 + rv % 16 // 8 * 2 + i % 2, projected_src_index=(rv - rv % 8) % 64 // 16 * 16 + i % 32 // 8 * 4 + (rv - rv % 8) % 16 // 8 * 2 + i % 2, reduce_var=rv, projected_reduce_var=rv - rv // 64 % 2 * 64 - T.FloorDiv(rv, 1) % 8"
32906,4,tilelang,2026.09.25-23.14_tilelang_hard-shape_seed=42,tilelang_codegen_error,confirmed_signature,bool_vector,1790371285.3731465,results/2026.09.25-23.14_tilelang_hard-shape_seed=42/failed/tilelang_codegen_error/failed_extended_mixed_7656630d4264ef91.json,独立复现代表样本，按相同错误签名关联；非逐例根因证明,"ine 0, in tvm::codegen::CodeGenTileLangCUDA::VisitExpr_(tvm::tirx::CastNode const*, std::ostream&)
  File ""<unknown>"", line 0, in tvm::codegen::CodeGenC::PrintExpr[abi:cxx11](tvm::PrimExpr const&)
  File ""<unknown>"", line 0, in tvm::codegen::CodeGenC::VisitExpr_(tvm::tirx::AndNode const*, std::ostream&)
  File ""<unknown>"", line 0, in tvm::codegen::CodeGenTileLangCUDA::PrintVecBinaryOp(std::__cxx11::basic_string<char, std::char_traits<char>, std::allocator<char> > const&, tvm::runtime::DataType, tvm::PrimExpr, tvm::PrimExpr, std::ostream&)
  File ""<unknown>"", line 0, in tvm::codegen::CodeGenTileLangCUDA::PrintType(tvm::runtime::DataType, std::ostream&)
  File ""<unknown>"", line 0, in tvm::runtime::detail::LogFatal::~LogFatal()
tvm.error.InternalError: Cannot convert type boolx16 to CUDA type"
32906,4,tilelang,2026.09.25-23.14_tilelang_hard-shape_seed=42,tilelang_codegen_error,confirmed_signature,reduce_layout,1790371483.848125,results/2026.09.25-23.14_tilelang_hard-shape_seed=42/failed/tilelang_codegen_error/failed_calls_main(f0)__f0()_fd60e442f4d4c436.json,独立复现代表样本，按相同错误签名关联；非逐例根因证明,"const&, std::vector<tvm::tl::backend::reduce::ThreadReduceStep, std::allocator<tvm::tl::backend::reduce::ThreadReduceStep> > const&, tvm::arith::Analyzer*)
  File ""/project/src/backend/common/op/reduce.h"", line 534, in void tvm::tl::backend::reduce::CheckThreadOwnedStepsProjectable(const tvm::PrimExpr&, const tvm::tirx::Var&, const std::vector<ThreadReduceStep>&, tvm::arith::Analyzer*)
tvm.error.InternalError: Check failed: (analyzer->CanProveEqual(projected_index, simplified_index)) is false: ReduceOp cannot lower a layout where a source index depends on a thread-owned reduce segment: src_index=rv % 16 // 8 * 4 + i // 8 * 2 + rv % 2, projected_src_index=(rv % 8 // 2 * 14 + rv) % 16 // 8 * 4 + i // 8 * 2 + rv % 2, reduce_var=rv, projected_reduce_var=rv - rv // 16 % 8 * 16 - rv // 2 % 4 * 2"
32906,4,tilelang,2026.09.25-23.14_tilelang_hard-shape_seed=42,tilelang_codegen_error,confirmed_signature,reduce_layout,1790371518.0300636,results/2026.09.25-23.14_tilelang_hard-shape_seed=42/failed/tilelang_codegen_error/failed_calls_main(f0)__f0()_47b218ee1e5ae327.json,独立复现代表样本，按相同错误签名关联；非逐例根因证明,"eStep, std::allocator<tvm::tl::backend::reduce::ThreadReduceStep> > const&, tvm::arith::Analyzer*)
  File ""/project/src/backend/common/op/reduce.h"", line 534, in void tvm::tl::backend::reduce::CheckThreadOwnedStepsProjectable(const tvm::PrimExpr&, const tvm::tirx::Var&, const std::vector<ThreadReduceStep>&, tvm::arith::Analyzer*)
tvm.error.InternalError: Check failed: (analyzer->CanProveEqual(projected_index, simplified_index)) is false: ReduceOp cannot lower a layout where a source index depends on a thread-owned reduce segment: src_index=rv % 64 // 16 * 16 + i % 32 // 8 * 4 + rv % 16 // 8 * 2 + i % 2, projected_src_index=(rv - rv % 8) % 64 // 16 * 16 + i % 32 // 8 * 4 + (rv - rv % 8) % 16 // 8 * 2 + i % 2, reduce_var=rv, projected_reduce_var=rv - rv // 64 % 2 * 64 - T.FloorDiv(rv, 1) % 8"
32906,4,tilelang,2026.09.25-23.14_tilelang_hard-shape_seed=42,tilelang_codegen_error,confirmed_signature,bool_vector,1790371622.4837635,results/2026.09.25-23.14_tilelang_hard-shape_seed=42/failed/tilelang_codegen_error/failed_extended_mixed_4fdeeb4c7d3be414.json,独立复现代表样本，按相同错误签名关联；非逐例根因证明,"ine 0, in tvm::codegen::CodeGenTileLangCUDA::VisitExpr_(tvm::tirx::CastNode const*, std::ostream&)
  File ""<unknown>"", line 0, in tvm::codegen::CodeGenC::PrintExpr[abi:cxx11](tvm::PrimExpr const&)
  File ""<unknown>"", line 0, in tvm::codegen::CodeGenC::VisitExpr_(tvm::tirx::AndNode const*, std::ostream&)
  File ""<unknown>"", line 0, in tvm::codegen::CodeGenTileLangCUDA::PrintVecBinaryOp(std::__cxx11::basic_string<char, std::char_traits<char>, std::allocator<char> > const&, tvm::runtime::DataType, tvm::PrimExpr, tvm::PrimExpr, std::ostream&)
  File ""<unknown>"", line 0, in tvm::codegen::CodeGenTileLangCUDA::PrintType(tvm::runtime::DataType, std::ostream&)
  File ""<unknown>"", line 0, in tvm::runtime::detail::LogFatal::~LogFatal()
tvm.error.InternalError: Cannot convert type boolx16 to CUDA type"
32906,4,tilelang,2026.09.25-23.14_tilelang_hard-shape_seed=42,tilelang_codegen_error,confirmed_signature,bool_vector,1790372174.162936,results/2026.09.25-23.14_tilelang_hard-shape_seed=42/failed/tilelang_codegen_error/failed_extended_mixed_27b70b99d7d98899.json,独立复现代表样本，按相同错误签名关联；非逐例根因证明,"ine 0, in tvm::codegen::CodeGenTileLangCUDA::VisitExpr_(tvm::tirx::CastNode const*, std::ostream&)
  File ""<unknown>"", line 0, in tvm::codegen::CodeGenC::PrintExpr[abi:cxx11](tvm::PrimExpr const&)
  File ""<unknown>"", line 0, in tvm::codegen::CodeGenC::VisitExpr_(tvm::tirx::AndNode const*, std::ostream&)
  File ""<unknown>"", line 0, in tvm::codegen::CodeGenTileLangCUDA::PrintVecBinaryOp(std::__cxx11::basic_string<char, std::char_traits<char>, std::allocator<char> > const&, tvm::runtime::DataType, tvm::PrimExpr, tvm::PrimExpr, std::ostream&)
  File ""<unknown>"", line 0, in tvm::codegen::CodeGenTileLangCUDA::PrintType(tvm::runtime::DataType, std::ostream&)
  File ""<unknown>"", line 0, in tvm::runtime::detail::LogFatal::~LogFatal()
tvm.error.InternalError: Cannot convert type boolx16 to CUDA type"
32906,4,tilelang,2026.09.25-23.14_tilelang_hard-shape_seed=42,tilelang_codegen_error,confirmed_signature,reduce_layout,1790372912.264722,results/2026.09.25-23.14_tilelang_hard-shape_seed=42/failed/tilelang_codegen_error/failed_calls_main(f0)__f0()_5de8f7ff72367eb9.json,独立复现代表样本，按相同错误签名关联；非逐例根因证明,"uceStep, std::allocator<tvm::tl::backend::reduce::ThreadReduceStep> > const&, tvm::arith::Analyzer*)
  File ""/project/src/backend/common/op/reduce.h"", line 534, in void tvm::tl::backend::reduce::CheckThreadOwnedStepsProjectable(const tvm::PrimExpr&, const tvm::tirx::Var&, const std::vector<ThreadReduceStep>&, tvm::arith::Analyzer*)
tvm.error.InternalError: Check failed: (analyzer->CanProveEqual(projected_index, simplified_index)) is false: ReduceOp cannot lower a layout where a source index depends on a thread-owned reduce segment: src_index=rv % 32 // 16 * 8 + i % 16 // 8 * 4 + rv % 16 // 8 * 2 + i % 2, projected_src_index=(rv - rv % 8) % 32 // 16 * 8 + i % 16 // 8 * 4 + (rv - rv % 8) % 16 // 8 * 2 + i % 2, reduce_var=rv, projected_reduce_var=rv - rv // 32 % 2 * 32 - T.FloorDiv(rv, 1) % 8"
32906,4,tilelang,2026.09.25-23.14_tilelang_hard-shape_seed=42,tilelang_codegen_error,confirmed_signature,reduce_layout,1790372955.1836143,results/2026.09.25-23.14_tilelang_hard-shape_seed=42/failed/tilelang_codegen_error/failed_calls_main(f1)__f0()__f1(f0+f0)_942eeb1df0bee1b3.json,独立复现代表样本，按相同错误签名关联；非逐例根因证明,"p, std::allocator<tvm::tl::backend::reduce::ThreadReduceStep> > const&, tvm::arith::Analyzer*)
  File ""/project/src/backend/common/op/reduce.h"", line 534, in void tvm::tl::backend::reduce::CheckThreadOwnedStepsProjectable(const tvm::PrimExpr&, const tvm::tirx::Var&, const std::vector<ThreadReduceStep>&, tvm::arith::Analyzer*)
tvm.error.InternalError: Check failed: (analyzer->CanProveEqual(projected_index, simplified_index)) is false: ReduceOp cannot lower a layout where a source index depends on a thread-owned reduce segment: src_index=rv % 128 // 16 * 32 + i % 64 // 8 * 4 + rv % 16 // 8 * 2 + i % 2, projected_src_index=(rv - rv % 8) % 128 // 16 * 32 + i % 64 // 8 * 4 + (rv - rv % 8) % 16 // 8 * 2 + i % 2, reduce_var=rv, projected_reduce_var=rv - rv // 128 % 2 * 128 - T.FloorDiv(rv, 1) % 8"
32906,4,tilelang,2026.09.25-23.14_tilelang_hard-shape_seed=42,tilelang_codegen_error,confirmed_signature,reduce_layout,1790373986.608083,results/2026.09.25-23.14_tilelang_hard-shape_seed=42/failed/tilelang_codegen_error/failed_calls_main(f0)__f0()_5fbe329e1bdb2cc6.json,独立复现代表样本，按相同错误签名关联；非逐例根因证明,"eStep, std::allocator<tvm::tl::backend::reduce::ThreadReduceStep> > const&, tvm::arith::Analyzer*)
  File ""/project/src/backend/common/op/reduce.h"", line 534, in void tvm::tl::backend::reduce::CheckThreadOwnedStepsProjectable(const tvm::PrimExpr&, const tvm::tirx::Var&, const std::vector<ThreadReduceStep>&, tvm::arith::Analyzer*)
tvm.error.InternalError: Check failed: (analyzer->CanProveEqual(projected_index, simplified_index)) is false: ReduceOp cannot lower a layout where a source index depends on a thread-owned reduce segment: src_index=rv % 32 // 16 * 32 + i % 64 // 8 * 4 + rv % 16 // 8 * 2 + i % 2, projected_src_index=(rv - rv % 8) % 32 // 16 * 32 + i % 64 // 8 * 4 + (rv - rv % 8) % 16 // 8 * 2 + i % 2, reduce_var=rv, projected_reduce_var=rv - rv // 32 % 2 * 32 - T.FloorDiv(rv, 1) % 8"
32906,4,tilelang,2026.09.25-23.14_tilelang_hard-shape_seed=42,tilelang_codegen_error,confirmed_signature,bool_vector,1790374006.9691033,results/2026.09.25-23.14_tilelang_hard-shape_seed=42/failed/tilelang_codegen_error/failed_extended_mixed_1b410f242d91e3b0.json,独立复现代表样本，按相同错误签名关联；非逐例根因证明,"line 0, in tvm::codegen::CodeGenTileLangCUDA::VisitExpr_(tvm::tirx::CastNode const*, std::ostream&)
  File ""<unknown>"", line 0, in tvm::codegen::CodeGenC::PrintExpr[abi:cxx11](tvm::PrimExpr const&)
  File ""<unknown>"", line 0, in tvm::codegen::CodeGenC::VisitExpr_(tvm::tirx::AndNode const*, std::ostream&)
  File ""<unknown>"", line 0, in tvm::codegen::CodeGenTileLangCUDA::PrintVecBinaryOp(std::__cxx11::basic_string<char, std::char_traits<char>, std::allocator<char> > const&, tvm::runtime::DataType, tvm::PrimExpr, tvm::PrimExpr, std::ostream&)
  File ""<unknown>"", line 0, in tvm::codegen::CodeGenTileLangCUDA::PrintType(tvm::runtime::DataType, std::ostream&)
  File ""<unknown>"", line 0, in tvm::runtime::detail::LogFatal::~LogFatal()
tvm.error.InternalError: Cannot convert type boolx8 to CUDA type"
32906,4,tilelang,2026.09.25-23.14_tilelang_hard-shape_seed=42,tilelang_codegen_error,confirmed_signature,bool_vector,1790374205.4424102,results/2026.09.25-23.14_tilelang_hard-shape_seed=42/failed/tilelang_codegen_error/failed_extended_mixed_5c5833afd4605750.json,独立复现代表样本，按相同错误签名关联；非逐例根因证明,"line 0, in tvm::codegen::CodeGenTileLangCUDA::VisitExpr_(tvm::tirx::CastNode const*, std::ostream&)
  File ""<unknown>"", line 0, in tvm::codegen::CodeGenC::PrintExpr[abi:cxx11](tvm::PrimExpr const&)
  File ""<unknown>"", line 0, in tvm::codegen::CodeGenC::VisitExpr_(tvm::tirx::AndNode const*, std::ostream&)
  File ""<unknown>"", line 0, in tvm::codegen::CodeGenTileLangCUDA::PrintVecBinaryOp(std::__cxx11::basic_string<char, std::char_traits<char>, std::allocator<char> > const&, tvm::runtime::DataType, tvm::PrimExpr, tvm::PrimExpr, std::ostream&)
  File ""<unknown>"", line 0, in tvm::codegen::CodeGenTileLangCUDA::PrintType(tvm::runtime::DataType, std::ostream&)
  File ""<unknown>"", line 0, in tvm::runtime::detail::LogFatal::~LogFatal()
tvm.error.InternalError: Cannot convert type boolx8 to CUDA type"
32906,4,tilelang,2026.09.25-23.14_tilelang_hard-shape_seed=42,tilelang_codegen_error,confirmed_signature,bool_vector,1790374411.8597026,results/2026.09.25-23.14_tilelang_hard-shape_seed=42/failed/tilelang_codegen_error/failed_extended_mixed_1ee1f0a296ca2279.json,独立复现代表样本，按相同错误签名关联；非逐例根因证明,"line 0, in tvm::codegen::CodeGenTileLangCUDA::VisitExpr_(tvm::tirx::CastNode const*, std::ostream&)
  File ""<unknown>"", line 0, in tvm::codegen::CodeGenC::PrintExpr[abi:cxx11](tvm::PrimExpr const&)
  File ""<unknown>"", line 0, in tvm::codegen::CodeGenC::VisitExpr_(tvm::tirx::AndNode const*, std::ostream&)
  File ""<unknown>"", line 0, in tvm::codegen::CodeGenTileLangCUDA::PrintVecBinaryOp(std::__cxx11::basic_string<char, std::char_traits<char>, std::allocator<char> > const&, tvm::runtime::DataType, tvm::PrimExpr, tvm::PrimExpr, std::ostream&)
  File ""<unknown>"", line 0, in tvm::codegen::CodeGenTileLangCUDA::PrintType(tvm::runtime::DataType, std::ostream&)
  File ""<unknown>"", line 0, in tvm::runtime::detail::LogFatal::~LogFatal()
tvm.error.InternalError: Cannot convert type boolx8 to CUDA type"
32906,4,tilelang,2026.09.25-23.14_tilelang_hard-shape_seed=42,tilelang_codegen_error,confirmed_signature,bool_vector,1790374484.99816,results/2026.09.25-23.14_tilelang_hard-shape_seed=42/failed/tilelang_codegen_error/failed_extended_mixed_1e4845cda3b5c606.json,独立复现代表样本，按相同错误签名关联；非逐例根因证明,"ine 0, in tvm::codegen::CodeGenTileLangCUDA::VisitExpr_(tvm::tirx::CastNode const*, std::ostream&)
  File ""<unknown>"", line 0, in tvm::codegen::CodeGenC::PrintExpr[abi:cxx11](tvm::PrimExpr const&)
  File ""<unknown>"", line 0, in tvm::codegen::CodeGenC::VisitExpr_(tvm::tirx::AndNode const*, std::ostream&)
  File ""<unknown>"", line 0, in tvm::codegen::CodeGenTileLangCUDA::PrintVecBinaryOp(std::__cxx11::basic_string<char, std::char_traits<char>, std::allocator<char> > const&, tvm::runtime::DataType, tvm::PrimExpr, tvm::PrimExpr, std::ostream&)
  File ""<unknown>"", line 0, in tvm::codegen::CodeGenTileLangCUDA::PrintType(tvm::runtime::DataType, std::ostream&)
  File ""<unknown>"", line 0, in tvm::runtime::detail::LogFatal::~LogFatal()
tvm.error.InternalError: Cannot convert type boolx16 to CUDA type"
32906,4,tilelang,2026.09.25-23.14_tilelang_hard-shape_seed=42,tilelang_codegen_error,confirmed_signature,reduce_layout,1790374546.064945,results/2026.09.25-23.14_tilelang_hard-shape_seed=42/failed/tilelang_codegen_error/failed_calls_main(f1)__f0()__f1(f0)_187799444125e974.json,独立复现代表样本，按相同错误签名关联；非逐例根因证明,"p, std::allocator<tvm::tl::backend::reduce::ThreadReduceStep> > const&, tvm::arith::Analyzer*)
  File ""/project/src/backend/common/op/reduce.h"", line 534, in void tvm::tl::backend::reduce::CheckThreadOwnedStepsProjectable(const tvm::PrimExpr&, const tvm::tirx::Var&, const std::vector<ThreadReduceStep>&, tvm::arith::Analyzer*)
tvm.error.InternalError: Check failed: (analyzer->CanProveEqual(projected_index, simplified_index)) is false: ReduceOp cannot lower a layout where a source index depends on a thread-owned reduce segment: src_index=rv % 128 // 16 * 32 + i % 64 // 8 * 4 + rv % 16 // 8 * 2 + i % 2, projected_src_index=(rv - rv % 8) % 128 // 16 * 32 + i % 64 // 8 * 4 + (rv - rv % 8) % 16 // 8 * 2 + i % 2, reduce_var=rv, projected_reduce_var=rv - rv // 128 % 2 * 128 - T.FloorDiv(rv, 1) % 8"
32906,4,tilelang,2026.09.25-23.14_tilelang_hard-shape_seed=42,tilelang_codegen_error,confirmed_signature,bool_vector,1790374823.3243208,results/2026.09.25-23.14_tilelang_hard-shape_seed=42/failed/tilelang_codegen_error/failed_extended_mixed_47ff4fd20deab437.json,独立复现代表样本，按相同错误签名关联；非逐例根因证明,"line 0, in tvm::codegen::CodeGenTileLangCUDA::VisitExpr_(tvm::tirx::CastNode const*, std::ostream&)
  File ""<unknown>"", line 0, in tvm::codegen::CodeGenC::PrintExpr[abi:cxx11](tvm::PrimExpr const&)
  File ""<unknown>"", line 0, in tvm::codegen::CodeGenC::VisitExpr_(tvm::tirx::AndNode const*, std::ostream&)
  File ""<unknown>"", line 0, in tvm::codegen::CodeGenTileLangCUDA::PrintVecBinaryOp(std::__cxx11::basic_string<char, std::char_traits<char>, std::allocator<char> > const&, tvm::runtime::DataType, tvm::PrimExpr, tvm::PrimExpr, std::ostream&)
  File ""<unknown>"", line 0, in tvm::codegen::CodeGenTileLangCUDA::PrintType(tvm::runtime::DataType, std::ostream&)
  File ""<unknown>"", line 0, in tvm::runtime::detail::LogFatal::~LogFatal()
tvm.error.InternalError: Cannot convert type boolx8 to CUDA type"
32906,4,tilelang,2026.09.25-23.14_tilelang_hard-shape_seed=42,tilelang_codegen_error,confirmed_signature,reduce_layout,1790375067.508926,results/2026.09.25-23.14_tilelang_hard-shape_seed=42/failed/tilelang_codegen_error/failed_calls_main(f1)__f0()__f1(f0)_ff3f5d73e1bfe3e9.json,独立复现代表样本，按相同错误签名关联；非逐例根因证明,"p, std::allocator<tvm::tl::backend::reduce::ThreadReduceStep> > const&, tvm::arith::Analyzer*)
  File ""/project/src/backend/common/op/reduce.h"", line 534, in void tvm::tl::backend::reduce::CheckThreadOwnedStepsProjectable(const tvm::PrimExpr&, const tvm::tirx::Var&, const std::vector<ThreadReduceStep>&, tvm::arith::Analyzer*)
tvm.error.InternalError: Check failed: (analyzer->CanProveEqual(projected_index, simplified_index)) is false: ReduceOp cannot lower a layout where a source index depends on a thread-owned reduce segment: src_index=rv % 128 // 16 * 32 + i % 64 // 8 * 4 + rv % 16 // 8 * 2 + i % 2, projected_src_index=(rv - rv % 8) % 128 // 16 * 32 + i % 64 // 8 * 4 + (rv - rv % 8) % 16 // 8 * 2 + i % 2, reduce_var=rv, projected_reduce_var=rv - rv // 128 % 2 * 128 - T.FloorDiv(rv, 1) % 8"
32906,4,tilelang,2026.09.25-23.14_tilelang_hard-shape_seed=42,tilelang_codegen_error,confirmed_signature,reduce_layout,1790375168.4927506,results/2026.09.25-23.14_tilelang_hard-shape_seed=42/failed/tilelang_codegen_error/failed_calls_main(f1)__f0()__f1(f0)_88465470ab283b90.json,独立复现代表样本，按相同错误签名关联；非逐例根因证明,"eStep, std::allocator<tvm::tl::backend::reduce::ThreadReduceStep> > const&, tvm::arith::Analyzer*)
  File ""/project/src/backend/common/op/reduce.h"", line 534, in void tvm::tl::backend::reduce::CheckThreadOwnedStepsProjectable(const tvm::PrimExpr&, const tvm::tirx::Var&, const std::vector<ThreadReduceStep>&, tvm::arith::Analyzer*)
tvm.error.InternalError: Check failed: (analyzer->CanProveEqual(projected_index, simplified_index)) is false: ReduceOp cannot lower a layout where a source index depends on a thread-owned reduce segment: src_index=rv % 64 // 16 * 16 + i % 32 // 8 * 4 + rv % 16 // 8 * 2 + i % 2, projected_src_index=(rv - rv % 8) % 64 // 16 * 16 + i % 32 // 8 * 4 + (rv - rv % 8) % 16 // 8 * 2 + i % 2, reduce_var=rv, projected_reduce_var=rv - rv // 64 % 2 * 64 - T.FloorDiv(rv, 1) % 8"
32906,4,tilelang,2026.09.25-23.14_tilelang_hard-shape_seed=42,tilelang_codegen_error,confirmed_signature,bool_vector,1790375183.6176488,results/2026.09.25-23.14_tilelang_hard-shape_seed=42/failed/tilelang_codegen_error/failed_extended_mixed_7361b74df6293b06.json,独立复现代表样本，按相同错误签名关联；非逐例根因证明,"line 0, in tvm::codegen::CodeGenTileLangCUDA::VisitExpr_(tvm::tirx::CastNode const*, std::ostream&)
  File ""<unknown>"", line 0, in tvm::codegen::CodeGenC::PrintExpr[abi:cxx11](tvm::PrimExpr const&)
  File ""<unknown>"", line 0, in tvm::codegen::CodeGenC::VisitExpr_(tvm::tirx::AndNode const*, std::ostream&)
  File ""<unknown>"", line 0, in tvm::codegen::CodeGenTileLangCUDA::PrintVecBinaryOp(std::__cxx11::basic_string<char, std::char_traits<char>, std::allocator<char> > const&, tvm::runtime::DataType, tvm::PrimExpr, tvm::PrimExpr, std::ostream&)
  File ""<unknown>"", line 0, in tvm::codegen::CodeGenTileLangCUDA::PrintType(tvm::runtime::DataType, std::ostream&)
  File ""<unknown>"", line 0, in tvm::runtime::detail::LogFatal::~LogFatal()
tvm.error.InternalError: Cannot convert type boolx8 to CUDA type"
32906,4,tilelang,2026.09.25-23.14_tilelang_hard-shape_seed=42,tilelang_codegen_error,confirmed_signature,bool_vector,1790375307.7843215,results/2026.09.25-23.14_tilelang_hard-shape_seed=42/failed/tilelang_codegen_error/failed_extended_mixed_347d0973fdb951b5.json,独立复现代表样本，按相同错误签名关联；非逐例根因证明,"line 0, in tvm::codegen::CodeGenTileLangCUDA::VisitExpr_(tvm::tirx::CastNode const*, std::ostream&)
  File ""<unknown>"", line 0, in tvm::codegen::CodeGenC::PrintExpr[abi:cxx11](tvm::PrimExpr const&)
  File ""<unknown>"", line 0, in tvm::codegen::CodeGenC::VisitExpr_(tvm::tirx::AndNode const*, std::ostream&)
  File ""<unknown>"", line 0, in tvm::codegen::CodeGenTileLangCUDA::PrintVecBinaryOp(std::__cxx11::basic_string<char, std::char_traits<char>, std::allocator<char> > const&, tvm::runtime::DataType, tvm::PrimExpr, tvm::PrimExpr, std::ostream&)
  File ""<unknown>"", line 0, in tvm::codegen::CodeGenTileLangCUDA::PrintType(tvm::runtime::DataType, std::ostream&)
  File ""<unknown>"", line 0, in tvm::runtime::detail::LogFatal::~LogFatal()
tvm.error.InternalError: Cannot convert type boolx8 to CUDA type"
32906,4,tilelang,2026.09.25-23.14_tilelang_hard-shape_seed=42,tilelang_codegen_error,confirmed_signature,reduce_layout,1790375465.3284445,results/2026.09.25-23.14_tilelang_hard-shape_seed=42/failed/tilelang_codegen_error/failed_calls_main(f1)__f0()__f1(f0+f0)_3dcf500e973a44be.json,独立复现代表样本，按相同错误签名关联；非逐例根因证明,"p, std::allocator<tvm::tl::backend::reduce::ThreadReduceStep> > const&, tvm::arith::Analyzer*)
  File ""/project/src/backend/common/op/reduce.h"", line 534, in void tvm::tl::backend::reduce::CheckThreadOwnedStepsProjectable(const tvm::PrimExpr&, const tvm::tirx::Var&, const std::vector<ThreadReduceStep>&, tvm::arith::Analyzer*)
tvm.error.InternalError: Check failed: (analyzer->CanProveEqual(projected_index, simplified_index)) is false: ReduceOp cannot lower a layout where a source index depends on a thread-owned reduce segment: src_index=rv % 128 // 16 * 32 + i % 64 // 8 * 4 + rv % 16 // 8 * 2 + i % 2, projected_src_index=(rv - rv % 8) % 128 // 16 * 32 + i % 64 // 8 * 4 + (rv - rv % 8) % 16 // 8 * 2 + i % 2, reduce_var=rv, projected_reduce_var=rv - rv // 128 % 2 * 128 - T.FloorDiv(rv, 1) % 8"
32906,4,tilelang,2026.09.25-23.14_tilelang_hard-shape_seed=42,tilelang_codegen_error,confirmed_signature,reduce_layout,1790376077.6968112,results/2026.09.25-23.14_tilelang_hard-shape_seed=42/failed/tilelang_codegen_error/failed_calls_main(f1)__f0()__f1(f0)_43cfe6c7cf6749b3.json,独立复现代表样本，按相同错误签名关联；非逐例根因证明,"eStep, std::allocator<tvm::tl::backend::reduce::ThreadReduceStep> > const&, tvm::arith::Analyzer*)
  File ""/project/src/backend/common/op/reduce.h"", line 534, in void tvm::tl::backend::reduce::CheckThreadOwnedStepsProjectable(const tvm::PrimExpr&, const tvm::tirx::Var&, const std::vector<ThreadReduceStep>&, tvm::arith::Analyzer*)
tvm.error.InternalError: Check failed: (analyzer->CanProveEqual(projected_index, simplified_index)) is false: ReduceOp cannot lower a layout where a source index depends on a thread-owned reduce segment: src_index=rv % 64 // 16 * 32 + i % 64 // 8 * 4 + rv % 16 // 8 * 2 + i % 2, projected_src_index=(rv - rv % 8) % 64 // 16 * 32 + i % 64 // 8 * 4 + (rv - rv % 8) % 16 // 8 * 2 + i % 2, reduce_var=rv, projected_reduce_var=rv - rv // 64 % 2 * 64 - T.FloorDiv(rv, 1) % 8"
32906,4,tilelang,2026.09.25-23.14_tilelang_hard-shape_seed=42,tilelang_codegen_error,confirmed_signature,reduce_layout,1790376146.28029,results/2026.09.25-23.14_tilelang_hard-shape_seed=42/failed/tilelang_codegen_error/failed_calls_main(f0+f0)__f0()_c836ead2a0d399a6.json,独立复现代表样本，按相同错误签名关联；非逐例根因证明,"const&, std::vector<tvm::tl::backend::reduce::ThreadReduceStep, std::allocator<tvm::tl::backend::reduce::ThreadReduceStep> > const&, tvm::arith::Analyzer*)
  File ""/project/src/backend/common/op/reduce.h"", line 534, in void tvm::tl::backend::reduce::CheckThreadOwnedStepsProjectable(const tvm::PrimExpr&, const tvm::tirx::Var&, const std::vector<ThreadReduceStep>&, tvm::arith::Analyzer*)
tvm.error.InternalError: Check failed: (analyzer->CanProveEqual(projected_index, simplified_index)) is false: ReduceOp cannot lower a layout where a source index depends on a thread-owned reduce segment: src_index=rv % 16 // 8 * 4 + i // 8 * 2 + rv % 2, projected_src_index=(rv % 8 // 2 * 14 + rv) % 16 // 8 * 4 + i // 8 * 2 + rv % 2, reduce_var=rv, projected_reduce_var=rv - rv // 16 % 8 * 16 - rv // 2 % 4 * 2"
32906,4,tilelang,2026.09.25-23.14_tilelang_hard-shape_seed=42,tilelang_codegen_error,confirmed_signature,bool_vector,1790376477.3838537,results/2026.09.25-23.14_tilelang_hard-shape_seed=42/failed/tilelang_codegen_error/failed_extended_mixed_794076ac395b80e5.json,独立复现代表样本，按相同错误签名关联；非逐例根因证明,"line 0, in tvm::codegen::CodeGenTileLangCUDA::VisitExpr_(tvm::tirx::CastNode const*, std::ostream&)
  File ""<unknown>"", line 0, in tvm::codegen::CodeGenC::PrintExpr[abi:cxx11](tvm::PrimExpr const&)
  File ""<unknown>"", line 0, in tvm::codegen::CodeGenC::VisitExpr_(tvm::tirx::AndNode const*, std::ostream&)
  File ""<unknown>"", line 0, in tvm::codegen::CodeGenTileLangCUDA::PrintVecBinaryOp(std::__cxx11::basic_string<char, std::char_traits<char>, std::allocator<char> > const&, tvm::runtime::DataType, tvm::PrimExpr, tvm::PrimExpr, std::ostream&)
  File ""<unknown>"", line 0, in tvm::codegen::CodeGenTileLangCUDA::PrintType(tvm::runtime::DataType, std::ostream&)
  File ""<unknown>"", line 0, in tvm::runtime::detail::LogFatal::~LogFatal()
tvm.error.InternalError: Cannot convert type boolx8 to CUDA type"
32906,4,tilelang,2026.09.25-23.14_tilelang_hard-shape_seed=42,tilelang_codegen_error,confirmed_signature,reduce_layout,1790376929.30289,results/2026.09.25-23.14_tilelang_hard-shape_seed=42/failed/tilelang_codegen_error/failed_calls_main(f1)__f0()__f1(f0)_7899e6a8fc5d3313.json,独立复现代表样本，按相同错误签名关联；非逐例根因证明,"eStep, std::allocator<tvm::tl::backend::reduce::ThreadReduceStep> > const&, tvm::arith::Analyzer*)
  File ""/project/src/backend/common/op/reduce.h"", line 534, in void tvm::tl::backend::reduce::CheckThreadOwnedStepsProjectable(const tvm::PrimExpr&, const tvm::tirx::Var&, const std::vector<ThreadReduceStep>&, tvm::arith::Analyzer*)
tvm.error.InternalError: Check failed: (analyzer->CanProveEqual(projected_index, simplified_index)) is false: ReduceOp cannot lower a layout where a source index depends on a thread-owned reduce segment: src_index=rv % 64 // 16 * 32 + i % 64 // 8 * 4 + rv % 16 // 8 * 2 + i % 2, projected_src_index=(rv - rv % 8) % 64 // 16 * 32 + i % 64 // 8 * 4 + (rv - rv % 8) % 16 // 8 * 2 + i % 2, reduce_var=rv, projected_reduce_var=rv - rv // 64 % 2 * 64 - T.FloorDiv(rv, 1) % 8"
32906,4,tilelang,2026.09.25-23.14_tilelang_hard-shape_seed=42,tilelang_codegen_error,confirmed_signature,reduce_layout,1790376946.8801873,results/2026.09.25-23.14_tilelang_hard-shape_seed=42/failed/tilelang_codegen_error/failed_calls_main(f0+f0)__f0()_f1f8a6e64bc50f33.json,独立复现代表样本，按相同错误签名关联；非逐例根因证明,"uceStep, std::allocator<tvm::tl::backend::reduce::ThreadReduceStep> > const&, tvm::arith::Analyzer*)
  File ""/project/src/backend/common/op/reduce.h"", line 534, in void tvm::tl::backend::reduce::CheckThreadOwnedStepsProjectable(const tvm::PrimExpr&, const tvm::tirx::Var&, const std::vector<ThreadReduceStep>&, tvm::arith::Analyzer*)
tvm.error.InternalError: Check failed: (analyzer->CanProveEqual(projected_index, simplified_index)) is false: ReduceOp cannot lower a layout where a source index depends on a thread-owned reduce segment: src_index=rv % 64 // 16 * 8 + i % 16 // 8 * 4 + rv % 16 // 8 * 2 + i % 2, projected_src_index=(rv - rv % 8) % 64 // 16 * 8 + i % 16 // 8 * 4 + (rv - rv % 8) % 16 // 8 * 2 + i % 2, reduce_var=rv, projected_reduce_var=rv - rv // 64 % 2 * 64 - T.FloorDiv(rv, 1) % 8"
32906,4,tilelang,2026.09.25-23.14_tilelang_hard-shape_seed=42,tilelang_codegen_error,confirmed_signature,reduce_layout,1790376956.0685248,results/2026.09.25-23.14_tilelang_hard-shape_seed=42/failed/tilelang_codegen_error/failed_calls_main(f0)__f0()_f21e1df0b59d008e.json,独立复现代表样本，按相同错误签名关联；非逐例根因证明,"const&, std::vector<tvm::tl::backend::reduce::ThreadReduceStep, std::allocator<tvm::tl::backend::reduce::ThreadReduceStep> > const&, tvm::arith::Analyzer*)
  File ""/project/src/backend/common/op/reduce.h"", line 534, in void tvm::tl::backend::reduce::CheckThreadOwnedStepsProjectable(const tvm::PrimExpr&, const tvm::tirx::Var&, const std::vector<ThreadReduceStep>&, tvm::arith::Analyzer*)
tvm.error.InternalError: Check failed: (analyzer->CanProveEqual(projected_index, simplified_index)) is false: ReduceOp cannot lower a layout where a source index depends on a thread-owned reduce segment: src_index=rv % 16 // 8 * 4 + i // 8 * 2 + rv % 2, projected_src_index=(rv % 8 // 2 * 14 + rv) % 16 // 8 * 4 + i // 8 * 2 + rv % 2, reduce_var=rv, projected_reduce_var=rv - rv // 16 % 8 * 16 - rv // 2 % 4 * 2"
32906,4,tilelang,2026.09.25-23.14_tilelang_hard-shape_seed=42,tilelang_codegen_error,confirmed_signature,reduce_layout,1790377183.7881951,results/2026.09.25-23.14_tilelang_hard-shape_seed=42/failed/tilelang_codegen_error/failed_calls_main(f1)__f0()__f1(f0)_c4c5ba32e76f204d.json,独立复现代表样本，按相同错误签名关联；非逐例根因证明,"uceStep, std::allocator<tvm::tl::backend::reduce::ThreadReduceStep> > const&, tvm::arith::Analyzer*)
  File ""/project/src/backend/common/op/reduce.h"", line 534, in void tvm::tl::backend::reduce::CheckThreadOwnedStepsProjectable(const tvm::PrimExpr&, const tvm::tirx::Var&, const std::vector<ThreadReduceStep>&, tvm::arith::Analyzer*)
tvm.error.InternalError: Check failed: (analyzer->CanProveEqual(projected_index, simplified_index)) is false: ReduceOp cannot lower a layout where a source index depends on a thread-owned reduce segment: src_index=rv % 32 // 16 * 8 + i % 16 // 8 * 4 + rv % 16 // 8 * 2 + i % 2, projected_src_index=(rv - rv % 8) % 32 // 16 * 8 + i % 16 // 8 * 4 + (rv - rv % 8) % 16 // 8 * 2 + i % 2, reduce_var=rv, projected_reduce_var=rv - rv // 32 % 2 * 32 - T.FloorDiv(rv, 1) % 8"
32906,4,tilelang,2026.09.25-23.14_tilelang_hard-shape_seed=42,tilelang_codegen_error,confirmed_signature,bool_vector,1790377865.4531264,results/2026.09.25-23.14_tilelang_hard-shape_seed=42/failed/tilelang_codegen_error/failed_extended_mixed_eba6072bebdf7263.json,独立复现代表样本，按相同错误签名关联；非逐例根因证明,"line 0, in tvm::codegen::CodeGenTileLangCUDA::VisitExpr_(tvm::tirx::CastNode const*, std::ostream&)
  File ""<unknown>"", line 0, in tvm::codegen::CodeGenC::PrintExpr[abi:cxx11](tvm::PrimExpr const&)
  File ""<unknown>"", line 0, in tvm::codegen::CodeGenC::VisitExpr_(tvm::tirx::AndNode const*, std::ostream&)
  File ""<unknown>"", line 0, in tvm::codegen::CodeGenTileLangCUDA::PrintVecBinaryOp(std::__cxx11::basic_string<char, std::char_traits<char>, std::allocator<char> > const&, tvm::runtime::DataType, tvm::PrimExpr, tvm::PrimExpr, std::ostream&)
  File ""<unknown>"", line 0, in tvm::codegen::CodeGenTileLangCUDA::PrintType(tvm::runtime::DataType, std::ostream&)
  File ""<unknown>"", line 0, in tvm::runtime::detail::LogFatal::~LogFatal()
tvm.error.InternalError: Cannot convert type boolx8 to CUDA type"
32906,4,tilelang,2026.09.25-23.14_tilelang_hard-shape_seed=42,tilelang_codegen_error,confirmed_signature,reduce_layout,1790378144.5396051,results/2026.09.25-23.14_tilelang_hard-shape_seed=42/failed/tilelang_codegen_error/failed_calls_main(f0+f0)__f0()_8e3ea8d59ae47e09.json,独立复现代表样本，按相同错误签名关联；非逐例根因证明,"tep, std::allocator<tvm::tl::backend::reduce::ThreadReduceStep> > const&, tvm::arith::Analyzer*)
  File ""/project/src/backend/common/op/reduce.h"", line 534, in void tvm::tl::backend::reduce::CheckThreadOwnedStepsProjectable(const tvm::PrimExpr&, const tvm::tirx::Var&, const std::vector<ThreadReduceStep>&, tvm::arith::Analyzer*)
tvm.error.InternalError: Check failed: (analyzer->CanProveEqual(projected_index, simplified_index)) is false: ReduceOp cannot lower a layout where a source index depends on a thread-owned reduce segment: src_index=rv % 128 // 16 * 8 + i % 16 // 8 * 4 + rv % 16 // 8 * 2 + i % 2, projected_src_index=(rv - rv % 8) % 128 // 16 * 8 + i % 16 // 8 * 4 + (rv - rv % 8) % 16 // 8 * 2 + i % 2, reduce_var=rv, projected_reduce_var=rv - rv // 128 % 2 * 128 - T.FloorDiv(rv, 1) % 8"
32906,4,tilelang,2026.09.25-23.14_tilelang_hard-shape_seed=42,tilelang_codegen_error,confirmed_signature,bool_vector,1790378515.2155628,results/2026.09.25-23.14_tilelang_hard-shape_seed=42/failed/tilelang_codegen_error/failed_extended_mixed_c25817e6c09f1146.json,独立复现代表样本，按相同错误签名关联；非逐例根因证明,"line 0, in tvm::codegen::CodeGenTileLangCUDA::VisitExpr_(tvm::tirx::CastNode const*, std::ostream&)
  File ""<unknown>"", line 0, in tvm::codegen::CodeGenC::PrintExpr[abi:cxx11](tvm::PrimExpr const&)
  File ""<unknown>"", line 0, in tvm::codegen::CodeGenC::VisitExpr_(tvm::tirx::AndNode const*, std::ostream&)
  File ""<unknown>"", line 0, in tvm::codegen::CodeGenTileLangCUDA::PrintVecBinaryOp(std::__cxx11::basic_string<char, std::char_traits<char>, std::allocator<char> > const&, tvm::runtime::DataType, tvm::PrimExpr, tvm::PrimExpr, std::ostream&)
  File ""<unknown>"", line 0, in tvm::codegen::CodeGenTileLangCUDA::PrintType(tvm::runtime::DataType, std::ostream&)
  File ""<unknown>"", line 0, in tvm::runtime::detail::LogFatal::~LogFatal()
tvm.error.InternalError: Cannot convert type boolx8 to CUDA type"
32906,4,tilelang,2026.09.25-23.14_tilelang_hard-shape_seed=42,tilelang_codegen_error,confirmed_signature,bool_vector,1790378761.0977364,results/2026.09.25-23.14_tilelang_hard-shape_seed=42/failed/tilelang_codegen_error/failed_extended_mixed_d441e11a60f0d70c.json,独立复现代表样本，按相同错误签名关联；非逐例根因证明,"ine 0, in tvm::codegen::CodeGenTileLangCUDA::VisitExpr_(tvm::tirx::CastNode const*, std::ostream&)
  File ""<unknown>"", line 0, in tvm::codegen::CodeGenC::PrintExpr[abi:cxx11](tvm::PrimExpr const&)
  File ""<unknown>"", line 0, in tvm::codegen::CodeGenC::VisitExpr_(tvm::tirx::AndNode const*, std::ostream&)
  File ""<unknown>"", line 0, in tvm::codegen::CodeGenTileLangCUDA::PrintVecBinaryOp(std::__cxx11::basic_string<char, std::char_traits<char>, std::allocator<char> > const&, tvm::runtime::DataType, tvm::PrimExpr, tvm::PrimExpr, std::ostream&)
  File ""<unknown>"", line 0, in tvm::codegen::CodeGenTileLangCUDA::PrintType(tvm::runtime::DataType, std::ostream&)
  File ""<unknown>"", line 0, in tvm::runtime::detail::LogFatal::~LogFatal()
tvm.error.InternalError: Cannot convert type boolx16 to CUDA type"
32906,4,tilelang,2026.09.25-23.14_tilelang_hard-shape_seed=42,tilelang_codegen_error,confirmed_signature,reduce_layout,1790378972.894741,results/2026.09.25-23.14_tilelang_hard-shape_seed=42/failed/tilelang_codegen_error/failed_calls_main(f0)__f0()_78e35a70dca0ad44.json,独立复现代表样本，按相同错误签名关联；非逐例根因证明,"const&, std::vector<tvm::tl::backend::reduce::ThreadReduceStep, std::allocator<tvm::tl::backend::reduce::ThreadReduceStep> > const&, tvm::arith::Analyzer*)
  File ""/project/src/backend/common/op/reduce.h"", line 534, in void tvm::tl::backend::reduce::CheckThreadOwnedStepsProjectable(const tvm::PrimExpr&, const tvm::tirx::Var&, const std::vector<ThreadReduceStep>&, tvm::arith::Analyzer*)
tvm.error.InternalError: Check failed: (analyzer->CanProveEqual(projected_index, simplified_index)) is false: ReduceOp cannot lower a layout where a source index depends on a thread-owned reduce segment: src_index=rv % 16 // 8 * 4 + i // 8 * 2 + rv % 2, projected_src_index=(rv % 8 // 2 * 14 + rv) % 16 // 8 * 4 + i // 8 * 2 + rv % 2, reduce_var=rv, projected_reduce_var=rv - rv // 16 % 8 * 16 - rv // 2 % 4 * 2"
32906,4,tilelang,2026.09.25-23.14_tilelang_hard-shape_seed=42,tilelang_codegen_error,confirmed_signature,bool_vector,1790379135.6776452,results/2026.09.25-23.14_tilelang_hard-shape_seed=42/failed/tilelang_codegen_error/failed_extended_mixed_9784c289bf1394c3.json,独立复现代表样本，按相同错误签名关联；非逐例根因证明,"ine 0, in tvm::codegen::CodeGenTileLangCUDA::VisitExpr_(tvm::tirx::CastNode const*, std::ostream&)
  File ""<unknown>"", line 0, in tvm::codegen::CodeGenC::PrintExpr[abi:cxx11](tvm::PrimExpr const&)
  File ""<unknown>"", line 0, in tvm::codegen::CodeGenC::VisitExpr_(tvm::tirx::AndNode const*, std::ostream&)
  File ""<unknown>"", line 0, in tvm::codegen::CodeGenTileLangCUDA::PrintVecBinaryOp(std::__cxx11::basic_string<char, std::char_traits<char>, std::allocator<char> > const&, tvm::runtime::DataType, tvm::PrimExpr, tvm::PrimExpr, std::ostream&)
  File ""<unknown>"", line 0, in tvm::codegen::CodeGenTileLangCUDA::PrintType(tvm::runtime::DataType, std::ostream&)
  File ""<unknown>"", line 0, in tvm::runtime::detail::LogFatal::~LogFatal()
tvm.error.InternalError: Cannot convert type boolx16 to CUDA type"
32906,4,tilelang,2026.09.25-23.14_tilelang_hard-shape_seed=42,tilelang_codegen_error,confirmed_signature,reduce_layout,1790379370.2415352,results/2026.09.25-23.14_tilelang_hard-shape_seed=42/failed/tilelang_codegen_error/failed_calls_main(f1)__f0()__f1(f0)_e966e9ab0bde3c35.json,独立复现代表样本，按相同错误签名关联；非逐例根因证明,"tep, std::allocator<tvm::tl::backend::reduce::ThreadReduceStep> > const&, tvm::arith::Analyzer*)
  File ""/project/src/backend/common/op/reduce.h"", line 534, in void tvm::tl::backend::reduce::CheckThreadOwnedStepsProjectable(const tvm::PrimExpr&, const tvm::tirx::Var&, const std::vector<ThreadReduceStep>&, tvm::arith::Analyzer*)
tvm.error.InternalError: Check failed: (analyzer->CanProveEqual(projected_index, simplified_index)) is false: ReduceOp cannot lower a layout where a source index depends on a thread-owned reduce segment: src_index=rv % 64 // 16 * 64 + i % 128 // 8 * 4 + rv % 16 // 8 * 2 + i % 2, projected_src_index=(rv - rv % 8) % 64 // 16 * 64 + i % 128 // 8 * 4 + (rv - rv % 8) % 16 // 8 * 2 + i % 2, reduce_var=rv, projected_reduce_var=rv - rv // 64 % 2 * 64 - T.FloorDiv(rv, 1) % 8"
32906,4,tilelang,2026.09.25-23.14_tilelang_hard-shape_seed=42,tilelang_codegen_error,confirmed_signature,reduce_layout,1790379576.9986346,results/2026.09.25-23.14_tilelang_hard-shape_seed=42/failed/tilelang_codegen_error/failed_calls_main(f1)__f0()__f1(f0)_e45b48ee32844149.json,独立复现代表样本，按相同错误签名关联；非逐例根因证明,"const&, std::vector<tvm::tl::backend::reduce::ThreadReduceStep, std::allocator<tvm::tl::backend::reduce::ThreadReduceStep> > const&, tvm::arith::Analyzer*)
  File ""/project/src/backend/common/op/reduce.h"", line 534, in void tvm::tl::backend::reduce::CheckThreadOwnedStepsProjectable(const tvm::PrimExpr&, const tvm::tirx::Var&, const std::vector<ThreadReduceStep>&, tvm::arith::Analyzer*)
tvm.error.InternalError: Check failed: (analyzer->CanProveEqual(projected_index, simplified_index)) is false: ReduceOp cannot lower a layout where a source index depends on a thread-owned reduce segment: src_index=rv % 16 // 8 * 4 + i // 8 * 2 + rv % 2, projected_src_index=(rv % 8 // 2 * 14 + rv) % 16 // 8 * 4 + i // 8 * 2 + rv % 2, reduce_var=rv, projected_reduce_var=rv - rv // 16 % 8 * 16 - rv // 2 % 4 * 2"
32906,4,tilelang,2026.09.25-23.14_tilelang_hard-shape_seed=42,tilelang_codegen_error,confirmed_signature,bool_vector,1790379807.3695264,results/2026.09.25-23.14_tilelang_hard-shape_seed=42/failed/tilelang_codegen_error/failed_extended_mixed_5b4805e80cc3df6c.json,独立复现代表样本，按相同错误签名关联；非逐例根因证明,"line 0, in tvm::codegen::CodeGenTileLangCUDA::VisitExpr_(tvm::tirx::CastNode const*, std::ostream&)
  File ""<unknown>"", line 0, in tvm::codegen::CodeGenC::PrintExpr[abi:cxx11](tvm::PrimExpr const&)
  File ""<unknown>"", line 0, in tvm::codegen::CodeGenC::VisitExpr_(tvm::tirx::AndNode const*, std::ostream&)
  File ""<unknown>"", line 0, in tvm::codegen::CodeGenTileLangCUDA::PrintVecBinaryOp(std::__cxx11::basic_string<char, std::char_traits<char>, std::allocator<char> > const&, tvm::runtime::DataType, tvm::PrimExpr, tvm::PrimExpr, std::ostream&)
  File ""<unknown>"", line 0, in tvm::codegen::CodeGenTileLangCUDA::PrintType(tvm::runtime::DataType, std::ostream&)
  File ""<unknown>"", line 0, in tvm::runtime::detail::LogFatal::~LogFatal()
tvm.error.InternalError: Cannot convert type boolx8 to CUDA type"
32906,4,tilelang,2026.09.25-23.14_tilelang_hard-shape_seed=42,tilelang_codegen_error,confirmed_signature,bool_vector,1790380235.169503,results/2026.09.25-23.14_tilelang_hard-shape_seed=42/failed/tilelang_codegen_error/failed_extended_mixed_1567f86e6df0519a.json,独立复现代表样本，按相同错误签名关联；非逐例根因证明,"ine 0, in tvm::codegen::CodeGenTileLangCUDA::VisitExpr_(tvm::tirx::CastNode const*, std::ostream&)
  File ""<unknown>"", line 0, in tvm::codegen::CodeGenC::PrintExpr[abi:cxx11](tvm::PrimExpr const&)
  File ""<unknown>"", line 0, in tvm::codegen::CodeGenC::VisitExpr_(tvm::tirx::AndNode const*, std::ostream&)
  File ""<unknown>"", line 0, in tvm::codegen::CodeGenTileLangCUDA::PrintVecBinaryOp(std::__cxx11::basic_string<char, std::char_traits<char>, std::allocator<char> > const&, tvm::runtime::DataType, tvm::PrimExpr, tvm::PrimExpr, std::ostream&)
  File ""<unknown>"", line 0, in tvm::codegen::CodeGenTileLangCUDA::PrintType(tvm::runtime::DataType, std::ostream&)
  File ""<unknown>"", line 0, in tvm::runtime::detail::LogFatal::~LogFatal()
tvm.error.InternalError: Cannot convert type boolx16 to CUDA type"
32906,4,tilelang,2026.09.25-23.14_tilelang_hard-shape_seed=42,tilelang_codegen_error,confirmed_signature,bool_vector,1790380620.7209423,results/2026.09.25-23.14_tilelang_hard-shape_seed=42/failed/tilelang_codegen_error/failed_extended_mixed_c99b34051435ad6c.json,独立复现代表样本，按相同错误签名关联；非逐例根因证明,"ine 0, in tvm::codegen::CodeGenTileLangCUDA::VisitExpr_(tvm::tirx::CastNode const*, std::ostream&)
  File ""<unknown>"", line 0, in tvm::codegen::CodeGenC::PrintExpr[abi:cxx11](tvm::PrimExpr const&)
  File ""<unknown>"", line 0, in tvm::codegen::CodeGenC::VisitExpr_(tvm::tirx::AndNode const*, std::ostream&)
  File ""<unknown>"", line 0, in tvm::codegen::CodeGenTileLangCUDA::PrintVecBinaryOp(std::__cxx11::basic_string<char, std::char_traits<char>, std::allocator<char> > const&, tvm::runtime::DataType, tvm::PrimExpr, tvm::PrimExpr, std::ostream&)
  File ""<unknown>"", line 0, in tvm::codegen::CodeGenTileLangCUDA::PrintType(tvm::runtime::DataType, std::ostream&)
  File ""<unknown>"", line 0, in tvm::runtime::detail::LogFatal::~LogFatal()
tvm.error.InternalError: Cannot convert type boolx16 to CUDA type"
32906,4,tilelang,2026.09.25-23.14_tilelang_hard-shape_seed=42,tilelang_codegen_error,confirmed_signature,reduce_layout,1790380652.635435,results/2026.09.25-23.14_tilelang_hard-shape_seed=42/failed/tilelang_codegen_error/failed_calls_main(f0)__f0()_e8277b8be6675ac4.json,独立复现代表样本，按相同错误签名关联；非逐例根因证明,"eStep, std::allocator<tvm::tl::backend::reduce::ThreadReduceStep> > const&, tvm::arith::Analyzer*)
  File ""/project/src/backend/common/op/reduce.h"", line 534, in void tvm::tl::backend::reduce::CheckThreadOwnedStepsProjectable(const tvm::PrimExpr&, const tvm::tirx::Var&, const std::vector<ThreadReduceStep>&, tvm::arith::Analyzer*)
tvm.error.InternalError: Check failed: (analyzer->CanProveEqual(projected_index, simplified_index)) is false: ReduceOp cannot lower a layout where a source index depends on a thread-owned reduce segment: src_index=rv % 32 // 16 * 16 + i % 32 // 8 * 4 + rv % 16 // 8 * 2 + i % 2, projected_src_index=(rv - rv % 8) % 32 // 16 * 16 + i % 32 // 8 * 4 + (rv - rv % 8) % 16 // 8 * 2 + i % 2, reduce_var=rv, projected_reduce_var=rv - rv // 32 % 2 * 32 - T.FloorDiv(rv, 1) % 8"
32906,4,tilelang,2026.09.25-23.14_tilelang_hard-shape_seed=42,tilelang_codegen_error,confirmed_signature,bool_vector,1790380909.576614,results/2026.09.25-23.14_tilelang_hard-shape_seed=42/failed/tilelang_codegen_error/failed_extended_mixed_c27bb2ec9cad86a2.json,独立复现代表样本，按相同错误签名关联；非逐例根因证明,"ine 0, in tvm::codegen::CodeGenTileLangCUDA::VisitExpr_(tvm::tirx::CastNode const*, std::ostream&)
  File ""<unknown>"", line 0, in tvm::codegen::CodeGenC::PrintExpr[abi:cxx11](tvm::PrimExpr const&)
  File ""<unknown>"", line 0, in tvm::codegen::CodeGenC::VisitExpr_(tvm::tirx::AndNode const*, std::ostream&)
  File ""<unknown>"", line 0, in tvm::codegen::CodeGenTileLangCUDA::PrintVecBinaryOp(std::__cxx11::basic_string<char, std::char_traits<char>, std::allocator<char> > const&, tvm::runtime::DataType, tvm::PrimExpr, tvm::PrimExpr, std::ostream&)
  File ""<unknown>"", line 0, in tvm::codegen::CodeGenTileLangCUDA::PrintType(tvm::runtime::DataType, std::ostream&)
  File ""<unknown>"", line 0, in tvm::runtime::detail::LogFatal::~LogFatal()
tvm.error.InternalError: Cannot convert type boolx16 to CUDA type"
32906,4,tilelang,2026.09.25-23.14_tilelang_hard-shape_seed=42,tilelang_codegen_error,confirmed_signature,bool_vector,1790381038.7949052,results/2026.09.25-23.14_tilelang_hard-shape_seed=42/failed/tilelang_codegen_error/failed_extended_mixed_5fc617b7748be7f2.json,独立复现代表样本，按相同错误签名关联；非逐例根因证明,"line 0, in tvm::codegen::CodeGenTileLangCUDA::VisitExpr_(tvm::tirx::CastNode const*, std::ostream&)
  File ""<unknown>"", line 0, in tvm::codegen::CodeGenC::PrintExpr[abi:cxx11](tvm::PrimExpr const&)
  File ""<unknown>"", line 0, in tvm::codegen::CodeGenC::VisitExpr_(tvm::tirx::AndNode const*, std::ostream&)
  File ""<unknown>"", line 0, in tvm::codegen::CodeGenTileLangCUDA::PrintVecBinaryOp(std::__cxx11::basic_string<char, std::char_traits<char>, std::allocator<char> > const&, tvm::runtime::DataType, tvm::PrimExpr, tvm::PrimExpr, std::ostream&)
  File ""<unknown>"", line 0, in tvm::codegen::CodeGenTileLangCUDA::PrintType(tvm::runtime::DataType, std::ostream&)
  File ""<unknown>"", line 0, in tvm::runtime::detail::LogFatal::~LogFatal()
tvm.error.InternalError: Cannot convert type boolx8 to CUDA type"
32906,4,tilelang,2026.09.25-23.14_tilelang_hard-shape_seed=42,tilelang_codegen_error,confirmed_signature,bool_vector,1790381082.4570696,results/2026.09.25-23.14_tilelang_hard-shape_seed=42/failed/tilelang_codegen_error/failed_extended_mixed_fee164e6bfe45f0c.json,独立复现代表样本，按相同错误签名关联；非逐例根因证明,"ine 0, in tvm::codegen::CodeGenTileLangCUDA::VisitExpr_(tvm::tirx::CastNode const*, std::ostream&)
  File ""<unknown>"", line 0, in tvm::codegen::CodeGenC::PrintExpr[abi:cxx11](tvm::PrimExpr const&)
  File ""<unknown>"", line 0, in tvm::codegen::CodeGenC::VisitExpr_(tvm::tirx::AndNode const*, std::ostream&)
  File ""<unknown>"", line 0, in tvm::codegen::CodeGenTileLangCUDA::PrintVecBinaryOp(std::__cxx11::basic_string<char, std::char_traits<char>, std::allocator<char> > const&, tvm::runtime::DataType, tvm::PrimExpr, tvm::PrimExpr, std::ostream&)
  File ""<unknown>"", line 0, in tvm::codegen::CodeGenTileLangCUDA::PrintType(tvm::runtime::DataType, std::ostream&)
  File ""<unknown>"", line 0, in tvm::runtime::detail::LogFatal::~LogFatal()
tvm.error.InternalError: Cannot convert type boolx16 to CUDA type"
32906,4,tilelang,2026.09.25-23.14_tilelang_hard-shape_seed=42,tilelang_codegen_error,confirmed_signature,reduce_layout,1790381129.5483131,results/2026.09.25-23.14_tilelang_hard-shape_seed=42/failed/tilelang_codegen_error/failed_calls_main(f1)__f0()__f1(f0)_e2f0c610de4d78f4.json,独立复现代表样本，按相同错误签名关联；非逐例根因证明,"eStep, std::allocator<tvm::tl::backend::reduce::ThreadReduceStep> > const&, tvm::arith::Analyzer*)
  File ""/project/src/backend/common/op/reduce.h"", line 534, in void tvm::tl::backend::reduce::CheckThreadOwnedStepsProjectable(const tvm::PrimExpr&, const tvm::tirx::Var&, const std::vector<ThreadReduceStep>&, tvm::arith::Analyzer*)
tvm.error.InternalError: Check failed: (analyzer->CanProveEqual(projected_index, simplified_index)) is false: ReduceOp cannot lower a layout where a source index depends on a thread-owned reduce segment: src_index=rv % 32 // 16 * 32 + i % 64 // 8 * 4 + rv % 16 // 8 * 2 + i % 2, projected_src_index=(rv - rv % 8) % 32 // 16 * 32 + i % 64 // 8 * 4 + (rv - rv % 8) % 16 // 8 * 2 + i % 2, reduce_var=rv, projected_reduce_var=rv - rv // 32 % 2 * 32 - T.FloorDiv(rv, 1) % 8"
32906,4,tilelang,2026.09.25-23.14_tilelang_hard-shape_seed=42,tilelang_codegen_error,confirmed_signature,bool_vector,1790381632.1442623,results/2026.09.25-23.14_tilelang_hard-shape_seed=42/failed/tilelang_codegen_error/failed_extended_mixed_2c5bdf279c7bf067.json,独立复现代表样本，按相同错误签名关联；非逐例根因证明,"line 0, in tvm::codegen::CodeGenTileLangCUDA::VisitExpr_(tvm::tirx::CastNode const*, std::ostream&)
  File ""<unknown>"", line 0, in tvm::codegen::CodeGenC::PrintExpr[abi:cxx11](tvm::PrimExpr const&)
  File ""<unknown>"", line 0, in tvm::codegen::CodeGenC::VisitExpr_(tvm::tirx::AndNode const*, std::ostream&)
  File ""<unknown>"", line 0, in tvm::codegen::CodeGenTileLangCUDA::PrintVecBinaryOp(std::__cxx11::basic_string<char, std::char_traits<char>, std::allocator<char> > const&, tvm::runtime::DataType, tvm::PrimExpr, tvm::PrimExpr, std::ostream&)
  File ""<unknown>"", line 0, in tvm::codegen::CodeGenTileLangCUDA::PrintType(tvm::runtime::DataType, std::ostream&)
  File ""<unknown>"", line 0, in tvm::runtime::detail::LogFatal::~LogFatal()
tvm.error.InternalError: Cannot convert type boolx8 to CUDA type"
32906,4,tilelang,2026.09.25-23.14_tilelang_hard-shape_seed=42,tilelang_codegen_error,confirmed_signature,reduce_layout,1790382100.97586,results/2026.09.25-23.14_tilelang_hard-shape_seed=42/failed/tilelang_codegen_error/failed_calls_main(f0)__f0()_ff8dfb33baa68f36.json,独立复现代表样本，按相同错误签名关联；非逐例根因证明,"eStep, std::allocator<tvm::tl::backend::reduce::ThreadReduceStep> > const&, tvm::arith::Analyzer*)
  File ""/project/src/backend/common/op/reduce.h"", line 534, in void tvm::tl::backend::reduce::CheckThreadOwnedStepsProjectable(const tvm::PrimExpr&, const tvm::tirx::Var&, const std::vector<ThreadReduceStep>&, tvm::arith::Analyzer*)
tvm.error.InternalError: Check failed: (analyzer->CanProveEqual(projected_index, simplified_index)) is false: ReduceOp cannot lower a layout where a source index depends on a thread-owned reduce segment: src_index=rv % 32 // 16 * 32 + i % 64 // 8 * 4 + rv % 16 // 8 * 2 + i % 2, projected_src_index=(rv - rv % 8) % 32 // 16 * 32 + i % 64 // 8 * 4 + (rv - rv % 8) % 16 // 8 * 2 + i % 2, reduce_var=rv, projected_reduce_var=rv - rv // 32 % 2 * 32 - T.FloorDiv(rv, 1) % 8"
32906,4,tilelang,2026.09.25-23.14_tilelang_hard-shape_seed=42,tilelang_codegen_error,confirmed_signature,reduce_layout,1790382658.700804,results/2026.09.25-23.14_tilelang_hard-shape_seed=42/failed/tilelang_codegen_error/failed_calls_main(f1)__f0()__f1(f0+f0)_951e17fc50076e07.json,独立复现代表样本，按相同错误签名关联；非逐例根因证明,"p, std::allocator<tvm::tl::backend::reduce::ThreadReduceStep> > const&, tvm::arith::Analyzer*)
  File ""/project/src/backend/common/op/reduce.h"", line 534, in void tvm::tl::backend::reduce::CheckThreadOwnedStepsProjectable(const tvm::PrimExpr&, const tvm::tirx::Var&, const std::vector<ThreadReduceStep>&, tvm::arith::Analyzer*)
tvm.error.InternalError: Check failed: (analyzer->CanProveEqual(projected_index, simplified_index)) is false: ReduceOp cannot lower a layout where a source index depends on a thread-owned reduce segment: src_index=rv % 128 // 16 * 16 + i % 32 // 8 * 4 + rv % 16 // 8 * 2 + i % 2, projected_src_index=(rv - rv % 8) % 128 // 16 * 16 + i % 32 // 8 * 4 + (rv - rv % 8) % 16 // 8 * 2 + i % 2, reduce_var=rv, projected_reduce_var=rv - rv // 128 % 2 * 128 - T.FloorDiv(rv, 1) % 8"
32906,4,tilelang,2026.09.25-23.14_tilelang_hard-shape_seed=42,tilelang_codegen_error,confirmed_signature,bool_vector,1790383227.5926228,results/2026.09.25-23.14_tilelang_hard-shape_seed=42/failed/tilelang_codegen_error/failed_extended_mixed_72e924a5b59a3959.json,独立复现代表样本，按相同错误签名关联；非逐例根因证明,"ine 0, in tvm::codegen::CodeGenTileLangCUDA::VisitExpr_(tvm::tirx::CastNode const*, std::ostream&)
  File ""<unknown>"", line 0, in tvm::codegen::CodeGenC::PrintExpr[abi:cxx11](tvm::PrimExpr const&)
  File ""<unknown>"", line 0, in tvm::codegen::CodeGenC::VisitExpr_(tvm::tirx::AndNode const*, std::ostream&)
  File ""<unknown>"", line 0, in tvm::codegen::CodeGenTileLangCUDA::PrintVecBinaryOp(std::__cxx11::basic_string<char, std::char_traits<char>, std::allocator<char> > const&, tvm::runtime::DataType, tvm::PrimExpr, tvm::PrimExpr, std::ostream&)
  File ""<unknown>"", line 0, in tvm::codegen::CodeGenTileLangCUDA::PrintType(tvm::runtime::DataType, std::ostream&)
  File ""<unknown>"", line 0, in tvm::runtime::detail::LogFatal::~LogFatal()
tvm.error.InternalError: Cannot convert type boolx16 to CUDA type"
32906,4,tilelang,2026.09.25-23.14_tilelang_hard-shape_seed=42,tilelang_codegen_error,confirmed_signature,reduce_layout,1790383289.0225465,results/2026.09.25-23.14_tilelang_hard-shape_seed=42/failed/tilelang_codegen_error/failed_calls_main(f0)__f0()_c26d838a6d0606aa.json,独立复现代表样本，按相同错误签名关联；非逐例根因证明,"uceStep, std::allocator<tvm::tl::backend::reduce::ThreadReduceStep> > const&, tvm::arith::Analyzer*)
  File ""/project/src/backend/common/op/reduce.h"", line 534, in void tvm::tl::backend::reduce::CheckThreadOwnedStepsProjectable(const tvm::PrimExpr&, const tvm::tirx::Var&, const std::vector<ThreadReduceStep>&, tvm::arith::Analyzer*)
tvm.error.InternalError: Check failed: (analyzer->CanProveEqual(projected_index, simplified_index)) is false: ReduceOp cannot lower a layout where a source index depends on a thread-owned reduce segment: src_index=rv % 64 // 16 * 8 + i % 16 // 8 * 4 + rv % 16 // 8 * 2 + i % 2, projected_src_index=(rv - rv % 8) % 64 // 16 * 8 + i % 16 // 8 * 4 + (rv - rv % 8) % 16 // 8 * 2 + i % 2, reduce_var=rv, projected_reduce_var=rv - rv // 64 % 2 * 64 - T.FloorDiv(rv, 1) % 8"
32906,4,tilelang,2026.09.25-23.14_tilelang_hard-shape_seed=42,tilelang_codegen_error,confirmed_signature,bool_vector,1790383310.5530865,results/2026.09.25-23.14_tilelang_hard-shape_seed=42/failed/tilelang_codegen_error/failed_extended_mixed_b5926dc5dfaad0b2.json,独立复现代表样本，按相同错误签名关联；非逐例根因证明,"line 0, in tvm::codegen::CodeGenTileLangCUDA::VisitExpr_(tvm::tirx::CastNode const*, std::ostream&)
  File ""<unknown>"", line 0, in tvm::codegen::CodeGenC::PrintExpr[abi:cxx11](tvm::PrimExpr const&)
  File ""<unknown>"", line 0, in tvm::codegen::CodeGenC::VisitExpr_(tvm::tirx::AndNode const*, std::ostream&)
  File ""<unknown>"", line 0, in tvm::codegen::CodeGenTileLangCUDA::PrintVecBinaryOp(std::__cxx11::basic_string<char, std::char_traits<char>, std::allocator<char> > const&, tvm::runtime::DataType, tvm::PrimExpr, tvm::PrimExpr, std::ostream&)
  File ""<unknown>"", line 0, in tvm::codegen::CodeGenTileLangCUDA::PrintType(tvm::runtime::DataType, std::ostream&)
  File ""<unknown>"", line 0, in tvm::runtime::detail::LogFatal::~LogFatal()
tvm.error.InternalError: Cannot convert type boolx8 to CUDA type"
32906,4,tilelang,2026.09.25-23.14_tilelang_hard-shape_seed=42,tilelang_codegen_error,confirmed_signature,bool_vector,1790383370.0158908,results/2026.09.25-23.14_tilelang_hard-shape_seed=42/failed/tilelang_codegen_error/failed_extended_mixed_09117acc1425509b.json,独立复现代表样本，按相同错误签名关联；非逐例根因证明,"line 0, in tvm::codegen::CodeGenTileLangCUDA::VisitExpr_(tvm::tirx::CastNode const*, std::ostream&)
  File ""<unknown>"", line 0, in tvm::codegen::CodeGenC::PrintExpr[abi:cxx11](tvm::PrimExpr const&)
  File ""<unknown>"", line 0, in tvm::codegen::CodeGenC::VisitExpr_(tvm::tirx::AndNode const*, std::ostream&)
  File ""<unknown>"", line 0, in tvm::codegen::CodeGenTileLangCUDA::PrintVecBinaryOp(std::__cxx11::basic_string<char, std::char_traits<char>, std::allocator<char> > const&, tvm::runtime::DataType, tvm::PrimExpr, tvm::PrimExpr, std::ostream&)
  File ""<unknown>"", line 0, in tvm::codegen::CodeGenTileLangCUDA::PrintType(tvm::runtime::DataType, std::ostream&)
  File ""<unknown>"", line 0, in tvm::runtime::detail::LogFatal::~LogFatal()
tvm.error.InternalError: Cannot convert type boolx8 to CUDA type"
32906,4,tilelang,2026.09.25-23.14_tilelang_hard-shape_seed=42,tilelang_codegen_error,confirmed_signature,bool_vector,1790383742.3243167,results/2026.09.25-23.14_tilelang_hard-shape_seed=42/failed/tilelang_codegen_error/failed_extended_mixed_2c9ce93cbb73c994.json,独立复现代表样本，按相同错误签名关联；非逐例根因证明,"ine 0, in tvm::codegen::CodeGenTileLangCUDA::VisitExpr_(tvm::tirx::CastNode const*, std::ostream&)
  File ""<unknown>"", line 0, in tvm::codegen::CodeGenC::PrintExpr[abi:cxx11](tvm::PrimExpr const&)
  File ""<unknown>"", line 0, in tvm::codegen::CodeGenC::VisitExpr_(tvm::tirx::AndNode const*, std::ostream&)
  File ""<unknown>"", line 0, in tvm::codegen::CodeGenTileLangCUDA::PrintVecBinaryOp(std::__cxx11::basic_string<char, std::char_traits<char>, std::allocator<char> > const&, tvm::runtime::DataType, tvm::PrimExpr, tvm::PrimExpr, std::ostream&)
  File ""<unknown>"", line 0, in tvm::codegen::CodeGenTileLangCUDA::PrintType(tvm::runtime::DataType, std::ostream&)
  File ""<unknown>"", line 0, in tvm::runtime::detail::LogFatal::~LogFatal()
tvm.error.InternalError: Cannot convert type boolx16 to CUDA type"
32906,4,tilelang,2026.09.25-23.14_tilelang_hard-shape_seed=42,tilelang_codegen_error,confirmed_signature,bool_vector,1790383807.9168012,results/2026.09.25-23.14_tilelang_hard-shape_seed=42/failed/tilelang_codegen_error/failed_extended_mixed_fa7eca2557b97d66.json,独立复现代表样本，按相同错误签名关联；非逐例根因证明,"line 0, in tvm::codegen::CodeGenTileLangCUDA::VisitExpr_(tvm::tirx::CastNode const*, std::ostream&)
  File ""<unknown>"", line 0, in tvm::codegen::CodeGenC::PrintExpr[abi:cxx11](tvm::PrimExpr const&)
  File ""<unknown>"", line 0, in tvm::codegen::CodeGenC::VisitExpr_(tvm::tirx::AndNode const*, std::ostream&)
  File ""<unknown>"", line 0, in tvm::codegen::CodeGenTileLangCUDA::PrintVecBinaryOp(std::__cxx11::basic_string<char, std::char_traits<char>, std::allocator<char> > const&, tvm::runtime::DataType, tvm::PrimExpr, tvm::PrimExpr, std::ostream&)
  File ""<unknown>"", line 0, in tvm::codegen::CodeGenTileLangCUDA::PrintType(tvm::runtime::DataType, std::ostream&)
  File ""<unknown>"", line 0, in tvm::runtime::detail::LogFatal::~LogFatal()
tvm.error.InternalError: Cannot convert type boolx8 to CUDA type"
32906,4,tilelang,2026.09.25-23.14_tilelang_hard-shape_seed=42,tilelang_codegen_error,confirmed_signature,bool_vector,1790383855.8476672,results/2026.09.25-23.14_tilelang_hard-shape_seed=42/failed/tilelang_codegen_error/failed_extended_mixed_029fd0944587b891.json,独立复现代表样本，按相同错误签名关联；非逐例根因证明,"ine 0, in tvm::codegen::CodeGenTileLangCUDA::VisitExpr_(tvm::tirx::CastNode const*, std::ostream&)
  File ""<unknown>"", line 0, in tvm::codegen::CodeGenC::PrintExpr[abi:cxx11](tvm::PrimExpr const&)
  File ""<unknown>"", line 0, in tvm::codegen::CodeGenC::VisitExpr_(tvm::tirx::AndNode const*, std::ostream&)
  File ""<unknown>"", line 0, in tvm::codegen::CodeGenTileLangCUDA::PrintVecBinaryOp(std::__cxx11::basic_string<char, std::char_traits<char>, std::allocator<char> > const&, tvm::runtime::DataType, tvm::PrimExpr, tvm::PrimExpr, std::ostream&)
  File ""<unknown>"", line 0, in tvm::codegen::CodeGenTileLangCUDA::PrintType(tvm::runtime::DataType, std::ostream&)
  File ""<unknown>"", line 0, in tvm::runtime::detail::LogFatal::~LogFatal()
tvm.error.InternalError: Cannot convert type boolx16 to CUDA type"
32906,4,tilelang,2026.09.25-23.14_tilelang_hard-shape_seed=42,tilelang_codegen_error,confirmed_signature,bool_vector,1790384119.7302125,results/2026.09.25-23.14_tilelang_hard-shape_seed=42/failed/tilelang_codegen_error/failed_extended_mixed_ac08175eb8ec31ad.json,独立复现代表样本，按相同错误签名关联；非逐例根因证明,"ine 0, in tvm::codegen::CodeGenTileLangCUDA::VisitExpr_(tvm::tirx::CastNode const*, std::ostream&)
  File ""<unknown>"", line 0, in tvm::codegen::CodeGenC::PrintExpr[abi:cxx11](tvm::PrimExpr const&)
  File ""<unknown>"", line 0, in tvm::codegen::CodeGenC::VisitExpr_(tvm::tirx::AndNode const*, std::ostream&)
  File ""<unknown>"", line 0, in tvm::codegen::CodeGenTileLangCUDA::PrintVecBinaryOp(std::__cxx11::basic_string<char, std::char_traits<char>, std::allocator<char> > const&, tvm::runtime::DataType, tvm::PrimExpr, tvm::PrimExpr, std::ostream&)
  File ""<unknown>"", line 0, in tvm::codegen::CodeGenTileLangCUDA::PrintType(tvm::runtime::DataType, std::ostream&)
  File ""<unknown>"", line 0, in tvm::runtime::detail::LogFatal::~LogFatal()
tvm.error.InternalError: Cannot convert type boolx16 to CUDA type"
32906,4,tilelang,2026.09.25-23.14_tilelang_hard-shape_seed=42,tilelang_codegen_error,confirmed_signature,bool_vector,1790384253.363926,results/2026.09.25-23.14_tilelang_hard-shape_seed=42/failed/tilelang_codegen_error/failed_extended_mixed_e12960784ec91187.json,独立复现代表样本，按相同错误签名关联；非逐例根因证明,"line 0, in tvm::codegen::CodeGenTileLangCUDA::VisitExpr_(tvm::tirx::CastNode const*, std::ostream&)
  File ""<unknown>"", line 0, in tvm::codegen::CodeGenC::PrintExpr[abi:cxx11](tvm::PrimExpr const&)
  File ""<unknown>"", line 0, in tvm::codegen::CodeGenC::VisitExpr_(tvm::tirx::AndNode const*, std::ostream&)
  File ""<unknown>"", line 0, in tvm::codegen::CodeGenTileLangCUDA::PrintVecBinaryOp(std::__cxx11::basic_string<char, std::char_traits<char>, std::allocator<char> > const&, tvm::runtime::DataType, tvm::PrimExpr, tvm::PrimExpr, std::ostream&)
  File ""<unknown>"", line 0, in tvm::codegen::CodeGenTileLangCUDA::PrintType(tvm::runtime::DataType, std::ostream&)
  File ""<unknown>"", line 0, in tvm::runtime::detail::LogFatal::~LogFatal()
tvm.error.InternalError: Cannot convert type boolx8 to CUDA type"
32906,4,tilelang,2026.09.25-23.14_tilelang_hard-shape_seed=42,tilelang_codegen_error,confirmed_signature,bool_vector,1790384568.4257364,results/2026.09.25-23.14_tilelang_hard-shape_seed=42/failed/tilelang_codegen_error/failed_extended_mixed_d73e6780a94a2b5f.json,独立复现代表样本，按相同错误签名关联；非逐例根因证明,"line 0, in tvm::codegen::CodeGenTileLangCUDA::VisitExpr_(tvm::tirx::CastNode const*, std::ostream&)
  File ""<unknown>"", line 0, in tvm::codegen::CodeGenC::PrintExpr[abi:cxx11](tvm::PrimExpr const&)
  File ""<unknown>"", line 0, in tvm::codegen::CodeGenC::VisitExpr_(tvm::tirx::AndNode const*, std::ostream&)
  File ""<unknown>"", line 0, in tvm::codegen::CodeGenTileLangCUDA::PrintVecBinaryOp(std::__cxx11::basic_string<char, std::char_traits<char>, std::allocator<char> > const&, tvm::runtime::DataType, tvm::PrimExpr, tvm::PrimExpr, std::ostream&)
  File ""<unknown>"", line 0, in tvm::codegen::CodeGenTileLangCUDA::PrintType(tvm::runtime::DataType, std::ostream&)
  File ""<unknown>"", line 0, in tvm::runtime::detail::LogFatal::~LogFatal()
tvm.error.InternalError: Cannot convert type boolx8 to CUDA type"
32906,4,tilelang,2026.09.25-23.14_tilelang_hard-shape_seed=42,tilelang_codegen_error,confirmed_signature,reduce_layout,1790384653.1577616,results/2026.09.25-23.14_tilelang_hard-shape_seed=42/failed/tilelang_codegen_error/failed_calls_main(f1)__f0()__f1(f0)_8914155738b44c4d.json,独立复现代表样本，按相同错误签名关联；非逐例根因证明,"tep, std::allocator<tvm::tl::backend::reduce::ThreadReduceStep> > const&, tvm::arith::Analyzer*)
  File ""/project/src/backend/common/op/reduce.h"", line 534, in void tvm::tl::backend::reduce::CheckThreadOwnedStepsProjectable(const tvm::PrimExpr&, const tvm::tirx::Var&, const std::vector<ThreadReduceStep>&, tvm::arith::Analyzer*)
tvm.error.InternalError: Check failed: (analyzer->CanProveEqual(projected_index, simplified_index)) is false: ReduceOp cannot lower a layout where a source index depends on a thread-owned reduce segment: src_index=rv % 128 // 16 * 8 + i % 16 // 8 * 4 + rv % 16 // 8 * 2 + i % 2, projected_src_index=(rv - rv % 8) % 128 // 16 * 8 + i % 16 // 8 * 4 + (rv - rv % 8) % 16 // 8 * 2 + i % 2, reduce_var=rv, projected_reduce_var=rv - rv // 128 % 2 * 128 - T.FloorDiv(rv, 1) % 8"
32906,4,tilelang,2026.09.25-23.14_tilelang_hard-shape_seed=42,tilelang_codegen_error,confirmed_signature,reduce_layout,1790384992.7658079,results/2026.09.25-23.14_tilelang_hard-shape_seed=42/failed/tilelang_codegen_error/failed_calls_main(f0)__f0()_db77c71793060624.json,独立复现代表样本，按相同错误签名关联；非逐例根因证明,"p, std::allocator<tvm::tl::backend::reduce::ThreadReduceStep> > const&, tvm::arith::Analyzer*)
  File ""/project/src/backend/common/op/reduce.h"", line 534, in void tvm::tl::backend::reduce::CheckThreadOwnedStepsProjectable(const tvm::PrimExpr&, const tvm::tirx::Var&, const std::vector<ThreadReduceStep>&, tvm::arith::Analyzer*)
tvm.error.InternalError: Check failed: (analyzer->CanProveEqual(projected_index, simplified_index)) is false: ReduceOp cannot lower a layout where a source index depends on a thread-owned reduce segment: src_index=rv % 128 // 16 * 32 + i % 64 // 8 * 4 + rv % 16 // 8 * 2 + i % 2, projected_src_index=(rv - rv % 8) % 128 // 16 * 32 + i % 64 // 8 * 4 + (rv - rv % 8) % 16 // 8 * 2 + i % 2, reduce_var=rv, projected_reduce_var=rv - rv // 128 % 2 * 128 - T.FloorDiv(rv, 1) % 8"
32906,4,tilelang,2026.09.25-23.14_tilelang_hard-shape_seed=42,tilelang_codegen_error,confirmed_signature,reduce_layout,1790385289.0772712,results/2026.09.25-23.14_tilelang_hard-shape_seed=42/failed/tilelang_codegen_error/failed_calls_main(f1+f1)__f0()__f1(f0)_fa99b4087a50a4f7.json,独立复现代表样本，按相同错误签名关联；非逐例根因证明,"tep, std::allocator<tvm::tl::backend::reduce::ThreadReduceStep> > const&, tvm::arith::Analyzer*)
  File ""/project/src/backend/common/op/reduce.h"", line 534, in void tvm::tl::backend::reduce::CheckThreadOwnedStepsProjectable(const tvm::PrimExpr&, const tvm::tirx::Var&, const std::vector<ThreadReduceStep>&, tvm::arith::Analyzer*)
tvm.error.InternalError: Check failed: (analyzer->CanProveEqual(projected_index, simplified_index)) is false: ReduceOp cannot lower a layout where a source index depends on a thread-owned reduce segment: src_index=rv % 128 // 16 * 8 + i % 16 // 8 * 4 + rv % 16 // 8 * 2 + i % 2, projected_src_index=(rv - rv % 8) % 128 // 16 * 8 + i % 16 // 8 * 4 + (rv - rv % 8) % 16 // 8 * 2 + i % 2, reduce_var=rv, projected_reduce_var=rv - rv // 128 % 2 * 128 - T.FloorDiv(rv, 1) % 8"
32906,4,tilelang,2026.09.25-23.14_tilelang_hard-shape_seed=42,tilelang_codegen_error,confirmed_signature,reduce_layout,1790386047.3415518,results/2026.09.25-23.14_tilelang_hard-shape_seed=42/failed/tilelang_codegen_error/failed_calls_main(f1)__f0()__f1(f0)_8477ca5cf63592ed.json,独立复现代表样本，按相同错误签名关联；非逐例根因证明,"uceStep, std::allocator<tvm::tl::backend::reduce::ThreadReduceStep> > const&, tvm::arith::Analyzer*)
  File ""/project/src/backend/common/op/reduce.h"", line 534, in void tvm::tl::backend::reduce::CheckThreadOwnedStepsProjectable(const tvm::PrimExpr&, const tvm::tirx::Var&, const std::vector<ThreadReduceStep>&, tvm::arith::Analyzer*)
tvm.error.InternalError: Check failed: (analyzer->CanProveEqual(projected_index, simplified_index)) is false: ReduceOp cannot lower a layout where a source index depends on a thread-owned reduce segment: src_index=rv % 32 // 16 * 8 + i % 16 // 8 * 4 + rv % 16 // 8 * 2 + i % 2, projected_src_index=(rv - rv % 8) % 32 // 16 * 8 + i % 16 // 8 * 4 + (rv - rv % 8) % 16 // 8 * 2 + i % 2, reduce_var=rv, projected_reduce_var=rv - rv // 32 % 2 * 32 - T.FloorDiv(rv, 1) % 8"
32906,4,tilelang,2026.09.25-23.14_tilelang_hard-shape_seed=42,tilelang_codegen_error,confirmed_signature,bool_vector,1790386139.487214,results/2026.09.25-23.14_tilelang_hard-shape_seed=42/failed/tilelang_codegen_error/failed_extended_mixed_f1f8ad8993da5d04.json,独立复现代表样本，按相同错误签名关联；非逐例根因证明,"ine 0, in tvm::codegen::CodeGenTileLangCUDA::VisitExpr_(tvm::tirx::CastNode const*, std::ostream&)
  File ""<unknown>"", line 0, in tvm::codegen::CodeGenC::PrintExpr[abi:cxx11](tvm::PrimExpr const&)
  File ""<unknown>"", line 0, in tvm::codegen::CodeGenC::VisitExpr_(tvm::tirx::AndNode const*, std::ostream&)
  File ""<unknown>"", line 0, in tvm::codegen::CodeGenTileLangCUDA::PrintVecBinaryOp(std::__cxx11::basic_string<char, std::char_traits<char>, std::allocator<char> > const&, tvm::runtime::DataType, tvm::PrimExpr, tvm::PrimExpr, std::ostream&)
  File ""<unknown>"", line 0, in tvm::codegen::CodeGenTileLangCUDA::PrintType(tvm::runtime::DataType, std::ostream&)
  File ""<unknown>"", line 0, in tvm::runtime::detail::LogFatal::~LogFatal()
tvm.error.InternalError: Cannot convert type boolx16 to CUDA type"
32906,4,tilelang,2026.09.25-23.14_tilelang_hard-shape_seed=42,tilelang_codegen_error,confirmed_signature,bool_vector,1790386750.5281613,results/2026.09.25-23.14_tilelang_hard-shape_seed=42/failed/tilelang_codegen_error/failed_extended_mixed_fd1ac1e4c985bff1.json,独立复现代表样本，按相同错误签名关联；非逐例根因证明,"ine 0, in tvm::codegen::CodeGenTileLangCUDA::VisitExpr_(tvm::tirx::CastNode const*, std::ostream&)
  File ""<unknown>"", line 0, in tvm::codegen::CodeGenC::PrintExpr[abi:cxx11](tvm::PrimExpr const&)
  File ""<unknown>"", line 0, in tvm::codegen::CodeGenC::VisitExpr_(tvm::tirx::AndNode const*, std::ostream&)
  File ""<unknown>"", line 0, in tvm::codegen::CodeGenTileLangCUDA::PrintVecBinaryOp(std::__cxx11::basic_string<char, std::char_traits<char>, std::allocator<char> > const&, tvm::runtime::DataType, tvm::PrimExpr, tvm::PrimExpr, std::ostream&)
  File ""<unknown>"", line 0, in tvm::codegen::CodeGenTileLangCUDA::PrintType(tvm::runtime::DataType, std::ostream&)
  File ""<unknown>"", line 0, in tvm::runtime::detail::LogFatal::~LogFatal()
tvm.error.InternalError: Cannot convert type boolx16 to CUDA type"
32906,4,tilelang,2026.09.25-23.14_tilelang_hard-shape_seed=42,tilelang_codegen_error,confirmed_signature,bool_vector,1790387025.2764199,results/2026.09.25-23.14_tilelang_hard-shape_seed=42/failed/tilelang_codegen_error/failed_extended_mixed_6f378a267536128c.json,独立复现代表样本，按相同错误签名关联；非逐例根因证明,"ine 0, in tvm::codegen::CodeGenTileLangCUDA::VisitExpr_(tvm::tirx::CastNode const*, std::ostream&)
  File ""<unknown>"", line 0, in tvm::codegen::CodeGenC::PrintExpr[abi:cxx11](tvm::PrimExpr const&)
  File ""<unknown>"", line 0, in tvm::codegen::CodeGenC::VisitExpr_(tvm::tirx::AndNode const*, std::ostream&)
  File ""<unknown>"", line 0, in tvm::codegen::CodeGenTileLangCUDA::PrintVecBinaryOp(std::__cxx11::basic_string<char, std::char_traits<char>, std::allocator<char> > const&, tvm::runtime::DataType, tvm::PrimExpr, tvm::PrimExpr, std::ostream&)
  File ""<unknown>"", line 0, in tvm::codegen::CodeGenTileLangCUDA::PrintType(tvm::runtime::DataType, std::ostream&)
  File ""<unknown>"", line 0, in tvm::runtime::detail::LogFatal::~LogFatal()
tvm.error.InternalError: Cannot convert type boolx16 to CUDA type"
32906,4,tilelang,2026.09.25-23.14_tilelang_hard-shape_seed=42,tilelang_codegen_error,confirmed_signature,bool_vector,1790387365.0354474,results/2026.09.25-23.14_tilelang_hard-shape_seed=42/failed/tilelang_codegen_error/failed_extended_mixed_8e09d427d3755e75.json,独立复现代表样本，按相同错误签名关联；非逐例根因证明,"line 0, in tvm::codegen::CodeGenTileLangCUDA::VisitExpr_(tvm::tirx::CastNode const*, std::ostream&)
  File ""<unknown>"", line 0, in tvm::codegen::CodeGenC::PrintExpr[abi:cxx11](tvm::PrimExpr const&)
  File ""<unknown>"", line 0, in tvm::codegen::CodeGenC::VisitExpr_(tvm::tirx::AndNode const*, std::ostream&)
  File ""<unknown>"", line 0, in tvm::codegen::CodeGenTileLangCUDA::PrintVecBinaryOp(std::__cxx11::basic_string<char, std::char_traits<char>, std::allocator<char> > const&, tvm::runtime::DataType, tvm::PrimExpr, tvm::PrimExpr, std::ostream&)
  File ""<unknown>"", line 0, in tvm::codegen::CodeGenTileLangCUDA::PrintType(tvm::runtime::DataType, std::ostream&)
  File ""<unknown>"", line 0, in tvm::runtime::detail::LogFatal::~LogFatal()
tvm.error.InternalError: Cannot convert type boolx8 to CUDA type"
32906,4,tilelang,2026.09.25-23.14_tilelang_hard-shape_seed=42,tilelang_codegen_error,confirmed_signature,bool_vector,1790387787.0800927,results/2026.09.25-23.14_tilelang_hard-shape_seed=42/failed/tilelang_codegen_error/failed_extended_mixed_cd755742cc1ed3c8.json,独立复现代表样本，按相同错误签名关联；非逐例根因证明,"ine 0, in tvm::codegen::CodeGenTileLangCUDA::VisitExpr_(tvm::tirx::CastNode const*, std::ostream&)
  File ""<unknown>"", line 0, in tvm::codegen::CodeGenC::PrintExpr[abi:cxx11](tvm::PrimExpr const&)
  File ""<unknown>"", line 0, in tvm::codegen::CodeGenC::VisitExpr_(tvm::tirx::AndNode const*, std::ostream&)
  File ""<unknown>"", line 0, in tvm::codegen::CodeGenTileLangCUDA::PrintVecBinaryOp(std::__cxx11::basic_string<char, std::char_traits<char>, std::allocator<char> > const&, tvm::runtime::DataType, tvm::PrimExpr, tvm::PrimExpr, std::ostream&)
  File ""<unknown>"", line 0, in tvm::codegen::CodeGenTileLangCUDA::PrintType(tvm::runtime::DataType, std::ostream&)
  File ""<unknown>"", line 0, in tvm::runtime::detail::LogFatal::~LogFatal()
tvm.error.InternalError: Cannot convert type boolx16 to CUDA type"
32906,4,tilelang,2026.09.25-23.14_tilelang_hard-shape_seed=42,tilelang_codegen_error,confirmed_signature,reduce_layout,1790387798.9467204,results/2026.09.25-23.14_tilelang_hard-shape_seed=42/failed/tilelang_codegen_error/failed_calls_main(f1)__f0()__f1(f0)_ec4a9177e6b7e6ed.json,独立复现代表样本，按相同错误签名关联；非逐例根因证明,"const&, std::vector<tvm::tl::backend::reduce::ThreadReduceStep, std::allocator<tvm::tl::backend::reduce::ThreadReduceStep> > const&, tvm::arith::Analyzer*)
  File ""/project/src/backend/common/op/reduce.h"", line 534, in void tvm::tl::backend::reduce::CheckThreadOwnedStepsProjectable(const tvm::PrimExpr&, const tvm::tirx::Var&, const std::vector<ThreadReduceStep>&, tvm::arith::Analyzer*)
tvm.error.InternalError: Check failed: (analyzer->CanProveEqual(projected_index, simplified_index)) is false: ReduceOp cannot lower a layout where a source index depends on a thread-owned reduce segment: src_index=rv % 16 // 8 * 4 + i // 8 * 2 + rv % 2, projected_src_index=(rv % 8 // 2 * 14 + rv) % 16 // 8 * 4 + i // 8 * 2 + rv % 2, reduce_var=rv, projected_reduce_var=rv - rv // 16 % 8 * 16 - rv // 2 % 4 * 2"
32906,4,tilelang,2026.09.25-23.14_tilelang_hard-shape_seed=42,tilelang_codegen_error,confirmed_signature,bool_vector,1790388721.8078558,results/2026.09.25-23.14_tilelang_hard-shape_seed=42/failed/tilelang_codegen_error/failed_extended_mixed_7a2d197a451da459.json,独立复现代表样本，按相同错误签名关联；非逐例根因证明,"ine 0, in tvm::codegen::CodeGenTileLangCUDA::VisitExpr_(tvm::tirx::CastNode const*, std::ostream&)
  File ""<unknown>"", line 0, in tvm::codegen::CodeGenC::PrintExpr[abi:cxx11](tvm::PrimExpr const&)
  File ""<unknown>"", line 0, in tvm::codegen::CodeGenC::VisitExpr_(tvm::tirx::AndNode const*, std::ostream&)
  File ""<unknown>"", line 0, in tvm::codegen::CodeGenTileLangCUDA::PrintVecBinaryOp(std::__cxx11::basic_string<char, std::char_traits<char>, std::allocator<char> > const&, tvm::runtime::DataType, tvm::PrimExpr, tvm::PrimExpr, std::ostream&)
  File ""<unknown>"", line 0, in tvm::codegen::CodeGenTileLangCUDA::PrintType(tvm::runtime::DataType, std::ostream&)
  File ""<unknown>"", line 0, in tvm::runtime::detail::LogFatal::~LogFatal()
tvm.error.InternalError: Cannot convert type boolx16 to CUDA type"
32906,4,tilelang,2026.09.25-23.14_tilelang_hard-shape_seed=42,tilelang_codegen_error,confirmed_signature,bool_vector,1790388774.567034,results/2026.09.25-23.14_tilelang_hard-shape_seed=42/failed/tilelang_codegen_error/failed_extended_mixed_1474567237e773db.json,独立复现代表样本，按相同错误签名关联；非逐例根因证明,"ine 0, in tvm::codegen::CodeGenTileLangCUDA::VisitExpr_(tvm::tirx::CastNode const*, std::ostream&)
  File ""<unknown>"", line 0, in tvm::codegen::CodeGenC::PrintExpr[abi:cxx11](tvm::PrimExpr const&)
  File ""<unknown>"", line 0, in tvm::codegen::CodeGenC::VisitExpr_(tvm::tirx::AndNode const*, std::ostream&)
  File ""<unknown>"", line 0, in tvm::codegen::CodeGenTileLangCUDA::PrintVecBinaryOp(std::__cxx11::basic_string<char, std::char_traits<char>, std::allocator<char> > const&, tvm::runtime::DataType, tvm::PrimExpr, tvm::PrimExpr, std::ostream&)
  File ""<unknown>"", line 0, in tvm::codegen::CodeGenTileLangCUDA::PrintType(tvm::runtime::DataType, std::ostream&)
  File ""<unknown>"", line 0, in tvm::runtime::detail::LogFatal::~LogFatal()
tvm.error.InternalError: Cannot convert type boolx16 to CUDA type"
32906,4,tilelang,2026.09.25-23.14_tilelang_hard-shape_seed=42,tilelang_codegen_error,confirmed_signature,bool_vector,1790388895.6113634,results/2026.09.25-23.14_tilelang_hard-shape_seed=42/failed/tilelang_codegen_error/failed_extended_mixed_eb7bc24c3a57699b.json,独立复现代表样本，按相同错误签名关联；非逐例根因证明,"line 0, in tvm::codegen::CodeGenTileLangCUDA::VisitExpr_(tvm::tirx::CastNode const*, std::ostream&)
  File ""<unknown>"", line 0, in tvm::codegen::CodeGenC::PrintExpr[abi:cxx11](tvm::PrimExpr const&)
  File ""<unknown>"", line 0, in tvm::codegen::CodeGenC::VisitExpr_(tvm::tirx::AndNode const*, std::ostream&)
  File ""<unknown>"", line 0, in tvm::codegen::CodeGenTileLangCUDA::PrintVecBinaryOp(std::__cxx11::basic_string<char, std::char_traits<char>, std::allocator<char> > const&, tvm::runtime::DataType, tvm::PrimExpr, tvm::PrimExpr, std::ostream&)
  File ""<unknown>"", line 0, in tvm::codegen::CodeGenTileLangCUDA::PrintType(tvm::runtime::DataType, std::ostream&)
  File ""<unknown>"", line 0, in tvm::runtime::detail::LogFatal::~LogFatal()
tvm.error.InternalError: Cannot convert type boolx8 to CUDA type"
32906,4,tilelang,2026.09.25-23.14_tilelang_hard-shape_seed=42,tilelang_codegen_error,confirmed_signature,reduce_layout,1790389329.085488,results/2026.09.25-23.14_tilelang_hard-shape_seed=42/failed/tilelang_codegen_error/failed_calls_main(f1+f1)__f0()__f1(f0)_1119c9a93b08c31f.json,独立复现代表样本，按相同错误签名关联；非逐例根因证明,"eStep, std::allocator<tvm::tl::backend::reduce::ThreadReduceStep> > const&, tvm::arith::Analyzer*)
  File ""/project/src/backend/common/op/reduce.h"", line 534, in void tvm::tl::backend::reduce::CheckThreadOwnedStepsProjectable(const tvm::PrimExpr&, const tvm::tirx::Var&, const std::vector<ThreadReduceStep>&, tvm::arith::Analyzer*)
tvm.error.InternalError: Check failed: (analyzer->CanProveEqual(projected_index, simplified_index)) is false: ReduceOp cannot lower a layout where a source index depends on a thread-owned reduce segment: src_index=rv % 64 // 16 * 16 + i % 32 // 8 * 4 + rv % 16 // 8 * 2 + i % 2, projected_src_index=(rv - rv % 8) % 64 // 16 * 16 + i % 32 // 8 * 4 + (rv - rv % 8) % 16 // 8 * 2 + i % 2, reduce_var=rv, projected_reduce_var=rv - rv // 64 % 2 * 64 - T.FloorDiv(rv, 1) % 8"
32906,4,tilelang,2026.09.25-23.14_tilelang_hard-shape_seed=42,tilelang_codegen_error,confirmed_signature,bool_vector,1790389350.4088604,results/2026.09.25-23.14_tilelang_hard-shape_seed=42/failed/tilelang_codegen_error/failed_extended_mixed_d739f4428cc0e553.json,独立复现代表样本，按相同错误签名关联；非逐例根因证明,"ine 0, in tvm::codegen::CodeGenTileLangCUDA::VisitExpr_(tvm::tirx::CastNode const*, std::ostream&)
  File ""<unknown>"", line 0, in tvm::codegen::CodeGenC::PrintExpr[abi:cxx11](tvm::PrimExpr const&)
  File ""<unknown>"", line 0, in tvm::codegen::CodeGenC::VisitExpr_(tvm::tirx::AndNode const*, std::ostream&)
  File ""<unknown>"", line 0, in tvm::codegen::CodeGenTileLangCUDA::PrintVecBinaryOp(std::__cxx11::basic_string<char, std::char_traits<char>, std::allocator<char> > const&, tvm::runtime::DataType, tvm::PrimExpr, tvm::PrimExpr, std::ostream&)
  File ""<unknown>"", line 0, in tvm::codegen::CodeGenTileLangCUDA::PrintType(tvm::runtime::DataType, std::ostream&)
  File ""<unknown>"", line 0, in tvm::runtime::detail::LogFatal::~LogFatal()
tvm.error.InternalError: Cannot convert type boolx16 to CUDA type"
32906,4,tilelang,2026.09.25-23.14_tilelang_hard-shape_seed=42,tilelang_codegen_error,confirmed_signature,bool_vector,1790389941.2157629,results/2026.09.25-23.14_tilelang_hard-shape_seed=42/failed/tilelang_codegen_error/failed_extended_mixed_12562ea8c50f39e6.json,独立复现代表样本，按相同错误签名关联；非逐例根因证明,"line 0, in tvm::codegen::CodeGenTileLangCUDA::VisitExpr_(tvm::tirx::CastNode const*, std::ostream&)
  File ""<unknown>"", line 0, in tvm::codegen::CodeGenC::PrintExpr[abi:cxx11](tvm::PrimExpr const&)
  File ""<unknown>"", line 0, in tvm::codegen::CodeGenC::VisitExpr_(tvm::tirx::AndNode const*, std::ostream&)
  File ""<unknown>"", line 0, in tvm::codegen::CodeGenTileLangCUDA::PrintVecBinaryOp(std::__cxx11::basic_string<char, std::char_traits<char>, std::allocator<char> > const&, tvm::runtime::DataType, tvm::PrimExpr, tvm::PrimExpr, std::ostream&)
  File ""<unknown>"", line 0, in tvm::codegen::CodeGenTileLangCUDA::PrintType(tvm::runtime::DataType, std::ostream&)
  File ""<unknown>"", line 0, in tvm::runtime::detail::LogFatal::~LogFatal()
tvm.error.InternalError: Cannot convert type boolx8 to CUDA type"
32906,4,tilelang,2026.09.25-23.14_tilelang_hard-shape_seed=42,tilelang_codegen_error,confirmed_signature,bool_vector,1790389965.3419995,results/2026.09.25-23.14_tilelang_hard-shape_seed=42/failed/tilelang_codegen_error/failed_extended_mixed_e9707845c2cb610f.json,独立复现代表样本，按相同错误签名关联；非逐例根因证明,"line 0, in tvm::codegen::CodeGenTileLangCUDA::VisitExpr_(tvm::tirx::CastNode const*, std::ostream&)
  File ""<unknown>"", line 0, in tvm::codegen::CodeGenC::PrintExpr[abi:cxx11](tvm::PrimExpr const&)
  File ""<unknown>"", line 0, in tvm::codegen::CodeGenC::VisitExpr_(tvm::tirx::AndNode const*, std::ostream&)
  File ""<unknown>"", line 0, in tvm::codegen::CodeGenTileLangCUDA::PrintVecBinaryOp(std::__cxx11::basic_string<char, std::char_traits<char>, std::allocator<char> > const&, tvm::runtime::DataType, tvm::PrimExpr, tvm::PrimExpr, std::ostream&)
  File ""<unknown>"", line 0, in tvm::codegen::CodeGenTileLangCUDA::PrintType(tvm::runtime::DataType, std::ostream&)
  File ""<unknown>"", line 0, in tvm::runtime::detail::LogFatal::~LogFatal()
tvm.error.InternalError: Cannot convert type boolx8 to CUDA type"
32906,4,tilelang,2026.09.25-23.14_tilelang_hard-shape_seed=42,tilelang_codegen_error,confirmed_signature,bool_vector,1790390216.5803668,results/2026.09.25-23.14_tilelang_hard-shape_seed=42/failed/tilelang_codegen_error/failed_extended_mixed_dbb49c4675153359.json,独立复现代表样本，按相同错误签名关联；非逐例根因证明,"line 0, in tvm::codegen::CodeGenTileLangCUDA::VisitExpr_(tvm::tirx::CastNode const*, std::ostream&)
  File ""<unknown>"", line 0, in tvm::codegen::CodeGenC::PrintExpr[abi:cxx11](tvm::PrimExpr const&)
  File ""<unknown>"", line 0, in tvm::codegen::CodeGenC::VisitExpr_(tvm::tirx::AndNode const*, std::ostream&)
  File ""<unknown>"", line 0, in tvm::codegen::CodeGenTileLangCUDA::PrintVecBinaryOp(std::__cxx11::basic_string<char, std::char_traits<char>, std::allocator<char> > const&, tvm::runtime::DataType, tvm::PrimExpr, tvm::PrimExpr, std::ostream&)
  File ""<unknown>"", line 0, in tvm::codegen::CodeGenTileLangCUDA::PrintType(tvm::runtime::DataType, std::ostream&)
  File ""<unknown>"", line 0, in tvm::runtime::detail::LogFatal::~LogFatal()
tvm.error.InternalError: Cannot convert type boolx8 to CUDA type"
32906,4,tilelang,2026.09.25-23.14_tilelang_hard-shape_seed=42,tilelang_codegen_error,confirmed_signature,reduce_layout,1790390316.9051297,results/2026.09.25-23.14_tilelang_hard-shape_seed=42/failed/tilelang_codegen_error/failed_calls_main(f0)__f0()_48d4259c32c74491.json,独立复现代表样本，按相同错误签名关联；非逐例根因证明,"uceStep, std::allocator<tvm::tl::backend::reduce::ThreadReduceStep> > const&, tvm::arith::Analyzer*)
  File ""/project/src/backend/common/op/reduce.h"", line 534, in void tvm::tl::backend::reduce::CheckThreadOwnedStepsProjectable(const tvm::PrimExpr&, const tvm::tirx::Var&, const std::vector<ThreadReduceStep>&, tvm::arith::Analyzer*)
tvm.error.InternalError: Check failed: (analyzer->CanProveEqual(projected_index, simplified_index)) is false: ReduceOp cannot lower a layout where a source index depends on a thread-owned reduce segment: src_index=rv % 32 // 16 * 8 + i % 16 // 8 * 4 + rv % 16 // 8 * 2 + i % 2, projected_src_index=(rv - rv % 8) % 32 // 16 * 8 + i % 16 // 8 * 4 + (rv - rv % 8) % 16 // 8 * 2 + i % 2, reduce_var=rv, projected_reduce_var=rv - rv // 32 % 2 * 32 - T.FloorDiv(rv, 1) % 8"
32906,4,tilelang,2026.09.25-23.14_tilelang_hard-shape_seed=42,tilelang_codegen_error,confirmed_signature,bool_vector,1790390461.9514592,results/2026.09.25-23.14_tilelang_hard-shape_seed=42/failed/tilelang_codegen_error/failed_extended_mixed_f2fcd4dd464348ce.json,独立复现代表样本，按相同错误签名关联；非逐例根因证明,"line 0, in tvm::codegen::CodeGenTileLangCUDA::VisitExpr_(tvm::tirx::CastNode const*, std::ostream&)
  File ""<unknown>"", line 0, in tvm::codegen::CodeGenC::PrintExpr[abi:cxx11](tvm::PrimExpr const&)
  File ""<unknown>"", line 0, in tvm::codegen::CodeGenC::VisitExpr_(tvm::tirx::AndNode const*, std::ostream&)
  File ""<unknown>"", line 0, in tvm::codegen::CodeGenTileLangCUDA::PrintVecBinaryOp(std::__cxx11::basic_string<char, std::char_traits<char>, std::allocator<char> > const&, tvm::runtime::DataType, tvm::PrimExpr, tvm::PrimExpr, std::ostream&)
  File ""<unknown>"", line 0, in tvm::codegen::CodeGenTileLangCUDA::PrintType(tvm::runtime::DataType, std::ostream&)
  File ""<unknown>"", line 0, in tvm::runtime::detail::LogFatal::~LogFatal()
tvm.error.InternalError: Cannot convert type boolx8 to CUDA type"
32906,4,tilelang,2026.09.25-23.14_tilelang_hard-shape_seed=42,tilelang_codegen_error,confirmed_signature,bool_vector,1790392058.3517992,results/2026.09.25-23.14_tilelang_hard-shape_seed=42/failed/tilelang_codegen_error/failed_extended_mixed_ab63901884f1fa09.json,独立复现代表样本，按相同错误签名关联；非逐例根因证明,"line 0, in tvm::codegen::CodeGenTileLangCUDA::VisitExpr_(tvm::tirx::CastNode const*, std::ostream&)
  File ""<unknown>"", line 0, in tvm::codegen::CodeGenC::PrintExpr[abi:cxx11](tvm::PrimExpr const&)
  File ""<unknown>"", line 0, in tvm::codegen::CodeGenC::VisitExpr_(tvm::tirx::AndNode const*, std::ostream&)
  File ""<unknown>"", line 0, in tvm::codegen::CodeGenTileLangCUDA::PrintVecBinaryOp(std::__cxx11::basic_string<char, std::char_traits<char>, std::allocator<char> > const&, tvm::runtime::DataType, tvm::PrimExpr, tvm::PrimExpr, std::ostream&)
  File ""<unknown>"", line 0, in tvm::codegen::CodeGenTileLangCUDA::PrintType(tvm::runtime::DataType, std::ostream&)
  File ""<unknown>"", line 0, in tvm::runtime::detail::LogFatal::~LogFatal()
tvm.error.InternalError: Cannot convert type boolx8 to CUDA type"
32906,4,tilelang,2026.09.25-23.14_tilelang_hard-shape_seed=42,tilelang_codegen_error,confirmed_signature,reduce_layout,1790392134.0754547,results/2026.09.25-23.14_tilelang_hard-shape_seed=42/failed/tilelang_codegen_error/failed_calls_main(f1)__f0()__f1(f0)_27882a9f031e1da2.json,独立复现代表样本，按相同错误签名关联；非逐例根因证明,"eStep, std::allocator<tvm::tl::backend::reduce::ThreadReduceStep> > const&, tvm::arith::Analyzer*)
  File ""/project/src/backend/common/op/reduce.h"", line 534, in void tvm::tl::backend::reduce::CheckThreadOwnedStepsProjectable(const tvm::PrimExpr&, const tvm::tirx::Var&, const std::vector<ThreadReduceStep>&, tvm::arith::Analyzer*)
tvm.error.InternalError: Check failed: (analyzer->CanProveEqual(projected_index, simplified_index)) is false: ReduceOp cannot lower a layout where a source index depends on a thread-owned reduce segment: src_index=rv % 64 // 16 * 16 + i % 32 // 8 * 4 + rv % 16 // 8 * 2 + i % 2, projected_src_index=(rv - rv % 8) % 64 // 16 * 16 + i % 32 // 8 * 4 + (rv - rv % 8) % 16 // 8 * 2 + i % 2, reduce_var=rv, projected_reduce_var=rv - rv // 64 % 2 * 64 - T.FloorDiv(rv, 1) % 8"
32906,4,tilelang,2026.09.25-23.14_tilelang_hard-shape_seed=42,tilelang_codegen_error,confirmed_signature,bool_vector,1790392636.2515204,results/2026.09.25-23.14_tilelang_hard-shape_seed=42/failed/tilelang_codegen_error/failed_extended_mixed_16c768b209969062.json,独立复现代表样本，按相同错误签名关联；非逐例根因证明,"ine 0, in tvm::codegen::CodeGenTileLangCUDA::VisitExpr_(tvm::tirx::CastNode const*, std::ostream&)
  File ""<unknown>"", line 0, in tvm::codegen::CodeGenC::PrintExpr[abi:cxx11](tvm::PrimExpr const&)
  File ""<unknown>"", line 0, in tvm::codegen::CodeGenC::VisitExpr_(tvm::tirx::AndNode const*, std::ostream&)
  File ""<unknown>"", line 0, in tvm::codegen::CodeGenTileLangCUDA::PrintVecBinaryOp(std::__cxx11::basic_string<char, std::char_traits<char>, std::allocator<char> > const&, tvm::runtime::DataType, tvm::PrimExpr, tvm::PrimExpr, std::ostream&)
  File ""<unknown>"", line 0, in tvm::codegen::CodeGenTileLangCUDA::PrintType(tvm::runtime::DataType, std::ostream&)
  File ""<unknown>"", line 0, in tvm::runtime::detail::LogFatal::~LogFatal()
tvm.error.InternalError: Cannot convert type boolx16 to CUDA type"
32906,4,tilelang,2026.09.25-23.14_tilelang_hard-shape_seed=42,tilelang_codegen_error,confirmed_signature,reduce_layout,1790392837.6712065,results/2026.09.25-23.14_tilelang_hard-shape_seed=42/failed/tilelang_codegen_error/failed_calls_main(f0)__f0()_731458fa43f0bbf5.json,独立复现代表样本，按相同错误签名关联；非逐例根因证明,"const&, std::vector<tvm::tl::backend::reduce::ThreadReduceStep, std::allocator<tvm::tl::backend::reduce::ThreadReduceStep> > const&, tvm::arith::Analyzer*)
  File ""/project/src/backend/common/op/reduce.h"", line 534, in void tvm::tl::backend::reduce::CheckThreadOwnedStepsProjectable(const tvm::PrimExpr&, const tvm::tirx::Var&, const std::vector<ThreadReduceStep>&, tvm::arith::Analyzer*)
tvm.error.InternalError: Check failed: (analyzer->CanProveEqual(projected_index, simplified_index)) is false: ReduceOp cannot lower a layout where a source index depends on a thread-owned reduce segment: src_index=rv % 16 // 8 * 4 + i // 8 * 2 + rv % 2, projected_src_index=(rv % 8 // 2 * 14 + rv) % 16 // 8 * 4 + i // 8 * 2 + rv % 2, reduce_var=rv, projected_reduce_var=rv - rv // 16 % 8 * 16 - rv // 2 % 4 * 2"
32906,4,tilelang,2026.09.25-23.14_tilelang_hard-shape_seed=42,tilelang_codegen_error,confirmed_signature,bool_vector,1790392912.01242,results/2026.09.25-23.14_tilelang_hard-shape_seed=42/failed/tilelang_codegen_error/failed_extended_mixed_ce15f629a25543d3.json,独立复现代表样本，按相同错误签名关联；非逐例根因证明,"ine 0, in tvm::codegen::CodeGenTileLangCUDA::VisitExpr_(tvm::tirx::CastNode const*, std::ostream&)
  File ""<unknown>"", line 0, in tvm::codegen::CodeGenC::PrintExpr[abi:cxx11](tvm::PrimExpr const&)
  File ""<unknown>"", line 0, in tvm::codegen::CodeGenC::VisitExpr_(tvm::tirx::AndNode const*, std::ostream&)
  File ""<unknown>"", line 0, in tvm::codegen::CodeGenTileLangCUDA::PrintVecBinaryOp(std::__cxx11::basic_string<char, std::char_traits<char>, std::allocator<char> > const&, tvm::runtime::DataType, tvm::PrimExpr, tvm::PrimExpr, std::ostream&)
  File ""<unknown>"", line 0, in tvm::codegen::CodeGenTileLangCUDA::PrintType(tvm::runtime::DataType, std::ostream&)
  File ""<unknown>"", line 0, in tvm::runtime::detail::LogFatal::~LogFatal()
tvm.error.InternalError: Cannot convert type boolx16 to CUDA type"
32906,4,tilelang,2026.09.25-23.14_tilelang_hard-shape_seed=42,tilelang_codegen_error,confirmed_signature,bool_vector,1790393021.0981426,results/2026.09.25-23.14_tilelang_hard-shape_seed=42/failed/tilelang_codegen_error/failed_extended_mixed_10e8df1f0a45b47a.json,独立复现代表样本，按相同错误签名关联；非逐例根因证明,"ine 0, in tvm::codegen::CodeGenTileLangCUDA::VisitExpr_(tvm::tirx::CastNode const*, std::ostream&)
  File ""<unknown>"", line 0, in tvm::codegen::CodeGenC::PrintExpr[abi:cxx11](tvm::PrimExpr const&)
  File ""<unknown>"", line 0, in tvm::codegen::CodeGenC::VisitExpr_(tvm::tirx::AndNode const*, std::ostream&)
  File ""<unknown>"", line 0, in tvm::codegen::CodeGenTileLangCUDA::PrintVecBinaryOp(std::__cxx11::basic_string<char, std::char_traits<char>, std::allocator<char> > const&, tvm::runtime::DataType, tvm::PrimExpr, tvm::PrimExpr, std::ostream&)
  File ""<unknown>"", line 0, in tvm::codegen::CodeGenTileLangCUDA::PrintType(tvm::runtime::DataType, std::ostream&)
  File ""<unknown>"", line 0, in tvm::runtime::detail::LogFatal::~LogFatal()
tvm.error.InternalError: Cannot convert type boolx16 to CUDA type"
32906,4,tilelang,2026.09.25-23.14_tilelang_hard-shape_seed=42,tilelang_codegen_error,confirmed_signature,reduce_layout,1790393436.2980216,results/2026.09.25-23.14_tilelang_hard-shape_seed=42/failed/tilelang_codegen_error/failed_calls_main(f0)__f0()_817f27938cd03d75.json,独立复现代表样本，按相同错误签名关联；非逐例根因证明,"p, std::allocator<tvm::tl::backend::reduce::ThreadReduceStep> > const&, tvm::arith::Analyzer*)
  File ""/project/src/backend/common/op/reduce.h"", line 534, in void tvm::tl::backend::reduce::CheckThreadOwnedStepsProjectable(const tvm::PrimExpr&, const tvm::tirx::Var&, const std::vector<ThreadReduceStep>&, tvm::arith::Analyzer*)
tvm.error.InternalError: Check failed: (analyzer->CanProveEqual(projected_index, simplified_index)) is false: ReduceOp cannot lower a layout where a source index depends on a thread-owned reduce segment: src_index=rv % 128 // 16 * 32 + i % 64 // 8 * 4 + rv % 16 // 8 * 2 + i % 2, projected_src_index=(rv - rv % 8) % 128 // 16 * 32 + i % 64 // 8 * 4 + (rv - rv % 8) % 16 // 8 * 2 + i % 2, reduce_var=rv, projected_reduce_var=rv - rv // 128 % 2 * 128 - T.FloorDiv(rv, 1) % 8"
32906,4,tilelang,2026.09.25-23.14_tilelang_hard-shape_seed=42,tilelang_codegen_error,confirmed_signature,bool_vector,1790393627.1603885,results/2026.09.25-23.14_tilelang_hard-shape_seed=42/failed/tilelang_codegen_error/failed_extended_mixed_23358e1b26da49f6.json,独立复现代表样本，按相同错误签名关联；非逐例根因证明,"line 0, in tvm::codegen::CodeGenTileLangCUDA::VisitExpr_(tvm::tirx::CastNode const*, std::ostream&)
  File ""<unknown>"", line 0, in tvm::codegen::CodeGenC::PrintExpr[abi:cxx11](tvm::PrimExpr const&)
  File ""<unknown>"", line 0, in tvm::codegen::CodeGenC::VisitExpr_(tvm::tirx::AndNode const*, std::ostream&)
  File ""<unknown>"", line 0, in tvm::codegen::CodeGenTileLangCUDA::PrintVecBinaryOp(std::__cxx11::basic_string<char, std::char_traits<char>, std::allocator<char> > const&, tvm::runtime::DataType, tvm::PrimExpr, tvm::PrimExpr, std::ostream&)
  File ""<unknown>"", line 0, in tvm::codegen::CodeGenTileLangCUDA::PrintType(tvm::runtime::DataType, std::ostream&)
  File ""<unknown>"", line 0, in tvm::runtime::detail::LogFatal::~LogFatal()
tvm.error.InternalError: Cannot convert type boolx8 to CUDA type"
32906,4,tilelang,2026.09.25-23.14_tilelang_hard-shape_seed=42,tilelang_codegen_error,confirmed_signature,reduce_layout,1790393917.3618972,results/2026.09.25-23.14_tilelang_hard-shape_seed=42/failed/tilelang_codegen_error/failed_calls_main(f1)__f0()__f1(f0)_d304371aaca2df1c.json,独立复现代表样本，按相同错误签名关联；非逐例根因证明,"const&, std::vector<tvm::tl::backend::reduce::ThreadReduceStep, std::allocator<tvm::tl::backend::reduce::ThreadReduceStep> > const&, tvm::arith::Analyzer*)
  File ""/project/src/backend/common/op/reduce.h"", line 534, in void tvm::tl::backend::reduce::CheckThreadOwnedStepsProjectable(const tvm::PrimExpr&, const tvm::tirx::Var&, const std::vector<ThreadReduceStep>&, tvm::arith::Analyzer*)
tvm.error.InternalError: Check failed: (analyzer->CanProveEqual(projected_index, simplified_index)) is false: ReduceOp cannot lower a layout where a source index depends on a thread-owned reduce segment: src_index=rv % 32 // 8 * 4 + i // 8 * 2 + rv % 2, projected_src_index=(rv % 8 // 2 * 30 + rv) % 32 // 8 * 4 + i // 8 * 2 + rv % 2, reduce_var=rv, projected_reduce_var=rv - rv // 32 % 8 * 32 - rv // 2 % 4 * 2"
32906,4,tilelang,2026.09.25-23.14_tilelang_hard-shape_seed=42,tilelang_codegen_error,confirmed_signature,bool_vector,1790393950.118328,results/2026.09.25-23.14_tilelang_hard-shape_seed=42/failed/tilelang_codegen_error/failed_extended_mixed_b01df4b2392334bd.json,独立复现代表样本，按相同错误签名关联；非逐例根因证明,"ine 0, in tvm::codegen::CodeGenTileLangCUDA::VisitExpr_(tvm::tirx::CastNode const*, std::ostream&)
  File ""<unknown>"", line 0, in tvm::codegen::CodeGenC::PrintExpr[abi:cxx11](tvm::PrimExpr const&)
  File ""<unknown>"", line 0, in tvm::codegen::CodeGenC::VisitExpr_(tvm::tirx::AndNode const*, std::ostream&)
  File ""<unknown>"", line 0, in tvm::codegen::CodeGenTileLangCUDA::PrintVecBinaryOp(std::__cxx11::basic_string<char, std::char_traits<char>, std::allocator<char> > const&, tvm::runtime::DataType, tvm::PrimExpr, tvm::PrimExpr, std::ostream&)
  File ""<unknown>"", line 0, in tvm::codegen::CodeGenTileLangCUDA::PrintType(tvm::runtime::DataType, std::ostream&)
  File ""<unknown>"", line 0, in tvm::runtime::detail::LogFatal::~LogFatal()
tvm.error.InternalError: Cannot convert type boolx16 to CUDA type"
32906,4,tilelang,2026.09.25-23.14_tilelang_hard-shape_seed=42,tilelang_codegen_error,confirmed_signature,bool_vector,1790394400.8337786,results/2026.09.25-23.14_tilelang_hard-shape_seed=42/failed/tilelang_codegen_error/failed_extended_mixed_415eae59e409d250.json,独立复现代表样本，按相同错误签名关联；非逐例根因证明,"ine 0, in tvm::codegen::CodeGenTileLangCUDA::VisitExpr_(tvm::tirx::CastNode const*, std::ostream&)
  File ""<unknown>"", line 0, in tvm::codegen::CodeGenC::PrintExpr[abi:cxx11](tvm::PrimExpr const&)
  File ""<unknown>"", line 0, in tvm::codegen::CodeGenC::VisitExpr_(tvm::tirx::AndNode const*, std::ostream&)
  File ""<unknown>"", line 0, in tvm::codegen::CodeGenTileLangCUDA::PrintVecBinaryOp(std::__cxx11::basic_string<char, std::char_traits<char>, std::allocator<char> > const&, tvm::runtime::DataType, tvm::PrimExpr, tvm::PrimExpr, std::ostream&)
  File ""<unknown>"", line 0, in tvm::codegen::CodeGenTileLangCUDA::PrintType(tvm::runtime::DataType, std::ostream&)
  File ""<unknown>"", line 0, in tvm::runtime::detail::LogFatal::~LogFatal()
tvm.error.InternalError: Cannot convert type boolx16 to CUDA type"
32906,4,tilelang,2026.09.25-23.14_tilelang_hard-shape_seed=42,tilelang_codegen_error,confirmed_signature,reduce_layout,1790396173.6594954,results/2026.09.25-23.14_tilelang_hard-shape_seed=42/failed/tilelang_codegen_error/failed_calls_main(f0)__f0()_f68a3918cccccfb2.json,独立复现代表样本，按相同错误签名关联；非逐例根因证明,"uceStep, std::allocator<tvm::tl::backend::reduce::ThreadReduceStep> > const&, tvm::arith::Analyzer*)
  File ""/project/src/backend/common/op/reduce.h"", line 534, in void tvm::tl::backend::reduce::CheckThreadOwnedStepsProjectable(const tvm::PrimExpr&, const tvm::tirx::Var&, const std::vector<ThreadReduceStep>&, tvm::arith::Analyzer*)
tvm.error.InternalError: Check failed: (analyzer->CanProveEqual(projected_index, simplified_index)) is false: ReduceOp cannot lower a layout where a source index depends on a thread-owned reduce segment: src_index=rv % 32 // 16 * 8 + i % 16 // 8 * 4 + rv % 16 // 8 * 2 + i % 2, projected_src_index=(rv - rv % 8) % 32 // 16 * 8 + i % 16 // 8 * 4 + (rv - rv % 8) % 16 // 8 * 2 + i % 2, reduce_var=rv, projected_reduce_var=rv - rv // 32 % 2 * 32 - T.FloorDiv(rv, 1) % 8"
32906,4,tilelang,2026.09.25-23.14_tilelang_hard-shape_seed=42,tilelang_codegen_error,confirmed_signature,reduce_layout,1790396681.0681455,results/2026.09.25-23.14_tilelang_hard-shape_seed=42/failed/tilelang_codegen_error/failed_calls_main(f1)__f0()__f1(f0)_0a7c245392e9001f.json,独立复现代表样本，按相同错误签名关联；非逐例根因证明,"eStep, std::allocator<tvm::tl::backend::reduce::ThreadReduceStep> > const&, tvm::arith::Analyzer*)
  File ""/project/src/backend/common/op/reduce.h"", line 534, in void tvm::tl::backend::reduce::CheckThreadOwnedStepsProjectable(const tvm::PrimExpr&, const tvm::tirx::Var&, const std::vector<ThreadReduceStep>&, tvm::arith::Analyzer*)
tvm.error.InternalError: Check failed: (analyzer->CanProveEqual(projected_index, simplified_index)) is false: ReduceOp cannot lower a layout where a source index depends on a thread-owned reduce segment: src_index=rv % 64 // 16 * 32 + i % 64 // 8 * 4 + rv % 16 // 8 * 2 + i % 2, projected_src_index=(rv - rv % 8) % 64 // 16 * 32 + i % 64 // 8 * 4 + (rv - rv % 8) % 16 // 8 * 2 + i % 2, reduce_var=rv, projected_reduce_var=rv - rv // 64 % 2 * 64 - T.FloorDiv(rv, 1) % 8"
32906,4,tilelang,2026.09.25-23.14_tilelang_hard-shape_seed=42,tilelang_codegen_error,confirmed_signature,reduce_layout,1790397422.3565989,results/2026.09.25-23.14_tilelang_hard-shape_seed=42/failed/tilelang_codegen_error/failed_calls_main()_b4e059ce94d63e76.json,独立复现代表样本，按相同错误签名关联；非逐例根因证明,"const&, std::vector<tvm::tl::backend::reduce::ThreadReduceStep, std::allocator<tvm::tl::backend::reduce::ThreadReduceStep> > const&, tvm::arith::Analyzer*)
  File ""/project/src/backend/common/op/reduce.h"", line 534, in void tvm::tl::backend::reduce::CheckThreadOwnedStepsProjectable(const tvm::PrimExpr&, const tvm::tirx::Var&, const std::vector<ThreadReduceStep>&, tvm::arith::Analyzer*)
tvm.error.InternalError: Check failed: (analyzer->CanProveEqual(projected_index, simplified_index)) is false: ReduceOp cannot lower a layout where a source index depends on a thread-owned reduce segment: src_index=rv % 32 // 8 * 4 + i // 8 * 2 + rv % 2, projected_src_index=(rv % 8 // 2 * 30 + rv) % 32 // 8 * 4 + i // 8 * 2 + rv % 2, reduce_var=rv, projected_reduce_var=rv - rv // 32 % 8 * 32 - rv // 2 % 4 * 2"
32906,4,tilelang,2026.09.25-23.14_tilelang_hard-shape_seed=42,tilelang_codegen_error,confirmed_signature,bool_vector,1790397507.1336207,results/2026.09.25-23.14_tilelang_hard-shape_seed=42/failed/tilelang_codegen_error/failed_extended_mixed_9a9555983c791457.json,独立复现代表样本，按相同错误签名关联；非逐例根因证明,"ine 0, in tvm::codegen::CodeGenTileLangCUDA::VisitExpr_(tvm::tirx::CastNode const*, std::ostream&)
  File ""<unknown>"", line 0, in tvm::codegen::CodeGenC::PrintExpr[abi:cxx11](tvm::PrimExpr const&)
  File ""<unknown>"", line 0, in tvm::codegen::CodeGenC::VisitExpr_(tvm::tirx::AndNode const*, std::ostream&)
  File ""<unknown>"", line 0, in tvm::codegen::CodeGenTileLangCUDA::PrintVecBinaryOp(std::__cxx11::basic_string<char, std::char_traits<char>, std::allocator<char> > const&, tvm::runtime::DataType, tvm::PrimExpr, tvm::PrimExpr, std::ostream&)
  File ""<unknown>"", line 0, in tvm::codegen::CodeGenTileLangCUDA::PrintType(tvm::runtime::DataType, std::ostream&)
  File ""<unknown>"", line 0, in tvm::runtime::detail::LogFatal::~LogFatal()
tvm.error.InternalError: Cannot convert type boolx16 to CUDA type"
32906,4,tilelang,2026.09.25-23.14_tilelang_hard-shape_seed=42,tilelang_codegen_error,confirmed_signature,bool_vector,1790397925.7487316,results/2026.09.25-23.14_tilelang_hard-shape_seed=42/failed/tilelang_codegen_error/failed_extended_mixed_b82f2906ae79983b.json,独立复现代表样本，按相同错误签名关联；非逐例根因证明,"line 0, in tvm::codegen::CodeGenTileLangCUDA::VisitExpr_(tvm::tirx::CastNode const*, std::ostream&)
  File ""<unknown>"", line 0, in tvm::codegen::CodeGenC::PrintExpr[abi:cxx11](tvm::PrimExpr const&)
  File ""<unknown>"", line 0, in tvm::codegen::CodeGenC::VisitExpr_(tvm::tirx::AndNode const*, std::ostream&)
  File ""<unknown>"", line 0, in tvm::codegen::CodeGenTileLangCUDA::PrintVecBinaryOp(std::__cxx11::basic_string<char, std::char_traits<char>, std::allocator<char> > const&, tvm::runtime::DataType, tvm::PrimExpr, tvm::PrimExpr, std::ostream&)
  File ""<unknown>"", line 0, in tvm::codegen::CodeGenTileLangCUDA::PrintType(tvm::runtime::DataType, std::ostream&)
  File ""<unknown>"", line 0, in tvm::runtime::detail::LogFatal::~LogFatal()
tvm.error.InternalError: Cannot convert type boolx8 to CUDA type"
32906,4,tilelang,2026.09.25-23.14_tilelang_hard-shape_seed=42,tilelang_codegen_error,confirmed_signature,bool_vector,1790398177.5472147,results/2026.09.25-23.14_tilelang_hard-shape_seed=42/failed/tilelang_codegen_error/failed_extended_mixed_6205795279b81046.json,独立复现代表样本，按相同错误签名关联；非逐例根因证明,"ine 0, in tvm::codegen::CodeGenTileLangCUDA::VisitExpr_(tvm::tirx::CastNode const*, std::ostream&)
  File ""<unknown>"", line 0, in tvm::codegen::CodeGenC::PrintExpr[abi:cxx11](tvm::PrimExpr const&)
  File ""<unknown>"", line 0, in tvm::codegen::CodeGenC::VisitExpr_(tvm::tirx::AndNode const*, std::ostream&)
  File ""<unknown>"", line 0, in tvm::codegen::CodeGenTileLangCUDA::PrintVecBinaryOp(std::__cxx11::basic_string<char, std::char_traits<char>, std::allocator<char> > const&, tvm::runtime::DataType, tvm::PrimExpr, tvm::PrimExpr, std::ostream&)
  File ""<unknown>"", line 0, in tvm::codegen::CodeGenTileLangCUDA::PrintType(tvm::runtime::DataType, std::ostream&)
  File ""<unknown>"", line 0, in tvm::runtime::detail::LogFatal::~LogFatal()
tvm.error.InternalError: Cannot convert type boolx16 to CUDA type"
32906,4,tilelang,2026.09.25-23.14_tilelang_hard-shape_seed=42,tilelang_codegen_error,confirmed_signature,bool_vector,1790398307.8455718,results/2026.09.25-23.14_tilelang_hard-shape_seed=42/failed/tilelang_codegen_error/failed_extended_mixed_ce1a92afe0021669.json,独立复现代表样本，按相同错误签名关联；非逐例根因证明,"line 0, in tvm::codegen::CodeGenTileLangCUDA::VisitExpr_(tvm::tirx::CastNode const*, std::ostream&)
  File ""<unknown>"", line 0, in tvm::codegen::CodeGenC::PrintExpr[abi:cxx11](tvm::PrimExpr const&)
  File ""<unknown>"", line 0, in tvm::codegen::CodeGenC::VisitExpr_(tvm::tirx::AndNode const*, std::ostream&)
  File ""<unknown>"", line 0, in tvm::codegen::CodeGenTileLangCUDA::PrintVecBinaryOp(std::__cxx11::basic_string<char, std::char_traits<char>, std::allocator<char> > const&, tvm::runtime::DataType, tvm::PrimExpr, tvm::PrimExpr, std::ostream&)
  File ""<unknown>"", line 0, in tvm::codegen::CodeGenTileLangCUDA::PrintType(tvm::runtime::DataType, std::ostream&)
  File ""<unknown>"", line 0, in tvm::runtime::detail::LogFatal::~LogFatal()
tvm.error.InternalError: Cannot convert type boolx8 to CUDA type"
32906,4,tilelang,2026.09.25-23.14_tilelang_hard-shape_seed=42,tilelang_codegen_error,confirmed_signature,bool_vector,1790398327.7350733,results/2026.09.25-23.14_tilelang_hard-shape_seed=42/failed/tilelang_codegen_error/failed_extended_mixed_b8ba64304fbc2e9e.json,独立复现代表样本，按相同错误签名关联；非逐例根因证明,"line 0, in tvm::codegen::CodeGenTileLangCUDA::VisitExpr_(tvm::tirx::CastNode const*, std::ostream&)
  File ""<unknown>"", line 0, in tvm::codegen::CodeGenC::PrintExpr[abi:cxx11](tvm::PrimExpr const&)
  File ""<unknown>"", line 0, in tvm::codegen::CodeGenC::VisitExpr_(tvm::tirx::AndNode const*, std::ostream&)
  File ""<unknown>"", line 0, in tvm::codegen::CodeGenTileLangCUDA::PrintVecBinaryOp(std::__cxx11::basic_string<char, std::char_traits<char>, std::allocator<char> > const&, tvm::runtime::DataType, tvm::PrimExpr, tvm::PrimExpr, std::ostream&)
  File ""<unknown>"", line 0, in tvm::codegen::CodeGenTileLangCUDA::PrintType(tvm::runtime::DataType, std::ostream&)
  File ""<unknown>"", line 0, in tvm::runtime::detail::LogFatal::~LogFatal()
tvm.error.InternalError: Cannot convert type boolx8 to CUDA type"
32906,4,tilelang,2026.09.25-23.14_tilelang_hard-shape_seed=42,tilelang_codegen_error,confirmed_signature,bool_vector,1790398457.7685997,results/2026.09.25-23.14_tilelang_hard-shape_seed=42/failed/tilelang_codegen_error/failed_extended_mixed_c186a8b437297df0.json,独立复现代表样本，按相同错误签名关联；非逐例根因证明,"ine 0, in tvm::codegen::CodeGenTileLangCUDA::VisitExpr_(tvm::tirx::CastNode const*, std::ostream&)
  File ""<unknown>"", line 0, in tvm::codegen::CodeGenC::PrintExpr[abi:cxx11](tvm::PrimExpr const&)
  File ""<unknown>"", line 0, in tvm::codegen::CodeGenC::VisitExpr_(tvm::tirx::AndNode const*, std::ostream&)
  File ""<unknown>"", line 0, in tvm::codegen::CodeGenTileLangCUDA::PrintVecBinaryOp(std::__cxx11::basic_string<char, std::char_traits<char>, std::allocator<char> > const&, tvm::runtime::DataType, tvm::PrimExpr, tvm::PrimExpr, std::ostream&)
  File ""<unknown>"", line 0, in tvm::codegen::CodeGenTileLangCUDA::PrintType(tvm::runtime::DataType, std::ostream&)
  File ""<unknown>"", line 0, in tvm::runtime::detail::LogFatal::~LogFatal()
tvm.error.InternalError: Cannot convert type boolx16 to CUDA type"
32906,4,tilelang,2026.09.25-23.14_tilelang_hard-shape_seed=42,tilelang_codegen_error,confirmed_signature,reduce_layout,1790398484.7762296,results/2026.09.25-23.14_tilelang_hard-shape_seed=42/failed/tilelang_codegen_error/failed_calls_main(f0+f1)__f0()__f1(f0)_e73ec01f825a918a.json,独立复现代表样本，按相同错误签名关联；非逐例根因证明,"tep, std::allocator<tvm::tl::backend::reduce::ThreadReduceStep> > const&, tvm::arith::Analyzer*)
  File ""/project/src/backend/common/op/reduce.h"", line 534, in void tvm::tl::backend::reduce::CheckThreadOwnedStepsProjectable(const tvm::PrimExpr&, const tvm::tirx::Var&, const std::vector<ThreadReduceStep>&, tvm::arith::Analyzer*)
tvm.error.InternalError: Check failed: (analyzer->CanProveEqual(projected_index, simplified_index)) is false: ReduceOp cannot lower a layout where a source index depends on a thread-owned reduce segment: src_index=rv % 128 // 16 * 8 + i % 16 // 8 * 4 + rv % 16 // 8 * 2 + i % 2, projected_src_index=(rv - rv % 8) % 128 // 16 * 8 + i % 16 // 8 * 4 + (rv - rv % 8) % 16 // 8 * 2 + i % 2, reduce_var=rv, projected_reduce_var=rv - rv // 128 % 2 * 128 - T.FloorDiv(rv, 1) % 8"
32906,4,tilelang,2026.09.25-23.14_tilelang_hard-shape_seed=42,tilelang_codegen_error,confirmed_signature,bool_vector,1790398763.5319064,results/2026.09.25-23.14_tilelang_hard-shape_seed=42/failed/tilelang_codegen_error/failed_extended_mixed_caa2db890da77ea8.json,独立复现代表样本，按相同错误签名关联；非逐例根因证明,"line 0, in tvm::codegen::CodeGenTileLangCUDA::VisitExpr_(tvm::tirx::CastNode const*, std::ostream&)
  File ""<unknown>"", line 0, in tvm::codegen::CodeGenC::PrintExpr[abi:cxx11](tvm::PrimExpr const&)
  File ""<unknown>"", line 0, in tvm::codegen::CodeGenC::VisitExpr_(tvm::tirx::AndNode const*, std::ostream&)
  File ""<unknown>"", line 0, in tvm::codegen::CodeGenTileLangCUDA::PrintVecBinaryOp(std::__cxx11::basic_string<char, std::char_traits<char>, std::allocator<char> > const&, tvm::runtime::DataType, tvm::PrimExpr, tvm::PrimExpr, std::ostream&)
  File ""<unknown>"", line 0, in tvm::codegen::CodeGenTileLangCUDA::PrintType(tvm::runtime::DataType, std::ostream&)
  File ""<unknown>"", line 0, in tvm::runtime::detail::LogFatal::~LogFatal()
tvm.error.InternalError: Cannot convert type boolx8 to CUDA type"
32906,4,tilelang,2026.09.25-23.14_tilelang_hard-shape_seed=42,tilelang_codegen_error,confirmed_signature,bool_vector,1790399184.4223332,results/2026.09.25-23.14_tilelang_hard-shape_seed=42/failed/tilelang_codegen_error/failed_extended_mixed_367627c126ac209b.json,独立复现代表样本，按相同错误签名关联；非逐例根因证明,"line 0, in tvm::codegen::CodeGenTileLangCUDA::VisitExpr_(tvm::tirx::CastNode const*, std::ostream&)
  File ""<unknown>"", line 0, in tvm::codegen::CodeGenC::PrintExpr[abi:cxx11](tvm::PrimExpr const&)
  File ""<unknown>"", line 0, in tvm::codegen::CodeGenC::VisitExpr_(tvm::tirx::AndNode const*, std::ostream&)
  File ""<unknown>"", line 0, in tvm::codegen::CodeGenTileLangCUDA::PrintVecBinaryOp(std::__cxx11::basic_string<char, std::char_traits<char>, std::allocator<char> > const&, tvm::runtime::DataType, tvm::PrimExpr, tvm::PrimExpr, std::ostream&)
  File ""<unknown>"", line 0, in tvm::codegen::CodeGenTileLangCUDA::PrintType(tvm::runtime::DataType, std::ostream&)
  File ""<unknown>"", line 0, in tvm::runtime::detail::LogFatal::~LogFatal()
tvm.error.InternalError: Cannot convert type boolx8 to CUDA type"
32906,4,tilelang,2026.09.25-23.14_tilelang_hard-shape_seed=42,tilelang_codegen_error,confirmed_signature,bool_vector,1790399580.28319,results/2026.09.25-23.14_tilelang_hard-shape_seed=42/failed/tilelang_codegen_error/failed_extended_mixed_6fed34cc4263954b.json,独立复现代表样本，按相同错误签名关联；非逐例根因证明,"ine 0, in tvm::codegen::CodeGenTileLangCUDA::VisitExpr_(tvm::tirx::CastNode const*, std::ostream&)
  File ""<unknown>"", line 0, in tvm::codegen::CodeGenC::PrintExpr[abi:cxx11](tvm::PrimExpr const&)
  File ""<unknown>"", line 0, in tvm::codegen::CodeGenC::VisitExpr_(tvm::tirx::AndNode const*, std::ostream&)
  File ""<unknown>"", line 0, in tvm::codegen::CodeGenTileLangCUDA::PrintVecBinaryOp(std::__cxx11::basic_string<char, std::char_traits<char>, std::allocator<char> > const&, tvm::runtime::DataType, tvm::PrimExpr, tvm::PrimExpr, std::ostream&)
  File ""<unknown>"", line 0, in tvm::codegen::CodeGenTileLangCUDA::PrintType(tvm::runtime::DataType, std::ostream&)
  File ""<unknown>"", line 0, in tvm::runtime::detail::LogFatal::~LogFatal()
tvm.error.InternalError: Cannot convert type boolx16 to CUDA type"
32906,4,tilelang,2026.09.25-23.14_tilelang_hard-shape_seed=42,tilelang_codegen_error,confirmed_signature,reduce_layout,1790400032.1532981,results/2026.09.25-23.14_tilelang_hard-shape_seed=42/failed/tilelang_codegen_error/failed_calls_main(f0)__f0()_05c1e1d6d2263b85.json,独立复现代表样本，按相同错误签名关联；非逐例根因证明,"p, std::allocator<tvm::tl::backend::reduce::ThreadReduceStep> > const&, tvm::arith::Analyzer*)
  File ""/project/src/backend/common/op/reduce.h"", line 534, in void tvm::tl::backend::reduce::CheckThreadOwnedStepsProjectable(const tvm::PrimExpr&, const tvm::tirx::Var&, const std::vector<ThreadReduceStep>&, tvm::arith::Analyzer*)
tvm.error.InternalError: Check failed: (analyzer->CanProveEqual(projected_index, simplified_index)) is false: ReduceOp cannot lower a layout where a source index depends on a thread-owned reduce segment: src_index=rv % 128 // 16 * 16 + i % 32 // 8 * 4 + rv % 16 // 8 * 2 + i % 2, projected_src_index=(rv - rv % 8) % 128 // 16 * 16 + i % 32 // 8 * 4 + (rv - rv % 8) % 16 // 8 * 2 + i % 2, reduce_var=rv, projected_reduce_var=rv - rv // 128 % 2 * 128 - T.FloorDiv(rv, 1) % 8"
32906,4,tilelang,2026.09.25-23.14_tilelang_hard-shape_seed=42,tilelang_codegen_error,confirmed_signature,reduce_layout,1790400197.772332,results/2026.09.25-23.14_tilelang_hard-shape_seed=42/failed/tilelang_codegen_error/failed_calls_main(f0)__f0()_0838300fbeecb724.json,独立复现代表样本，按相同错误签名关联；非逐例根因证明,"eStep, std::allocator<tvm::tl::backend::reduce::ThreadReduceStep> > const&, tvm::arith::Analyzer*)
  File ""/project/src/backend/common/op/reduce.h"", line 534, in void tvm::tl::backend::reduce::CheckThreadOwnedStepsProjectable(const tvm::PrimExpr&, const tvm::tirx::Var&, const std::vector<ThreadReduceStep>&, tvm::arith::Analyzer*)
tvm.error.InternalError: Check failed: (analyzer->CanProveEqual(projected_index, simplified_index)) is false: ReduceOp cannot lower a layout where a source index depends on a thread-owned reduce segment: src_index=rv % 64 // 16 * 16 + i % 32 // 8 * 4 + rv % 16 // 8 * 2 + i % 2, projected_src_index=(rv - rv % 8) % 64 // 16 * 16 + i % 32 // 8 * 4 + (rv - rv % 8) % 16 // 8 * 2 + i % 2, reduce_var=rv, projected_reduce_var=rv - rv // 64 % 2 * 64 - T.FloorDiv(rv, 1) % 8"
32906,4,tilelang,2026.09.25-23.14_tilelang_hard-shape_seed=42,tilelang_codegen_error,confirmed_signature,reduce_layout,1790400209.4107006,results/2026.09.25-23.14_tilelang_hard-shape_seed=42/failed/tilelang_codegen_error/failed_calls_main(f1)__f0()__f1(f0)_28aabba19e522c5e.json,独立复现代表样本，按相同错误签名关联；非逐例根因证明,"const&, std::vector<tvm::tl::backend::reduce::ThreadReduceStep, std::allocator<tvm::tl::backend::reduce::ThreadReduceStep> > const&, tvm::arith::Analyzer*)
  File ""/project/src/backend/common/op/reduce.h"", line 534, in void tvm::tl::backend::reduce::CheckThreadOwnedStepsProjectable(const tvm::PrimExpr&, const tvm::tirx::Var&, const std::vector<ThreadReduceStep>&, tvm::arith::Analyzer*)
tvm.error.InternalError: Check failed: (analyzer->CanProveEqual(projected_index, simplified_index)) is false: ReduceOp cannot lower a layout where a source index depends on a thread-owned reduce segment: src_index=rv % 32 // 8 * 4 + i // 8 * 2 + rv % 2, projected_src_index=(rv % 8 // 2 * 30 + rv) % 32 // 8 * 4 + i // 8 * 2 + rv % 2, reduce_var=rv, projected_reduce_var=rv - rv // 32 % 8 * 32 - rv // 2 % 4 * 2"
32906,4,tilelang,2026.09.25-23.14_tilelang_hard-shape_seed=42,tilelang_codegen_error,confirmed_signature,reduce_layout,1790400408.7164574,results/2026.09.25-23.14_tilelang_hard-shape_seed=42/failed/tilelang_codegen_error/failed_calls_main(f1)__f0()__f1(f0)_76b6561fa4a91cab.json,独立复现代表样本，按相同错误签名关联；非逐例根因证明,"eStep, std::allocator<tvm::tl::backend::reduce::ThreadReduceStep> > const&, tvm::arith::Analyzer*)
  File ""/project/src/backend/common/op/reduce.h"", line 534, in void tvm::tl::backend::reduce::CheckThreadOwnedStepsProjectable(const tvm::PrimExpr&, const tvm::tirx::Var&, const std::vector<ThreadReduceStep>&, tvm::arith::Analyzer*)
tvm.error.InternalError: Check failed: (analyzer->CanProveEqual(projected_index, simplified_index)) is false: ReduceOp cannot lower a layout where a source index depends on a thread-owned reduce segment: src_index=rv % 64 // 16 * 32 + i % 64 // 8 * 4 + rv % 16 // 8 * 2 + i % 2, projected_src_index=(rv - rv % 8) % 64 // 16 * 32 + i % 64 // 8 * 4 + (rv - rv % 8) % 16 // 8 * 2 + i % 2, reduce_var=rv, projected_reduce_var=rv - rv // 64 % 2 * 64 - T.FloorDiv(rv, 1) % 8"
32906,4,tilelang,2026.09.25-23.14_tilelang_hard-shape_seed=42,tilelang_codegen_error,confirmed_signature,reduce_layout,1790401001.1490998,results/2026.09.25-23.14_tilelang_hard-shape_seed=42/failed/tilelang_codegen_error/failed_calls_main(f0)__f0()_c51211a789d6bad5.json,独立复现代表样本，按相同错误签名关联；非逐例根因证明,"eStep, std::allocator<tvm::tl::backend::reduce::ThreadReduceStep> > const&, tvm::arith::Analyzer*)
  File ""/project/src/backend/common/op/reduce.h"", line 534, in void tvm::tl::backend::reduce::CheckThreadOwnedStepsProjectable(const tvm::PrimExpr&, const tvm::tirx::Var&, const std::vector<ThreadReduceStep>&, tvm::arith::Analyzer*)
tvm.error.InternalError: Check failed: (analyzer->CanProveEqual(projected_index, simplified_index)) is false: ReduceOp cannot lower a layout where a source index depends on a thread-owned reduce segment: src_index=rv % 32 // 16 * 16 + i % 32 // 8 * 4 + rv % 16 // 8 * 2 + i % 2, projected_src_index=(rv - rv % 8) % 32 // 16 * 16 + i % 32 // 8 * 4 + (rv - rv % 8) % 16 // 8 * 2 + i % 2, reduce_var=rv, projected_reduce_var=rv - rv // 32 % 2 * 32 - T.FloorDiv(rv, 1) % 8"
32906,4,tilelang,2026.09.25-23.14_tilelang_hard-shape_seed=42,tilelang_codegen_error,confirmed_signature,bool_vector,1790408529.9577465,results/2026.09.25-23.14_tilelang_hard-shape_seed=42/failed/tilelang_codegen_error/failed_extended_mixed_639c86a2bbbe3880.json,独立复现代表样本，按相同错误签名关联；非逐例根因证明,"line 0, in tvm::codegen::CodeGenTileLangCUDA::VisitExpr_(tvm::tirx::CastNode const*, std::ostream&)
  File ""<unknown>"", line 0, in tvm::codegen::CodeGenC::PrintExpr[abi:cxx11](tvm::PrimExpr const&)
  File ""<unknown>"", line 0, in tvm::codegen::CodeGenC::VisitExpr_(tvm::tirx::AndNode const*, std::ostream&)
  File ""<unknown>"", line 0, in tvm::codegen::CodeGenTileLangCUDA::PrintVecBinaryOp(std::__cxx11::basic_string<char, std::char_traits<char>, std::allocator<char> > const&, tvm::runtime::DataType, tvm::PrimExpr, tvm::PrimExpr, std::ostream&)
  File ""<unknown>"", line 0, in tvm::codegen::CodeGenTileLangCUDA::PrintType(tvm::runtime::DataType, std::ostream&)
  File ""<unknown>"", line 0, in tvm::runtime::detail::LogFatal::~LogFatal()
tvm.error.InternalError: Cannot convert type boolx8 to CUDA type"
32906,4,tilelang,2026.09.25-23.14_tilelang_hard-shape_seed=42,tilelang_codegen_error,confirmed_signature,bool_vector,1790408738.9689145,results/2026.09.25-23.14_tilelang_hard-shape_seed=42/failed/tilelang_codegen_error/failed_extended_mixed_f93ed521bbfae823.json,独立复现代表样本，按相同错误签名关联；非逐例根因证明,"line 0, in tvm::codegen::CodeGenTileLangCUDA::VisitExpr_(tvm::tirx::CastNode const*, std::ostream&)
  File ""<unknown>"", line 0, in tvm::codegen::CodeGenC::PrintExpr[abi:cxx11](tvm::PrimExpr const&)
  File ""<unknown>"", line 0, in tvm::codegen::CodeGenC::VisitExpr_(tvm::tirx::AndNode const*, std::ostream&)
  File ""<unknown>"", line 0, in tvm::codegen::CodeGenTileLangCUDA::PrintVecBinaryOp(std::__cxx11::basic_string<char, std::char_traits<char>, std::allocator<char> > const&, tvm::runtime::DataType, tvm::PrimExpr, tvm::PrimExpr, std::ostream&)
  File ""<unknown>"", line 0, in tvm::codegen::CodeGenTileLangCUDA::PrintType(tvm::runtime::DataType, std::ostream&)
  File ""<unknown>"", line 0, in tvm::runtime::detail::LogFatal::~LogFatal()
tvm.error.InternalError: Cannot convert type boolx8 to CUDA type"
32906,4,tilelang,2026.09.25-23.14_tilelang_hard-shape_seed=42,tilelang_codegen_error,confirmed_signature,bool_vector,1790408852.4305518,results/2026.09.25-23.14_tilelang_hard-shape_seed=42/failed/tilelang_codegen_error/failed_extended_mixed_aad4ee19a13dcf67.json,独立复现代表样本，按相同错误签名关联；非逐例根因证明,"line 0, in tvm::codegen::CodeGenTileLangCUDA::VisitExpr_(tvm::tirx::CastNode const*, std::ostream&)
  File ""<unknown>"", line 0, in tvm::codegen::CodeGenC::PrintExpr[abi:cxx11](tvm::PrimExpr const&)
  File ""<unknown>"", line 0, in tvm::codegen::CodeGenC::VisitExpr_(tvm::tirx::AndNode const*, std::ostream&)
  File ""<unknown>"", line 0, in tvm::codegen::CodeGenTileLangCUDA::PrintVecBinaryOp(std::__cxx11::basic_string<char, std::char_traits<char>, std::allocator<char> > const&, tvm::runtime::DataType, tvm::PrimExpr, tvm::PrimExpr, std::ostream&)
  File ""<unknown>"", line 0, in tvm::codegen::CodeGenTileLangCUDA::PrintType(tvm::runtime::DataType, std::ostream&)
  File ""<unknown>"", line 0, in tvm::runtime::detail::LogFatal::~LogFatal()
tvm.error.InternalError: Cannot convert type boolx8 to CUDA type"
32906,4,tilelang,2026.09.25-23.14_tilelang_hard-shape_seed=42,tilelang_codegen_error,confirmed_signature,reduce_layout,1790408995.3494117,results/2026.09.25-23.14_tilelang_hard-shape_seed=42/failed/tilelang_codegen_error/failed_calls_main(f1)__f0()__f1(f0)_1d6dadefc8c0fa06.json,独立复现代表样本，按相同错误签名关联；非逐例根因证明," std::allocator<tvm::tl::backend::reduce::ThreadReduceStep> > const&, tvm::arith::Analyzer*)
  File ""/project/src/backend/common/op/reduce.h"", line 534, in void tvm::tl::backend::reduce::CheckThreadOwnedStepsProjectable(const tvm::PrimExpr&, const tvm::tirx::Var&, const std::vector<ThreadReduceStep>&, tvm::arith::Analyzer*)
tvm.error.InternalError: Check failed: (analyzer->CanProveEqual(projected_index, simplified_index)) is false: ReduceOp cannot lower a layout where a source index depends on a thread-owned reduce segment: src_index=rv % 128 // 16 * 64 + i % 128 // 8 * 4 + rv % 16 // 8 * 2 + i % 2, projected_src_index=(rv - rv % 8) % 128 // 16 * 64 + i % 128 // 8 * 4 + (rv - rv % 8) % 16 // 8 * 2 + i % 2, reduce_var=rv, projected_reduce_var=rv - rv // 128 % 2 * 128 - T.FloorDiv(rv, 1) % 8"
32906,4,tilelang,2026.09.25-23.14_tilelang_hard-shape_seed=42,tilelang_codegen_error,confirmed_signature,reduce_layout,1790409211.1706254,results/2026.09.25-23.14_tilelang_hard-shape_seed=42/failed/tilelang_codegen_error/failed_calls_main(f1)__f0()__f1(f0)_771d1e5d69028a47.json,独立复现代表样本，按相同错误签名关联；非逐例根因证明,"eStep, std::allocator<tvm::tl::backend::reduce::ThreadReduceStep> > const&, tvm::arith::Analyzer*)
  File ""/project/src/backend/common/op/reduce.h"", line 534, in void tvm::tl::backend::reduce::CheckThreadOwnedStepsProjectable(const tvm::PrimExpr&, const tvm::tirx::Var&, const std::vector<ThreadReduceStep>&, tvm::arith::Analyzer*)
tvm.error.InternalError: Check failed: (analyzer->CanProveEqual(projected_index, simplified_index)) is false: ReduceOp cannot lower a layout where a source index depends on a thread-owned reduce segment: src_index=rv % 32 // 16 * 16 + i % 32 // 8 * 4 + rv % 16 // 8 * 2 + i % 2, projected_src_index=(rv - rv % 8) % 32 // 16 * 16 + i % 32 // 8 * 4 + (rv - rv % 8) % 16 // 8 * 2 + i % 2, reduce_var=rv, projected_reduce_var=rv - rv // 32 % 2 * 32 - T.FloorDiv(rv, 1) % 8"
32906,4,triton,2026.09.25-23.14_triton_hard-shape_seed=42,triton_compile_error,confirmed_signature,flip,1790349699.9398172,results/2026.09.25-23.14_triton_hard-shape_seed=42/failed/triton_compile_error/failed_extended_control_calls_171987725a81b4e9.json,独立复现代表样本，按相同错误签名关联；非逐例根因证明,"_fns,
           ^^^^^^^^^^^^^^^^^^^^^^^^^^^^^^^^^^^^^^^^^^^^^^^^^^^^^^^^^^^^^^^^^^^^^^^^^^^^^^^^^^^^^
triton.compiler.errors.CompilationError: at 99:11:
    e82 = (tl.full((), 2, tl.int32)).to(tl.int32)
    e83 = (tl.full((), True, tl.int1)).to(tl.int1)
    e84 = (tl.load(mem4 + bid * 36 + 16 + e82 * 1, (e83 & (e82 >= 0) & (e82 < 4)), other=0)).to(tl.float16)
    e85 = (tl.full((), -0.5, tl.float16)).to(tl.float16)
    e86 = ((e78 * e85)).to(tl.float16)
    e87 = (tl.full((), 0.25, tl.float16)).to(tl.float16)
    e88 = ((e81 * e87)).to(tl.float16)
    e89 = (tl.full((), 0.0, tl.float16)).to(tl.float16)
    e90 = ((e84 * e89)).to(tl.float16)
    e91 = (tl.fma(e86, e88, e90)).to(tl.float16)
    e92 = (tl.fma(e91, e88, e90)).to(tl.float16)
    e93 = (tl.flip(e67)).to(tl.float16)
           ^"
32906,4,triton,2026.09.25-23.14_triton_hard-shape_seed=42,triton_compile_error,confirmed_signature,flip,1790350540.1624613,results/2026.09.25-23.14_triton_hard-shape_seed=42/failed/triton_compile_error/failed_extended_mixed_e7e093eb42dc082a.json,独立复现代表样本，按相同错误签名关联；非逐例根因证明,"^^^^^^^^^^^^^^^^^^^^^^^^^^^^^^^^^^^^^^^^^^^^^^^^^^^^^^^^^^^^^^^^^^^^
triton.compiler.errors.CompilationError: at 147:12:
    e125 = (tl.full((), 2, tl.int32)).to(tl.int32)
    e126 = (tl.full((), True, tl.int1)).to(tl.int1)
    e127 = (tl.load(mem8 + bid * 36 + 16 + e125 * 1, (e126 & (e125 >= 0) & (e125 < 4)), other=0)).to(tl.float16)
    e128 = (tl.full((), 1.0, tl.float16)).to(tl.float16)
    e129 = ((e121 * e128)).to(tl.float16)
    e130 = (tl.full((), 0.125, tl.float16)).to(tl.float16)
    e131 = ((e124 * e130)).to(tl.float16)
    e132 = (tl.full((), -0.125, tl.float16)).to(tl.float16)
    e133 = ((e127 * e132)).to(tl.float16)
    e134 = (tl.fma(e129, e131, e133)).to(tl.float16)
    e135 = (tl.fma(e134, e131, e133)).to(tl.float16)
    e136 = (tl.flip(e105)).to(tl.float16)
            ^"
32906,4,triton,2026.09.25-23.14_triton_hard-shape_seed=42,triton_compile_error,confirmed_signature,flip,1790351083.7967355,results/2026.09.25-23.14_triton_hard-shape_seed=42/failed/triton_compile_error/failed_extended_shape_matmul_7b8068bac2b96ed8.json,独立复现代表样本，按相同错误签名关联；非逐例根因证明,"n_fns,
           ^^^^^^^^^^^^^^^^^^^^^^^^^^^^^^^^^^^^^^^^^^^^^^^^^^^^^^^^^^^^^^^^^^^^^^^^^^^^^^^^^^^^^
triton.compiler.errors.CompilationError: at 48:11:
    e34 = (tl.full((), 2, tl.int32)).to(tl.int32)
    e35 = (tl.full((), True, tl.int1)).to(tl.int1)
    e36 = (tl.load(mem2 + bid * 36 + 16 + e34 * 1, (e35 & (e34 >= 0) & (e34 < 4)), other=0)).to(tl.float32)
    e37 = (tl.full((), 1.0, tl.float32)).to(tl.float32)
    e38 = ((e30 * e37)).to(tl.float32)
    e39 = (tl.full((), 1.0, tl.float32)).to(tl.float32)
    e40 = ((e33 * e39)).to(tl.float32)
    e41 = (tl.full((), -1.0, tl.float32)).to(tl.float32)
    e42 = ((e36 * e41)).to(tl.float32)
    e43 = (tl.fma(e38, e40, e42)).to(tl.float32)
    e44 = (tl.fma(e43, e40, e42)).to(tl.float32)
    e45 = (tl.flip(e18)).to(tl.float32)
           ^"
32906,4,triton,2026.09.25-23.14_triton_hard-shape_seed=42,triton_compile_error,confirmed_signature,flip,1790352241.4234543,results/2026.09.25-23.14_triton_hard-shape_seed=42/failed/triton_compile_error/failed_extended_indexed_memory_776ecd523b3fb714.json,独立复现代表样本，按相同错误签名关联；非逐例根因证明,"s,
           ^^^^^^^^^^^^^^^^^^^^^^^^^^^^^^^^^^^^^^^^^^^^^^^^^^^^^^^^^^^^^^^^^^^^^^^^^^^^^^^^^^^^^
triton.compiler.errors.CompilationError: at 58:11:
    e39 = (tl.full((), 2, tl.int32)).to(tl.int32)
    e40 = (tl.full((), True, tl.int1)).to(tl.int1)
    e41 = (tl.load(mem6 + bid * 36 + 16 + e39 * 1, (e40 & (e39 >= 0) & (e39 < 4)), other=0)).to(tl.float16)
    e42 = (tl.full((), 1.0, tl.float16)).to(tl.float16)
    e43 = ((e35 * e42)).to(tl.float16)
    e44 = (tl.full((), 0.125, tl.float16)).to(tl.float16)
    e45 = ((e38 * e44)).to(tl.float16)
    e46 = (tl.full((), -0.125, tl.float16)).to(tl.float16)
    e47 = ((e41 * e46)).to(tl.float16)
    e48 = (tl.fma(e43, e45, e47)).to(tl.float16)
    e49 = (tl.fma(e48, e45, e47)).to(tl.float16)
    e50 = (tl.flip(e21)).to(tl.float32)
           ^"
32906,4,triton,2026.09.25-23.14_triton_hard-shape_seed=42,triton_compile_error,confirmed_signature,flip,1790352453.4592829,results/2026.09.25-23.14_triton_hard-shape_seed=42/failed/triton_compile_error/failed_extended_control_calls_39a62d907cab035b.json,独立复现代表样本，按相同错误签名关联；非逐例根因证明,"ler/compiler.py"", line 80, in make_ir
    return ast_to_ttir(self.fn, self, context=context, options=options, codegen_fns=codegen_fns,
           ^^^^^^^^^^^^^^^^^^^^^^^^^^^^^^^^^^^^^^^^^^^^^^^^^^^^^^^^^^^^^^^^^^^^^^^^^^^^^^^^^^^^^
triton.compiler.errors.CompilationError: at 78:11:
        e62, e63 = mixed_helper_extended_0_0(e61, e19, mem0, mem1, mem2, mem3, mem4, steps, limit, bid)
        e64 = (tl.full((32, 16), 0.125, tl.float16)).to(tl.float16)
        e65 = ((e62 * e64)).to(tl.float16)
        e66 = ((e53 + e63)).to(tl.float32)
        e67 = (tl.full((), 1, tl.int32)).to(tl.int32)
        e68 = ((e51 + e67)).to(tl.int32)
        e69 = ((e54 + e68)).to(tl.int32)
        e70 = e65
        e71 = e66
        e72 = e69
        e51 += 1
    e73 = (tl.flip(e70)).to(tl.float16)
           ^"
32906,4,triton,2026.09.25-23.14_triton_hard-shape_seed=42,triton_compile_error,confirmed_signature,flip,1790354456.0692124,results/2026.09.25-23.14_triton_hard-shape_seed=42/failed/triton_compile_error/failed_extended_mixed_a16985641ead7f0e.json,独立复现代表样本，按相同错误签名关联；非逐例根因证明,"^^^^^^^^^^^^^^^^^^^^^^^^^^^^^^^^^^^^^^^^^^^^^^^^^^^^^^^^^^^^^^^^^^^^^
triton.compiler.errors.CompilationError: at 146:12:
    e124 = (tl.full((), 2, tl.int32)).to(tl.int32)
    e125 = (tl.full((), True, tl.int1)).to(tl.int1)
    e126 = (tl.load(mem7 + bid * 36 + 16 + e124 * 1, (e125 & (e124 >= 0) & (e124 < 4)), other=0)).to(tl.float32)
    e127 = (tl.full((), 0.125, tl.float32)).to(tl.float32)
    e128 = ((e120 * e127)).to(tl.float32)
    e129 = (tl.full((), 0.0, tl.float32)).to(tl.float32)
    e130 = ((e123 * e129)).to(tl.float32)
    e131 = (tl.full((), 0.125, tl.float32)).to(tl.float32)
    e132 = ((e126 * e131)).to(tl.float32)
    e133 = (tl.fma(e128, e130, e132)).to(tl.float32)
    e134 = (tl.fma(e133, e130, e132)).to(tl.float32)
    e135 = (tl.flip(e104)).to(tl.float16)
            ^"
32906,4,triton,2026.09.25-23.14_triton_hard-shape_seed=42,triton_compile_error,confirmed_signature,flip,1790355393.2084029,results/2026.09.25-23.14_triton_hard-shape_seed=42/failed/triton_compile_error/failed_extended_shape_matmul_dd6e288e0f758d8a.json,独立复现代表样本，按相同错误签名关联；非逐例根因证明,"options=options, codegen_fns=codegen_fns,
           ^^^^^^^^^^^^^^^^^^^^^^^^^^^^^^^^^^^^^^^^^^^^^^^^^^^^^^^^^^^^^^^^^^^^^^^^^^^^^^^^^^^^^
triton.compiler.errors.CompilationError: at 31:11:
    e18 = (e17.to(tl.int8)).to(tl.int8)
    e19 = (tl.full((16, 16), 0, tl.int32)).to(tl.int32)
    e20 = (tl.dot(e10, e18, e19, out_dtype=tl.int32)).to(tl.int32)
    e21 = (tl.sum(e20.to(tl.int32), 0)).to(tl.int32)
    e22 = (tl.sum(e21.to(tl.int32), 0)).to(tl.int32)
    e23 = (e22.to(tl.float32)).to(tl.float32)
    e24 = (tl.full((), 0.0078125, tl.float32)).to(tl.float32)
    e25 = ((e23 * e24)).to(tl.float32)
    e26 = (tl.broadcast_to(e25, (16, 32))).to(tl.float32)
    e27 = (e26.to(tl.float16)).to(tl.float16)
    e28 = ((e5 + e27)).to(tl.float16)
    e29 = (tl.flip(e28)).to(tl.float16)
           ^"
32906,4,triton,2026.09.25-23.14_triton_hard-shape_seed=42,triton_compile_error,confirmed_signature,flip,1790355427.846103,results/2026.09.25-23.14_triton_hard-shape_seed=42/failed/triton_compile_error/failed_extended_mixed_fd43fb4b5bbd3e92.json,独立复现代表样本，按相同错误签名关联；非逐例根因证明,"  return ast_to_ttir(self.fn, self, context=context, options=options, codegen_fns=codegen_fns,
           ^^^^^^^^^^^^^^^^^^^^^^^^^^^^^^^^^^^^^^^^^^^^^^^^^^^^^^^^^^^^^^^^^^^^^^^^^^^^^^^^^^^^^
triton.compiler.errors.CompilationError: at 133:12:
        e112, e113 = mixed_helper_extended_0_0(e111, e69, mem0, mem1, mem2, mem5, mem6, mem7, mem8, steps, limit, bid)
        e114 = (tl.full((16, 32), 0.125, tl.float16)).to(tl.float16)
        e115 = ((e112 * e114)).to(tl.float16)
        e116 = ((e103 + e113)).to(tl.float32)
        e117 = (tl.full((), 1, tl.int32)).to(tl.int32)
        e118 = ((e101 + e117)).to(tl.int32)
        e119 = ((e104 + e118)).to(tl.int32)
        e120 = e115
        e121 = e116
        e122 = e119
        e101 += 1
    e123 = (tl.flip(e120)).to(tl.float16)
            ^"
32906,4,triton,2026.09.25-23.14_triton_hard-shape_seed=42,triton_compile_error,confirmed_signature,flip,1790356012.338714,results/2026.09.25-23.14_triton_hard-shape_seed=42/failed/triton_compile_error/failed_extended_shape_matmul_f535e76f13230807.json,独立复现代表样本，按相同错误签名关联；非逐例根因证明,"context, options=options, codegen_fns=codegen_fns,
           ^^^^^^^^^^^^^^^^^^^^^^^^^^^^^^^^^^^^^^^^^^^^^^^^^^^^^^^^^^^^^^^^^^^^^^^^^^^^^^^^^^^^^
triton.compiler.errors.CompilationError: at 37:11:
    e24 = ((e22 - e23)).to(tl.int32)
    e25 = (e24.to(tl.int8)).to(tl.int8)
    e26 = (tl.full((32, 16), 0, tl.int32)).to(tl.int32)
    e27 = (tl.dot(e17, e25, e26, out_dtype=tl.int32)).to(tl.int32)
    e28 = (tl.sum(e27.to(tl.int32), 0)).to(tl.int32)
    e29 = (tl.sum(e28.to(tl.int32), 0)).to(tl.int32)
    e30 = (e29.to(tl.float32)).to(tl.float32)
    e31 = (tl.full((), 0.0078125, tl.float32)).to(tl.float32)
    e32 = ((e30 * e31)).to(tl.float32)
    e33 = (tl.broadcast_to(e32, (16, 16))).to(tl.float32)
    e34 = ((e9 + e33)).to(tl.float32)
    e35 = (tl.flip(e34)).to(tl.float32)
           ^"
32906,4,triton,2026.09.25-23.14_triton_hard-shape_seed=42,triton_compile_error,confirmed_signature,flip,1790357574.9843106,results/2026.09.25-23.14_triton_hard-shape_seed=42/failed/triton_compile_error/failed_extended_shape_matmul_62986567c1609078.json,独立复现代表样本，按相同错误签名关联；非逐例根因证明,"^^^^^^^^^^^^^^^^^
triton.compiler.errors.CompilationError: at 37:11:
    e23 = (tl.full((16, 16), 0.125, tl.float32)).to(tl.float32)
    e24 = (tl.dot(e21, e22, e23, input_precision='ieee')).to(tl.float32)
    e25 = (tl.where(tl.sum((e24 != e24).to(tl.int32), 1) > 0, float('nan'), tl.max(e24.to(tl.float32), 1))).to(tl.float32)
    e26 = (tl.reshape(e25, (16, 1))).to(tl.float32)
    e27 = ((e24 - e26)).to(tl.float32)
    e28 = (tl.full((16, 16), 0.125, tl.float32)).to(tl.float32)
    e29 = ((e27 * e28)).to(tl.float32)
    e30 = (e29.to(tl.float16)).to(tl.float16)
    e31 = (tl.dot(e30, e22, e23, input_precision='ieee')).to(tl.float32)
    e32 = (tl.reshape(e31, (16, 16))).to(tl.float32)
    e33 = (tl.reshape(e32, (16, 16))).to(tl.float32)
    e34 = (tl.flip(e33)).to(tl.float32)
           ^"
32906,4,triton,2026.09.25-23.14_triton_hard-shape_seed=42,triton_compile_error,confirmed_signature,flip,1790358202.5334764,results/2026.09.25-23.14_triton_hard-shape_seed=42/failed/triton_compile_error/failed_extended_control_calls_e9038585dc36fb0f.json,独立复现代表样本，按相同错误签名关联；非逐例根因证明,"        ^^^^^^^^^^^^^^^^^^^^^^^^^^^^^^^^^^^^^^^^^^^^^^^^^^^^^^^^^^^^^^^^^^^^^^^^^^^^^^^^^^^^^
triton.compiler.errors.CompilationError: at 109:12:
    e92 = (tl.full((), 2, tl.int32)).to(tl.int32)
    e93 = (tl.full((), True, tl.int1)).to(tl.int1)
    e94 = (tl.load(mem5 + bid * 36 + 16 + e92 * 1, (e93 & (e92 >= 0) & (e92 < 4)), other=0)).to(tl.float32)
    e95 = (tl.full((), -0.5, tl.float32)).to(tl.float32)
    e96 = ((e88 * e95)).to(tl.float32)
    e97 = (tl.full((), 0.25, tl.float32)).to(tl.float32)
    e98 = ((e91 * e97)).to(tl.float32)
    e99 = (tl.full((), 0.0, tl.float32)).to(tl.float32)
    e100 = ((e94 * e99)).to(tl.float32)
    e101 = (tl.fma(e96, e98, e100)).to(tl.float32)
    e102 = (tl.fma(e101, e98, e100)).to(tl.float32)
    e103 = (tl.flip(e72)).to(tl.float16)
            ^"
32906,4,triton,2026.09.25-23.14_triton_hard-shape_seed=42,triton_compile_error,confirmed_signature,flip,1790358450.1425474,results/2026.09.25-23.14_triton_hard-shape_seed=42/failed/triton_compile_error/failed_extended_mixed_215acfb218afb2f2.json,独立复现代表样本，按相同错误签名关联；非逐例根因证明,"r.py"", line 80, in make_ir
    return ast_to_ttir(self.fn, self, context=context, options=options, codegen_fns=codegen_fns,
           ^^^^^^^^^^^^^^^^^^^^^^^^^^^^^^^^^^^^^^^^^^^^^^^^^^^^^^^^^^^^^^^^^^^^^^^^^^^^^^^^^^^^^
triton.compiler.errors.CompilationError: at 115:12:
        e94, e95 = mixed_helper_extended_0_0(e93, e31, mem0, mem1, mem4, mem5, mem6, steps, limit, bid)
        e96 = (tl.full((16, 16), 0.125, tl.float16)).to(tl.float16)
        e97 = ((e94 * e96)).to(tl.float16)
        e98 = ((e85 + e95)).to(tl.float32)
        e99 = (tl.full((), 1, tl.int32)).to(tl.int32)
        e100 = ((e83 + e99)).to(tl.int32)
        e101 = ((e86 + e100)).to(tl.int32)
        e102 = e97
        e103 = e98
        e104 = e101
        e83 += 1
    e105 = (tl.flip(e102)).to(tl.float16)
            ^"
32906,4,triton,2026.09.25-23.14_triton_hard-shape_seed=42,triton_compile_error,confirmed_signature,flip,1790358810.6018991,results/2026.09.25-23.14_triton_hard-shape_seed=42/failed/triton_compile_error/failed_extended_arithmetic_2d1fe8b891155ccb.json,独立复现代表样本，按相同错误签名关联；非逐例根因证明,"n_fns,
           ^^^^^^^^^^^^^^^^^^^^^^^^^^^^^^^^^^^^^^^^^^^^^^^^^^^^^^^^^^^^^^^^^^^^^^^^^^^^^^^^^^^^^
triton.compiler.errors.CompilationError: at 48:11:
    e34 = (tl.full((), 2, tl.int32)).to(tl.int32)
    e35 = (tl.full((), True, tl.int1)).to(tl.int1)
    e36 = (tl.load(mem3 + bid * 36 + 16 + e34 * 1, (e35 & (e34 >= 0) & (e34 < 4)), other=0)).to(tl.float16)
    e37 = (tl.full((), 1.0, tl.float16)).to(tl.float16)
    e38 = ((e30 * e37)).to(tl.float16)
    e39 = (tl.full((), 1.0, tl.float16)).to(tl.float16)
    e40 = ((e33 * e39)).to(tl.float16)
    e41 = (tl.full((), -1.0, tl.float16)).to(tl.float16)
    e42 = ((e36 * e41)).to(tl.float16)
    e43 = (tl.fma(e38, e40, e42)).to(tl.float16)
    e44 = (tl.fma(e43, e40, e42)).to(tl.float16)
    e45 = (tl.flip(e18)).to(tl.float16)
           ^"
32906,4,triton,2026.09.25-23.14_triton_hard-shape_seed=42,triton_compile_error,confirmed_signature,flip,1790360462.8235788,results/2026.09.25-23.14_triton_hard-shape_seed=42/failed/triton_compile_error/failed_extended_indexed_memory_87318702e71eca0c.json,独立复现代表样本，按相同错误签名关联；非逐例根因证明,"^^^^^^^^^^^^^^^^^^^^^^^^^^^^^^^^^^^^^^^^^^^^^^^^^^^^^^^^^^^^
triton.compiler.errors.CompilationError: at 24:11:
    e9 = (tl.full((32, 16), 0.125, tl.float16)).to(tl.float16)
    e10 = ((e8 + e9)).to(tl.float16)
    tl.debug_barrier()
    tl.store(mem1 + bid * 1060 + 18 + e5 * 1, e10, (e7 & (e5 >= 0) & (e5 < 512)))
    tl.debug_barrier()
    e11 = (tl.full((32, 16), True, tl.int1)).to(tl.int1)
    e12 = (tl.load(mem1 + bid * 1060 + 17 + e5 * 2, (e11 & (e5 >= 0) & (e5 < 512)), other=0)).to(tl.float16)
    e13 = (tl.full((32, 16), 3, tl.int32)).to(tl.int32)
    e14 = ((e5 ^ e13)).to(tl.int32)
    e15 = (tl.load(mem1 + bid * 1060 + 18 + e14 * 1, (e7 & (e14 >= 0) & (e14 < 512)), other=0)).to(tl.float16)
    e16 = ((e12 + e15)).to(tl.float16)
    e17 = (tl.flip(e16)).to(tl.float16)
           ^"
32906,4,triton,2026.09.25-23.14_triton_hard-shape_seed=42,triton_compile_error,confirmed_signature,flip,1790360920.911007,results/2026.09.25-23.14_triton_hard-shape_seed=42/failed/triton_compile_error/failed_extended_control_calls_5cc3fd9236349bd3.json,独立复现代表样本，按相同错误签名关联；非逐例根因证明,"triton/compiler/compiler.py"", line 80, in make_ir
    return ast_to_ttir(self.fn, self, context=context, options=options, codegen_fns=codegen_fns,
           ^^^^^^^^^^^^^^^^^^^^^^^^^^^^^^^^^^^^^^^^^^^^^^^^^^^^^^^^^^^^^^^^^^^^^^^^^^^^^^^^^^^^^
triton.compiler.errors.CompilationError: at 76:11:
        e60, e61 = mixed_helper_extended_0_0(e59, e17, mem0, mem1, mem2, steps, limit, bid)
        e62 = (tl.full((32, 16), 0.125, tl.float16)).to(tl.float16)
        e63 = ((e60 * e62)).to(tl.float16)
        e64 = ((e51 + e61)).to(tl.float32)
        e65 = (tl.full((), 1, tl.int32)).to(tl.int32)
        e66 = ((e49 + e65)).to(tl.int32)
        e67 = ((e52 + e66)).to(tl.int32)
        e68 = e63
        e69 = e64
        e70 = e67
        e49 += 1
    e71 = (tl.flip(e68)).to(tl.float16)
           ^"
32906,4,triton,2026.09.25-23.14_triton_hard-shape_seed=42,triton_compile_error,confirmed_signature,flip,1790360930.802002,results/2026.09.25-23.14_triton_hard-shape_seed=42/failed/triton_compile_error/failed_extended_indexed_memory_df528d3e6b1b6b7d.json,独立复现代表样本，按相同错误签名关联；非逐例根因证明,"^^^^^^^^^^^^^^^^^^^^^^^^^^^^^^^^^^^^^^^^^^^^^^^^^^^^^^^^^^^^
triton.compiler.errors.CompilationError: at 26:11:
    e11 = (tl.full((16, 16), 0.125, tl.float16)).to(tl.float16)
    e12 = ((e10 + e11)).to(tl.float16)
    tl.debug_barrier()
    tl.store(mem1 + bid * 548 + 18 + e7 * 1, e12, (e9 & (e7 >= 0) & (e7 < 256)))
    tl.debug_barrier()
    e13 = (tl.full((16, 16), True, tl.int1)).to(tl.int1)
    e14 = (tl.load(mem1 + bid * 548 + 17 + e7 * 2, (e13 & (e7 >= 0) & (e7 < 256)), other=0)).to(tl.float16)
    e15 = (tl.full((16, 16), 1, tl.int32)).to(tl.int32)
    e16 = ((e7 ^ e15)).to(tl.int32)
    e17 = (tl.load(mem1 + bid * 548 + 18 + e16 * 1, (e9 & (e16 >= 0) & (e16 < 256)), other=0)).to(tl.float16)
    e18 = ((e14 + e17)).to(tl.float16)
    e19 = (tl.flip(e18)).to(tl.float16)
           ^"
32906,4,triton,2026.09.25-23.14_triton_hard-shape_seed=42,triton_compile_error,confirmed_signature,flip,1790361638.895029,results/2026.09.25-23.14_triton_hard-shape_seed=42/failed/triton_compile_error/failed_extended_arithmetic_2a6a45370f48c22a.json,独立复现代表样本，按相同错误签名关联；非逐例根因证明,"return ast_to_ttir(self.fn, self, context=context, options=options, codegen_fns=codegen_fns,
           ^^^^^^^^^^^^^^^^^^^^^^^^^^^^^^^^^^^^^^^^^^^^^^^^^^^^^^^^^^^^^^^^^^^^^^^^^^^^^^^^^^^^^
triton.compiler.errors.CompilationError: at 17:11:
    e4 = ((e3 * e3)).to(tl.float16)
    e5 = (e4.to(tl.float16)).to(tl.float16)
    e6 = (tl.full((16, 16), 0.5, tl.float16)).to(tl.float16)
    e7 = ((e5 * e6)).to(tl.float16)
    e8 = (tl.full((16, 16), 1, tl.int32)).to(tl.int32)
    e9 = ((e1 ^ e8)).to(tl.int32)
    e10 = (tl.full((16, 16), 3, tl.int32)).to(tl.int32)
    e11 = ((e9 < e10)).to(tl.int1)
    e12 = ((e11 & e2)).to(tl.int1)
    e13 = (tl.full((16, 16), -0.125, tl.float16)).to(tl.float16)
    e14 = (tl.where(e12, e7, e13)).to(tl.float16)
    e15 = (tl.flip(e14)).to(tl.float16)
           ^"
32906,4,triton,2026.09.25-23.14_triton_hard-shape_seed=42,triton_compile_error,confirmed_signature,flip,1790361710.9698248,results/2026.09.25-23.14_triton_hard-shape_seed=42/failed/triton_compile_error/failed_extended_arithmetic_c001e09e050ce35b.json,独立复现代表样本，按相同错误签名关联；非逐例根因证明,"lf.fn, self, context=context, options=options, codegen_fns=codegen_fns,
           ^^^^^^^^^^^^^^^^^^^^^^^^^^^^^^^^^^^^^^^^^^^^^^^^^^^^^^^^^^^^^^^^^^^^^^^^^^^^^^^^^^^^^
triton.compiler.errors.CompilationError: at 25:11:
    e12 = (e11.to(tl.float16)).to(tl.float16)
    e13 = (e12.to(tl.float16)).to(tl.float16)
    e14 = (tl.full((16, 32), 0.5, tl.float16)).to(tl.float16)
    e15 = ((e13 * e14)).to(tl.float16)
    e16 = (tl.full((16, 32), 3, tl.int32)).to(tl.int32)
    e17 = ((e8 & e16)).to(tl.int32)
    e18 = (tl.full((16, 32), 3, tl.int32)).to(tl.int32)
    e19 = ((e17 < e18)).to(tl.int1)
    e20 = ((e19 & e2)).to(tl.int1)
    e21 = (tl.full((16, 32), -0.125, tl.float16)).to(tl.float16)
    e22 = (tl.where(e20, e15, e21)).to(tl.float16)
    e23 = (tl.flip(e22)).to(tl.float16)
           ^"
32906,4,triton,2026.09.25-23.14_triton_hard-shape_seed=42,triton_compile_error,confirmed_signature,flip,1790361789.787216,results/2026.09.25-23.14_triton_hard-shape_seed=42/failed/triton_compile_error/failed_extended_indexed_memory_a10ce55a9c8e8b4f.json,独立复现代表样本，按相同错误签名关联；非逐例根因证明,"_fns,
           ^^^^^^^^^^^^^^^^^^^^^^^^^^^^^^^^^^^^^^^^^^^^^^^^^^^^^^^^^^^^^^^^^^^^^^^^^^^^^^^^^^^^^
triton.compiler.errors.CompilationError: at 51:11:
    e32 = (tl.full((), 2, tl.int32)).to(tl.int32)
    e33 = (tl.full((), True, tl.int1)).to(tl.int1)
    e34 = (tl.load(mem5 + bid * 36 + 16 + e32 * 1, (e33 & (e32 >= 0) & (e32 < 4)), other=0)).to(tl.float16)
    e35 = (tl.full((), -0.5, tl.float16)).to(tl.float16)
    e36 = ((e28 * e35)).to(tl.float16)
    e37 = (tl.full((), 0.25, tl.float16)).to(tl.float16)
    e38 = ((e31 * e37)).to(tl.float16)
    e39 = (tl.full((), 0.0, tl.float16)).to(tl.float16)
    e40 = ((e34 * e39)).to(tl.float16)
    e41 = (tl.fma(e36, e38, e40)).to(tl.float16)
    e42 = (tl.fma(e41, e38, e40)).to(tl.float16)
    e43 = (tl.flip(e16)).to(tl.float16)
           ^"
32906,4,triton,2026.09.25-23.14_triton_hard-shape_seed=42,triton_compile_error,confirmed_signature,flip,1790361949.4869661,results/2026.09.25-23.14_triton_hard-shape_seed=42/failed/triton_compile_error/failed_extended_arithmetic_4962fc9d4312cb31.json,独立复现代表样本，按相同错误签名关联；非逐例根因证明,"ntext=context, options=options, codegen_fns=codegen_fns,
           ^^^^^^^^^^^^^^^^^^^^^^^^^^^^^^^^^^^^^^^^^^^^^^^^^^^^^^^^^^^^^^^^^^^^^^^^^^^^^^^^^^^^^
triton.compiler.errors.CompilationError: at 28:11:
    e15 = ((e13 * e14)).to(tl.float16)
    e16 = (tl.full((16, 16), 7, tl.int32)).to(tl.int32)
    e17 = ((e9 ^ e16)).to(tl.int32)
    e18 = (tl.full((16, 16), 3, tl.int32)).to(tl.int32)
    e19 = ((e17 < e18)).to(tl.int1)
    e20 = ((((tl.arange(0, 16)[:, None] * 16 + tl.arange(0, 16)[None, :]) + 45) % 256)).to(tl.int32)
    e21 = (limit).to(tl.int32)
    e22 = ((e20 < e21)).to(tl.int1)
    e23 = ((e19 & e22)).to(tl.int1)
    e24 = (tl.full((16, 16), -0.125, tl.float16)).to(tl.float16)
    e25 = (tl.where(e23, e15, e24)).to(tl.float16)
    e26 = (tl.flip(e25)).to(tl.float16)
           ^"
32906,4,triton,2026.09.25-23.14_triton_hard-shape_seed=42,triton_compile_error,confirmed_signature,flip,1790362279.3494878,results/2026.09.25-23.14_triton_hard-shape_seed=42/failed/triton_compile_error/failed_extended_shape_matmul_064e5a363447e0f6.json,独立复现代表样本，按相同错误签名关联；非逐例根因证明,"_fns,
           ^^^^^^^^^^^^^^^^^^^^^^^^^^^^^^^^^^^^^^^^^^^^^^^^^^^^^^^^^^^^^^^^^^^^^^^^^^^^^^^^^^^^^
triton.compiler.errors.CompilationError: at 52:11:
    e38 = (tl.full((), 2, tl.int32)).to(tl.int32)
    e39 = (tl.full((), True, tl.int1)).to(tl.int1)
    e40 = (tl.load(mem3 + bid * 36 + 16 + e38 * 1, (e39 & (e38 >= 0) & (e38 < 4)), other=0)).to(tl.float32)
    e41 = (tl.full((), -0.5, tl.float32)).to(tl.float32)
    e42 = ((e34 * e41)).to(tl.float32)
    e43 = (tl.full((), 0.25, tl.float32)).to(tl.float32)
    e44 = ((e37 * e43)).to(tl.float32)
    e45 = (tl.full((), 0.0, tl.float32)).to(tl.float32)
    e46 = ((e40 * e45)).to(tl.float32)
    e47 = (tl.fma(e42, e44, e46)).to(tl.float32)
    e48 = (tl.fma(e47, e44, e46)).to(tl.float32)
    e49 = (tl.flip(e20)).to(tl.float32)
           ^"
32906,4,triton,2026.09.25-23.14_triton_hard-shape_seed=42,triton_compile_error,confirmed_signature,flip,1790363345.288172,results/2026.09.25-23.14_triton_hard-shape_seed=42/failed/triton_compile_error/failed_extended_shape_matmul_519ef811c66c5c83.json,独立复现代表样本，按相同错误签名关联；非逐例根因证明,"context, options=options, codegen_fns=codegen_fns,
           ^^^^^^^^^^^^^^^^^^^^^^^^^^^^^^^^^^^^^^^^^^^^^^^^^^^^^^^^^^^^^^^^^^^^^^^^^^^^^^^^^^^^^
triton.compiler.errors.CompilationError: at 32:11:
    e19 = ((e17 - e18)).to(tl.int32)
    e20 = (e19.to(tl.int8)).to(tl.int8)
    e21 = (tl.full((32, 32), 0, tl.int32)).to(tl.int32)
    e22 = (tl.dot(e12, e20, e21, out_dtype=tl.int32)).to(tl.int32)
    e23 = (tl.sum(e22.to(tl.int32), 0)).to(tl.int32)
    e24 = (tl.sum(e23.to(tl.int32), 0)).to(tl.int32)
    e25 = (e24.to(tl.float32)).to(tl.float32)
    e26 = (tl.full((), 0.0078125, tl.float32)).to(tl.float32)
    e27 = ((e25 * e26)).to(tl.float32)
    e28 = (tl.broadcast_to(e27, (32, 16))).to(tl.float32)
    e29 = ((e4 + e28)).to(tl.float32)
    e30 = (tl.flip(e29)).to(tl.float32)
           ^"
32906,4,triton,2026.09.25-23.14_triton_hard-shape_seed=42,triton_compile_error,confirmed_signature,flip,1790365049.676967,results/2026.09.25-23.14_triton_hard-shape_seed=42/failed/triton_compile_error/failed_extended_arithmetic_1bf12faa929d5fde.json,独立复现代表样本，按相同错误签名关联；非逐例根因证明,"to_ttir(self.fn, self, context=context, options=options, codegen_fns=codegen_fns,
           ^^^^^^^^^^^^^^^^^^^^^^^^^^^^^^^^^^^^^^^^^^^^^^^^^^^^^^^^^^^^^^^^^^^^^^^^^^^^^^^^^^^^^
triton.compiler.errors.CompilationError: at 18:11:
    e5 = (e4.to(tl.float16)).to(tl.float16)
    e6 = (e5.to(tl.float16)).to(tl.float16)
    e7 = (tl.full((32, 16), 0.5, tl.float16)).to(tl.float16)
    e8 = ((e6 * e7)).to(tl.float16)
    e9 = (tl.full((32, 16), 7, tl.int32)).to(tl.int32)
    e10 = ((e1 ^ e9)).to(tl.int32)
    e11 = (tl.full((32, 16), 3, tl.int32)).to(tl.int32)
    e12 = ((e10 < e11)).to(tl.int1)
    e13 = ((e12 & e12)).to(tl.int1)
    e14 = (tl.full((32, 16), -0.125, tl.float16)).to(tl.float16)
    e15 = (tl.where(e13, e8, e14)).to(tl.float16)
    e16 = (tl.flip(e15)).to(tl.float16)
           ^"
32906,4,triton,2026.09.25-23.14_triton_hard-shape_seed=42,triton_compile_error,confirmed_signature,flip,1790366420.2615514,results/2026.09.25-23.14_triton_hard-shape_seed=42/failed/triton_compile_error/failed_extended_arithmetic_b92ceeec5124b688.json,独立复现代表样本，按相同错误签名关联；非逐例根因证明,"s,
           ^^^^^^^^^^^^^^^^^^^^^^^^^^^^^^^^^^^^^^^^^^^^^^^^^^^^^^^^^^^^^^^^^^^^^^^^^^^^^^^^^^^^^
triton.compiler.errors.CompilationError: at 41:11:
    e28 = (tl.full((), 2, tl.int32)).to(tl.int32)
    e29 = (tl.full((), True, tl.int1)).to(tl.int1)
    e30 = (tl.load(mem2 + bid * 36 + 16 + e28 * 1, (e29 & (e28 >= 0) & (e28 < 4)), other=0)).to(tl.float32)
    e31 = (tl.full((), 1.0, tl.float32)).to(tl.float32)
    e32 = ((e24 * e31)).to(tl.float32)
    e33 = (tl.full((), 0.125, tl.float32)).to(tl.float32)
    e34 = ((e27 * e33)).to(tl.float32)
    e35 = (tl.full((), -0.125, tl.float32)).to(tl.float32)
    e36 = ((e30 * e35)).to(tl.float32)
    e37 = (tl.fma(e32, e34, e36)).to(tl.float32)
    e38 = (tl.fma(e37, e34, e36)).to(tl.float32)
    e39 = (tl.flip(e21)).to(tl.float16)
           ^"
32906,4,triton,2026.09.25-23.14_triton_hard-shape_seed=42,triton_compile_error,confirmed_signature,flip,1790366612.6341078,results/2026.09.25-23.14_triton_hard-shape_seed=42/failed/triton_compile_error/failed_extended_mixed_9adae811060e1776.json,独立复现代表样本，按相同错误签名关联；非逐例根因证明,"n/compiler/compiler.py"", line 80, in make_ir
    return ast_to_ttir(self.fn, self, context=context, options=options, codegen_fns=codegen_fns,
           ^^^^^^^^^^^^^^^^^^^^^^^^^^^^^^^^^^^^^^^^^^^^^^^^^^^^^^^^^^^^^^^^^^^^^^^^^^^^^^^^^^^^^
triton.compiler.errors.CompilationError: at 112:12:
        e91, e92 = mixed_helper_extended_0_0(e90, e31, mem0, mem1, mem4, steps, limit, bid)
        e93 = (tl.full((16, 16), 0.125, tl.float16)).to(tl.float16)
        e94 = ((e91 * e93)).to(tl.float16)
        e95 = ((e82 + e92)).to(tl.float32)
        e96 = (tl.full((), 1, tl.int32)).to(tl.int32)
        e97 = ((e80 + e96)).to(tl.int32)
        e98 = ((e83 + e97)).to(tl.int32)
        e99 = e94
        e100 = e95
        e101 = e98
        e80 += 1
    e102 = (tl.flip(e99)).to(tl.float16)
            ^"
32906,4,triton,2026.09.25-23.14_triton_hard-shape_seed=42,triton_compile_error,confirmed_signature,flip,1790367074.1939101,results/2026.09.25-23.14_triton_hard-shape_seed=42/failed/triton_compile_error/failed_extended_control_calls_18f9aa7ef97b30a3.json,独立复现代表样本，按相同错误签名关联；非逐例根因证明,"_fns,
           ^^^^^^^^^^^^^^^^^^^^^^^^^^^^^^^^^^^^^^^^^^^^^^^^^^^^^^^^^^^^^^^^^^^^^^^^^^^^^^^^^^^^^
triton.compiler.errors.CompilationError: at 97:11:
    e81 = (tl.full((), 2, tl.int32)).to(tl.int32)
    e82 = (tl.full((), True, tl.int1)).to(tl.int1)
    e83 = (tl.load(mem4 + bid * 36 + 16 + e81 * 1, (e82 & (e81 >= 0) & (e81 < 4)), other=0)).to(tl.float32)
    e84 = (tl.full((), -0.5, tl.float32)).to(tl.float32)
    e85 = ((e77 * e84)).to(tl.float32)
    e86 = (tl.full((), 0.25, tl.float32)).to(tl.float32)
    e87 = ((e80 * e86)).to(tl.float32)
    e88 = (tl.full((), 0.0, tl.float32)).to(tl.float32)
    e89 = ((e83 * e88)).to(tl.float32)
    e90 = (tl.fma(e85, e87, e89)).to(tl.float32)
    e91 = (tl.fma(e90, e87, e89)).to(tl.float32)
    e92 = (tl.flip(e72)).to(tl.float16)
           ^"
32906,4,triton,2026.09.25-23.14_triton_hard-shape_seed=42,triton_compile_error,confirmed_signature,flip,1790368203.7022777,results/2026.09.25-23.14_triton_hard-shape_seed=42/failed/triton_compile_error/failed_extended_shape_matmul_ef0e6ca6103f06fd.json,独立复现代表样本，按相同错误签名关联；非逐例根因证明,"^^
triton.compiler.errors.CompilationError: at 36:11:
    e23 = (tl.broadcast_to(e22, (16, 16))).to(tl.int32)
    e24 = (tl.full((), 2, tl.int32)).to(tl.int32)
    e25 = (tl.broadcast_to(e24, (16, 16))).to(tl.int32)
    e26 = ((e23 - e25)).to(tl.int32)
    e27 = ((((255 - (tl.arange(0, 16)[:, None] * 16 + tl.arange(0, 16)[None, :])) + 7) % 256)).to(tl.int32)
    e28 = (tl.full((16, 16), 7, tl.int32)).to(tl.int32)
    e29 = ((e27 & e28)).to(tl.int32)
    e30 = ((((255 - (tl.arange(0, 16)[:, None] * 16 + tl.arange(0, 16)[None, :])) + 209) % 256)).to(tl.int32)
    e31 = (tl.full((16, 16), 128, tl.int32)).to(tl.int32)
    e32 = ((e30 < e31)).to(tl.int1)
    tl.atomic_min(mem2 + bid * 288 + 16 + e29 * 1, e26, (e32 & (e29 >= 0) & (e29 < 256)))
    e33 = (tl.flip(e21)).to(tl.float32)
           ^"
32906,4,triton,2026.09.25-23.14_triton_hard-shape_seed=42,triton_compile_error,confirmed_signature,flip,1790368987.2100377,results/2026.09.25-23.14_triton_hard-shape_seed=42/failed/triton_compile_error/failed_extended_indexed_memory_88f935aefda83979.json,独立复现代表样本，按相同错误签名关联；非逐例根因证明,"^^^^^^^^^^^^^^^^^^^
triton.compiler.errors.CompilationError: at 35:11:
    e17 = ((e13 + e16)).to(tl.float16)
    e18 = (tl.full((), 2, tl.int32)).to(tl.int32)
    e19 = (tl.broadcast_to(e18, (16, 32))).to(tl.int32)
    e20 = (tl.full((), -1, tl.int32)).to(tl.int32)
    e21 = (tl.broadcast_to(e20, (16, 32))).to(tl.int32)
    e22 = ((e19 + e21)).to(tl.int32)
    e23 = ((((tl.arange(0, 16)[:, None] * 32 + tl.arange(0, 32)[None, :]) + 156) % 512)).to(tl.int32)
    e24 = ((((tl.arange(0, 16)[:, None] * 32 + tl.arange(0, 32)[None, :]) + 143) % 512)).to(tl.int32)
    e25 = (tl.full((16, 32), 256, tl.int32)).to(tl.int32)
    e26 = ((e24 < e25)).to(tl.int1)
    tl.atomic_max(mem4 + bid * 544 + 16 + e23 * 1, e22, (e26 & (e23 >= 0) & (e23 < 512)))
    e27 = (tl.flip(e17)).to(tl.float16)
           ^"
32906,4,triton,2026.09.25-23.14_triton_hard-shape_seed=42,triton_compile_error,confirmed_signature,flip,1790369312.4966998,results/2026.09.25-23.14_triton_hard-shape_seed=42/failed/triton_compile_error/failed_extended_control_calls_6601b53f08c34807.json,独立复现代表样本，按相同错误签名关联；非逐例根因证明,"/compiler/compiler.py"", line 80, in make_ir
    return ast_to_ttir(self.fn, self, context=context, options=options, codegen_fns=codegen_fns,
           ^^^^^^^^^^^^^^^^^^^^^^^^^^^^^^^^^^^^^^^^^^^^^^^^^^^^^^^^^^^^^^^^^^^^^^^^^^^^^^^^^^^^^
triton.compiler.errors.CompilationError: at 80:11:
        e64, e65 = mixed_helper_extended_0_0(e63, e21, mem0, mem1, mem2, mem3, steps, limit, bid)
        e66 = (tl.full((16, 16), 0.125, tl.float16)).to(tl.float16)
        e67 = ((e64 * e66)).to(tl.float16)
        e68 = ((e55 + e65)).to(tl.float32)
        e69 = (tl.full((), 1, tl.int32)).to(tl.int32)
        e70 = ((e53 + e69)).to(tl.int32)
        e71 = ((e56 + e70)).to(tl.int32)
        e72 = e67
        e73 = e68
        e74 = e71
        e53 += 1
    e75 = (tl.flip(e72)).to(tl.float16)
           ^"
32906,4,triton,2026.09.25-23.14_triton_hard-shape_seed=42,triton_compile_error,confirmed_signature,flip,1790369631.2634976,results/2026.09.25-23.14_triton_hard-shape_seed=42/failed/triton_compile_error/failed_extended_arithmetic_ef01c3ffac342937.json,独立复现代表样本，按相同错误签名关联；非逐例根因证明,"s,
           ^^^^^^^^^^^^^^^^^^^^^^^^^^^^^^^^^^^^^^^^^^^^^^^^^^^^^^^^^^^^^^^^^^^^^^^^^^^^^^^^^^^^^
triton.compiler.errors.CompilationError: at 34:11:
    e21 = (tl.full((), 2, tl.int32)).to(tl.int32)
    e22 = (tl.full((), True, tl.int1)).to(tl.int1)
    e23 = (tl.load(mem1 + bid * 36 + 16 + e21 * 1, (e22 & (e21 >= 0) & (e21 < 4)), other=0)).to(tl.float16)
    e24 = (tl.full((), 1.0, tl.float16)).to(tl.float16)
    e25 = ((e17 * e24)).to(tl.float16)
    e26 = (tl.full((), 0.125, tl.float16)).to(tl.float16)
    e27 = ((e20 * e26)).to(tl.float16)
    e28 = (tl.full((), -0.125, tl.float16)).to(tl.float16)
    e29 = ((e23 * e28)).to(tl.float16)
    e30 = (tl.fma(e25, e27, e29)).to(tl.float16)
    e31 = (tl.fma(e30, e27, e29)).to(tl.float16)
    e32 = (tl.flip(e14)).to(tl.float16)
           ^"
32906,4,triton,2026.09.25-23.14_triton_hard-shape_seed=42,triton_compile_error,confirmed_signature,flip,1790370308.6039832,results/2026.09.25-23.14_triton_hard-shape_seed=42/failed/triton_compile_error/failed_extended_shape_matmul_a9ebd73b36f9ec1c.json,独立复现代表样本，按相同错误签名关联；非逐例根因证明,"ns,
           ^^^^^^^^^^^^^^^^^^^^^^^^^^^^^^^^^^^^^^^^^^^^^^^^^^^^^^^^^^^^^^^^^^^^^^^^^^^^^^^^^^^^^
triton.compiler.errors.CompilationError: at 42:11:
    e29 = (tl.full((), 2, tl.int32)).to(tl.int32)
    e30 = (tl.full((), True, tl.int1)).to(tl.int1)
    e31 = (tl.load(mem1 + bid * 36 + 16 + e29 * 1, (e30 & (e29 >= 0) & (e29 < 4)), other=0)).to(tl.float16)
    e32 = (tl.full((), 0.125, tl.float16)).to(tl.float16)
    e33 = ((e25 * e32)).to(tl.float16)
    e34 = (tl.full((), 0.0, tl.float16)).to(tl.float16)
    e35 = ((e28 * e34)).to(tl.float16)
    e36 = (tl.full((), 0.125, tl.float16)).to(tl.float16)
    e37 = ((e31 * e36)).to(tl.float16)
    e38 = (tl.fma(e33, e35, e37)).to(tl.float16)
    e39 = (tl.fma(e38, e35, e37)).to(tl.float16)
    e40 = (tl.flip(e22)).to(tl.float32)
           ^"
32906,4,triton,2026.09.25-23.14_triton_hard-shape_seed=42,triton_compile_error,confirmed_signature,flip,1790370774.1458642,results/2026.09.25-23.14_triton_hard-shape_seed=42/failed/triton_compile_error/failed_extended_arithmetic_415565e95f841137.json,独立复现代表样本，按相同错误签名关联；非逐例根因证明,"_ttir(self.fn, self, context=context, options=options, codegen_fns=codegen_fns,
           ^^^^^^^^^^^^^^^^^^^^^^^^^^^^^^^^^^^^^^^^^^^^^^^^^^^^^^^^^^^^^^^^^^^^^^^^^^^^^^^^^^^^^
triton.compiler.errors.CompilationError: at 24:11:
    e11 = ((e9 - e10)).to(tl.float32)
    e12 = (e11.to(tl.float16)).to(tl.float16)
    e13 = (tl.full((16, 16), 0.5, tl.float16)).to(tl.float16)
    e14 = ((e12 * e13)).to(tl.float16)
    e15 = (tl.full((16, 16), 3, tl.int32)).to(tl.int32)
    e16 = ((e4 & e15)).to(tl.int32)
    e17 = (tl.full((16, 16), 3, tl.int32)).to(tl.int32)
    e18 = ((e16 < e17)).to(tl.int1)
    e19 = ((e18 & e5)).to(tl.int1)
    e20 = (tl.full((16, 16), -0.125, tl.float16)).to(tl.float16)
    e21 = (tl.where(e19, e14, e20)).to(tl.float16)
    e22 = (tl.flip(e21)).to(tl.float16)
           ^"
32906,4,triton,2026.09.25-23.14_triton_hard-shape_seed=42,triton_compile_error,confirmed_signature,flip,1790371574.4077253,results/2026.09.25-23.14_triton_hard-shape_seed=42/failed/triton_compile_error/failed_extended_indexed_memory_a9eb4b7d82dc439d.json,独立复现代表样本，按相同错误签名关联；非逐例根因证明,"_fns,
           ^^^^^^^^^^^^^^^^^^^^^^^^^^^^^^^^^^^^^^^^^^^^^^^^^^^^^^^^^^^^^^^^^^^^^^^^^^^^^^^^^^^^^
triton.compiler.errors.CompilationError: at 44:11:
    e26 = (tl.full((), 2, tl.int32)).to(tl.int32)
    e27 = (tl.full((), True, tl.int1)).to(tl.int1)
    e28 = (tl.load(mem4 + bid * 36 + 16 + e26 * 1, (e27 & (e26 >= 0) & (e26 < 4)), other=0)).to(tl.float32)
    e29 = (tl.full((), -0.5, tl.float32)).to(tl.float32)
    e30 = ((e22 * e29)).to(tl.float32)
    e31 = (tl.full((), 0.25, tl.float32)).to(tl.float32)
    e32 = ((e25 * e31)).to(tl.float32)
    e33 = (tl.full((), 0.0, tl.float32)).to(tl.float32)
    e34 = ((e28 * e33)).to(tl.float32)
    e35 = (tl.fma(e30, e32, e34)).to(tl.float32)
    e36 = (tl.fma(e35, e32, e34)).to(tl.float32)
    e37 = (tl.flip(e19)).to(tl.float16)
           ^"
32906,4,triton,2026.09.25-23.14_triton_hard-shape_seed=42,triton_compile_error,confirmed_signature,flip,1790372512.6839294,results/2026.09.25-23.14_triton_hard-shape_seed=42/failed/triton_compile_error/failed_extended_indexed_memory_a4cf8efd3726dfcc.json,独立复现代表样本，按相同错误签名关联；非逐例根因证明,"^^^^^^^^
triton.compiler.errors.CompilationError: at 38:11:
    e20 = (tl.broadcast_to(e19, (16, 16))).to(tl.int32)
    e21 = (tl.full((), 1, tl.int32)).to(tl.int32)
    e22 = (tl.broadcast_to(e21, (16, 16))).to(tl.int32)
    e23 = ((e20 + e22)).to(tl.int32)
    e24 = ((((tl.arange(0, 16)[:, None] * 16 + tl.arange(0, 16)[None, :]) + 0) % 256)).to(tl.int32)
    e25 = (tl.full((16, 16), 127, tl.int32)).to(tl.int32)
    e26 = ((e24 & e25)).to(tl.int32)
    e27 = ((((255 - (tl.arange(0, 16)[:, None] * 16 + tl.arange(0, 16)[None, :])) + 176) % 256)).to(tl.int32)
    e28 = (tl.full((16, 16), 128, tl.int32)).to(tl.int32)
    e29 = ((e27 < e28)).to(tl.int1)
    tl.atomic_add(mem4 + bid * 288 + 16 + e26 * 1, e23, (e29 & (e26 >= 0) & (e26 < 256)))
    e30 = (tl.flip(e18)).to(tl.float16)
           ^"
32906,4,triton,2026.09.25-23.14_triton_hard-shape_seed=42,triton_compile_error,confirmed_signature,flip,1790373160.4469552,results/2026.09.25-23.14_triton_hard-shape_seed=42/failed/triton_compile_error/failed_extended_control_calls_2d9288cde3dd5623.json,独立复现代表样本，按相同错误签名关联；非逐例根因证明,"/compiler/compiler.py"", line 80, in make_ir
    return ast_to_ttir(self.fn, self, context=context, options=options, codegen_fns=codegen_fns,
           ^^^^^^^^^^^^^^^^^^^^^^^^^^^^^^^^^^^^^^^^^^^^^^^^^^^^^^^^^^^^^^^^^^^^^^^^^^^^^^^^^^^^^
triton.compiler.errors.CompilationError: at 75:11:
        e59, e60 = mixed_helper_extended_0_0(e58, e16, mem0, mem1, mem2, mem3, steps, limit, bid)
        e61 = (tl.full((32, 16), 0.125, tl.float16)).to(tl.float16)
        e62 = ((e59 * e61)).to(tl.float16)
        e63 = ((e50 + e60)).to(tl.float32)
        e64 = (tl.full((), 1, tl.int32)).to(tl.int32)
        e65 = ((e48 + e64)).to(tl.int32)
        e66 = ((e51 + e65)).to(tl.int32)
        e67 = e62
        e68 = e63
        e69 = e66
        e48 += 1
    e70 = (tl.flip(e67)).to(tl.float16)
           ^"
32906,4,triton,2026.09.25-23.14_triton_hard-shape_seed=42,triton_compile_error,confirmed_signature,flip,1790373684.6444142,results/2026.09.25-23.14_triton_hard-shape_seed=42/failed/triton_compile_error/failed_extended_mixed_2a3af18421a2c88f.json,独立复现代表样本，按相同错误签名关联；非逐例根因证明,"line 80, in make_ir
    return ast_to_ttir(self.fn, self, context=context, options=options, codegen_fns=codegen_fns,
           ^^^^^^^^^^^^^^^^^^^^^^^^^^^^^^^^^^^^^^^^^^^^^^^^^^^^^^^^^^^^^^^^^^^^^^^^^^^^^^^^^^^^^
triton.compiler.errors.CompilationError: at 128:12:
        e107, e108 = mixed_helper_extended_0_0(e106, e64, mem0, mem1, mem4, mem5, steps, limit, bid)
        e109 = (tl.full((16, 32), 0.125, tl.float16)).to(tl.float16)
        e110 = ((e107 * e109)).to(tl.float16)
        e111 = ((e98 + e108)).to(tl.float32)
        e112 = (tl.full((), 1, tl.int32)).to(tl.int32)
        e113 = ((e96 + e112)).to(tl.int32)
        e114 = ((e99 + e113)).to(tl.int32)
        e115 = e110
        e116 = e111
        e117 = e114
        e96 += 1
    e118 = (tl.flip(e115)).to(tl.float16)
            ^"
32906,4,triton,2026.09.25-23.14_triton_hard-shape_seed=42,triton_compile_error,confirmed_signature,flip,1790374335.214292,results/2026.09.25-23.14_triton_hard-shape_seed=42/failed/triton_compile_error/failed_extended_control_calls_6ce921efd952a0cb.json,独立复现代表样本，按相同错误签名关联；非逐例根因证明,"ler/compiler.py"", line 80, in make_ir
    return ast_to_ttir(self.fn, self, context=context, options=options, codegen_fns=codegen_fns,
           ^^^^^^^^^^^^^^^^^^^^^^^^^^^^^^^^^^^^^^^^^^^^^^^^^^^^^^^^^^^^^^^^^^^^^^^^^^^^^^^^^^^^^
triton.compiler.errors.CompilationError: at 84:11:
        e68, e69 = mixed_helper_extended_0_0(e67, e25, mem0, mem1, mem2, mem3, mem4, steps, limit, bid)
        e70 = (tl.full((16, 32), 0.125, tl.float16)).to(tl.float16)
        e71 = ((e68 * e70)).to(tl.float16)
        e72 = ((e59 + e69)).to(tl.float32)
        e73 = (tl.full((), 1, tl.int32)).to(tl.int32)
        e74 = ((e57 + e73)).to(tl.int32)
        e75 = ((e60 + e74)).to(tl.int32)
        e76 = e71
        e77 = e72
        e78 = e75
        e57 += 1
    e79 = (tl.flip(e76)).to(tl.float16)
           ^"
32906,4,triton,2026.09.25-23.14_triton_hard-shape_seed=42,triton_compile_error,confirmed_signature,flip,1790374679.2593365,results/2026.09.25-23.14_triton_hard-shape_seed=42/failed/triton_compile_error/failed_extended_mixed_9c4d3b53e2842522.json,独立复现代表样本，按相同错误签名关联；非逐例根因证明,"r
    return ast_to_ttir(self.fn, self, context=context, options=options, codegen_fns=codegen_fns,
           ^^^^^^^^^^^^^^^^^^^^^^^^^^^^^^^^^^^^^^^^^^^^^^^^^^^^^^^^^^^^^^^^^^^^^^^^^^^^^^^^^^^^^
triton.compiler.errors.CompilationError: at 128:12:
        e106, e107 = mixed_helper_extended_0_0(e105, e63, mem0, mem1, mem4, mem5, mem6, mem7, mem8, steps, limit, bid)
        e108 = (tl.full((16, 16), 0.125, tl.float16)).to(tl.float16)
        e109 = ((e106 * e108)).to(tl.float16)
        e110 = ((e97 + e107)).to(tl.float32)
        e111 = (tl.full((), 1, tl.int32)).to(tl.int32)
        e112 = ((e95 + e111)).to(tl.int32)
        e113 = ((e98 + e112)).to(tl.int32)
        e114 = e109
        e115 = e110
        e116 = e113
        e95 += 1
    e117 = (tl.flip(e114)).to(tl.float16)
            ^"
32906,4,triton,2026.09.25-23.14_triton_hard-shape_seed=42,triton_compile_error,confirmed_signature,flip,1790377367.638243,results/2026.09.25-23.14_triton_hard-shape_seed=42/failed/triton_compile_error/failed_extended_mixed_260ec409a9b769eb.json,独立复现代表样本，按相同错误签名关联；非逐例根因证明,"e 80, in make_ir
    return ast_to_ttir(self.fn, self, context=context, options=options, codegen_fns=codegen_fns,
           ^^^^^^^^^^^^^^^^^^^^^^^^^^^^^^^^^^^^^^^^^^^^^^^^^^^^^^^^^^^^^^^^^^^^^^^^^^^^^^^^^^^^^
triton.compiler.errors.CompilationError: at 120:12:
        e99, e100 = mixed_helper_extended_0_0(e98, e56, mem0, mem1, mem2, mem5, mem6, steps, limit, bid)
        e101 = (tl.full((16, 16), 0.125, tl.float16)).to(tl.float16)
        e102 = ((e99 * e101)).to(tl.float16)
        e103 = ((e90 + e100)).to(tl.float32)
        e104 = (tl.full((), 1, tl.int32)).to(tl.int32)
        e105 = ((e88 + e104)).to(tl.int32)
        e106 = ((e91 + e105)).to(tl.int32)
        e107 = e102
        e108 = e103
        e109 = e106
        e88 += 1
    e110 = (tl.flip(e107)).to(tl.float16)
            ^"
32906,4,triton,2026.09.25-23.14_triton_hard-shape_seed=42,triton_compile_error,confirmed_signature,flip,1790377729.3218262,results/2026.09.25-23.14_triton_hard-shape_seed=42/failed/triton_compile_error/failed_extended_control_calls_87c21adca4beb79f.json,独立复现代表样本，按相同错误签名关联；非逐例根因证明,"mpiler.py"", line 80, in make_ir
    return ast_to_ttir(self.fn, self, context=context, options=options, codegen_fns=codegen_fns,
           ^^^^^^^^^^^^^^^^^^^^^^^^^^^^^^^^^^^^^^^^^^^^^^^^^^^^^^^^^^^^^^^^^^^^^^^^^^^^^^^^^^^^^
triton.compiler.errors.CompilationError: at 87:11:
        e71, e72 = mixed_helper_extended_0_0(e70, e28, mem0, mem1, mem2, mem3, mem4, mem5, steps, limit, bid)
        e73 = (tl.full((16, 32), 0.125, tl.float16)).to(tl.float16)
        e74 = ((e71 * e73)).to(tl.float16)
        e75 = ((e62 + e72)).to(tl.float32)
        e76 = (tl.full((), 1, tl.int32)).to(tl.int32)
        e77 = ((e60 + e76)).to(tl.int32)
        e78 = ((e63 + e77)).to(tl.int32)
        e79 = e74
        e80 = e75
        e81 = e78
        e60 += 1
    e82 = (tl.flip(e79)).to(tl.float16)
           ^"
32906,4,triton,2026.09.25-23.14_triton_hard-shape_seed=42,triton_compile_error,confirmed_signature,flip,1790378041.2300274,results/2026.09.25-23.14_triton_hard-shape_seed=42/failed/triton_compile_error/failed_extended_control_calls_44d9e9f525f5e5c3.json,独立复现代表样本，按相同错误签名关联；非逐例根因证明,"n_fns,
           ^^^^^^^^^^^^^^^^^^^^^^^^^^^^^^^^^^^^^^^^^^^^^^^^^^^^^^^^^^^^^^^^^^^^^^^^^^^^^^^^^^^^^
triton.compiler.errors.CompilationError: at 94:11:
    e78 = (tl.full((), 2, tl.int32)).to(tl.int32)
    e79 = (tl.full((), True, tl.int1)).to(tl.int1)
    e80 = (tl.load(mem3 + bid * 36 + 16 + e78 * 1, (e79 & (e78 >= 0) & (e78 < 4)), other=0)).to(tl.float16)
    e81 = (tl.full((), 1.0, tl.float16)).to(tl.float16)
    e82 = ((e74 * e81)).to(tl.float16)
    e83 = (tl.full((), 1.0, tl.float16)).to(tl.float16)
    e84 = ((e77 * e83)).to(tl.float16)
    e85 = (tl.full((), -1.0, tl.float16)).to(tl.float16)
    e86 = ((e80 * e85)).to(tl.float16)
    e87 = (tl.fma(e82, e84, e86)).to(tl.float16)
    e88 = (tl.fma(e87, e84, e86)).to(tl.float16)
    e89 = (tl.flip(e69)).to(tl.float16)
           ^"
32906,4,triton,2026.09.25-23.14_triton_hard-shape_seed=42,triton_compile_error,confirmed_signature,flip,1790378046.9364045,results/2026.09.25-23.14_triton_hard-shape_seed=42/failed/triton_compile_error/failed_extended_control_calls_1e93700cf7b91bb3.json,独立复现代表样本，按相同错误签名关联；非逐例根因证明,"n_fns,
           ^^^^^^^^^^^^^^^^^^^^^^^^^^^^^^^^^^^^^^^^^^^^^^^^^^^^^^^^^^^^^^^^^^^^^^^^^^^^^^^^^^^^^
triton.compiler.errors.CompilationError: at 93:11:
    e77 = (tl.full((), 2, tl.int32)).to(tl.int32)
    e78 = (tl.full((), True, tl.int1)).to(tl.int1)
    e79 = (tl.load(mem3 + bid * 36 + 16 + e77 * 1, (e78 & (e77 >= 0) & (e77 < 4)), other=0)).to(tl.float32)
    e80 = (tl.full((), 1.0, tl.float32)).to(tl.float32)
    e81 = ((e73 * e80)).to(tl.float32)
    e82 = (tl.full((), -1.0, tl.float32)).to(tl.float32)
    e83 = ((e76 * e82)).to(tl.float32)
    e84 = (tl.full((), 0.5, tl.float32)).to(tl.float32)
    e85 = ((e79 * e84)).to(tl.float32)
    e86 = (tl.fma(e81, e83, e85)).to(tl.float32)
    e87 = (tl.fma(e86, e83, e85)).to(tl.float32)
    e88 = (tl.flip(e68)).to(tl.float16)
           ^"
32906,4,triton,2026.09.25-23.14_triton_hard-shape_seed=42,triton_compile_error,confirmed_signature,flip,1790378192.6162288,results/2026.09.25-23.14_triton_hard-shape_seed=42/failed/triton_compile_error/failed_extended_control_calls_79f57f32c96b1362.json,独立复现代表样本，按相同错误签名关联；非逐例根因证明,"triton/compiler/compiler.py"", line 80, in make_ir
    return ast_to_ttir(self.fn, self, context=context, options=options, codegen_fns=codegen_fns,
           ^^^^^^^^^^^^^^^^^^^^^^^^^^^^^^^^^^^^^^^^^^^^^^^^^^^^^^^^^^^^^^^^^^^^^^^^^^^^^^^^^^^^^
triton.compiler.errors.CompilationError: at 76:11:
        e60, e61 = mixed_helper_extended_0_0(e59, e17, mem0, mem1, mem2, steps, limit, bid)
        e62 = (tl.full((16, 16), 0.125, tl.float16)).to(tl.float16)
        e63 = ((e60 * e62)).to(tl.float16)
        e64 = ((e51 + e61)).to(tl.float32)
        e65 = (tl.full((), 1, tl.int32)).to(tl.int32)
        e66 = ((e49 + e65)).to(tl.int32)
        e67 = ((e52 + e66)).to(tl.int32)
        e68 = e63
        e69 = e64
        e70 = e67
        e49 += 1
    e71 = (tl.flip(e68)).to(tl.float16)
           ^"
32906,4,triton,2026.09.25-23.14_triton_hard-shape_seed=42,triton_compile_error,confirmed_signature,flip,1790379084.0621705,results/2026.09.25-23.14_triton_hard-shape_seed=42/failed/triton_compile_error/failed_extended_indexed_memory_c0cdf678c618e9ac.json,独立复现代表样本，按相同错误签名关联；非逐例根因证明,"^^^^^^^^^^^^^^^^^^^^^^^^^^^^^^^^^^^^^^^^^^^^^^^^^^^^^^^^^^^^^^^
triton.compiler.errors.CompilationError: at 24:11:
    e9 = (tl.full((16, 16), 0.125, tl.float32)).to(tl.float32)
    e10 = ((e8 + e9)).to(tl.float32)
    tl.debug_barrier()
    tl.store(mem1 + bid * 548 + 18 + e5 * 1, e10, (e7 & (e5 >= 0) & (e5 < 256)))
    tl.debug_barrier()
    e11 = (tl.full((16, 16), True, tl.int1)).to(tl.int1)
    e12 = (tl.load(mem1 + bid * 548 + 17 + e5 * 2, (e11 & (e5 >= 0) & (e5 < 256)), other=0)).to(tl.float32)
    e13 = (tl.full((16, 16), 3, tl.int32)).to(tl.int32)
    e14 = ((e5 ^ e13)).to(tl.int32)
    e15 = (tl.load(mem1 + bid * 548 + 18 + e14 * 1, (e7 & (e14 >= 0) & (e14 < 256)), other=0)).to(tl.float32)
    e16 = ((e12 + e15)).to(tl.float32)
    e17 = (tl.flip(e16)).to(tl.float32)
           ^"
32906,4,triton,2026.09.25-23.14_triton_hard-shape_seed=42,triton_compile_error,confirmed_signature,flip,1790379317.823235,results/2026.09.25-23.14_triton_hard-shape_seed=42/failed/triton_compile_error/failed_extended_arithmetic_78ed8a688e30b109.json,独立复现代表样本，按相同错误签名关联；非逐例根因证明,"_fns,
           ^^^^^^^^^^^^^^^^^^^^^^^^^^^^^^^^^^^^^^^^^^^^^^^^^^^^^^^^^^^^^^^^^^^^^^^^^^^^^^^^^^^^^
triton.compiler.errors.CompilationError: at 46:11:
    e32 = (tl.full((), 2, tl.int32)).to(tl.int32)
    e33 = (tl.full((), True, tl.int1)).to(tl.int1)
    e34 = (tl.load(mem2 + bid * 36 + 16 + e32 * 1, (e33 & (e32 >= 0) & (e32 < 4)), other=0)).to(tl.float32)
    e35 = (tl.full((), -0.5, tl.float32)).to(tl.float32)
    e36 = ((e28 * e35)).to(tl.float32)
    e37 = (tl.full((), 0.25, tl.float32)).to(tl.float32)
    e38 = ((e31 * e37)).to(tl.float32)
    e39 = (tl.full((), 0.0, tl.float32)).to(tl.float32)
    e40 = ((e34 * e39)).to(tl.float32)
    e41 = (tl.fma(e36, e38, e40)).to(tl.float32)
    e42 = (tl.fma(e41, e38, e40)).to(tl.float32)
    e43 = (tl.flip(e14)).to(tl.float16)
           ^"
32906,4,triton,2026.09.25-23.14_triton_hard-shape_seed=42,triton_compile_error,confirmed_signature,flip,1790379773.0060313,results/2026.09.25-23.14_triton_hard-shape_seed=42/failed/triton_compile_error/failed_extended_shape_matmul_33ad76309f160ad4.json,独立复现代表样本，按相同错误签名关联；非逐例根因证明,"n_fns,
           ^^^^^^^^^^^^^^^^^^^^^^^^^^^^^^^^^^^^^^^^^^^^^^^^^^^^^^^^^^^^^^^^^^^^^^^^^^^^^^^^^^^^^
triton.compiler.errors.CompilationError: at 63:11:
    e49 = (tl.full((), 2, tl.int32)).to(tl.int32)
    e50 = (tl.full((), True, tl.int1)).to(tl.int1)
    e51 = (tl.load(mem4 + bid * 36 + 16 + e49 * 1, (e50 & (e49 >= 0) & (e49 < 4)), other=0)).to(tl.float16)
    e52 = (tl.full((), 1.0, tl.float16)).to(tl.float16)
    e53 = ((e45 * e52)).to(tl.float16)
    e54 = (tl.full((), 1.0, tl.float16)).to(tl.float16)
    e55 = ((e48 * e54)).to(tl.float16)
    e56 = (tl.full((), -1.0, tl.float16)).to(tl.float16)
    e57 = ((e51 * e56)).to(tl.float16)
    e58 = (tl.fma(e53, e55, e57)).to(tl.float16)
    e59 = (tl.fma(e58, e55, e57)).to(tl.float16)
    e60 = (tl.flip(e33)).to(tl.float32)
           ^"
32906,4,triton,2026.09.25-23.14_triton_hard-shape_seed=42,triton_compile_error,confirmed_signature,flip,1790379803.8446512,results/2026.09.25-23.14_triton_hard-shape_seed=42/failed/triton_compile_error/failed_extended_shape_matmul_f12c2a4e4bdbc3b3.json,独立复现代表样本，按相同错误签名关联；非逐例根因证明,"ptions=options, codegen_fns=codegen_fns,
           ^^^^^^^^^^^^^^^^^^^^^^^^^^^^^^^^^^^^^^^^^^^^^^^^^^^^^^^^^^^^^^^^^^^^^^^^^^^^^^^^^^^^^
triton.compiler.errors.CompilationError: at 41:11:
    e28 = (e27.to(tl.int8)).to(tl.int8)
    e29 = (tl.full((16, 16), 0, tl.int32)).to(tl.int32)
    e30 = (tl.dot(e20, e28, e29, out_dtype=tl.int32)).to(tl.int32)
    e31 = (tl.sum(e30.to(tl.int32), 0)).to(tl.int32)
    e32 = (tl.sum(e31.to(tl.int32), 0)).to(tl.int32)
    e33 = (e32.to(tl.float32)).to(tl.float32)
    e34 = (tl.full((), 0.0078125, tl.float32)).to(tl.float32)
    e35 = ((e33 * e34)).to(tl.float32)
    e36 = (tl.broadcast_to(e35, (16, 32))).to(tl.float32)
    e37 = (e36.to(tl.float16)).to(tl.float16)
    e38 = ((e12 + e37)).to(tl.float16)
    e39 = (tl.flip(e38)).to(tl.float16)
           ^"
32906,4,triton,2026.09.25-23.14_triton_hard-shape_seed=42,triton_compile_error,confirmed_signature,flip,1790380363.7219582,results/2026.09.25-23.14_triton_hard-shape_seed=42/failed/triton_compile_error/failed_extended_control_calls_a9f07e05906a168f.json,独立复现代表样本，按相同错误签名关联；非逐例根因证明,"n.compiler.errors.CompilationError: at 90:11:
    e74 = (tl.broadcast_to(e73, (32, 16))).to(tl.float32)
    e75 = (tl.full((), 0.125, tl.float32)).to(tl.float32)
    e76 = (tl.broadcast_to(e75, (32, 16))).to(tl.float32)
    e77 = ((e74 + e76)).to(tl.float32)
    e78 = ((((511 - (tl.arange(0, 32)[:, None] * 16 + tl.arange(0, 16)[None, :])) + 404) % 512)).to(tl.int32)
    e79 = (tl.full((32, 16), 7, tl.int32)).to(tl.int32)
    e80 = ((e78 & e79)).to(tl.int32)
    e81 = ((((tl.arange(0, 32)[:, None] * 16 + tl.arange(0, 16)[None, :]) + 234) % 512)).to(tl.int32)
    e82 = (tl.full((32, 16), 256, tl.int32)).to(tl.int32)
    e83 = ((e81 < e82)).to(tl.int1)
    tl.atomic_add(mem4 + bid * 544 + 16 + e80 * 1, e77, (e83 & (e80 >= 0) & (e80 < 512)))
    e84 = (tl.flip(e70)).to(tl.float16)
           ^"
32906,4,triton,2026.09.25-23.14_triton_hard-shape_seed=42,triton_compile_error,confirmed_signature,flip,1790381078.273326,results/2026.09.25-23.14_triton_hard-shape_seed=42/failed/triton_compile_error/failed_extended_arithmetic_43bfe7889ef6859a.json,独立复现代表样本，按相同错误签名关联；非逐例根因证明,"ontext=context, options=options, codegen_fns=codegen_fns,
           ^^^^^^^^^^^^^^^^^^^^^^^^^^^^^^^^^^^^^^^^^^^^^^^^^^^^^^^^^^^^^^^^^^^^^^^^^^^^^^^^^^^^^
triton.compiler.errors.CompilationError: at 23:11:
    e10 = ((e8 * e9)).to(tl.float16)
    e11 = (tl.full((16, 32), 3, tl.int32)).to(tl.int32)
    e12 = ((e4 ^ e11)).to(tl.int32)
    e13 = (tl.full((16, 32), 3, tl.int32)).to(tl.int32)
    e14 = ((e12 < e13)).to(tl.int1)
    e15 = ((((tl.arange(0, 16)[:, None] * 32 + tl.arange(0, 32)[None, :]) + 401) % 512)).to(tl.int32)
    e16 = (limit).to(tl.int32)
    e17 = ((e15 < e16)).to(tl.int1)
    e18 = ((e14 & e17)).to(tl.int1)
    e19 = (tl.full((16, 32), -0.125, tl.float16)).to(tl.float16)
    e20 = (tl.where(e18, e10, e19)).to(tl.float16)
    e21 = (tl.flip(e20)).to(tl.float16)
           ^"
32906,4,triton,2026.09.25-23.14_triton_hard-shape_seed=42,triton_compile_error,confirmed_signature,flip,1790381370.7045193,results/2026.09.25-23.14_triton_hard-shape_seed=42/failed/triton_compile_error/failed_extended_indexed_memory_5ee1e8fc34f5d2bb.json,独立复现代表样本，按相同错误签名关联；非逐例根因证明,"ns,
           ^^^^^^^^^^^^^^^^^^^^^^^^^^^^^^^^^^^^^^^^^^^^^^^^^^^^^^^^^^^^^^^^^^^^^^^^^^^^^^^^^^^^^
triton.compiler.errors.CompilationError: at 44:11:
    e26 = (tl.full((), 2, tl.int32)).to(tl.int32)
    e27 = (tl.full((), True, tl.int1)).to(tl.int1)
    e28 = (tl.load(mem5 + bid * 36 + 16 + e26 * 1, (e27 & (e26 >= 0) & (e26 < 4)), other=0)).to(tl.float16)
    e29 = (tl.full((), 0.125, tl.float16)).to(tl.float16)
    e30 = ((e22 * e29)).to(tl.float16)
    e31 = (tl.full((), 0.0, tl.float16)).to(tl.float16)
    e32 = ((e25 * e31)).to(tl.float16)
    e33 = (tl.full((), 0.125, tl.float16)).to(tl.float16)
    e34 = ((e28 * e33)).to(tl.float16)
    e35 = (tl.fma(e30, e32, e34)).to(tl.float16)
    e36 = (tl.fma(e35, e32, e34)).to(tl.float16)
    e37 = (tl.flip(e19)).to(tl.float32)
           ^"
32906,4,triton,2026.09.25-23.14_triton_hard-shape_seed=42,triton_compile_error,confirmed_signature,flip,1790381489.3938286,results/2026.09.25-23.14_triton_hard-shape_seed=42/failed/triton_compile_error/failed_extended_control_calls_bfb283f83df4564e.json,独立复现代表样本，按相同错误签名关联；非逐例根因证明,"_fns,
           ^^^^^^^^^^^^^^^^^^^^^^^^^^^^^^^^^^^^^^^^^^^^^^^^^^^^^^^^^^^^^^^^^^^^^^^^^^^^^^^^^^^^^
triton.compiler.errors.CompilationError: at 100:11:
    e84 = (tl.full((), 2, tl.int32)).to(tl.int32)
    e85 = (tl.full((), True, tl.int1)).to(tl.int1)
    e86 = (tl.load(mem5 + bid * 36 + 16 + e84 * 1, (e85 & (e84 >= 0) & (e84 < 4)), other=0)).to(tl.float16)
    e87 = (tl.full((), 1.0, tl.float16)).to(tl.float16)
    e88 = ((e80 * e87)).to(tl.float16)
    e89 = (tl.full((), -1.0, tl.float16)).to(tl.float16)
    e90 = ((e83 * e89)).to(tl.float16)
    e91 = (tl.full((), 0.5, tl.float16)).to(tl.float16)
    e92 = ((e86 * e91)).to(tl.float16)
    e93 = (tl.fma(e88, e90, e92)).to(tl.float16)
    e94 = (tl.fma(e93, e90, e92)).to(tl.float16)
    e95 = (tl.flip(e75)).to(tl.float16)
           ^"
32906,4,triton,2026.09.25-23.14_triton_hard-shape_seed=42,triton_compile_error,confirmed_signature,flip,1790381934.4904327,results/2026.09.25-23.14_triton_hard-shape_seed=42/failed/triton_compile_error/failed_extended_shape_matmul_ce467aed6f0941c9.json,独立复现代表样本，按相同错误签名关联；非逐例根因证明,"^^^^^^^^^^^^^^^^^^^
triton.compiler.errors.CompilationError: at 33:11:
    e15 = (tl.full((16, 16), 0.0, tl.float32)).to(tl.float32)
    e16 = (tl.dot(e14, e14, e15, input_precision='ieee')).to(tl.float32)
    e17 = (tl.where(tl.sum((e16 != e16).to(tl.int32), 1) > 0, float('nan'), tl.max(e16.to(tl.float32), 1))).to(tl.float32)
    e18 = (tl.reshape(e17, (16, 1))).to(tl.float32)
    e19 = ((e16 - e18)).to(tl.float32)
    e20 = (tl.full((16, 16), 0.125, tl.float32)).to(tl.float32)
    e21 = ((e19 * e20)).to(tl.float32)
    e22 = (e21.to(tl.float16)).to(tl.float16)
    e23 = (tl.dot(e22, e14, e15, input_precision='ieee')).to(tl.float32)
    e24 = (tl.reshape(e23, (16, 16))).to(tl.float32)
    e25 = (tl.reshape(e24, (16, 16))).to(tl.float32)
    e26 = (tl.flip(e25)).to(tl.float32)
           ^"
32906,4,triton,2026.09.25-23.14_triton_hard-shape_seed=42,triton_compile_error,confirmed_signature,flip,1790382641.4665394,results/2026.09.25-23.14_triton_hard-shape_seed=42/failed/triton_compile_error/failed_extended_control_calls_71d0e1c072e410b8.json,独立复现代表样本，按相同错误签名关联；非逐例根因证明,"ns,
           ^^^^^^^^^^^^^^^^^^^^^^^^^^^^^^^^^^^^^^^^^^^^^^^^^^^^^^^^^^^^^^^^^^^^^^^^^^^^^^^^^^^^^
triton.compiler.errors.CompilationError: at 92:11:
    e76 = (tl.full((), 2, tl.int32)).to(tl.int32)
    e77 = (tl.full((), True, tl.int1)).to(tl.int1)
    e78 = (tl.load(mem3 + bid * 36 + 16 + e76 * 1, (e77 & (e76 >= 0) & (e76 < 4)), other=0)).to(tl.float16)
    e79 = (tl.full((), 0.125, tl.float16)).to(tl.float16)
    e80 = ((e72 * e79)).to(tl.float16)
    e81 = (tl.full((), 0.0, tl.float16)).to(tl.float16)
    e82 = ((e75 * e81)).to(tl.float16)
    e83 = (tl.full((), 0.125, tl.float16)).to(tl.float16)
    e84 = ((e78 * e83)).to(tl.float16)
    e85 = (tl.fma(e80, e82, e84)).to(tl.float16)
    e86 = (tl.fma(e85, e82, e84)).to(tl.float16)
    e87 = (tl.flip(e67)).to(tl.float16)
           ^"
32906,4,triton,2026.09.25-23.14_triton_hard-shape_seed=42,triton_compile_error,confirmed_signature,flip,1790382690.4419727,results/2026.09.25-23.14_triton_hard-shape_seed=42/failed/triton_compile_error/failed_extended_mixed_da8d793bcd64b4b9.json,独立复现代表样本，按相同错误签名关联；非逐例根因证明," options=options, codegen_fns=codegen_fns,
           ^^^^^^^^^^^^^^^^^^^^^^^^^^^^^^^^^^^^^^^^^^^^^^^^^^^^^^^^^^^^^^^^^^^^^^^^^^^^^^^^^^^^^
triton.compiler.errors.CompilationError: at 132:12:
        e112 = e107
        e113 = e108
        e114 = e111
        e93 += 1
    e115 = (tl.full((), 0, tl.float32)).to(tl.float32)
    e116 = (tl.broadcast_to(e115, (16, 16))).to(tl.float32)
    e117 = ((((255 - (tl.arange(0, 16)[:, None] * 16 + tl.arange(0, 16)[None, :])) + 213) % 256)).to(tl.int32)
    e118 = (tl.full((16, 16), 7, tl.int32)).to(tl.int32)
    e119 = ((e117 & e118)).to(tl.int32)
    e120 = (tl.full((16, 16), True, tl.int1)).to(tl.int1)
    tl.atomic_add(mem8 + bid * 288 + 16 + e119 * 1, e116, (e120 & (e119 >= 0) & (e119 < 256)))
    e121 = (tl.flip(e112)).to(tl.float16)
            ^"
32906,4,triton,2026.09.25-23.14_triton_hard-shape_seed=42,triton_compile_error,confirmed_signature,flip,1790382786.9336607,results/2026.09.25-23.14_triton_hard-shape_seed=42/failed/triton_compile_error/failed_extended_arithmetic_72d847f6b8c36b22.json,独立复现代表样本，按相同错误签名关联；非逐例根因证明,"st_to_ttir(self.fn, self, context=context, options=options, codegen_fns=codegen_fns,
           ^^^^^^^^^^^^^^^^^^^^^^^^^^^^^^^^^^^^^^^^^^^^^^^^^^^^^^^^^^^^^^^^^^^^^^^^^^^^^^^^^^^^^
triton.compiler.errors.CompilationError: at 21:11:
    e8 = ((e4 + e7)).to(tl.float16)
    e9 = (e8.to(tl.float16)).to(tl.float16)
    e10 = (tl.full((16, 16), 0.5, tl.float16)).to(tl.float16)
    e11 = ((e9 * e10)).to(tl.float16)
    e12 = (tl.full((16, 16), 1, tl.int32)).to(tl.int32)
    e13 = ((e1 & e12)).to(tl.int32)
    e14 = (tl.full((16, 16), 3, tl.int32)).to(tl.int32)
    e15 = ((e13 < e14)).to(tl.int1)
    e16 = ((e15 & e2)).to(tl.int1)
    e17 = (tl.full((16, 16), -0.125, tl.float16)).to(tl.float16)
    e18 = (tl.where(e16, e11, e17)).to(tl.float16)
    e19 = (tl.flip(e18)).to(tl.float16)
           ^"
32906,4,triton,2026.09.25-23.14_triton_hard-shape_seed=42,triton_compile_error,confirmed_signature,flip,1790383503.6054184,results/2026.09.25-23.14_triton_hard-shape_seed=42/failed/triton_compile_error/failed_extended_control_calls_de0a2bb7aec0ab0f.json,独立复现代表样本，按相同错误签名关联；非逐例根因证明,"f.fn, self, context=context, options=options, codegen_fns=codegen_fns,
           ^^^^^^^^^^^^^^^^^^^^^^^^^^^^^^^^^^^^^^^^^^^^^^^^^^^^^^^^^^^^^^^^^^^^^^^^^^^^^^^^^^^^^
triton.compiler.errors.CompilationError: at 82:11:
        e67 = e62
        e68 = e63
        e69 = e66
        e48 += 1
    e70 = (tl.full((), 0, tl.int32)).to(tl.int32)
    e71 = (tl.broadcast_to(e70, (32, 16))).to(tl.int32)
    e72 = ((((511 - (tl.arange(0, 32)[:, None] * 16 + tl.arange(0, 16)[None, :])) + 364) % 512)).to(tl.int32)
    e73 = (tl.full((32, 16), 255, tl.int32)).to(tl.int32)
    e74 = ((e72 & e73)).to(tl.int32)
    e75 = (tl.full((32, 16), True, tl.int1)).to(tl.int1)
    tl.atomic_min(mem3 + bid * 544 + 16 + e74 * 1, e71, (e75 & (e74 >= 0) & (e74 < 512)))
    e76 = (tl.flip(e67)).to(tl.float16)
           ^"
32906,4,triton,2026.09.25-23.14_triton_hard-shape_seed=42,triton_compile_error,confirmed_signature,flip,1790385787.5143833,results/2026.09.25-23.14_triton_hard-shape_seed=42/failed/triton_compile_error/failed_extended_indexed_memory_1871afed30a63d03.json,独立复现代表样本，按相同错误签名关联；非逐例根因证明,"^^^^^^^^^^^^^^^^^^^^^^^^^^^^^^^^^^^^^^^^^^^^^^^^^^^^^^^
triton.compiler.errors.CompilationError: at 28:11:
    e13 = (tl.full((32, 16), 0.125, tl.float16)).to(tl.float16)
    e14 = ((e12 + e13)).to(tl.float16)
    tl.debug_barrier()
    tl.store(mem2 + bid * 1060 + 18 + e9 * 1, e14, (e11 & (e9 >= 0) & (e9 < 512)))
    tl.debug_barrier()
    e15 = (tl.full((32, 16), True, tl.int1)).to(tl.int1)
    e16 = (tl.load(mem2 + bid * 1060 + 17 + e9 * 2, (e15 & (e9 >= 0) & (e9 < 512)), other=0)).to(tl.float16)
    e17 = (tl.full((32, 16), 3, tl.int32)).to(tl.int32)
    e18 = ((e9 ^ e17)).to(tl.int32)
    e19 = (tl.load(mem2 + bid * 1060 + 18 + e18 * 1, (e11 & (e18 >= 0) & (e18 < 512)), other=0)).to(tl.float16)
    e20 = ((e16 + e19)).to(tl.float16)
    e21 = (tl.flip(e20)).to(tl.float16)
           ^"
32906,4,triton,2026.09.25-23.14_triton_hard-shape_seed=42,triton_compile_error,confirmed_signature,flip,1790385885.201423,results/2026.09.25-23.14_triton_hard-shape_seed=42/failed/triton_compile_error/failed_extended_control_calls_0ca43523b3b90e14.json,独立复现代表样本，按相同错误签名关联；非逐例根因证明,"ler/compiler.py"", line 80, in make_ir
    return ast_to_ttir(self.fn, self, context=context, options=options, codegen_fns=codegen_fns,
           ^^^^^^^^^^^^^^^^^^^^^^^^^^^^^^^^^^^^^^^^^^^^^^^^^^^^^^^^^^^^^^^^^^^^^^^^^^^^^^^^^^^^^
triton.compiler.errors.CompilationError: at 76:11:
        e60, e61 = mixed_helper_extended_0_0(e59, e17, mem0, mem1, mem2, mem3, mem4, steps, limit, bid)
        e62 = (tl.full((16, 32), 0.125, tl.float16)).to(tl.float16)
        e63 = ((e60 * e62)).to(tl.float16)
        e64 = ((e51 + e61)).to(tl.float32)
        e65 = (tl.full((), 1, tl.int32)).to(tl.int32)
        e66 = ((e49 + e65)).to(tl.int32)
        e67 = ((e52 + e66)).to(tl.int32)
        e68 = e63
        e69 = e64
        e70 = e67
        e49 += 1
    e71 = (tl.flip(e68)).to(tl.float16)
           ^"
32906,4,triton,2026.09.25-23.14_triton_hard-shape_seed=42,triton_compile_error,confirmed_signature,flip,1790385993.594233,results/2026.09.25-23.14_triton_hard-shape_seed=42/failed/triton_compile_error/failed_extended_control_calls_ce63df3840398c6b.json,独立复现代表样本，按相同错误签名关联；非逐例根因证明,"ler/compiler.py"", line 80, in make_ir
    return ast_to_ttir(self.fn, self, context=context, options=options, codegen_fns=codegen_fns,
           ^^^^^^^^^^^^^^^^^^^^^^^^^^^^^^^^^^^^^^^^^^^^^^^^^^^^^^^^^^^^^^^^^^^^^^^^^^^^^^^^^^^^^
triton.compiler.errors.CompilationError: at 79:11:
        e63, e64 = mixed_helper_extended_0_0(e62, e20, mem0, mem1, mem2, mem3, mem4, steps, limit, bid)
        e65 = (tl.full((16, 32), 0.125, tl.float16)).to(tl.float16)
        e66 = ((e63 * e65)).to(tl.float16)
        e67 = ((e54 + e64)).to(tl.float32)
        e68 = (tl.full((), 1, tl.int32)).to(tl.int32)
        e69 = ((e52 + e68)).to(tl.int32)
        e70 = ((e55 + e69)).to(tl.int32)
        e71 = e66
        e72 = e67
        e73 = e70
        e52 += 1
    e74 = (tl.flip(e71)).to(tl.float16)
           ^"
32906,4,triton,2026.09.25-23.14_triton_hard-shape_seed=42,triton_compile_error,confirmed_signature,flip,1790386394.8517365,results/2026.09.25-23.14_triton_hard-shape_seed=42/failed/triton_compile_error/failed_extended_mixed_1c9b148c8debf9ef.json,独立复现代表样本，按相同错误签名关联；非逐例根因证明,"
    return ast_to_ttir(self.fn, self, context=context, options=options, codegen_fns=codegen_fns,
           ^^^^^^^^^^^^^^^^^^^^^^^^^^^^^^^^^^^^^^^^^^^^^^^^^^^^^^^^^^^^^^^^^^^^^^^^^^^^^^^^^^^^^
triton.compiler.errors.CompilationError: at 129:12:
        e108, e109 = mixed_helper_extended_0_0(e107, e65, mem0, mem1, mem4, mem5, mem6, mem7, mem8, steps, limit, bid)
        e110 = (tl.full((16, 16), 0.125, tl.float16)).to(tl.float16)
        e111 = ((e108 * e110)).to(tl.float16)
        e112 = ((e99 + e109)).to(tl.float32)
        e113 = (tl.full((), 1, tl.int32)).to(tl.int32)
        e114 = ((e97 + e113)).to(tl.int32)
        e115 = ((e100 + e114)).to(tl.int32)
        e116 = e111
        e117 = e112
        e118 = e115
        e97 += 1
    e119 = (tl.flip(e116)).to(tl.float16)
            ^"
32906,4,triton,2026.09.25-23.14_triton_hard-shape_seed=42,triton_compile_error,confirmed_signature,flip,1790387424.8578699,results/2026.09.25-23.14_triton_hard-shape_seed=42/failed/triton_compile_error/failed_extended_arithmetic_4b153e2add2794c6.json,独立复现代表样本，按相同错误签名关联；非逐例根因证明,"^^^^^^^^^^^^^^^^
triton.compiler.errors.CompilationError: at 33:11:
    e20 = (tl.broadcast_to(e19, (16, 16))).to(tl.int32)
    e21 = (tl.full((), -1, tl.int32)).to(tl.int32)
    e22 = (tl.broadcast_to(e21, (16, 16))).to(tl.int32)
    e23 = ((e20 + e22)).to(tl.int32)
    e24 = ((((tl.arange(0, 16)[:, None] * 16 + tl.arange(0, 16)[None, :]) + 62) % 256)).to(tl.int32)
    e25 = (tl.full((16, 16), 7, tl.int32)).to(tl.int32)
    e26 = ((e24 & e25)).to(tl.int32)
    e27 = ((((tl.arange(0, 16)[:, None] * 16 + tl.arange(0, 16)[None, :]) + 237) % 256)).to(tl.int32)
    e28 = (tl.full((16, 16), 128, tl.int32)).to(tl.int32)
    e29 = ((e27 < e28)).to(tl.int1)
    tl.atomic_max(mem2 + bid * 288 + 16 + e26 * 1, e23, (e29 & (e26 >= 0) & (e26 < 256)))
    e30 = (tl.flip(e18)).to(tl.float16)
           ^"
32906,4,triton,2026.09.25-23.14_triton_hard-shape_seed=42,triton_compile_error,confirmed_signature,flip,1790388479.893881,results/2026.09.25-23.14_triton_hard-shape_seed=42/failed/triton_compile_error/failed_extended_indexed_memory_dc9a319b4697741f.json,独立复现代表样本，按相同错误签名关联；非逐例根因证明,"^^^^^^^^^^^^^^^^^^^^^^^^^^^^^^^^^^^^^^^^^^^^^^^^^^^^^^^^^^^^
triton.compiler.errors.CompilationError: at 24:11:
    e9 = (tl.full((16, 32), 0.125, tl.float32)).to(tl.float32)
    e10 = ((e8 + e9)).to(tl.float32)
    tl.debug_barrier()
    tl.store(mem1 + bid * 1060 + 18 + e5 * 1, e10, (e7 & (e5 >= 0) & (e5 < 512)))
    tl.debug_barrier()
    e11 = (tl.full((16, 32), True, tl.int1)).to(tl.int1)
    e12 = (tl.load(mem1 + bid * 1060 + 17 + e5 * 2, (e11 & (e5 >= 0) & (e5 < 512)), other=0)).to(tl.float32)
    e13 = (tl.full((16, 32), 1, tl.int32)).to(tl.int32)
    e14 = ((e5 ^ e13)).to(tl.int32)
    e15 = (tl.load(mem1 + bid * 1060 + 18 + e14 * 1, (e7 & (e14 >= 0) & (e14 < 512)), other=0)).to(tl.float32)
    e16 = ((e12 + e15)).to(tl.float32)
    e17 = (tl.flip(e16)).to(tl.float32)
           ^"
32906,4,triton,2026.09.25-23.14_triton_hard-shape_seed=42,triton_compile_error,confirmed_signature,flip,1790388591.8956878,results/2026.09.25-23.14_triton_hard-shape_seed=42/failed/triton_compile_error/failed_extended_arithmetic_27f46ef372a832da.json,独立复现代表样本，按相同错误签名关联；非逐例根因证明,"s,
           ^^^^^^^^^^^^^^^^^^^^^^^^^^^^^^^^^^^^^^^^^^^^^^^^^^^^^^^^^^^^^^^^^^^^^^^^^^^^^^^^^^^^^
triton.compiler.errors.CompilationError: at 39:11:
    e26 = (tl.full((), 2, tl.int32)).to(tl.int32)
    e27 = (tl.full((), True, tl.int1)).to(tl.int1)
    e28 = (tl.load(mem1 + bid * 36 + 16 + e26 * 1, (e27 & (e26 >= 0) & (e26 < 4)), other=0)).to(tl.float32)
    e29 = (tl.full((), 1.0, tl.float32)).to(tl.float32)
    e30 = ((e22 * e29)).to(tl.float32)
    e31 = (tl.full((), 0.125, tl.float32)).to(tl.float32)
    e32 = ((e25 * e31)).to(tl.float32)
    e33 = (tl.full((), -0.125, tl.float32)).to(tl.float32)
    e34 = ((e28 * e33)).to(tl.float32)
    e35 = (tl.fma(e30, e32, e34)).to(tl.float32)
    e36 = (tl.fma(e35, e32, e34)).to(tl.float32)
    e37 = (tl.flip(e19)).to(tl.float16)
           ^"
32906,4,triton,2026.09.25-23.14_triton_hard-shape_seed=42,triton_compile_error,confirmed_signature,flip,1790388936.5191748,results/2026.09.25-23.14_triton_hard-shape_seed=42/failed/triton_compile_error/failed_extended_control_calls_2c08814e7f009982.json,独立复现代表样本，按相同错误签名关联；非逐例根因证明,"o_ttir(self.fn, self, context=context, options=options, codegen_fns=codegen_fns,
           ^^^^^^^^^^^^^^^^^^^^^^^^^^^^^^^^^^^^^^^^^^^^^^^^^^^^^^^^^^^^^^^^^^^^^^^^^^^^^^^^^^^^^
triton.compiler.errors.CompilationError: at 84:11:
        e69 = e64
        e70 = e65
        e71 = e68
        e50 += 1
    e72 = (tl.full((), 0, tl.int32)).to(tl.int32)
    e73 = (tl.broadcast_to(e72, (32, 16))).to(tl.int32)
    e74 = ((((tl.arange(0, 32)[:, None] * 16 + tl.arange(0, 16)[None, :]) + 321) % 512)).to(tl.int32)
    e75 = (tl.full((32, 16), 7, tl.int32)).to(tl.int32)
    e76 = ((e74 & e75)).to(tl.int32)
    e77 = (tl.full((32, 16), True, tl.int1)).to(tl.int1)
    tl.atomic_min(mem3 + bid * 544 + 16 + e76 * 1, e73, (e77 & (e76 >= 0) & (e76 < 512)))
    e78 = (tl.flip(e69)).to(tl.float16)
           ^"
32906,4,triton,2026.09.25-23.14_triton_hard-shape_seed=42,triton_compile_error,confirmed_signature,flip,1790390967.6854935,results/2026.09.25-23.14_triton_hard-shape_seed=42/failed/triton_compile_error/failed_extended_arithmetic_f1334e7f2b42ee21.json,独立复现代表样本，按相同错误签名关联；非逐例根因证明,"^^^^^^^^^^^^^^^^^^^^^^^^^^^^^^^^^^^^^^^^^^^^^^^
triton.compiler.errors.CompilationError: at 27:11:
    e14 = ((e1 & e13)).to(tl.int32)
    e15 = (tl.full((32, 16), 3, tl.int32)).to(tl.int32)
    e16 = ((e14 < e15)).to(tl.int1)
    e17 = ((e16 & e16)).to(tl.int1)
    e18 = (tl.full((32, 16), -0.125, tl.float16)).to(tl.float16)
    e19 = (tl.where(e17, e12, e18)).to(tl.float16)
    e20 = (tl.full((), 0, tl.float32)).to(tl.float32)
    e21 = (tl.broadcast_to(e20, (32, 16))).to(tl.float32)
    e22 = ((((511 - (tl.arange(0, 32)[:, None] * 16 + tl.arange(0, 16)[None, :])) + 132) % 512)).to(tl.int32)
    e23 = (tl.full((32, 16), True, tl.int1)).to(tl.int1)
    tl.atomic_add(mem2 + bid * 544 + 16 + e22 * 1, e21, (e23 & (e22 >= 0) & (e22 < 512)))
    e24 = (tl.flip(e19)).to(tl.float16)
           ^"
32906,4,triton,2026.09.25-23.14_triton_hard-shape_seed=42,triton_compile_error,confirmed_signature,flip,1790390977.1140497,results/2026.09.25-23.14_triton_hard-shape_seed=42/failed/triton_compile_error/failed_extended_shape_matmul_7290da51148c4fcb.json,独立复现代表样本，按相同错误签名关联；非逐例根因证明,"^
triton.compiler.errors.CompilationError: at 31:11:
    e18 = (tl.reshape(e17, (16, 1))).to(tl.float32)
    e19 = ((e16 - e18)).to(tl.float32)
    e20 = (tl.full((16, 16), 0.125, tl.float32)).to(tl.float32)
    e21 = ((e19 * e20)).to(tl.float32)
    e22 = ((((255 - (tl.arange(0, 16)[:, None] * 16 + tl.arange(0, 16)[None, :])) + 0) % 256)).to(tl.int32)
    e23 = (tl.full((16, 16), True, tl.int1)).to(tl.int1)
    e24 = (tl.load(mem3 + bid * 288 + 16 + e22 * 1, (e23 & (e22 >= 0) & (e22 < 256)), other=0)).to(tl.float16)
    e25 = (e21.to(tl.float16)).to(tl.float16)
    e26 = (tl.dot(e25, e24, e15, input_precision='ieee')).to(tl.float32)
    e27 = (tl.reshape(e26, (16, 16))).to(tl.float32)
    e28 = (tl.reshape(e27, (16, 16))).to(tl.float32)
    e29 = (tl.flip(e28)).to(tl.float32)
           ^"
32906,4,triton,2026.09.25-23.14_triton_hard-shape_seed=42,triton_compile_error,confirmed_signature,flip,1790391389.5511365,results/2026.09.25-23.14_triton_hard-shape_seed=42/failed/triton_compile_error/failed_extended_control_calls_fa5ebaeb1d6e17ff.json,独立复现代表样本，按相同错误签名关联；非逐例根因证明,"triton/compiler/compiler.py"", line 80, in make_ir
    return ast_to_ttir(self.fn, self, context=context, options=options, codegen_fns=codegen_fns,
           ^^^^^^^^^^^^^^^^^^^^^^^^^^^^^^^^^^^^^^^^^^^^^^^^^^^^^^^^^^^^^^^^^^^^^^^^^^^^^^^^^^^^^
triton.compiler.errors.CompilationError: at 75:11:
        e59, e60 = mixed_helper_extended_0_0(e58, e16, mem0, mem1, mem2, steps, limit, bid)
        e61 = (tl.full((16, 32), 0.125, tl.float16)).to(tl.float16)
        e62 = ((e59 * e61)).to(tl.float16)
        e63 = ((e50 + e60)).to(tl.float32)
        e64 = (tl.full((), 1, tl.int32)).to(tl.int32)
        e65 = ((e48 + e64)).to(tl.int32)
        e66 = ((e51 + e65)).to(tl.int32)
        e67 = e62
        e68 = e63
        e69 = e66
        e48 += 1
    e70 = (tl.flip(e67)).to(tl.float16)
           ^"
32906,4,triton,2026.09.25-23.14_triton_hard-shape_seed=42,triton_compile_error,confirmed_signature,flip,1790391691.7055943,results/2026.09.25-23.14_triton_hard-shape_seed=42/failed/triton_compile_error/failed_extended_indexed_memory_5b7da91d800867b0.json,独立复现代表样本，按相同错误签名关联；非逐例根因证明,"^^^^^^
triton.compiler.errors.CompilationError: at 36:11:
    e18 = (tl.broadcast_to(e17, (16, 16))).to(tl.int32)
    e19 = (tl.full((), 2, tl.int32)).to(tl.int32)
    e20 = (tl.broadcast_to(e19, (16, 16))).to(tl.int32)
    e21 = ((e18 + e20)).to(tl.int32)
    e22 = ((((tl.arange(0, 16)[:, None] * 16 + tl.arange(0, 16)[None, :]) + 188) % 256)).to(tl.int32)
    e23 = (tl.full((16, 16), 127, tl.int32)).to(tl.int32)
    e24 = ((e22 & e23)).to(tl.int32)
    e25 = ((((255 - (tl.arange(0, 16)[:, None] * 16 + tl.arange(0, 16)[None, :])) + 195) % 256)).to(tl.int32)
    e26 = (tl.full((16, 16), 128, tl.int32)).to(tl.int32)
    e27 = ((e25 < e26)).to(tl.int1)
    tl.atomic_min(mem4 + bid * 288 + 16 + e24 * 1, e21, (e27 & (e24 >= 0) & (e24 < 256)))
    e28 = (tl.flip(e16)).to(tl.float16)
           ^"
32906,4,triton,2026.09.25-23.14_triton_hard-shape_seed=42,triton_compile_error,confirmed_signature,flip,1790391856.1406794,results/2026.09.25-23.14_triton_hard-shape_seed=42/failed/triton_compile_error/failed_extended_control_calls_aa15e9c40dee7c56.json,独立复现代表样本，按相同错误签名关联；非逐例根因证明,"mpiler.py"", line 80, in make_ir
    return ast_to_ttir(self.fn, self, context=context, options=options, codegen_fns=codegen_fns,
           ^^^^^^^^^^^^^^^^^^^^^^^^^^^^^^^^^^^^^^^^^^^^^^^^^^^^^^^^^^^^^^^^^^^^^^^^^^^^^^^^^^^^^
triton.compiler.errors.CompilationError: at 87:11:
        e71, e72 = mixed_helper_extended_0_0(e70, e28, mem0, mem1, mem2, mem3, mem4, mem5, steps, limit, bid)
        e73 = (tl.full((16, 16), 0.125, tl.float16)).to(tl.float16)
        e74 = ((e71 * e73)).to(tl.float16)
        e75 = ((e62 + e72)).to(tl.float32)
        e76 = (tl.full((), 1, tl.int32)).to(tl.int32)
        e77 = ((e60 + e76)).to(tl.int32)
        e78 = ((e63 + e77)).to(tl.int32)
        e79 = e74
        e80 = e75
        e81 = e78
        e60 += 1
    e82 = (tl.flip(e79)).to(tl.float16)
           ^"
32906,4,triton,2026.09.25-23.14_triton_hard-shape_seed=42,triton_compile_error,confirmed_signature,flip,1790391984.5708,results/2026.09.25-23.14_triton_hard-shape_seed=42/failed/triton_compile_error/failed_extended_mixed_5662a6b643102642.json,独立复现代表样本，按相同错误签名关联；非逐例根因证明,"^^
triton.compiler.errors.CompilationError: at 136:12:
        e94 += 1
    e116 = (tl.full((), 1, tl.int32)).to(tl.int32)
    e117 = (tl.broadcast_to(e116, (16, 16))).to(tl.int32)
    e118 = (tl.full((), 1, tl.int32)).to(tl.int32)
    e119 = (tl.broadcast_to(e118, (16, 16))).to(tl.int32)
    e120 = ((e117 - e119)).to(tl.int32)
    e121 = ((((255 - (tl.arange(0, 16)[:, None] * 16 + tl.arange(0, 16)[None, :])) + 237) % 256)).to(tl.int32)
    e122 = ((((255 - (tl.arange(0, 16)[:, None] * 16 + tl.arange(0, 16)[None, :])) + 161) % 256)).to(tl.int32)
    e123 = (tl.full((16, 16), 128, tl.int32)).to(tl.int32)
    e124 = ((e122 < e123)).to(tl.int1)
    tl.atomic_max(mem8 + bid * 288 + 16 + e121 * 1, e120, (e124 & (e121 >= 0) & (e121 < 256)))
    e125 = (tl.flip(e113)).to(tl.float16)
            ^"
32906,4,triton,2026.09.25-23.14_triton_hard-shape_seed=42,triton_compile_error,confirmed_signature,flip,1790392335.1460204,results/2026.09.25-23.14_triton_hard-shape_seed=42/failed/triton_compile_error/failed_extended_mixed_95ae8b74911fe759.json,独立复现代表样本，按相同错误签名关联；非逐例根因证明,"py"", line 80, in make_ir
    return ast_to_ttir(self.fn, self, context=context, options=options, codegen_fns=codegen_fns,
           ^^^^^^^^^^^^^^^^^^^^^^^^^^^^^^^^^^^^^^^^^^^^^^^^^^^^^^^^^^^^^^^^^^^^^^^^^^^^^^^^^^^^^
triton.compiler.errors.CompilationError: at 124:12:
        e98, e99 = mixed_helper_extended_0_0(e97, e55, mem0, mem1, mem4, mem5, steps, limit, bid)
        e100 = (tl.full((16, 16), 0.125, tl.float16)).to(tl.float16)
        e101 = ((e98 * e100)).to(tl.float16)
        e102 = ((e89 + e99)).to(tl.float32)
        e103 = (tl.full((), 1, tl.int32)).to(tl.int32)
        e104 = ((e87 + e103)).to(tl.int32)
        e105 = ((e90 + e104)).to(tl.int32)
        e106 = e101
        e107 = e102
        e108 = e105
        e87 += 1
    e109 = (tl.flip(e106)).to(tl.float16)
            ^"
32906,4,triton,2026.09.25-23.14_triton_hard-shape_seed=42,triton_compile_error,confirmed_signature,flip,1790392967.4862356,results/2026.09.25-23.14_triton_hard-shape_seed=42/failed/triton_compile_error/failed_extended_indexed_memory_822503a8720aef21.json,独立复现代表样本，按相同错误签名关联；非逐例根因证明,"^^^^^^^^^^^^^^^^^^^^^^^^^^^^^^^^^^^^^^^^^^^^^
triton.compiler.errors.CompilationError: at 34:11:
    e16 = ((e12 + e15)).to(tl.float32)
    e17 = (tl.full((), -0.5, tl.float32)).to(tl.float32)
    e18 = (tl.broadcast_to(e17, (32, 16))).to(tl.float32)
    e19 = (tl.full((), -0.125, tl.float32)).to(tl.float32)
    e20 = (tl.broadcast_to(e19, (32, 16))).to(tl.float32)
    e21 = ((e18 - e20)).to(tl.float32)
    e22 = ((((tl.arange(0, 32)[:, None] * 16 + tl.arange(0, 16)[None, :]) + 15) % 512)).to(tl.int32)
    e23 = (tl.full((32, 16), 7, tl.int32)).to(tl.int32)
    e24 = ((e22 & e23)).to(tl.int32)
    e25 = (tl.full((32, 16), True, tl.int1)).to(tl.int1)
    tl.atomic_min(mem4 + bid * 544 + 16 + e24 * 1, e21, (e25 & (e24 >= 0) & (e24 < 512)))
    e26 = (tl.flip(e16)).to(tl.float32)
           ^"
32906,4,triton,2026.09.25-23.14_triton_hard-shape_seed=42,triton_compile_error,confirmed_signature,flip,1790393177.6801724,results/2026.09.25-23.14_triton_hard-shape_seed=42/failed/triton_compile_error/failed_extended_mixed_9e1735d332d98a93.json,独立复现代表样本，按相同错误签名关联；非逐例根因证明,"make_ir
    return ast_to_ttir(self.fn, self, context=context, options=options, codegen_fns=codegen_fns,
           ^^^^^^^^^^^^^^^^^^^^^^^^^^^^^^^^^^^^^^^^^^^^^^^^^^^^^^^^^^^^^^^^^^^^^^^^^^^^^^^^^^^^^
triton.compiler.errors.CompilationError: at 128:12:
        e107, e108 = mixed_helper_extended_0_0(e106, e64, mem0, mem1, mem4, mem5, mem6, mem7, steps, limit, bid)
        e109 = (tl.full((16, 32), 0.125, tl.float16)).to(tl.float16)
        e110 = ((e107 * e109)).to(tl.float16)
        e111 = ((e98 + e108)).to(tl.float32)
        e112 = (tl.full((), 1, tl.int32)).to(tl.int32)
        e113 = ((e96 + e112)).to(tl.int32)
        e114 = ((e99 + e113)).to(tl.int32)
        e115 = e110
        e116 = e111
        e117 = e114
        e96 += 1
    e118 = (tl.flip(e115)).to(tl.float16)
            ^"
32906,4,triton,2026.09.25-23.14_triton_hard-shape_seed=42,triton_compile_error,confirmed_signature,flip,1790393705.571848,results/2026.09.25-23.14_triton_hard-shape_seed=42/failed/triton_compile_error/failed_extended_arithmetic_02b6214c67a2cf56.json,独立复现代表样本，按相同错误签名关联；非逐例根因证明," context=context, options=options, codegen_fns=codegen_fns,
           ^^^^^^^^^^^^^^^^^^^^^^^^^^^^^^^^^^^^^^^^^^^^^^^^^^^^^^^^^^^^^^^^^^^^^^^^^^^^^^^^^^^^^
triton.compiler.errors.CompilationError: at 22:11:
    e9 = ((e7 * e8)).to(tl.float16)
    e10 = (tl.full((16, 16), 7, tl.int32)).to(tl.int32)
    e11 = ((e1 & e10)).to(tl.int32)
    e12 = (tl.full((16, 16), 3, tl.int32)).to(tl.int32)
    e13 = ((e11 < e12)).to(tl.int1)
    e14 = ((((tl.arange(0, 16)[:, None] * 16 + tl.arange(0, 16)[None, :]) + 233) % 256)).to(tl.int32)
    e15 = (limit).to(tl.int32)
    e16 = ((e14 < e15)).to(tl.int1)
    e17 = ((e13 & e16)).to(tl.int1)
    e18 = (tl.full((16, 16), -0.125, tl.float16)).to(tl.float16)
    e19 = (tl.where(e17, e9, e18)).to(tl.float16)
    e20 = (tl.flip(e19)).to(tl.float16)
           ^"
32906,4,triton,2026.09.25-23.14_triton_hard-shape_seed=42,triton_compile_error,confirmed_signature,flip,1790393891.7617242,results/2026.09.25-23.14_triton_hard-shape_seed=42/failed/triton_compile_error/failed_extended_mixed_da0e81f3ee912234.json,独立复现代表样本，按相同错误签名关联；非逐例根因证明,"ton.compiler.errors.CompilationError: at 141:12:
        e99 += 1
    e121 = (tl.full((), -0.125, tl.float32)).to(tl.float32)
    e122 = (tl.broadcast_to(e121, (16, 16))).to(tl.float32)
    e123 = (tl.full((), 0.25, tl.float32)).to(tl.float32)
    e124 = (tl.broadcast_to(e123, (16, 16))).to(tl.float32)
    e125 = ((e122 + e124)).to(tl.float32)
    e126 = ((((tl.arange(0, 16)[:, None] * 16 + tl.arange(0, 16)[None, :]) + 108) % 256)).to(tl.int32)
    e127 = ((((tl.arange(0, 16)[:, None] * 16 + tl.arange(0, 16)[None, :]) + 126) % 256)).to(tl.int32)
    e128 = (tl.full((16, 16), 128, tl.int32)).to(tl.int32)
    e129 = ((e127 < e128)).to(tl.int1)
    tl.atomic_add(mem8 + bid * 288 + 16 + e126 * 1, e125, (e129 & (e126 >= 0) & (e126 < 256)))
    e130 = (tl.flip(e118)).to(tl.float16)
            ^"
32906,4,triton,2026.09.25-23.14_triton_hard-shape_seed=42,triton_compile_error,confirmed_signature,flip,1790394270.8475447,results/2026.09.25-23.14_triton_hard-shape_seed=42/failed/triton_compile_error/failed_extended_control_calls_e1e69ba9294c742d.json,独立复现代表样本，按相同错误签名关联；非逐例根因证明,"ler/compiler.py"", line 80, in make_ir
    return ast_to_ttir(self.fn, self, context=context, options=options, codegen_fns=codegen_fns,
           ^^^^^^^^^^^^^^^^^^^^^^^^^^^^^^^^^^^^^^^^^^^^^^^^^^^^^^^^^^^^^^^^^^^^^^^^^^^^^^^^^^^^^
triton.compiler.errors.CompilationError: at 76:11:
        e60, e61 = mixed_helper_extended_0_0(e59, e17, mem0, mem1, mem2, mem3, mem4, steps, limit, bid)
        e62 = (tl.full((16, 16), 0.125, tl.float16)).to(tl.float16)
        e63 = ((e60 * e62)).to(tl.float16)
        e64 = ((e51 + e61)).to(tl.float32)
        e65 = (tl.full((), 1, tl.int32)).to(tl.int32)
        e66 = ((e49 + e65)).to(tl.int32)
        e67 = ((e52 + e66)).to(tl.int32)
        e68 = e63
        e69 = e64
        e70 = e67
        e49 += 1
    e71 = (tl.flip(e68)).to(tl.float16)
           ^"
32906,4,triton,2026.09.25-23.14_triton_hard-shape_seed=42,triton_compile_error,confirmed_signature,flip,1790394326.8169608,results/2026.09.25-23.14_triton_hard-shape_seed=42/failed/triton_compile_error/failed_extended_mixed_b6a4b03afae16e72.json,独立复现代表样本，按相同错误签名关联；非逐例根因证明,"_ir
    return ast_to_ttir(self.fn, self, context=context, options=options, codegen_fns=codegen_fns,
           ^^^^^^^^^^^^^^^^^^^^^^^^^^^^^^^^^^^^^^^^^^^^^^^^^^^^^^^^^^^^^^^^^^^^^^^^^^^^^^^^^^^^^
triton.compiler.errors.CompilationError: at 133:12:
        e112, e113 = mixed_helper_extended_0_0(e111, e69, mem0, mem1, mem4, mem5, mem6, mem7, steps, limit, bid)
        e114 = (tl.full((32, 16), 0.125, tl.float16)).to(tl.float16)
        e115 = ((e112 * e114)).to(tl.float16)
        e116 = ((e103 + e113)).to(tl.float32)
        e117 = (tl.full((), 1, tl.int32)).to(tl.int32)
        e118 = ((e101 + e117)).to(tl.int32)
        e119 = ((e104 + e118)).to(tl.int32)
        e120 = e115
        e121 = e116
        e122 = e119
        e101 += 1
    e123 = (tl.flip(e120)).to(tl.float16)
            ^"
32906,4,triton,2026.09.25-23.14_triton_hard-shape_seed=42,triton_compile_error,confirmed_signature,flip,1790394833.4271736,results/2026.09.25-23.14_triton_hard-shape_seed=42/failed/triton_compile_error/failed_extended_mixed_4af4e4b7db45716d.json,独立复现代表样本，按相同错误签名关联；非逐例根因证明,"make_ir
    return ast_to_ttir(self.fn, self, context=context, options=options, codegen_fns=codegen_fns,
           ^^^^^^^^^^^^^^^^^^^^^^^^^^^^^^^^^^^^^^^^^^^^^^^^^^^^^^^^^^^^^^^^^^^^^^^^^^^^^^^^^^^^^
triton.compiler.errors.CompilationError: at 124:12:
        e103, e104 = mixed_helper_extended_0_0(e102, e40, mem0, mem1, mem2, mem3, mem6, mem7, steps, limit, bid)
        e105 = (tl.full((16, 16), 0.125, tl.float16)).to(tl.float16)
        e106 = ((e103 * e105)).to(tl.float16)
        e107 = ((e94 + e104)).to(tl.float32)
        e108 = (tl.full((), 1, tl.int32)).to(tl.int32)
        e109 = ((e92 + e108)).to(tl.int32)
        e110 = ((e95 + e109)).to(tl.int32)
        e111 = e106
        e112 = e107
        e113 = e110
        e92 += 1
    e114 = (tl.flip(e111)).to(tl.float16)
            ^"
32906,4,triton,2026.09.25-23.14_triton_hard-shape_seed=42,triton_compile_error,confirmed_signature,flip,1790394930.7380602,results/2026.09.25-23.14_triton_hard-shape_seed=42/failed/triton_compile_error/failed_extended_arithmetic_164ac7792a8998c5.json,独立复现代表样本，按相同错误签名关联；非逐例根因证明,"ns,
           ^^^^^^^^^^^^^^^^^^^^^^^^^^^^^^^^^^^^^^^^^^^^^^^^^^^^^^^^^^^^^^^^^^^^^^^^^^^^^^^^^^^^^
triton.compiler.errors.CompilationError: at 42:11:
    e29 = (tl.full((), 2, tl.int32)).to(tl.int32)
    e30 = (tl.full((), True, tl.int1)).to(tl.int1)
    e31 = (tl.load(mem1 + bid * 36 + 16 + e29 * 1, (e30 & (e29 >= 0) & (e29 < 4)), other=0)).to(tl.float16)
    e32 = (tl.full((), 0.125, tl.float16)).to(tl.float16)
    e33 = ((e25 * e32)).to(tl.float16)
    e34 = (tl.full((), 0.0, tl.float16)).to(tl.float16)
    e35 = ((e28 * e34)).to(tl.float16)
    e36 = (tl.full((), 0.125, tl.float16)).to(tl.float16)
    e37 = ((e31 * e36)).to(tl.float16)
    e38 = (tl.fma(e33, e35, e37)).to(tl.float16)
    e39 = (tl.fma(e38, e35, e37)).to(tl.float16)
    e40 = (tl.flip(e22)).to(tl.float16)
           ^"
32906,4,triton,2026.09.25-23.14_triton_hard-shape_seed=42,triton_compile_error,confirmed_signature,flip,1790395045.8784986,results/2026.09.25-23.14_triton_hard-shape_seed=42/failed/triton_compile_error/failed_extended_arithmetic_a0b15d32f80438a5.json,独立复现代表样本，按相同错误签名关联；非逐例根因证明,"s,
           ^^^^^^^^^^^^^^^^^^^^^^^^^^^^^^^^^^^^^^^^^^^^^^^^^^^^^^^^^^^^^^^^^^^^^^^^^^^^^^^^^^^^^
triton.compiler.errors.CompilationError: at 41:11:
    e28 = (tl.full((), 2, tl.int32)).to(tl.int32)
    e29 = (tl.full((), True, tl.int1)).to(tl.int1)
    e30 = (tl.load(mem3 + bid * 36 + 16 + e28 * 1, (e29 & (e28 >= 0) & (e28 < 4)), other=0)).to(tl.float32)
    e31 = (tl.full((), 0.0, tl.float32)).to(tl.float32)
    e32 = ((e24 * e31)).to(tl.float32)
    e33 = (tl.full((), 0.125, tl.float32)).to(tl.float32)
    e34 = ((e27 * e33)).to(tl.float32)
    e35 = (tl.full((), -0.125, tl.float32)).to(tl.float32)
    e36 = ((e30 * e35)).to(tl.float32)
    e37 = (tl.fma(e32, e34, e36)).to(tl.float32)
    e38 = (tl.fma(e37, e34, e36)).to(tl.float32)
    e39 = (tl.flip(e21)).to(tl.float16)
           ^"
32906,4,triton,2026.09.25-23.14_triton_hard-shape_seed=42,triton_compile_error,confirmed_signature,flip,1790395089.7645416,results/2026.09.25-23.14_triton_hard-shape_seed=42/failed/triton_compile_error/failed_extended_indexed_memory_d23b0661830fc3eb.json,独立复现代表样本，按相同错误签名关联；非逐例根因证明,"^^^^^^^^^^^^^^^^^^^^^^^^^^^^^^^^^^^^^^^^^^^^^^^^^^^^^^^^^^
triton.compiler.errors.CompilationError: at 28:11:
    e13 = (tl.full((16, 16), 0.125, tl.float16)).to(tl.float16)
    e14 = ((e12 + e13)).to(tl.float16)
    tl.debug_barrier()
    tl.store(mem2 + bid * 548 + 18 + e9 * 1, e14, (e11 & (e9 >= 0) & (e9 < 256)))
    tl.debug_barrier()
    e15 = (tl.full((16, 16), True, tl.int1)).to(tl.int1)
    e16 = (tl.load(mem2 + bid * 548 + 17 + e9 * 2, (e15 & (e9 >= 0) & (e9 < 256)), other=0)).to(tl.float16)
    e17 = (tl.full((16, 16), 3, tl.int32)).to(tl.int32)
    e18 = ((e9 ^ e17)).to(tl.int32)
    e19 = (tl.load(mem2 + bid * 548 + 18 + e18 * 1, (e11 & (e18 >= 0) & (e18 < 256)), other=0)).to(tl.float16)
    e20 = ((e16 + e19)).to(tl.float16)
    e21 = (tl.flip(e20)).to(tl.float16)
           ^"
32906,4,triton,2026.09.25-23.14_triton_hard-shape_seed=42,triton_compile_error,confirmed_signature,flip,1790395566.3625011,results/2026.09.25-23.14_triton_hard-shape_seed=42/failed/triton_compile_error/failed_extended_shape_matmul_03be97ae3bd9a8c9.json,独立复现代表样本，按相同错误签名关联；非逐例根因证明,"ns,
           ^^^^^^^^^^^^^^^^^^^^^^^^^^^^^^^^^^^^^^^^^^^^^^^^^^^^^^^^^^^^^^^^^^^^^^^^^^^^^^^^^^^^^
triton.compiler.errors.CompilationError: at 56:11:
    e42 = (tl.full((), 2, tl.int32)).to(tl.int32)
    e43 = (tl.full((), True, tl.int1)).to(tl.int1)
    e44 = (tl.load(mem4 + bid * 36 + 16 + e42 * 1, (e43 & (e42 >= 0) & (e42 < 4)), other=0)).to(tl.float32)
    e45 = (tl.full((), 0.125, tl.float32)).to(tl.float32)
    e46 = ((e38 * e45)).to(tl.float32)
    e47 = (tl.full((), 0.0, tl.float32)).to(tl.float32)
    e48 = ((e41 * e47)).to(tl.float32)
    e49 = (tl.full((), 0.125, tl.float32)).to(tl.float32)
    e50 = ((e44 * e49)).to(tl.float32)
    e51 = (tl.fma(e46, e48, e50)).to(tl.float32)
    e52 = (tl.fma(e51, e48, e50)).to(tl.float32)
    e53 = (tl.flip(e29)).to(tl.float32)
           ^"
32906,4,triton,2026.09.25-23.14_triton_hard-shape_seed=42,triton_compile_error,confirmed_signature,flip,1790395711.6388907,results/2026.09.25-23.14_triton_hard-shape_seed=42/failed/triton_compile_error/failed_extended_mixed_fd99c1e0abc17bc7.json,独立复现代表样本，按相同错误签名关联；非逐例根因证明,"line 80, in make_ir
    return ast_to_ttir(self.fn, self, context=context, options=options, codegen_fns=codegen_fns,
           ^^^^^^^^^^^^^^^^^^^^^^^^^^^^^^^^^^^^^^^^^^^^^^^^^^^^^^^^^^^^^^^^^^^^^^^^^^^^^^^^^^^^^
triton.compiler.errors.CompilationError: at 124:12:
        e102, e103 = mixed_helper_extended_0_0(e101, e59, mem0, mem1, mem4, mem5, steps, limit, bid)
        e104 = (tl.full((16, 16), 0.125, tl.float16)).to(tl.float16)
        e105 = ((e102 * e104)).to(tl.float16)
        e106 = ((e93 + e103)).to(tl.float32)
        e107 = (tl.full((), 1, tl.int32)).to(tl.int32)
        e108 = ((e91 + e107)).to(tl.int32)
        e109 = ((e94 + e108)).to(tl.int32)
        e110 = e105
        e111 = e106
        e112 = e109
        e91 += 1
    e113 = (tl.flip(e110)).to(tl.float16)
            ^"
32906,4,triton,2026.09.25-23.14_triton_hard-shape_seed=42,triton_compile_error,confirmed_signature,flip,1790395757.1997592,results/2026.09.25-23.14_triton_hard-shape_seed=42/failed/triton_compile_error/failed_extended_indexed_memory_3f430e135f28df12.json,独立复现代表样本，按相同错误签名关联；非逐例根因证明,"^^^^^^^^^^^^^^^^^^^^^^^^^^^^^^^^^^^^^^^^^^^^^^^^
triton.compiler.errors.CompilationError: at 32:11:
    e17 = (tl.full((32, 16), 0.125, tl.float16)).to(tl.float16)
    e18 = ((e16 + e17)).to(tl.float16)
    tl.debug_barrier()
    tl.store(mem1 + bid * 1060 + 18 + e13 * 1, e18, (e15 & (e13 >= 0) & (e13 < 512)))
    tl.debug_barrier()
    e19 = (tl.full((32, 16), True, tl.int1)).to(tl.int1)
    e20 = (tl.load(mem1 + bid * 1060 + 17 + e13 * 2, (e19 & (e13 >= 0) & (e13 < 512)), other=0)).to(tl.float16)
    e21 = (tl.full((32, 16), 3, tl.int32)).to(tl.int32)
    e22 = ((e13 ^ e21)).to(tl.int32)
    e23 = (tl.load(mem1 + bid * 1060 + 18 + e22 * 1, (e15 & (e22 >= 0) & (e22 < 512)), other=0)).to(tl.float16)
    e24 = ((e20 + e23)).to(tl.float16)
    e25 = (tl.flip(e24)).to(tl.float16)
           ^"
32906,4,triton,2026.09.25-23.14_triton_hard-shape_seed=42,triton_compile_error,confirmed_signature,flip,1790396161.2480721,results/2026.09.25-23.14_triton_hard-shape_seed=42/failed/triton_compile_error/failed_extended_shape_matmul_52975fcf1a6fd25f.json,独立复现代表样本，按相同错误签名关联；非逐例根因证明,"^^^^^^^^^
triton.compiler.errors.CompilationError: at 24:11:
    e11 = (tl.reshape(e10, (16, 1))).to(tl.float32)
    e12 = ((e9 - e11)).to(tl.float32)
    e13 = (tl.full((16, 16), 0.125, tl.float32)).to(tl.float32)
    e14 = ((e12 * e13)).to(tl.float32)
    e15 = ((((tl.arange(0, 16)[:, None] * 16 + tl.arange(0, 16)[None, :]) + 154) % 256)).to(tl.int32)
    e16 = (tl.full((16, 16), True, tl.int1)).to(tl.int1)
    e17 = (tl.load(mem1 + bid * 288 + 16 + e15 * 1, (e16 & (e15 >= 0) & (e15 < 256)), other=0)).to(tl.float16)
    e18 = (e14.to(tl.float16)).to(tl.float16)
    e19 = (tl.dot(e18, e17, e8, input_precision='ieee')).to(tl.float32)
    e20 = (tl.reshape(e19, (16, 16))).to(tl.float32)
    e21 = (tl.reshape(e20, (16, 16))).to(tl.float32)
    e22 = (tl.flip(e21)).to(tl.float32)
           ^"
32906,4,triton,2026.09.25-23.14_triton_hard-shape_seed=42,triton_compile_error,confirmed_signature,flip,1790396316.3062027,results/2026.09.25-23.14_triton_hard-shape_seed=42/failed/triton_compile_error/failed_extended_shape_matmul_367fed04e9b60879.json,独立复现代表样本，按相同错误签名关联；非逐例根因证明,"s,
           ^^^^^^^^^^^^^^^^^^^^^^^^^^^^^^^^^^^^^^^^^^^^^^^^^^^^^^^^^^^^^^^^^^^^^^^^^^^^^^^^^^^^^
triton.compiler.errors.CompilationError: at 50:11:
    e36 = (tl.full((), 2, tl.int32)).to(tl.int32)
    e37 = (tl.full((), True, tl.int1)).to(tl.int1)
    e38 = (tl.load(mem2 + bid * 36 + 16 + e36 * 1, (e37 & (e36 >= 0) & (e36 < 4)), other=0)).to(tl.float16)
    e39 = (tl.full((), 0.0, tl.float16)).to(tl.float16)
    e40 = ((e32 * e39)).to(tl.float16)
    e41 = (tl.full((), 0.125, tl.float16)).to(tl.float16)
    e42 = ((e35 * e41)).to(tl.float16)
    e43 = (tl.full((), -0.125, tl.float16)).to(tl.float16)
    e44 = ((e38 * e43)).to(tl.float16)
    e45 = (tl.fma(e40, e42, e44)).to(tl.float16)
    e46 = (tl.fma(e45, e42, e44)).to(tl.float16)
    e47 = (tl.flip(e29)).to(tl.float32)
           ^"
32906,4,triton,2026.09.25-23.14_triton_hard-shape_seed=42,triton_compile_error,confirmed_signature,flip,1790396513.8139572,results/2026.09.25-23.14_triton_hard-shape_seed=42/failed/triton_compile_error/failed_extended_mixed_a40981980ef24c05.json,独立复现代表样本，按相同错误签名关联；非逐例根因证明,"^^^^^^^^^^^^^^^^^^^^^^^^^^^^^^^^^^^^^^^^^^^^^^^^^^^^^^^^^^^^^^^^^^^^^^^^
triton.compiler.errors.CompilationError: at 159:12:
    e137 = (tl.full((), 2, tl.int32)).to(tl.int32)
    e138 = (tl.full((), True, tl.int1)).to(tl.int1)
    e139 = (tl.load(mem9 + bid * 36 + 16 + e137 * 1, (e138 & (e137 >= 0) & (e137 < 4)), other=0)).to(tl.float16)
    e140 = (tl.full((), 1.0, tl.float16)).to(tl.float16)
    e141 = ((e133 * e140)).to(tl.float16)
    e142 = (tl.full((), -1.0, tl.float16)).to(tl.float16)
    e143 = ((e136 * e142)).to(tl.float16)
    e144 = (tl.full((), 0.5, tl.float16)).to(tl.float16)
    e145 = ((e139 * e144)).to(tl.float16)
    e146 = (tl.fma(e141, e143, e145)).to(tl.float16)
    e147 = (tl.fma(e146, e143, e145)).to(tl.float16)
    e148 = (tl.flip(e117)).to(tl.float16)
            ^"
32906,4,triton,2026.09.25-23.14_triton_hard-shape_seed=42,triton_compile_error,confirmed_signature,flip,1790396588.3325274,results/2026.09.25-23.14_triton_hard-shape_seed=42/failed/triton_compile_error/failed_extended_arithmetic_7278bed3cf691eb7.json,独立复现代表样本，按相同错误签名关联；非逐例根因证明,"s,
           ^^^^^^^^^^^^^^^^^^^^^^^^^^^^^^^^^^^^^^^^^^^^^^^^^^^^^^^^^^^^^^^^^^^^^^^^^^^^^^^^^^^^^
triton.compiler.errors.CompilationError: at 41:11:
    e28 = (tl.full((), 2, tl.int32)).to(tl.int32)
    e29 = (tl.full((), True, tl.int1)).to(tl.int1)
    e30 = (tl.load(mem2 + bid * 36 + 16 + e28 * 1, (e29 & (e28 >= 0) & (e28 < 4)), other=0)).to(tl.float32)
    e31 = (tl.full((), 1.0, tl.float32)).to(tl.float32)
    e32 = ((e24 * e31)).to(tl.float32)
    e33 = (tl.full((), 0.125, tl.float32)).to(tl.float32)
    e34 = ((e27 * e33)).to(tl.float32)
    e35 = (tl.full((), -0.125, tl.float32)).to(tl.float32)
    e36 = ((e30 * e35)).to(tl.float32)
    e37 = (tl.fma(e32, e34, e36)).to(tl.float32)
    e38 = (tl.fma(e37, e34, e36)).to(tl.float32)
    e39 = (tl.flip(e21)).to(tl.float16)
           ^"
32906,4,triton,2026.09.25-23.14_triton_hard-shape_seed=42,triton_compile_error,confirmed_signature,flip,1790396604.112401,results/2026.09.25-23.14_triton_hard-shape_seed=42/failed/triton_compile_error/failed_extended_shape_matmul_bb034ecd6c7827d2.json,独立复现代表样本，按相同错误签名关联；非逐例根因证明,"
triton.compiler.errors.CompilationError: at 29:11:
    e16 = (tl.reshape(e15, (16, 1))).to(tl.float32)
    e17 = ((e14 - e16)).to(tl.float32)
    e18 = (tl.full((16, 16), 0.125, tl.float32)).to(tl.float32)
    e19 = ((e17 * e18)).to(tl.float32)
    e20 = ((((255 - (tl.arange(0, 16)[:, None] * 16 + tl.arange(0, 16)[None, :])) + 78) % 256)).to(tl.int32)
    e21 = (tl.full((16, 16), True, tl.int1)).to(tl.int1)
    e22 = (tl.load(mem1 + bid * 288 + 16 + e20 * 1, (e21 & (e20 >= 0) & (e20 < 256)), other=0)).to(tl.float16)
    e23 = (e19.to(tl.float16)).to(tl.float16)
    e24 = (tl.dot(e23, e22, e13, input_precision='ieee')).to(tl.float32)
    e25 = (tl.reshape(e24, (16, 16))).to(tl.float32)
    e26 = (tl.reshape(e25, (16, 16))).to(tl.float32)
    e27 = (tl.flip(e26)).to(tl.float32)
           ^"
32906,4,triton,2026.09.25-23.14_triton_hard-shape_seed=42,triton_compile_error,confirmed_signature,flip,1790397039.0867105,results/2026.09.25-23.14_triton_hard-shape_seed=42/failed/triton_compile_error/failed_extended_mixed_c368748be5c68aba.json,独立复现代表样本，按相同错误签名关联；非逐例根因证明,"onError: at 145:12:
    e124 = (tl.broadcast_to(e123, (16, 32))).to(tl.float32)
    e125 = (tl.full((), 0.125, tl.float32)).to(tl.float32)
    e126 = (tl.broadcast_to(e125, (16, 32))).to(tl.float32)
    e127 = ((e124 + e126)).to(tl.float32)
    e128 = ((((511 - (tl.arange(0, 16)[:, None] * 32 + tl.arange(0, 32)[None, :])) + 203) % 512)).to(tl.int32)
    e129 = (tl.full((16, 32), 7, tl.int32)).to(tl.int32)
    e130 = ((e128 & e129)).to(tl.int32)
    e131 = ((((tl.arange(0, 16)[:, None] * 32 + tl.arange(0, 32)[None, :]) + 270) % 512)).to(tl.int32)
    e132 = (tl.full((16, 32), 256, tl.int32)).to(tl.int32)
    e133 = ((e131 < e132)).to(tl.int1)
    tl.atomic_min(mem7 + bid * 544 + 16 + e130 * 1, e127, (e133 & (e130 >= 0) & (e130 < 512)))
    e134 = (tl.flip(e120)).to(tl.float16)
            ^"
32906,4,triton,2026.09.25-23.14_triton_hard-shape_seed=42,triton_compile_error,confirmed_signature,flip,1790397347.3165133,results/2026.09.25-23.14_triton_hard-shape_seed=42/failed/triton_compile_error/failed_extended_arithmetic_621a2c7b94cf7276.json,独立复现代表样本，按相同错误签名关联；非逐例根因证明,"s,
           ^^^^^^^^^^^^^^^^^^^^^^^^^^^^^^^^^^^^^^^^^^^^^^^^^^^^^^^^^^^^^^^^^^^^^^^^^^^^^^^^^^^^^
triton.compiler.errors.CompilationError: at 43:11:
    e29 = (tl.full((), 2, tl.int32)).to(tl.int32)
    e30 = (tl.full((), True, tl.int1)).to(tl.int1)
    e31 = (tl.load(mem2 + bid * 36 + 16 + e29 * 1, (e30 & (e29 >= 0) & (e29 < 4)), other=0)).to(tl.float16)
    e32 = (tl.full((), 1.0, tl.float16)).to(tl.float16)
    e33 = ((e25 * e32)).to(tl.float16)
    e34 = (tl.full((), 0.125, tl.float16)).to(tl.float16)
    e35 = ((e28 * e34)).to(tl.float16)
    e36 = (tl.full((), -0.125, tl.float16)).to(tl.float16)
    e37 = ((e31 * e36)).to(tl.float16)
    e38 = (tl.fma(e33, e35, e37)).to(tl.float16)
    e39 = (tl.fma(e38, e35, e37)).to(tl.float16)
    e40 = (tl.flip(e16)).to(tl.float16)
           ^"
32906,4,triton,2026.09.25-23.14_triton_hard-shape_seed=42,triton_compile_error,confirmed_signature,flip,1790397459.7940328,results/2026.09.25-23.14_triton_hard-shape_seed=42/failed/triton_compile_error/failed_extended_arithmetic_27170aa14a0e03a9.json,独立复现代表样本，按相同错误签名关联；非逐例根因证明,"_fns,
           ^^^^^^^^^^^^^^^^^^^^^^^^^^^^^^^^^^^^^^^^^^^^^^^^^^^^^^^^^^^^^^^^^^^^^^^^^^^^^^^^^^^^^
triton.compiler.errors.CompilationError: at 36:11:
    e23 = (tl.full((), 2, tl.int32)).to(tl.int32)
    e24 = (tl.full((), True, tl.int1)).to(tl.int1)
    e25 = (tl.load(mem1 + bid * 36 + 16 + e23 * 1, (e24 & (e23 >= 0) & (e23 < 4)), other=0)).to(tl.float16)
    e26 = (tl.full((), -0.5, tl.float16)).to(tl.float16)
    e27 = ((e19 * e26)).to(tl.float16)
    e28 = (tl.full((), 0.25, tl.float16)).to(tl.float16)
    e29 = ((e22 * e28)).to(tl.float16)
    e30 = (tl.full((), 0.0, tl.float16)).to(tl.float16)
    e31 = ((e25 * e30)).to(tl.float16)
    e32 = (tl.fma(e27, e29, e31)).to(tl.float16)
    e33 = (tl.fma(e32, e29, e31)).to(tl.float16)
    e34 = (tl.flip(e16)).to(tl.float16)
           ^"
32906,4,triton,2026.09.25-23.14_triton_hard-shape_seed=42,triton_compile_error,confirmed_signature,flip,1790397561.5627847,results/2026.09.25-23.14_triton_hard-shape_seed=42/failed/triton_compile_error/failed_extended_mixed_30b0ed1749828140.json,独立复现代表样本，按相同错误签名关联；非逐例根因证明," line 80, in make_ir
    return ast_to_ttir(self.fn, self, context=context, options=options, codegen_fns=codegen_fns,
           ^^^^^^^^^^^^^^^^^^^^^^^^^^^^^^^^^^^^^^^^^^^^^^^^^^^^^^^^^^^^^^^^^^^^^^^^^^^^^^^^^^^^^
triton.compiler.errors.CompilationError: at 122:12:
        e100, e101 = mixed_helper_extended_0_0(e99, e57, mem0, mem1, mem4, mem5, steps, limit, bid)
        e102 = (tl.full((16, 16), 0.125, tl.float16)).to(tl.float16)
        e103 = ((e100 * e102)).to(tl.float16)
        e104 = ((e91 + e101)).to(tl.float32)
        e105 = (tl.full((), 1, tl.int32)).to(tl.int32)
        e106 = ((e89 + e105)).to(tl.int32)
        e107 = ((e92 + e106)).to(tl.int32)
        e108 = e103
        e109 = e104
        e110 = e107
        e89 += 1
    e111 = (tl.flip(e108)).to(tl.float16)
            ^"
32906,4,triton,2026.09.25-23.14_triton_hard-shape_seed=42,triton_compile_error,confirmed_signature,flip,1790399468.39744,results/2026.09.25-23.14_triton_hard-shape_seed=42/failed/triton_compile_error/failed_extended_control_calls_94278faf89b450dd.json,独立复现代表样本，按相同错误签名关联；非逐例根因证明,"/compiler/compiler.py"", line 80, in make_ir
    return ast_to_ttir(self.fn, self, context=context, options=options, codegen_fns=codegen_fns,
           ^^^^^^^^^^^^^^^^^^^^^^^^^^^^^^^^^^^^^^^^^^^^^^^^^^^^^^^^^^^^^^^^^^^^^^^^^^^^^^^^^^^^^
triton.compiler.errors.CompilationError: at 80:11:
        e64, e65 = mixed_helper_extended_0_0(e63, e21, mem0, mem1, mem2, mem3, steps, limit, bid)
        e66 = (tl.full((32, 16), 0.125, tl.float16)).to(tl.float16)
        e67 = ((e64 * e66)).to(tl.float16)
        e68 = ((e55 + e65)).to(tl.float32)
        e69 = (tl.full((), 1, tl.int32)).to(tl.int32)
        e70 = ((e53 + e69)).to(tl.int32)
        e71 = ((e56 + e70)).to(tl.int32)
        e72 = e67
        e73 = e68
        e74 = e71
        e53 += 1
    e75 = (tl.flip(e72)).to(tl.float16)
           ^"
32906,4,triton,2026.09.25-23.14_triton_hard-shape_seed=42,triton_compile_error,confirmed_signature,flip,1790399734.589728,results/2026.09.25-23.14_triton_hard-shape_seed=42/failed/triton_compile_error/failed_extended_indexed_memory_cc3c648d9e0cf7f3.json,独立复现代表样本，按相同错误签名关联；非逐例根因证明,"^^^^^^^^^^^^^^^^^^^^^^^^^^^^^^^^^^^^^^^^^^^^^^^^^^^^^^^^^^
triton.compiler.errors.CompilationError: at 25:11:
    e10 = (tl.full((32, 16), 0.125, tl.float16)).to(tl.float16)
    e11 = ((e9 + e10)).to(tl.float16)
    tl.debug_barrier()
    tl.store(mem1 + bid * 1060 + 18 + e6 * 1, e11, (e8 & (e6 >= 0) & (e6 < 512)))
    tl.debug_barrier()
    e12 = (tl.full((32, 16), True, tl.int1)).to(tl.int1)
    e13 = (tl.load(mem1 + bid * 1060 + 17 + e6 * 2, (e12 & (e6 >= 0) & (e6 < 512)), other=0)).to(tl.float16)
    e14 = (tl.full((32, 16), 1, tl.int32)).to(tl.int32)
    e15 = ((e6 ^ e14)).to(tl.int32)
    e16 = (tl.load(mem1 + bid * 1060 + 18 + e15 * 1, (e8 & (e15 >= 0) & (e15 < 512)), other=0)).to(tl.float16)
    e17 = ((e13 + e16)).to(tl.float16)
    e18 = (tl.flip(e17)).to(tl.float16)
           ^"
32906,4,triton,2026.09.25-23.14_triton_hard-shape_seed=42,triton_compile_error,confirmed_signature,flip,1790400459.681069,results/2026.09.25-23.14_triton_hard-shape_seed=42/failed/triton_compile_error/failed_extended_arithmetic_baf7b85b772d83db.json,独立复现代表样本，按相同错误签名关联；非逐例根因证明,"lf, context=context, options=options, codegen_fns=codegen_fns,
           ^^^^^^^^^^^^^^^^^^^^^^^^^^^^^^^^^^^^^^^^^^^^^^^^^^^^^^^^^^^^^^^^^^^^^^^^^^^^^^^^^^^^^
triton.compiler.errors.CompilationError: at 21:11:
    e8 = ((e6 * e7)).to(tl.float16)
    e9 = (tl.full((32, 16), 7, tl.int32)).to(tl.int32)
    e10 = ((e1 ^ e9)).to(tl.int32)
    e11 = (tl.full((32, 16), 3, tl.int32)).to(tl.int32)
    e12 = ((e10 < e11)).to(tl.int1)
    e13 = ((((tl.arange(0, 32)[:, None] * 16 + tl.arange(0, 16)[None, :]) + 45) % 512)).to(tl.int32)
    e14 = (limit).to(tl.int32)
    e15 = ((e13 < e14)).to(tl.int1)
    e16 = ((e12 & e15)).to(tl.int1)
    e17 = (tl.full((32, 16), -0.125, tl.float16)).to(tl.float16)
    e18 = (tl.where(e16, e8, e17)).to(tl.float16)
    e19 = (tl.flip(e18)).to(tl.float16)
           ^"
32906,4,triton,2026.09.25-23.14_triton_hard-shape_seed=42,triton_compile_error,confirmed_signature,flip,1790400833.015101,results/2026.09.25-23.14_triton_hard-shape_seed=42/failed/triton_compile_error/failed_extended_control_calls_773b21a80988940f.json,独立复现代表样本，按相同错误签名关联；非逐例根因证明,"triton/compiler/compiler.py"", line 80, in make_ir
    return ast_to_ttir(self.fn, self, context=context, options=options, codegen_fns=codegen_fns,
           ^^^^^^^^^^^^^^^^^^^^^^^^^^^^^^^^^^^^^^^^^^^^^^^^^^^^^^^^^^^^^^^^^^^^^^^^^^^^^^^^^^^^^
triton.compiler.errors.CompilationError: at 76:11:
        e60, e61 = mixed_helper_extended_0_0(e59, e17, mem0, mem1, mem2, steps, limit, bid)
        e62 = (tl.full((16, 32), 0.125, tl.float16)).to(tl.float16)
        e63 = ((e60 * e62)).to(tl.float16)
        e64 = ((e51 + e61)).to(tl.float32)
        e65 = (tl.full((), 1, tl.int32)).to(tl.int32)
        e66 = ((e49 + e65)).to(tl.int32)
        e67 = ((e52 + e66)).to(tl.int32)
        e68 = e63
        e69 = e64
        e70 = e67
        e49 += 1
    e71 = (tl.flip(e68)).to(tl.float16)
           ^"
32906,4,triton,2026.09.25-23.14_triton_hard-shape_seed=42,triton_compile_error,confirmed_signature,flip,1790408626.717462,results/2026.09.25-23.14_triton_hard-shape_seed=42/failed/triton_compile_error/failed_extended_control_calls_999eee827027f48e.json,独立复现代表样本，按相同错误签名关联；非逐例根因证明,",
           ^^^^^^^^^^^^^^^^^^^^^^^^^^^^^^^^^^^^^^^^^^^^^^^^^^^^^^^^^^^^^^^^^^^^^^^^^^^^^^^^^^^^^
triton.compiler.errors.CompilationError: at 104:11:
    e87 = (tl.full((), 2, tl.int32)).to(tl.int32)
    e88 = (tl.full((), True, tl.int1)).to(tl.int1)
    e89 = (tl.load(mem4 + bid * 36 + 16 + e87 * 1, (e88 & (e87 >= 0) & (e87 < 4)), other=0)).to(tl.float32)
    e90 = (tl.full((), 1.0, tl.float32)).to(tl.float32)
    e91 = ((e83 * e90)).to(tl.float32)
    e92 = (tl.full((), 0.125, tl.float32)).to(tl.float32)
    e93 = ((e86 * e92)).to(tl.float32)
    e94 = (tl.full((), -0.125, tl.float32)).to(tl.float32)
    e95 = ((e89 * e94)).to(tl.float32)
    e96 = (tl.fma(e91, e93, e95)).to(tl.float32)
    e97 = (tl.fma(e96, e93, e95)).to(tl.float32)
    e98 = (tl.flip(e69)).to(tl.float16)
           ^"
32906,4,triton,2026.09.25-23.14_triton_hard-shape_seed=42,triton_compile_error,confirmed_signature,flip,1790408709.25737,results/2026.09.25-23.14_triton_hard-shape_seed=42/failed/triton_compile_error/failed_extended_control_calls_f3cb9a4618612828.json,独立复现代表样本，按相同错误签名关联；非逐例根因证明,"_fns,
           ^^^^^^^^^^^^^^^^^^^^^^^^^^^^^^^^^^^^^^^^^^^^^^^^^^^^^^^^^^^^^^^^^^^^^^^^^^^^^^^^^^^^^
triton.compiler.errors.CompilationError: at 99:11:
    e82 = (tl.full((), 2, tl.int32)).to(tl.int32)
    e83 = (tl.full((), True, tl.int1)).to(tl.int1)
    e84 = (tl.load(mem4 + bid * 36 + 16 + e82 * 1, (e83 & (e82 >= 0) & (e82 < 4)), other=0)).to(tl.float32)
    e85 = (tl.full((), -0.5, tl.float32)).to(tl.float32)
    e86 = ((e78 * e85)).to(tl.float32)
    e87 = (tl.full((), 0.25, tl.float32)).to(tl.float32)
    e88 = ((e81 * e87)).to(tl.float32)
    e89 = (tl.full((), 0.0, tl.float32)).to(tl.float32)
    e90 = ((e84 * e89)).to(tl.float32)
    e91 = (tl.fma(e86, e88, e90)).to(tl.float32)
    e92 = (tl.fma(e91, e88, e90)).to(tl.float32)
    e93 = (tl.flip(e67)).to(tl.float16)
           ^"
32906,4,triton,2026.09.25-23.14_triton_hard-shape_seed=42,triton_compile_error,confirmed_signature,flip,1790408831.1925304,results/2026.09.25-23.14_triton_hard-shape_seed=42/failed/triton_compile_error/failed_extended_control_calls_041979d9ac237bc9.json,独立复现代表样本，按相同错误签名关联；非逐例根因证明,"/compiler/compiler.py"", line 80, in make_ir
    return ast_to_ttir(self.fn, self, context=context, options=options, codegen_fns=codegen_fns,
           ^^^^^^^^^^^^^^^^^^^^^^^^^^^^^^^^^^^^^^^^^^^^^^^^^^^^^^^^^^^^^^^^^^^^^^^^^^^^^^^^^^^^^
triton.compiler.errors.CompilationError: at 79:11:
        e63, e64 = mixed_helper_extended_0_0(e62, e20, mem0, mem1, mem2, mem3, steps, limit, bid)
        e65 = (tl.full((16, 16), 0.125, tl.float16)).to(tl.float16)
        e66 = ((e63 * e65)).to(tl.float16)
        e67 = ((e54 + e64)).to(tl.float32)
        e68 = (tl.full((), 1, tl.int32)).to(tl.int32)
        e69 = ((e52 + e68)).to(tl.int32)
        e70 = ((e55 + e69)).to(tl.int32)
        e71 = e66
        e72 = e67
        e73 = e70
        e52 += 1
    e74 = (tl.flip(e71)).to(tl.float16)
           ^"
32906,4,triton,2026.09.25-23.14_triton_hard-shape_seed=42,triton_compile_error,confirmed_signature,flip,1790408906.4906685,results/2026.09.25-23.14_triton_hard-shape_seed=42/failed/triton_compile_error/failed_extended_shape_matmul_73f2bbffd002e4c5.json,独立复现代表样本，按相同错误签名关联；非逐例根因证明,"^^^^^^^^^^^^^^^^^^^^^^^^^^^^^^
triton.compiler.errors.CompilationError: at 21:11:
    e8 = (tl.full((16, 16), 0.0, tl.float32)).to(tl.float32)
    e9 = (tl.dot(e7, e3, e8, input_precision='ieee')).to(tl.float32)
    e10 = (tl.where(tl.sum((e9 != e9).to(tl.int32), 1) > 0, float('nan'), tl.max(e9.to(tl.float32), 1))).to(tl.float32)
    e11 = (tl.reshape(e10, (16, 1))).to(tl.float32)
    e12 = ((e9 - e11)).to(tl.float32)
    e13 = (tl.full((16, 16), 0.125, tl.float32)).to(tl.float32)
    e14 = ((e12 * e13)).to(tl.float32)
    e15 = (e14.to(tl.float16)).to(tl.float16)
    e16 = (tl.dot(e15, e5, e8, input_precision='ieee')).to(tl.float32)
    e17 = (tl.reshape(e16, (16, 16))).to(tl.float32)
    e18 = (tl.reshape(e17, (16, 16))).to(tl.float32)
    e19 = (tl.flip(e18)).to(tl.float32)
           ^"
32906,4,triton,2026.09.25-23.14_triton_hard-shape_seed=42,triton_compile_error,confirmed_signature,flip,1790409226.8051367,results/2026.09.25-23.14_triton_hard-shape_seed=42/failed/triton_compile_error/failed_extended_control_calls_b54953de812b3500.json,独立复现代表样本，按相同错误签名关联；非逐例根因证明,"_fns,
           ^^^^^^^^^^^^^^^^^^^^^^^^^^^^^^^^^^^^^^^^^^^^^^^^^^^^^^^^^^^^^^^^^^^^^^^^^^^^^^^^^^^^^
triton.compiler.errors.CompilationError: at 97:11:
    e81 = (tl.full((), 2, tl.int32)).to(tl.int32)
    e82 = (tl.full((), True, tl.int1)).to(tl.int1)
    e83 = (tl.load(mem4 + bid * 36 + 16 + e81 * 1, (e82 & (e81 >= 0) & (e81 < 4)), other=0)).to(tl.float16)
    e84 = (tl.full((), -0.5, tl.float16)).to(tl.float16)
    e85 = ((e77 * e84)).to(tl.float16)
    e86 = (tl.full((), 0.25, tl.float16)).to(tl.float16)
    e87 = ((e80 * e86)).to(tl.float16)
    e88 = (tl.full((), 0.0, tl.float16)).to(tl.float16)
    e89 = ((e83 * e88)).to(tl.float16)
    e90 = (tl.fma(e85, e87, e89)).to(tl.float16)
    e91 = (tl.fma(e90, e87, e89)).to(tl.float16)
    e92 = (tl.flip(e72)).to(tl.float16)
           ^"
