path,case_id,backend,original_root_cause,triage,reason,version,dtype,shape,tile,sha256
results/2026.09.15-23.03_tilelang_easy-shape_seed=42/failed/dtype_mismatch/failed_calls_main(f0)__f0()_03730335618ef442.json,03730335618ef442,tilelang,dtype_mismatch,已确认缺陷机制，同类记录,源码 dtype 与输入匹配；frontend cache 未纳入全局 dtype；三步缓存对照已确认机制，未逐条重放489条,2,float16,"(512, 16, 1)","(64, 64, 16)",e2ec9f0d53c31178f6ec1f5d7f46020e740a12e7c7297875bd6b9e2ddf5ba5a7
results/2026.09.15-23.03_tilelang_easy-shape_seed=42/failed/dtype_mismatch/failed_calls_main(f0)__f0()_04572c5ab86a73fc.json,04572c5ab86a73fc,tilelang,dtype_mismatch,已确认缺陷机制，同类记录,源码 dtype 与输入匹配；frontend cache 未纳入全局 dtype；三步缓存对照已确认机制，未逐条重放489条,2,float32,"(1024, 4, 2048)","(64, 64, 16)",7c0a073523ed605d54d76c5e2e733f242697f55f140c025fa08012ebb46c82d9
results/2026.09.15-23.03_tilelang_easy-shape_seed=42/failed/dtype_mismatch/failed_calls_main(f0)__f0()_05a29485c4fd2df8.json,05a29485c4fd2df8,tilelang,dtype_mismatch,已确认缺陷机制，同类记录,源码 dtype 与输入匹配；frontend cache 未纳入全局 dtype；三步缓存对照已确认机制，未逐条重放489条,2,float32,"(4, 64, 16384)","(32, 32, 32)",fc81b5c89aa3343c5baab1f303cdae46c5fff9f6357a914d34840f0642addec1
results/2026.09.15-23.03_tilelang_easy-shape_seed=42/failed/dtype_mismatch/failed_calls_main(f0)__f0()_08b7cfe13e24dc2e.json,08b7cfe13e24dc2e,tilelang,dtype_mismatch,已确认缺陷机制，同类记录,源码 dtype 与输入匹配；frontend cache 未纳入全局 dtype；三步缓存对照已确认机制，未逐条重放489条,2,float16,"(4, 16, 512)","(256, 32, 32)",564ee0be64316e2e88b3f96b0bc155d1983a6185e03e9c26a051be24421d5d28
results/2026.09.15-23.03_tilelang_easy-shape_seed=42/failed/dtype_mismatch/failed_calls_main(f0)__f0()_09e8f788002fe175.json,09e8f788002fe175,tilelang,dtype_mismatch,已确认缺陷机制，同类记录,源码 dtype 与输入匹配；frontend cache 未纳入全局 dtype；三步缓存对照已确认机制，未逐条重放489条,2,float16,"(512, 2, 128)","(128, 128, 8)",afcbd6b5ba0edf9993b5785efcc88775165ad553893664c7ff2aa61a0bf94a64
results/2026.09.15-23.03_tilelang_easy-shape_seed=42/failed/dtype_mismatch/failed_calls_main(f0)__f0()_0c0b7e5412fda188.json,0c0b7e5412fda188,tilelang,dtype_mismatch,已确认缺陷机制，同类记录,源码 dtype 与输入匹配；frontend cache 未纳入全局 dtype；三步缓存对照已确认机制，未逐条重放489条,2,float32,"(16384, 512, 1024)","(64, 32, 64)",feb56dbd69f07390973200c716f334275852f90c399129b7efdab8996519b0d0
results/2026.09.15-23.03_tilelang_easy-shape_seed=42/failed/dtype_mismatch/failed_calls_main(f0)__f0()_102e56dd1cbdc5c7.json,102e56dd1cbdc5c7,tilelang,dtype_mismatch,已确认缺陷机制，同类记录,源码 dtype 与输入匹配；frontend cache 未纳入全局 dtype；三步缓存对照已确认机制，未逐条重放489条,2,float32,"(1024, 4, 16)","(64, 64, 8)",83bfbce510cc69a4fb519b7bbf9609c9bb53c0e4fc67e8efc1d8fc6d31ec5306
results/2026.09.15-23.03_tilelang_easy-shape_seed=42/failed/dtype_mismatch/failed_calls_main(f0)__f0()_109b37bd4489c965.json,109b37bd4489c965,tilelang,dtype_mismatch,已确认缺陷机制，同类记录,源码 dtype 与输入匹配；frontend cache 未纳入全局 dtype；三步缓存对照已确认机制，未逐条重放489条,2,float16,"(64, 16384, 1)","(128, 256, 16)",e9e2b58a2d6962be4a58ab6d535ab31208b3af4c2bc36ef030693b3b6fb590e8
results/2026.09.15-23.03_tilelang_easy-shape_seed=42/failed/dtype_mismatch/failed_calls_main(f0)__f0()_17648d3426ee1593.json,17648d3426ee1593,tilelang,dtype_mismatch,已确认缺陷机制，同类记录,源码 dtype 与输入匹配；frontend cache 未纳入全局 dtype；三步缓存对照已确认机制，未逐条重放489条,2,float16,"(1024, 64, 64)","(128, 128, 8)",ca047ea95b5e45ddfbd60d68b5fe74ecdc5db79ad9c885a4dd612a20f8dd550c
results/2026.09.15-23.03_tilelang_easy-shape_seed=42/failed/dtype_mismatch/failed_calls_main(f0)__f0()_18776d203a18a66b.json,18776d203a18a66b,tilelang,dtype_mismatch,已确认缺陷机制，同类记录,源码 dtype 与输入匹配；frontend cache 未纳入全局 dtype；三步缓存对照已确认机制，未逐条重放489条,2,float16,"(64, 128, 1)","(32, 32, 128)",c0603b6429b390544b4c1005c3764d70c2484298a9995b2271ab55a7b76eb51f
results/2026.09.15-23.03_tilelang_easy-shape_seed=42/failed/dtype_mismatch/failed_calls_main(f0)__f0()_1977091824168239.json,1977091824168239,tilelang,dtype_mismatch,已确认缺陷机制，同类记录,源码 dtype 与输入匹配；frontend cache 未纳入全局 dtype；三步缓存对照已确认机制，未逐条重放489条,2,float16,"(64, 4, 128)","(64, 64, 64)",a5749aa5cd942db609e1a7c05eb776d434b3fa7f1c59096a77377871b468150a
results/2026.09.15-23.03_tilelang_easy-shape_seed=42/failed/dtype_mismatch/failed_calls_main(f0)__f0()_1d13c0f23a528fba.json,1d13c0f23a528fba,tilelang,dtype_mismatch,已确认缺陷机制，同类记录,源码 dtype 与输入匹配；frontend cache 未纳入全局 dtype；三步缓存对照已确认机制，未逐条重放489条,2,float32,"(64, 8, 2)","(32, 32, 8)",e867851158dc6b40e6bf60997126bf9070124f9475221d72dc308451a96bd234
results/2026.09.15-23.03_tilelang_easy-shape_seed=42/failed/dtype_mismatch/failed_calls_main(f0)__f0()_203a7f283e53d3f8.json,203a7f283e53d3f8,tilelang,dtype_mismatch,已确认缺陷机制，同类记录,源码 dtype 与输入匹配；frontend cache 未纳入全局 dtype；三步缓存对照已确认机制，未逐条重放489条,2,float32,"(2, 256, 64)","(256, 64, 16)",a8d64625e28b149c19826b1aee4833a052f759c7fb1d8170e046290f23a32fd1
results/2026.09.15-23.03_tilelang_easy-shape_seed=42/failed/dtype_mismatch/failed_calls_main(f0)__f0()_2130110a041b756f.json,2130110a041b756f,tilelang,dtype_mismatch,已确认缺陷机制，同类记录,源码 dtype 与输入匹配；frontend cache 未纳入全局 dtype；三步缓存对照已确认机制，未逐条重放489条,2,float16,"(1, 64, 4)","(64, 64, 32)",5000b3777ee27d5c58a13be9e36f81705236077b0e6ffca1f8ab59065cfe2c0b
results/2026.09.15-23.03_tilelang_easy-shape_seed=42/failed/dtype_mismatch/failed_calls_main(f0)__f0()_24a05e60caadf006.json,24a05e60caadf006,tilelang,dtype_mismatch,已确认缺陷机制，同类记录,源码 dtype 与输入匹配；frontend cache 未纳入全局 dtype；三步缓存对照已确认机制，未逐条重放489条,2,float16,"(16384, 1, 64)","(64, 64, 8)",35f07350cb9b442dffe0f3f1a79ba010014ba0605dbe716bf5e943d0ffff9da0
results/2026.09.15-23.03_tilelang_easy-shape_seed=42/failed/dtype_mismatch/failed_calls_main(f0)__f0()_24f02c6e68ea23ff.json,24f02c6e68ea23ff,tilelang,dtype_mismatch,已确认缺陷机制，同类记录,源码 dtype 与输入匹配；frontend cache 未纳入全局 dtype；三步缓存对照已确认机制，未逐条重放489条,2,float16,"(16, 16, 16)","(32, 32, 8)",42ad6cee9615630ae1bcb13412ff52ab396534c4e652de21c7d7c228968bf0cf
results/2026.09.15-23.03_tilelang_easy-shape_seed=42/failed/dtype_mismatch/failed_calls_main(f0)__f0()_252a716300c43286.json,252a716300c43286,tilelang,dtype_mismatch,已确认缺陷机制，同类记录,源码 dtype 与输入匹配；frontend cache 未纳入全局 dtype；三步缓存对照已确认机制，未逐条重放489条,2,float16,"(32, 8, 2048)","(128, 128, 8)",330f465720342e5977032fa3a021db649a20d78103b60df2d57a9c0530121e2d
results/2026.09.15-23.03_tilelang_easy-shape_seed=42/failed/dtype_mismatch/failed_calls_main(f0)__f0()_258166c95cadf264.json,258166c95cadf264,tilelang,dtype_mismatch,已确认缺陷机制，同类记录,源码 dtype 与输入匹配；frontend cache 未纳入全局 dtype；三步缓存对照已确认机制，未逐条重放489条,2,float16,"(64, 16384, 1)","(128, 256, 16)",e8f5f6adc10dc84582a2947798deecea8f81f411fe8a4a611f1ae8657ff1931f
results/2026.09.15-23.03_tilelang_easy-shape_seed=42/failed/dtype_mismatch/failed_calls_main(f0)__f0()_289babdba1a7bd65.json,289babdba1a7bd65,tilelang,dtype_mismatch,已确认缺陷机制，同类记录,源码 dtype 与输入匹配；frontend cache 未纳入全局 dtype；三步缓存对照已确认机制，未逐条重放489条,2,float16,"(8, 4096, 4)","(128, 16, 32)",fd3298ebafbcd032f20c14954bda903a90b9448918c02ea85ff30498b8115ac7
results/2026.09.15-23.03_tilelang_easy-shape_seed=42/failed/dtype_mismatch/failed_calls_main(f0)__f0()_2e1db35952d5e68a.json,2e1db35952d5e68a,tilelang,dtype_mismatch,已确认缺陷机制，同类记录,源码 dtype 与输入匹配；frontend cache 未纳入全局 dtype；三步缓存对照已确认机制，未逐条重放489条,2,float32,"(512, 16384, 128)","(256, 128, 16)",c6bbd5e835bf686445e8962ad7ca2b74ceaee27a436dea45d7dec7c06c59599b
results/2026.09.15-23.03_tilelang_easy-shape_seed=42/failed/dtype_mismatch/failed_calls_main(f0)__f0()_2fb7683438d0bfc4.json,2fb7683438d0bfc4,tilelang,dtype_mismatch,已确认缺陷机制，同类记录,源码 dtype 与输入匹配；frontend cache 未纳入全局 dtype；三步缓存对照已确认机制，未逐条重放489条,2,float16,"(512, 1, 512)","(128, 256, 16)",d34d89c6f2cf9abc64e80a8bda9efcd6ca717b56e69a53aee3eb4f7d3cbd7dab
results/2026.09.15-23.03_tilelang_easy-shape_seed=42/failed/dtype_mismatch/failed_calls_main(f0)__f0()_35b2601b70046783.json,35b2601b70046783,tilelang,dtype_mismatch,已确认缺陷机制，同类记录,源码 dtype 与输入匹配；frontend cache 未纳入全局 dtype；三步缓存对照已确认机制，未逐条重放489条,2,float16,"(2, 2, 2048)","(64, 16, 64)",22161400cf45592b1e63619642184f5b677abb59ff4b285b68823026d7e9df27
results/2026.09.15-23.03_tilelang_easy-shape_seed=42/failed/dtype_mismatch/failed_calls_main(f0)__f0()_3621f30cf7978df0.json,3621f30cf7978df0,tilelang,dtype_mismatch,已确认缺陷机制，同类记录,源码 dtype 与输入匹配；frontend cache 未纳入全局 dtype；三步缓存对照已确认机制，未逐条重放489条,2,float32,"(16, 2048, 8192)","(32, 32, 64)",d92252ce95a3b8243ee6a4b6a2b95338dcd39d278fd5e56e73e4ea3339206385
results/2026.09.15-23.03_tilelang_easy-shape_seed=42/failed/dtype_mismatch/failed_calls_main(f0)__f0()_3a3a7f056610770a.json,3a3a7f056610770a,tilelang,dtype_mismatch,已确认缺陷机制，同类记录,源码 dtype 与输入匹配；frontend cache 未纳入全局 dtype；三步缓存对照已确认机制，未逐条重放489条,2,float32,"(8, 8, 64)","(64, 64, 16)",ccc7c63e1a5be4be8ae7ff41712ef194101df73f18eab8b526668f8119d2dd49
results/2026.09.15-23.03_tilelang_easy-shape_seed=42/failed/dtype_mismatch/failed_calls_main(f0)__f0()_3a47a55cb235ab6a.json,3a47a55cb235ab6a,tilelang,dtype_mismatch,已确认缺陷机制，同类记录,源码 dtype 与输入匹配；frontend cache 未纳入全局 dtype；三步缓存对照已确认机制，未逐条重放489条,2,float16,"(2048, 8192, 8)","(128, 128, 32)",0221d6c7f0b6a2509565636a95c94e658f74588180ec37254ffb081e4ff07049
results/2026.09.15-23.03_tilelang_easy-shape_seed=42/failed/dtype_mismatch/failed_calls_main(f0)__f0()_3f24d4e9ff29ae29.json,3f24d4e9ff29ae29,tilelang,dtype_mismatch,已确认缺陷机制，同类记录,源码 dtype 与输入匹配；frontend cache 未纳入全局 dtype；三步缓存对照已确认机制，未逐条重放489条,2,float16,"(4096, 8, 64)","(64, 64, 16)",6698f3a3a361fdaec390889c3b5d4fdc0bda52308cc11028f5aa0347e7d53a1c
results/2026.09.15-23.03_tilelang_easy-shape_seed=42/failed/dtype_mismatch/failed_calls_main(f0)__f0()_435fe269e26e46b3.json,435fe269e26e46b3,tilelang,dtype_mismatch,已确认缺陷机制，同类记录,源码 dtype 与输入匹配；frontend cache 未纳入全局 dtype；三步缓存对照已确认机制，未逐条重放489条,2,float16,"(512, 1, 512)","(128, 256, 16)",b1d7702bf252da11de6d083f0f282d6834b58250a04342b378ef7c597e73d0c8
results/2026.09.15-23.03_tilelang_easy-shape_seed=42/failed/dtype_mismatch/failed_calls_main(f0)__f0()_44f23e49720e598d.json,44f23e49720e598d,tilelang,dtype_mismatch,已确认缺陷机制，同类记录,源码 dtype 与输入匹配；frontend cache 未纳入全局 dtype；三步缓存对照已确认机制，未逐条重放489条,2,float32,"(32, 16384, 1)","(64, 64, 32)",1475539c5b81f8c089cecf07d5954c27ede5bb46a2f7c58907be6db9be60c6de
results/2026.09.15-23.03_tilelang_easy-shape_seed=42/failed/dtype_mismatch/failed_calls_main(f0)__f0()_4524446bdb333665.json,4524446bdb333665,tilelang,dtype_mismatch,已确认缺陷机制，同类记录,源码 dtype 与输入匹配；frontend cache 未纳入全局 dtype；三步缓存对照已确认机制，未逐条重放489条,2,float16,"(2, 1, 1024)","(64, 64, 16)",0682875c1a41f2f12b43a47e89127092946a0484d9f1fd528745963fcfdd293e
results/2026.09.15-23.03_tilelang_easy-shape_seed=42/failed/dtype_mismatch/failed_calls_main(f0)__f0()_47258ba0fa81569e.json,47258ba0fa81569e,tilelang,dtype_mismatch,已确认缺陷机制，同类记录,源码 dtype 与输入匹配；frontend cache 未纳入全局 dtype；三步缓存对照已确认机制，未逐条重放489条,2,float32,"(512, 1024, 128)","(64, 128, 16)",4b1e767f1467e3ef37e2fb9fa04ce792c71b2e28ca4e1db9c6b7bef197c8e095
results/2026.09.15-23.03_tilelang_easy-shape_seed=42/failed/dtype_mismatch/failed_calls_main(f0)__f0()_4df52a809cef91c7.json,4df52a809cef91c7,tilelang,dtype_mismatch,已确认缺陷机制，同类记录,源码 dtype 与输入匹配；frontend cache 未纳入全局 dtype；三步缓存对照已确认机制，未逐条重放489条,2,float16,"(128, 2, 2)","(256, 256, 8)",fc8bc036f0f4ac25d6066f438bfbea53f228ef295236e78571a594a6ebc941fe
results/2026.09.15-23.03_tilelang_easy-shape_seed=42/failed/dtype_mismatch/failed_calls_main(f0)__f0()_55d126228bad0028.json,55d126228bad0028,tilelang,dtype_mismatch,已确认缺陷机制，同类记录,源码 dtype 与输入匹配；frontend cache 未纳入全局 dtype；三步缓存对照已确认机制，未逐条重放489条,2,float16,"(1, 2048, 64)","(16, 64, 32)",9ca6228c3bb160e48b1062ca51d13a123d867302ae7904b8561721c523b35aa2
results/2026.09.15-23.03_tilelang_easy-shape_seed=42/failed/dtype_mismatch/failed_calls_main(f0)__f0()_58f042c4af0a8100.json,58f042c4af0a8100,tilelang,dtype_mismatch,已确认缺陷机制，同类记录,源码 dtype 与输入匹配；frontend cache 未纳入全局 dtype；三步缓存对照已确认机制，未逐条重放489条,2,float16,"(512, 64, 1)","(64, 16, 32)",c793c26e1367e7618200f40dee45d25574720cea820b6d31eb576d1664191ef3
results/2026.09.15-23.03_tilelang_easy-shape_seed=42/failed/dtype_mismatch/failed_calls_main(f0)__f0()_5c49d178115b72e3.json,5c49d178115b72e3,tilelang,dtype_mismatch,已确认缺陷机制，同类记录,源码 dtype 与输入匹配；frontend cache 未纳入全局 dtype；三步缓存对照已确认机制，未逐条重放489条,2,float32,"(4, 1024, 4)","(32, 32, 64)",9f2679044c91ad6c7e000a88f8123505253af81fb5734eea53ce1e59d67b9fef
results/2026.09.15-23.03_tilelang_easy-shape_seed=42/failed/dtype_mismatch/failed_calls_main(f0)__f0()_5db65270a8a14dba.json,5db65270a8a14dba,tilelang,dtype_mismatch,已确认缺陷机制，同类记录,源码 dtype 与输入匹配；frontend cache 未纳入全局 dtype；三步缓存对照已确认机制，未逐条重放489条,2,float32,"(1024, 1, 8)","(16, 64, 32)",d3a741c6178b27dffbd47cfa4ee4f4e4b2124831208d6d3e0edcfde6c2cabe0b
results/2026.09.15-23.03_tilelang_easy-shape_seed=42/failed/dtype_mismatch/failed_calls_main(f0)__f0()_5f5a8d9c8b3ad4a1.json,5f5a8d9c8b3ad4a1,tilelang,dtype_mismatch,已确认缺陷机制，同类记录,源码 dtype 与输入匹配；frontend cache 未纳入全局 dtype；三步缓存对照已确认机制，未逐条重放489条,2,float16,"(8, 4096, 256)","(32, 64, 64)",411e15dd12ae000cbfad92626fd9b01b1afa664e892ccaa637508b5733447c9f
results/2026.09.15-23.03_tilelang_easy-shape_seed=42/failed/dtype_mismatch/failed_calls_main(f0)__f0()_6214367cc0152e3a.json,6214367cc0152e3a,tilelang,dtype_mismatch,已确认缺陷机制，同类记录,源码 dtype 与输入匹配；frontend cache 未纳入全局 dtype；三步缓存对照已确认机制，未逐条重放489条,2,float16,"(1, 16, 8192)","(128, 128, 32)",a945260356f51c3f30d1a237897ebf8113e5161ee4af156d7c627c914ef401f6
results/2026.09.15-23.03_tilelang_easy-shape_seed=42/failed/dtype_mismatch/failed_calls_main(f0)__f0()_62a82796b9ae4d79.json,62a82796b9ae4d79,tilelang,dtype_mismatch,已确认缺陷机制，同类记录,源码 dtype 与输入匹配；frontend cache 未纳入全局 dtype；三步缓存对照已确认机制，未逐条重放489条,2,float16,"(64, 2, 16384)","(256, 32, 8)",3e8c9d8d7a057612d6554f7f584260f2d01f5037b80b73b79389f7e8e3484c8e
results/2026.09.15-23.03_tilelang_easy-shape_seed=42/failed/dtype_mismatch/failed_calls_main(f0)__f0()_646333a356e896eb.json,646333a356e896eb,tilelang,dtype_mismatch,已确认缺陷机制，同类记录,源码 dtype 与输入匹配；frontend cache 未纳入全局 dtype；三步缓存对照已确认机制，未逐条重放489条,2,float32,"(1, 2, 2)","(128, 64, 16)",97ec1647b20809a95e58375e5360e280794f3949539ac6dffec363c3985e326f
results/2026.09.15-23.03_tilelang_easy-shape_seed=42/failed/dtype_mismatch/failed_calls_main(f0)__f0()_64ae9e334445965b.json,64ae9e334445965b,tilelang,dtype_mismatch,已确认缺陷机制，同类记录,源码 dtype 与输入匹配；frontend cache 未纳入全局 dtype；三步缓存对照已确认机制，未逐条重放489条,2,float16,"(2, 4096, 8)","(64, 64, 64)",3b55c6d0d36351ce0813ab029eadee8e6c8dcded613fa5453123bd44b41e3a79
results/2026.09.15-23.03_tilelang_easy-shape_seed=42/failed/dtype_mismatch/failed_calls_main(f0)__f0()_650c7aed2fa72a5a.json,650c7aed2fa72a5a,tilelang,dtype_mismatch,已确认缺陷机制，同类记录,源码 dtype 与输入匹配；frontend cache 未纳入全局 dtype；三步缓存对照已确认机制，未逐条重放489条,2,float32,"(32, 16, 32)","(64, 64, 16)",ae62c7f55c7da44810b9deb9de911bbe3464985b8795ee5d42082a767a9e527d
results/2026.09.15-23.03_tilelang_easy-shape_seed=42/failed/dtype_mismatch/failed_calls_main(f0)__f0()_658b1188731f7830.json,658b1188731f7830,tilelang,dtype_mismatch,已确认缺陷机制，同类记录,源码 dtype 与输入匹配；frontend cache 未纳入全局 dtype；三步缓存对照已确认机制，未逐条重放489条,2,float16,"(8192, 1024, 2048)","(128, 128, 16)",2105247cfa2d5d83dd208465fd6d4f115ff4a6d0ece12272b659320d3d637588
results/2026.09.15-23.03_tilelang_easy-shape_seed=42/failed/dtype_mismatch/failed_calls_main(f0)__f0()_66b7a008dd708fbf.json,66b7a008dd708fbf,tilelang,dtype_mismatch,已确认缺陷机制，同类记录,源码 dtype 与输入匹配；frontend cache 未纳入全局 dtype；三步缓存对照已确认机制，未逐条重放489条,2,float16,"(512, 512, 4096)","(64, 64, 32)",b39f1e77d6e144eaf0af31378917c92a0230d4a9ca66108cd4294da9a72fe695
results/2026.09.15-23.03_tilelang_easy-shape_seed=42/failed/dtype_mismatch/failed_calls_main(f0)__f0()_672f6d4b068d0a51.json,672f6d4b068d0a51,tilelang,dtype_mismatch,已确认缺陷机制，同类记录,源码 dtype 与输入匹配；frontend cache 未纳入全局 dtype；三步缓存对照已确认机制，未逐条重放489条,2,float16,"(4, 1, 1)","(32, 32, 8)",74f1eb60fc7f0c7356f59f908eb403bba743a205bf5c812cd7f51d703aee3726
results/2026.09.15-23.03_tilelang_easy-shape_seed=42/failed/dtype_mismatch/failed_calls_main(f0)__f0()_7754d0ed8d10de6f.json,7754d0ed8d10de6f,tilelang,dtype_mismatch,已确认缺陷机制，同类记录,源码 dtype 与输入匹配；frontend cache 未纳入全局 dtype；三步缓存对照已确认机制，未逐条重放489条,2,float32,"(16, 8, 1024)","(32, 256, 16)",36dbf70d793cb021190735514c4ce9726a7594ee4cdb2d817f6024a370dcf439
results/2026.09.15-23.03_tilelang_easy-shape_seed=42/failed/dtype_mismatch/failed_calls_main(f0)__f0()_7bcf48db7ca96268.json,7bcf48db7ca96268,tilelang,dtype_mismatch,已确认缺陷机制，同类记录,源码 dtype 与输入匹配；frontend cache 未纳入全局 dtype；三步缓存对照已确认机制，未逐条重放489条,2,float16,"(1, 16, 8192)","(128, 128, 32)",4aa632aa3b6098883d420123645826828e51a1fa6b15501b6fcd69cfc2c5ed5e
results/2026.09.15-23.03_tilelang_easy-shape_seed=42/failed/dtype_mismatch/failed_calls_main(f0)__f0()_7c025641a55bf3dc.json,7c025641a55bf3dc,tilelang,dtype_mismatch,已确认缺陷机制，同类记录,源码 dtype 与输入匹配；frontend cache 未纳入全局 dtype；三步缓存对照已确认机制，未逐条重放489条,2,float16,"(16384, 8192, 1)","(16, 128, 64)",4cb9a3c110962151f7a055e984203646421dc62ef7ecbf9d7c306530c370a141
results/2026.09.15-23.03_tilelang_easy-shape_seed=42/failed/dtype_mismatch/failed_calls_main(f0)__f0()_7e093cc7dfcdf331.json,7e093cc7dfcdf331,tilelang,dtype_mismatch,已确认缺陷机制，同类记录,源码 dtype 与输入匹配；frontend cache 未纳入全局 dtype；三步缓存对照已确认机制，未逐条重放489条,2,float32,"(512, 16384, 8)","(32, 32, 8)",0d83f3456b6ae9cafd664a88bf92bbdc9fb87c31b1b5a69b2c29a7ad80541a61
results/2026.09.15-23.03_tilelang_easy-shape_seed=42/failed/dtype_mismatch/failed_calls_main(f0)__f0()_7f8a25eab552b76a.json,7f8a25eab552b76a,tilelang,dtype_mismatch,已确认缺陷机制，同类记录,源码 dtype 与输入匹配；frontend cache 未纳入全局 dtype；三步缓存对照已确认机制，未逐条重放489条,2,float16,"(1024, 1, 2)","(64, 32, 16)",4d3e9cb68d1a7632acd31acbb54d8bd97e22266c756063c1f25b67a5200ccad1
results/2026.09.15-23.03_tilelang_easy-shape_seed=42/failed/dtype_mismatch/failed_calls_main(f0)__f0()_84244027f1d7288d.json,84244027f1d7288d,tilelang,dtype_mismatch,已确认缺陷机制，同类记录,源码 dtype 与输入匹配；frontend cache 未纳入全局 dtype；三步缓存对照已确认机制，未逐条重放489条,2,float16,"(8, 2, 1024)","(32, 32, 8)",96944852675126f3d5f7273fa4a6e732785ed5105d458e1df7ea9dae44565b32
results/2026.09.15-23.03_tilelang_easy-shape_seed=42/failed/dtype_mismatch/failed_calls_main(f0)__f0()_8ea72e3b977de92e.json,8ea72e3b977de92e,tilelang,dtype_mismatch,已确认缺陷机制，同类记录,源码 dtype 与输入匹配；frontend cache 未纳入全局 dtype；三步缓存对照已确认机制，未逐条重放489条,2,float16,"(256, 8, 16)","(64, 64, 8)",22151ad716f2fee6b73f73d96ee358cb50998b98984c314f7a3fc7f88dc3e1a0
results/2026.09.15-23.03_tilelang_easy-shape_seed=42/failed/dtype_mismatch/failed_calls_main(f0)__f0()_9531cf7a8031f3f4.json,9531cf7a8031f3f4,tilelang,dtype_mismatch,已确认缺陷机制，同类记录,源码 dtype 与输入匹配；frontend cache 未纳入全局 dtype；三步缓存对照已确认机制，未逐条重放489条,2,float16,"(2048, 2048, 4)","(256, 32, 8)",ef8397a055d2781ab7270fbe56248057df737a0d1189658830d8b92d8ec04959
results/2026.09.15-23.03_tilelang_easy-shape_seed=42/failed/dtype_mismatch/failed_calls_main(f0)__f0()_9b06556d634f0dd9.json,9b06556d634f0dd9,tilelang,dtype_mismatch,已确认缺陷机制，同类记录,源码 dtype 与输入匹配；frontend cache 未纳入全局 dtype；三步缓存对照已确认机制，未逐条重放489条,2,float32,"(4, 8192, 4)","(64, 64, 16)",6dee7771d72564e16fde2047098abf60082e0f8e6fbb264081d021fd5601b484
results/2026.09.15-23.03_tilelang_easy-shape_seed=42/failed/dtype_mismatch/failed_calls_main(f0)__f0()_9b32d72904974975.json,9b32d72904974975,tilelang,dtype_mismatch,已确认缺陷机制，同类记录,源码 dtype 与输入匹配；frontend cache 未纳入全局 dtype；三步缓存对照已确认机制，未逐条重放489条,2,float32,"(1, 8192, 4)","(64, 16, 8)",672689150885764335ef953b9d9a459b4979bfbdc2fd33a0fd08cc12271c7e78
results/2026.09.15-23.03_tilelang_easy-shape_seed=42/failed/dtype_mismatch/failed_calls_main(f0)__f0()_9b7b0fbcea062fe3.json,9b7b0fbcea062fe3,tilelang,dtype_mismatch,已确认缺陷机制，同类记录,源码 dtype 与输入匹配；frontend cache 未纳入全局 dtype；三步缓存对照已确认机制，未逐条重放489条,2,float32,"(2, 512, 1024)","(128, 128, 8)",ba9c146d8faa98f31cf64e3d1103a440e024285108b25162563357ed2190d4f5
results/2026.09.15-23.03_tilelang_easy-shape_seed=42/failed/dtype_mismatch/failed_calls_main(f0)__f0()_9c1aa07b5b8c1106.json,9c1aa07b5b8c1106,tilelang,dtype_mismatch,已确认缺陷机制，同类记录,源码 dtype 与输入匹配；frontend cache 未纳入全局 dtype；三步缓存对照已确认机制，未逐条重放489条,2,float32,"(1, 32, 1)","(64, 256, 32)",c207ff6f00e3bf529bc4e224dbec89d4c2c64b61e55bdbe74b3452f3e1015eed
results/2026.09.15-23.03_tilelang_easy-shape_seed=42/failed/dtype_mismatch/failed_calls_main(f0)__f0()_9e064c49c89fb4de.json,9e064c49c89fb4de,tilelang,dtype_mismatch,已确认缺陷机制，同类记录,源码 dtype 与输入匹配；frontend cache 未纳入全局 dtype；三步缓存对照已确认机制，未逐条重放489条,2,float16,"(64, 64, 16)","(64, 64, 8)",a6cebe895e3fd8484ebfec87945801ab0f112f046c7933c7e7b42080482e1017
results/2026.09.15-23.03_tilelang_easy-shape_seed=42/failed/dtype_mismatch/failed_calls_main(f0)__f0()_9e1da7c30302fde4.json,9e1da7c30302fde4,tilelang,dtype_mismatch,已确认缺陷机制，同类记录,源码 dtype 与输入匹配；frontend cache 未纳入全局 dtype；三步缓存对照已确认机制，未逐条重放489条,2,float32,"(2, 256, 64)","(256, 64, 16)",480fce4274b526ae27cc33955f7759972dffa9371fa0fe935185e3e172432bc0
results/2026.09.15-23.03_tilelang_easy-shape_seed=42/failed/dtype_mismatch/failed_calls_main(f0)__f0()_9e1f767361dbdb19.json,9e1f767361dbdb19,tilelang,dtype_mismatch,已确认缺陷机制，同类记录,源码 dtype 与输入匹配；frontend cache 未纳入全局 dtype；三步缓存对照已确认机制，未逐条重放489条,2,float32,"(128, 2, 128)","(32, 32, 16)",09dcddf915e3e81862ac02082401324e72ed772fc2a8762bf72ef326bc0455fb
results/2026.09.15-23.03_tilelang_easy-shape_seed=42/failed/dtype_mismatch/failed_calls_main(f0)__f0()_a44ef8cc95f842d9.json,a44ef8cc95f842d9,tilelang,dtype_mismatch,已确认缺陷机制，同类记录,源码 dtype 与输入匹配；frontend cache 未纳入全局 dtype；三步缓存对照已确认机制，未逐条重放489条,2,float16,"(16384, 1, 2)","(32, 128, 16)",5fe09800d46a0e56fb1b27199b78420abd84b78a6c95351a7bc2aaab567e08d2
results/2026.09.15-23.03_tilelang_easy-shape_seed=42/failed/dtype_mismatch/failed_calls_main(f0)__f0()_a9e28ae7fa855836.json,a9e28ae7fa855836,tilelang,dtype_mismatch,已确认缺陷机制，同类记录,源码 dtype 与输入匹配；frontend cache 未纳入全局 dtype；三步缓存对照已确认机制，未逐条重放489条,2,float16,"(256, 4, 256)","(16, 64, 32)",6649085c0276ab26671bf1b8dd84d81426de50db6585494164d8d05cef24bcee
results/2026.09.15-23.03_tilelang_easy-shape_seed=42/failed/dtype_mismatch/failed_calls_main(f0)__f0()_ab75fb433cd6a797.json,ab75fb433cd6a797,tilelang,dtype_mismatch,已确认缺陷机制，同类记录,源码 dtype 与输入匹配；frontend cache 未纳入全局 dtype；三步缓存对照已确认机制，未逐条重放489条,2,float16,"(16384, 2048, 2048)","(128, 128, 32)",db42027fe900a701a9871337766e432a0e79583fbf460759b19c233ad027f0a7
results/2026.09.15-23.03_tilelang_easy-shape_seed=42/failed/dtype_mismatch/failed_calls_main(f0)__f0()_b625c7278d475887.json,b625c7278d475887,tilelang,dtype_mismatch,已确认缺陷机制，同类记录,源码 dtype 与输入匹配；frontend cache 未纳入全局 dtype；三步缓存对照已确认机制，未逐条重放489条,2,float32,"(16, 8, 1024)","(32, 256, 16)",6f731d9a67b0538de07225e67f37411b94168d789a20c22640aded94f18335b7
results/2026.09.15-23.03_tilelang_easy-shape_seed=42/failed/dtype_mismatch/failed_calls_main(f0)__f0()_b63e1df2e34ff38c.json,b63e1df2e34ff38c,tilelang,dtype_mismatch,已确认缺陷机制，同类记录,源码 dtype 与输入匹配；frontend cache 未纳入全局 dtype；三步缓存对照已确认机制，未逐条重放489条,2,float16,"(16384, 2, 2)","(32, 32, 64)",cecae55d82f306d7cb3e9e5f0bc2b474b08f15746364a9eeff0f0d9f9d34a83c
results/2026.09.15-23.03_tilelang_easy-shape_seed=42/failed/dtype_mismatch/failed_calls_main(f0)__f0()_b91bbc140e740acb.json,b91bbc140e740acb,tilelang,dtype_mismatch,已确认缺陷机制，同类记录,源码 dtype 与输入匹配；frontend cache 未纳入全局 dtype；三步缓存对照已确认机制，未逐条重放489条,2,float16,"(8, 128, 4)","(64, 64, 32)",39eab5570005c92cc935214a87afe4728cda428bd494a54578c895af7ccc5ffb
results/2026.09.15-23.03_tilelang_easy-shape_seed=42/failed/dtype_mismatch/failed_calls_main(f0)__f0()_b97db514a332dee5.json,b97db514a332dee5,tilelang,dtype_mismatch,已确认缺陷机制，同类记录,源码 dtype 与输入匹配；frontend cache 未纳入全局 dtype；三步缓存对照已确认机制，未逐条重放489条,2,float16,"(8192, 1, 32)","(64, 64, 32)",626c38e6120c3d68178c75de497119e97e7c65f4b0bf44618a8b7bb7458ef8d6
results/2026.09.15-23.03_tilelang_easy-shape_seed=42/failed/dtype_mismatch/failed_calls_main(f0)__f0()_bbc66f51c6ece522.json,bbc66f51c6ece522,tilelang,dtype_mismatch,已确认缺陷机制，同类记录,源码 dtype 与输入匹配；frontend cache 未纳入全局 dtype；三步缓存对照已确认机制，未逐条重放489条,2,float16,"(16384, 4, 8)","(128, 64, 8)",4c9f3ee24dacd08b7b98796dd3aa7a0e09d51bbf2a7a3744b7e46850d2b68deb
results/2026.09.15-23.03_tilelang_easy-shape_seed=42/failed/dtype_mismatch/failed_calls_main(f0)__f0()_c05b1bff5cf19594.json,c05b1bff5cf19594,tilelang,dtype_mismatch,已确认缺陷机制，同类记录,源码 dtype 与输入匹配；frontend cache 未纳入全局 dtype；三步缓存对照已确认机制，未逐条重放489条,2,float32,"(32, 8, 64)","(64, 64, 64)",e931786a9bb93b29911869c36e91840eca3d7e3fc030a09ac74b82e34ecda557
results/2026.09.15-23.03_tilelang_easy-shape_seed=42/failed/dtype_mismatch/failed_calls_main(f0)__f0()_c2c0817e233f0f33.json,c2c0817e233f0f33,tilelang,dtype_mismatch,已确认缺陷机制，同类记录,源码 dtype 与输入匹配；frontend cache 未纳入全局 dtype；三步缓存对照已确认机制，未逐条重放489条,2,float32,"(8, 2048, 2048)","(32, 64, 128)",fdc0294eba6cd602b3a6d4da42ccf44ed56d988037abcc4abae5207cf0c2498c
results/2026.09.15-23.03_tilelang_easy-shape_seed=42/failed/dtype_mismatch/failed_calls_main(f0)__f0()_c56666ac2d92f9fb.json,c56666ac2d92f9fb,tilelang,dtype_mismatch,已确认缺陷机制，同类记录,源码 dtype 与输入匹配；frontend cache 未纳入全局 dtype；三步缓存对照已确认机制，未逐条重放489条,2,float16,"(16, 2048, 512)","(128, 64, 64)",4609f30173723a2b3c643dd4a2722cb21f9be216a03432271b8fdc2e425ee249
results/2026.09.15-23.03_tilelang_easy-shape_seed=42/failed/dtype_mismatch/failed_calls_main(f0)__f0()_c727aab0d9ccd396.json,c727aab0d9ccd396,tilelang,dtype_mismatch,已确认缺陷机制，同类记录,源码 dtype 与输入匹配；frontend cache 未纳入全局 dtype；三步缓存对照已确认机制，未逐条重放489条,2,float16,"(16, 1024, 1)","(32, 32, 16)",4962e903507d340d60d006c2b8a5eb4557f4429873b40db4c2800bd5703f26af
results/2026.09.15-23.03_tilelang_easy-shape_seed=42/failed/dtype_mismatch/failed_calls_main(f0)__f0()_cbfb0de25ebe2000.json,cbfb0de25ebe2000,tilelang,dtype_mismatch,已确认缺陷机制，同类记录,源码 dtype 与输入匹配；frontend cache 未纳入全局 dtype；三步缓存对照已确认机制，未逐条重放489条,2,float16,"(8, 8, 2048)","(32, 32, 128)",3a4b91cc18c9147a9a8d1a0b96c98edf267c893265769005f4cbb080592c33bc
results/2026.09.15-23.03_tilelang_easy-shape_seed=42/failed/dtype_mismatch/failed_calls_main(f0)__f0()_cde0c731222e65a7.json,cde0c731222e65a7,tilelang,dtype_mismatch,已确认缺陷机制，同类记录,源码 dtype 与输入匹配；frontend cache 未纳入全局 dtype；三步缓存对照已确认机制，未逐条重放489条,2,float16,"(4096, 2, 4096)","(64, 64, 8)",850934e367cdab63f9011bf435054758b15a168146f498def415d67c8c8a6ebc
results/2026.09.15-23.03_tilelang_easy-shape_seed=42/failed/dtype_mismatch/failed_calls_main(f0)__f0()_d5c7f502eba7517c.json,d5c7f502eba7517c,tilelang,dtype_mismatch,已确认缺陷机制，同类记录,源码 dtype 与输入匹配；frontend cache 未纳入全局 dtype；三步缓存对照已确认机制，未逐条重放489条,2,float32,"(1, 1, 16)","(256, 256, 8)",8f1b04a2414969ace4ffd9a6c4e95df619fe99f686084124dd8ceef46cd1bb03
results/2026.09.15-23.03_tilelang_easy-shape_seed=42/failed/dtype_mismatch/failed_calls_main(f0)__f0()_da78a7870d1ad908.json,da78a7870d1ad908,tilelang,dtype_mismatch,已确认缺陷机制，同类记录,源码 dtype 与输入匹配；frontend cache 未纳入全局 dtype；三步缓存对照已确认机制，未逐条重放489条,2,float16,"(8192, 16, 8)","(128, 128, 32)",78b246c4e443aac84ae3601ecd7e5420485aaa8407b49081112a645b9b4a734f
results/2026.09.15-23.03_tilelang_easy-shape_seed=42/failed/dtype_mismatch/failed_calls_main(f0)__f0()_de546e9b3ce6784e.json,de546e9b3ce6784e,tilelang,dtype_mismatch,已确认缺陷机制，同类记录,源码 dtype 与输入匹配；frontend cache 未纳入全局 dtype；三步缓存对照已确认机制，未逐条重放489条,2,float16,"(512, 4, 8)","(128, 16, 64)",bd13d4f5ab92893d4f277bf453bc33d2b1b55e88319dafff886f8e487eed3372
results/2026.09.15-23.03_tilelang_easy-shape_seed=42/failed/dtype_mismatch/failed_calls_main(f0)__f0()_e479cb247815ec1c.json,e479cb247815ec1c,tilelang,dtype_mismatch,已确认缺陷机制，同类记录,源码 dtype 与输入匹配；frontend cache 未纳入全局 dtype；三步缓存对照已确认机制，未逐条重放489条,2,float16,"(32, 16384, 1)","(16, 128, 32)",93bc2540d858ed1a62a9bb7a9d54c3125c94296a664882f0364ee3c4794479b5
results/2026.09.15-23.03_tilelang_easy-shape_seed=42/failed/dtype_mismatch/failed_calls_main(f0)__f0()_f15ecdee1003ab35.json,f15ecdee1003ab35,tilelang,dtype_mismatch,已确认缺陷机制，同类记录,源码 dtype 与输入匹配；frontend cache 未纳入全局 dtype；三步缓存对照已确认机制，未逐条重放489条,2,float32,"(512, 4, 16)","(32, 32, 64)",acfa71f2563ac02f868accbcdb4a0b5f9f4304f9d159f18182aee96e0cf9b5bf
results/2026.09.15-23.03_tilelang_easy-shape_seed=42/failed/dtype_mismatch/failed_calls_main(f0)__f0()_f5b4fa4395863db3.json,f5b4fa4395863db3,tilelang,dtype_mismatch,已确认缺陷机制，同类记录,源码 dtype 与输入匹配；frontend cache 未纳入全局 dtype；三步缓存对照已确认机制，未逐条重放489条,2,float32,"(64, 2, 1)","(64, 64, 16)",a812575f5fe0ed80cdd2a3643ec490e1814066fc7d68fcebab9dcb1944d66b1a
results/2026.09.15-23.03_tilelang_easy-shape_seed=42/failed/dtype_mismatch/failed_calls_main(f0)__f0()_f76cb752cd582093.json,f76cb752cd582093,tilelang,dtype_mismatch,已确认缺陷机制，同类记录,源码 dtype 与输入匹配；frontend cache 未纳入全局 dtype；三步缓存对照已确认机制，未逐条重放489条,2,float32,"(2, 2, 1024)","(64, 16, 8)",809c6b2d77868cab57c00121f7b1eb04f35ff646302b5a6fbaf6ae61770c49f4
results/2026.09.15-23.03_tilelang_easy-shape_seed=42/failed/dtype_mismatch/failed_calls_main(f0)__f0()_fb73e7af8a64f755.json,fb73e7af8a64f755,tilelang,dtype_mismatch,已确认缺陷机制，同类记录,源码 dtype 与输入匹配；frontend cache 未纳入全局 dtype；三步缓存对照已确认机制，未逐条重放489条,2,float16,"(16384, 512, 4)","(64, 64, 8)",3f6da14485241a34e62ed552b23e8a029486dca9db77dc032bc1a950d1d3201a
results/2026.09.15-23.03_tilelang_easy-shape_seed=42/failed/dtype_mismatch/failed_calls_main(f0)__f0()_fe201d5538c8c11d.json,fe201d5538c8c11d,tilelang,dtype_mismatch,已确认缺陷机制，同类记录,源码 dtype 与输入匹配；frontend cache 未纳入全局 dtype；三步缓存对照已确认机制，未逐条重放489条,2,float32,"(2048, 4096, 16)","(128, 16, 32)",ba41232ad27052e7fa53225745f136bb4833c0e5596fe8ed10bb34230e9ef209
results/2026.09.15-23.03_tilelang_easy-shape_seed=42/failed/dtype_mismatch/failed_calls_main(f0)__f0()_ffb25910bb4465fb.json,ffb25910bb4465fb,tilelang,dtype_mismatch,已确认缺陷机制，同类记录,源码 dtype 与输入匹配；frontend cache 未纳入全局 dtype；三步缓存对照已确认机制，未逐条重放489条,2,float16,"(64, 2, 8)","(32, 32, 32)",529fe1b6cece494a4440f2706e148c45faf97339c63b0b11327039724a826c54
results/2026.09.15-23.03_tilelang_easy-shape_seed=42/failed/dtype_mismatch/failed_calls_main(f0+f0)__f0()_050ff39242e6b717.json,050ff39242e6b717,tilelang,dtype_mismatch,已确认缺陷机制，同类记录,源码 dtype 与输入匹配；frontend cache 未纳入全局 dtype；三步缓存对照已确认机制，未逐条重放489条,2,float32,"(8192, 32, 2)","(64, 64, 16)",5743bb3e2c9434e64f813ebccbfb531f11bee82fa6ac62a7097f424e6eea202c
results/2026.09.15-23.03_tilelang_easy-shape_seed=42/failed/dtype_mismatch/failed_calls_main(f0+f0)__f0()_08683c2df9de7601.json,08683c2df9de7601,tilelang,dtype_mismatch,已确认缺陷机制，同类记录,源码 dtype 与输入匹配；frontend cache 未纳入全局 dtype；三步缓存对照已确认机制，未逐条重放489条,2,float32,"(128, 16384, 4096)","(64, 128, 32)",3268d60abcd3d856e97818af621a42fabec153f0ef60a4e27e22b5a7edcba6e8
results/2026.09.15-23.03_tilelang_easy-shape_seed=42/failed/dtype_mismatch/failed_calls_main(f0+f0)__f0()_0b44ab358b3d1e49.json,0b44ab358b3d1e49,tilelang,dtype_mismatch,已确认缺陷机制，同类记录,源码 dtype 与输入匹配；frontend cache 未纳入全局 dtype；三步缓存对照已确认机制，未逐条重放489条,2,float16,"(64, 1, 4096)","(256, 16, 16)",b7dca7955461b09000fdf18e5397538ebfa01e5569c976500775c7ef62a0c91d
results/2026.09.15-23.03_tilelang_easy-shape_seed=42/failed/dtype_mismatch/failed_calls_main(f0+f0)__f0()_22c55b56cc4b84aa.json,22c55b56cc4b84aa,tilelang,dtype_mismatch,已确认缺陷机制，同类记录,源码 dtype 与输入匹配；frontend cache 未纳入全局 dtype；三步缓存对照已确认机制，未逐条重放489条,2,float32,"(8, 4, 1)","(32, 256, 16)",3b06cdfa4d925ddc90c0279c417a78523cef6a276a3341b263b72ee9e45bf107
results/2026.09.15-23.03_tilelang_easy-shape_seed=42/failed/dtype_mismatch/failed_calls_main(f0+f0)__f0()_2fa33cc1b068ff0a.json,2fa33cc1b068ff0a,tilelang,dtype_mismatch,已确认缺陷机制，同类记录,源码 dtype 与输入匹配；frontend cache 未纳入全局 dtype；三步缓存对照已确认机制，未逐条重放489条,2,float16,"(128, 1024, 2048)","(256, 16, 32)",e59b0ac048600afb4c5712ee129d33888f040ca90f9e98ac62d39aaa10c10b13
results/2026.09.15-23.03_tilelang_easy-shape_seed=42/failed/dtype_mismatch/failed_calls_main(f0+f0)__f0()_3befcbeb25ff2351.json,3befcbeb25ff2351,tilelang,dtype_mismatch,已确认缺陷机制，同类记录,源码 dtype 与输入匹配；frontend cache 未纳入全局 dtype；三步缓存对照已确认机制，未逐条重放489条,2,float32,"(2048, 1, 16384)","(256, 32, 16)",c8c225ba2cf3f2a8a7cbb46e17cd43ab03694aa789dee7140089bc03f7a674b8
results/2026.09.15-23.03_tilelang_easy-shape_seed=42/failed/dtype_mismatch/failed_calls_main(f0+f0)__f0()_3f13b3c5e6bd2eaf.json,3f13b3c5e6bd2eaf,tilelang,dtype_mismatch,已确认缺陷机制，同类记录,源码 dtype 与输入匹配；frontend cache 未纳入全局 dtype；三步缓存对照已确认机制，未逐条重放489条,2,float32,"(256, 256, 4096)","(256, 256, 16)",d03f822ecd4f81afef233b43cea822c516d2a92ba1810be49f7713a906de3162
results/2026.09.15-23.03_tilelang_easy-shape_seed=42/failed/dtype_mismatch/failed_calls_main(f0+f0)__f0()_475ab6d86db1e188.json,475ab6d86db1e188,tilelang,dtype_mismatch,已确认缺陷机制，同类记录,源码 dtype 与输入匹配；frontend cache 未纳入全局 dtype；三步缓存对照已确认机制，未逐条重放489条,2,float32,"(2, 4, 2048)","(128, 128, 8)",7e0a768c786593e907b9724fb3012d5146c1aeea34f8a9f51ced8fb420e9cb7e
results/2026.09.15-23.03_tilelang_easy-shape_seed=42/failed/dtype_mismatch/failed_calls_main(f0+f0)__f0()_4dfbdedce54b78b5.json,4dfbdedce54b78b5,tilelang,dtype_mismatch,已确认缺陷机制，同类记录,源码 dtype 与输入匹配；frontend cache 未纳入全局 dtype；三步缓存对照已确认机制，未逐条重放489条,2,float32,"(2048, 32, 8192)","(64, 64, 32)",b61661b90d53dddb1037f545d2093d55d2cb7b24e08b5cebc803ce93cd846ea6
results/2026.09.15-23.03_tilelang_easy-shape_seed=42/failed/dtype_mismatch/failed_calls_main(f0+f0)__f0()_4ed3bc65f9c9265e.json,4ed3bc65f9c9265e,tilelang,dtype_mismatch,已确认缺陷机制，同类记录,源码 dtype 与输入匹配；frontend cache 未纳入全局 dtype；三步缓存对照已确认机制，未逐条重放489条,2,float16,"(1, 64, 1)","(32, 32, 32)",fb84cbeec05eb8cb3143bbebf1bca1dbe9d4b6c05b2dd3ecae9aa9b8a6f30698
results/2026.09.15-23.03_tilelang_easy-shape_seed=42/failed/dtype_mismatch/failed_calls_main(f0+f0)__f0()_522020caead64ebd.json,522020caead64ebd,tilelang,dtype_mismatch,已确认缺陷机制，同类记录,源码 dtype 与输入匹配；frontend cache 未纳入全局 dtype；三步缓存对照已确认机制，未逐条重放489条,2,float32,"(8, 1, 2)","(64, 64, 8)",c9edb4510f5a9ec69b5f194cc60e6ed775ca0632c16014627b175105bd902136
results/2026.09.15-23.03_tilelang_easy-shape_seed=42/failed/dtype_mismatch/failed_calls_main(f0+f0)__f0()_58a3441924d7365e.json,58a3441924d7365e,tilelang,dtype_mismatch,已确认缺陷机制，同类记录,源码 dtype 与输入匹配；frontend cache 未纳入全局 dtype；三步缓存对照已确认机制，未逐条重放489条,2,float16,"(512, 4, 2048)","(64, 64, 64)",e7bb26a7cce79df2a2101b923d08761ba95f191e51e67bbbb11f80751581ff5a
results/2026.09.15-23.03_tilelang_easy-shape_seed=42/failed/dtype_mismatch/failed_calls_main(f0+f0)__f0()_6658e811a465f381.json,6658e811a465f381,tilelang,dtype_mismatch,已确认缺陷机制，同类记录,源码 dtype 与输入匹配；frontend cache 未纳入全局 dtype；三步缓存对照已确认机制，未逐条重放489条,2,float32,"(4096, 4096, 4096)","(32, 32, 64)",cc8a33fa6d878981953cbbabeef66bb823f9299dff358b54f7a8728bd42b8cb8
results/2026.09.15-23.03_tilelang_easy-shape_seed=42/failed/dtype_mismatch/failed_calls_main(f0+f0)__f0()_70cb037539be398e.json,70cb037539be398e,tilelang,dtype_mismatch,已确认缺陷机制，同类记录,源码 dtype 与输入匹配；frontend cache 未纳入全局 dtype；三步缓存对照已确认机制，未逐条重放489条,2,float16,"(2, 1024, 8192)","(128, 128, 32)",1811f1388e3e0b8fec2d808197d72c2b82b35dfed8021bee4e30642f907180ff
results/2026.09.15-23.03_tilelang_easy-shape_seed=42/failed/dtype_mismatch/failed_calls_main(f0+f0)__f0()_7bb7d65e4a58ce8d.json,7bb7d65e4a58ce8d,tilelang,dtype_mismatch,已确认缺陷机制，同类记录,源码 dtype 与输入匹配；frontend cache 未纳入全局 dtype；三步缓存对照已确认机制，未逐条重放489条,2,float16,"(16, 512, 16384)","(32, 32, 128)",406318ae00a31dcddfa9d39a41861a8e2cc604b62254d9e70f431a97f78bede7
results/2026.09.15-23.03_tilelang_easy-shape_seed=42/failed/dtype_mismatch/failed_calls_main(f0+f0)__f0()_82800795aa25cfe2.json,82800795aa25cfe2,tilelang,dtype_mismatch,已确认缺陷机制，同类记录,源码 dtype 与输入匹配；frontend cache 未纳入全局 dtype；三步缓存对照已确认机制，未逐条重放489条,2,float16,"(1, 16, 8)","(16, 128, 8)",d0265cb5ebfc420cb17c5f3e8d28ea40b73a3a156631d5071229b1b12e6046a9
results/2026.09.15-23.03_tilelang_easy-shape_seed=42/failed/dtype_mismatch/failed_calls_main(f0+f0)__f0()_8296513d042c4946.json,8296513d042c4946,tilelang,dtype_mismatch,已确认缺陷机制，同类记录,源码 dtype 与输入匹配；frontend cache 未纳入全局 dtype；三步缓存对照已确认机制，未逐条重放489条,2,float16,"(1, 16, 8)","(128, 128, 32)",7380b4a16471d1968109a6d8993060899b664d69743615787a72dcb82bcc260c
results/2026.09.15-23.03_tilelang_easy-shape_seed=42/failed/dtype_mismatch/failed_calls_main(f0+f0)__f0()_880e19617d904913.json,880e19617d904913,tilelang,dtype_mismatch,已确认缺陷机制，同类记录,源码 dtype 与输入匹配；frontend cache 未纳入全局 dtype；三步缓存对照已确认机制，未逐条重放489条,2,float32,"(2, 512, 2048)","(32, 32, 64)",41e608d5fbfe84975e0c5c9faabebb84f9cc25ac81ab42aad7bc885c4c29d55e
results/2026.09.15-23.03_tilelang_easy-shape_seed=42/failed/dtype_mismatch/failed_calls_main(f0+f0)__f0()_899b581e8afeb39c.json,899b581e8afeb39c,tilelang,dtype_mismatch,已确认缺陷机制，同类记录,源码 dtype 与输入匹配；frontend cache 未纳入全局 dtype；三步缓存对照已确认机制，未逐条重放489条,2,float16,"(1, 8, 1024)","(64, 64, 64)",9f6d3794142eb406083a217a28ecbb203878e94776c38434ec37cb52f9f5fb86
results/2026.09.15-23.03_tilelang_easy-shape_seed=42/failed/dtype_mismatch/failed_calls_main(f0+f0)__f0()_9021273101c02752.json,9021273101c02752,tilelang,dtype_mismatch,已确认缺陷机制，同类记录,源码 dtype 与输入匹配；frontend cache 未纳入全局 dtype；三步缓存对照已确认机制，未逐条重放489条,2,float16,"(2048, 2, 64)","(32, 32, 8)",28356a712fed4b438bc7a94423cc29eea744e01fead48e0d7bd06cbf78b3693c
results/2026.09.15-23.03_tilelang_easy-shape_seed=42/failed/dtype_mismatch/failed_calls_main(f0+f0)__f0()_951538336d04754c.json,951538336d04754c,tilelang,dtype_mismatch,已确认缺陷机制，同类记录,源码 dtype 与输入匹配；frontend cache 未纳入全局 dtype；三步缓存对照已确认机制，未逐条重放489条,2,float16,"(1, 2048, 2)","(64, 64, 8)",380a901d5f03c2902264c9123d4da7e9f5bab63d7dc2fbee8b8b4cec9eaf857b
results/2026.09.15-23.03_tilelang_easy-shape_seed=42/failed/dtype_mismatch/failed_calls_main(f0+f0)__f0()_9720a7df4817ae27.json,9720a7df4817ae27,tilelang,dtype_mismatch,已确认缺陷机制，同类记录,源码 dtype 与输入匹配；frontend cache 未纳入全局 dtype；三步缓存对照已确认机制，未逐条重放489条,2,float32,"(16, 128, 8)","(128, 64, 64)",493ba5ee82d056a92cdd321a0d5f2fd2affaf8c5fb1cf488d5ee8ef13e65c612
results/2026.09.15-23.03_tilelang_easy-shape_seed=42/failed/dtype_mismatch/failed_calls_main(f0+f0)__f0()_9dc6540157e6657a.json,9dc6540157e6657a,tilelang,dtype_mismatch,已确认缺陷机制，同类记录,源码 dtype 与输入匹配；frontend cache 未纳入全局 dtype；三步缓存对照已确认机制，未逐条重放489条,2,float32,"(2, 4, 512)","(64, 64, 8)",beb4b11e665028c0154a3de1567bc61d1bc5d44e4d90917ee414b97f338ed90a
results/2026.09.15-23.03_tilelang_easy-shape_seed=42/failed/dtype_mismatch/failed_calls_main(f0+f0)__f0()_a4632905dcf63fdf.json,a4632905dcf63fdf,tilelang,dtype_mismatch,已确认缺陷机制，同类记录,源码 dtype 与输入匹配；frontend cache 未纳入全局 dtype；三步缓存对照已确认机制，未逐条重放489条,2,float16,"(64, 8, 1)","(32, 32, 32)",afbe96af2fd4ea44b9b2b4105cec13ddc0c6e700f6abec2889928b09fb727f77
results/2026.09.15-23.03_tilelang_easy-shape_seed=42/failed/dtype_mismatch/failed_calls_main(f0+f0)__f0()_a67ac8f18696dc09.json,a67ac8f18696dc09,tilelang,dtype_mismatch,已确认缺陷机制，同类记录,源码 dtype 与输入匹配；frontend cache 未纳入全局 dtype；三步缓存对照已确认机制，未逐条重放489条,2,float32,"(64, 2, 4)","(128, 32, 32)",62cb98bc8297681f717be0ade0e84c563863878e0963ddeaaea2b0d46cb050ad
results/2026.09.15-23.03_tilelang_easy-shape_seed=42/failed/dtype_mismatch/failed_calls_main(f0+f0)__f0()_aaa1fbc4289884fb.json,aaa1fbc4289884fb,tilelang,dtype_mismatch,已确认缺陷机制，同类记录,源码 dtype 与输入匹配；frontend cache 未纳入全局 dtype；三步缓存对照已确认机制，未逐条重放489条,2,float32,"(1, 2, 16)","(128, 64, 32)",2f0b727f324e0b45d0e2c9f5010b24e7c1a85e128ea69d594fbb2489a6e8b14d
results/2026.09.15-23.03_tilelang_easy-shape_seed=42/failed/dtype_mismatch/failed_calls_main(f0+f0)__f0()_b1364e60298f8ee0.json,b1364e60298f8ee0,tilelang,dtype_mismatch,已确认缺陷机制，同类记录,源码 dtype 与输入匹配；frontend cache 未纳入全局 dtype；三步缓存对照已确认机制，未逐条重放489条,2,float16,"(256, 4096, 128)","(64, 16, 16)",7b26c96a2f7390d829abefd8ae98574f6bc5cb1c71c168c9d633147d12e2f119
results/2026.09.15-23.03_tilelang_easy-shape_seed=42/failed/dtype_mismatch/failed_calls_main(f0+f0)__f0()_b147e6ffa257c5dd.json,b147e6ffa257c5dd,tilelang,dtype_mismatch,已确认缺陷机制，同类记录,源码 dtype 与输入匹配；frontend cache 未纳入全局 dtype；三步缓存对照已确认机制，未逐条重放489条,2,float32,"(8, 2, 64)","(64, 64, 64)",8eae805983ac8291ca199cc46bc709ae02e62b7ecb685f06c99446997715206c
results/2026.09.15-23.03_tilelang_easy-shape_seed=42/failed/dtype_mismatch/failed_calls_main(f0+f0)__f0()_b23ceba079063d57.json,b23ceba079063d57,tilelang,dtype_mismatch,已确认缺陷机制，同类记录,源码 dtype 与输入匹配；frontend cache 未纳入全局 dtype；三步缓存对照已确认机制，未逐条重放489条,2,float16,"(2048, 2, 4)","(32, 32, 32)",6dd022291f9e0e6221b91b3bb3cb8a5e1dd7d28f655af7db17a5ebf88deb049c
results/2026.09.15-23.03_tilelang_easy-shape_seed=42/failed/dtype_mismatch/failed_calls_main(f0+f0)__f0()_b55ed523e233eac8.json,b55ed523e233eac8,tilelang,dtype_mismatch,已确认缺陷机制，同类记录,源码 dtype 与输入匹配；frontend cache 未纳入全局 dtype；三步缓存对照已确认机制，未逐条重放489条,2,float16,"(16384, 2, 1)","(32, 256, 16)",2ebc3bc4232b80ecfd70ec8e88f12af83b171e17c65f129097cf87827891e097
results/2026.09.15-23.03_tilelang_easy-shape_seed=42/failed/dtype_mismatch/failed_calls_main(f0+f0)__f0()_c0b1ba0f3bea096d.json,c0b1ba0f3bea096d,tilelang,dtype_mismatch,已确认缺陷机制，同类记录,源码 dtype 与输入匹配；frontend cache 未纳入全局 dtype；三步缓存对照已确认机制，未逐条重放489条,2,float32,"(32, 64, 8)","(16, 256, 32)",e089f7e6774f93e5b18b012016a674f10a9e1331bb7ec8caa85484c21071a2be
results/2026.09.15-23.03_tilelang_easy-shape_seed=42/failed/dtype_mismatch/failed_calls_main(f0+f0)__f0()_c28b963491d9b51e.json,c28b963491d9b51e,tilelang,dtype_mismatch,已确认缺陷机制，同类记录,源码 dtype 与输入匹配；frontend cache 未纳入全局 dtype；三步缓存对照已确认机制，未逐条重放489条,2,float32,"(8, 2048, 1)","(128, 32, 16)",2968aac245ac341ee831e03629fa784ef570e6fa0da56de436c338c0f637b384
results/2026.09.15-23.03_tilelang_easy-shape_seed=42/failed/dtype_mismatch/failed_calls_main(f0+f0)__f0()_c2f55001c3175c9d.json,c2f55001c3175c9d,tilelang,dtype_mismatch,已确认缺陷机制，同类记录,源码 dtype 与输入匹配；frontend cache 未纳入全局 dtype；三步缓存对照已确认机制，未逐条重放489条,2,float16,"(8, 1, 32)","(64, 64, 32)",7a26f0b973ec724e974507dcf2bcef1646c56d26b8f066e84dd170439036f409
results/2026.09.15-23.03_tilelang_easy-shape_seed=42/failed/dtype_mismatch/failed_calls_main(f0+f0)__f0()_d61c5522901e4e52.json,d61c5522901e4e52,tilelang,dtype_mismatch,已确认缺陷机制，同类记录,源码 dtype 与输入匹配；frontend cache 未纳入全局 dtype；三步缓存对照已确认机制，未逐条重放489条,2,float32,"(16, 4096, 64)","(32, 32, 32)",3488fd93ed6f2b86984e06aab2208aa468b6d6d79321fe0015f92f2d86a05d9d
results/2026.09.15-23.03_tilelang_easy-shape_seed=42/failed/dtype_mismatch/failed_calls_main(f0+f0)__f0()_e3ce894021f20fad.json,e3ce894021f20fad,tilelang,dtype_mismatch,已确认缺陷机制，同类记录,源码 dtype 与输入匹配；frontend cache 未纳入全局 dtype；三步缓存对照已确认机制，未逐条重放489条,2,float16,"(8, 512, 32)","(128, 256, 8)",d82c883ed67168c7377ca88311c99b1ef0016c4de4cc263b9a31fdc93a337f32
results/2026.09.15-23.03_tilelang_easy-shape_seed=42/failed/dtype_mismatch/failed_calls_main(f0+f0)__f0()_f09cc0748483e48b.json,f09cc0748483e48b,tilelang,dtype_mismatch,已确认缺陷机制，同类记录,源码 dtype 与输入匹配；frontend cache 未纳入全局 dtype；三步缓存对照已确认机制，未逐条重放489条,2,float32,"(8, 16384, 32)","(16, 128, 16)",ba52060dad224cc2c425ee43029b9501734d46971d8b9e577f7a67f427a799a8
results/2026.09.15-23.03_tilelang_easy-shape_seed=42/failed/dtype_mismatch/failed_calls_main(f0+f0)__f0()_f4a3d9341ea4248b.json,f4a3d9341ea4248b,tilelang,dtype_mismatch,已确认缺陷机制，同类记录,源码 dtype 与输入匹配；frontend cache 未纳入全局 dtype；三步缓存对照已确认机制，未逐条重放489条,2,float32,"(4096, 128, 4)","(128, 16, 64)",d0d997afc74037702f30a63dc8358cad7287071938a2f1c7e1b59aeb1c3ec80f
results/2026.09.15-23.03_tilelang_easy-shape_seed=42/failed/dtype_mismatch/failed_calls_main(f0+f0)__f0()_f5c4a12a478f4260.json,f5c4a12a478f4260,tilelang,dtype_mismatch,已确认缺陷机制，同类记录,源码 dtype 与输入匹配；frontend cache 未纳入全局 dtype；三步缓存对照已确认机制，未逐条重放489条,2,float32,"(2, 4, 2048)","(128, 128, 8)",1a2f6bbbdf8aae63feb117d094d9c00932c9dbb29f7e3c7b4b5e9d2360e3741f
results/2026.09.15-23.03_tilelang_easy-shape_seed=42/failed/dtype_mismatch/failed_calls_main(f0+f0+f0)__f0()_06a53d2f77daa6e0.json,06a53d2f77daa6e0,tilelang,dtype_mismatch,已确认缺陷机制，同类记录,源码 dtype 与输入匹配；frontend cache 未纳入全局 dtype；三步缓存对照已确认机制，未逐条重放489条,2,float32,"(4096, 128, 256)","(64, 64, 16)",ccfe9ce033535825ee1a593d39378ea0f6c798dc734b663107900ab10f4f12f4
results/2026.09.15-23.03_tilelang_easy-shape_seed=42/failed/dtype_mismatch/failed_calls_main(f0+f0+f0)__f0()_248b9f2bfe2991c2.json,248b9f2bfe2991c2,tilelang,dtype_mismatch,已确认缺陷机制，同类记录,源码 dtype 与输入匹配；frontend cache 未纳入全局 dtype；三步缓存对照已确认机制，未逐条重放489条,2,float32,"(8, 1024, 8)","(128, 128, 16)",4806408bf2e4f79581fe49fc523660657d976d3c51536c35794e2c908503244c
results/2026.09.15-23.03_tilelang_easy-shape_seed=42/failed/dtype_mismatch/failed_calls_main(f0+f0+f0)__f0()_ab4575f5555f7980.json,ab4575f5555f7980,tilelang,dtype_mismatch,已确认缺陷机制，同类记录,源码 dtype 与输入匹配；frontend cache 未纳入全局 dtype；三步缓存对照已确认机制，未逐条重放489条,2,float32,"(8192, 16384, 512)","(64, 64, 32)",e6921d9be8a47c1697ee673bf8b22b0546fda85c17d0323b35454bf0f32b3516
results/2026.09.15-23.03_tilelang_easy-shape_seed=42/failed/dtype_mismatch/failed_calls_main(f0+f1)__f0()__f1(f0)_1d0f30cb3d629f31.json,1d0f30cb3d629f31,tilelang,dtype_mismatch,已确认缺陷机制，同类记录,源码 dtype 与输入匹配；frontend cache 未纳入全局 dtype；三步缓存对照已确认机制，未逐条重放489条,2,float16,"(1, 64, 64)","(64, 64, 16)",484b690d0ccead79e29400fd021f87c08db2e5edf01f592309189e99d41f795f
results/2026.09.15-23.03_tilelang_easy-shape_seed=42/failed/dtype_mismatch/failed_calls_main(f0+f1)__f0()__f1(f0)_4c4f839cc6c13c44.json,4c4f839cc6c13c44,tilelang,dtype_mismatch,已确认缺陷机制，同类记录,源码 dtype 与输入匹配；frontend cache 未纳入全局 dtype；三步缓存对照已确认机制，未逐条重放489条,2,float16,"(2, 8, 2)","(64, 64, 8)",f8ce3a3634d65b244063e9849f589952a0e6a66749b3de9fa9b9326d6ea3aa20
results/2026.09.15-23.03_tilelang_easy-shape_seed=42/failed/dtype_mismatch/failed_calls_main(f0+f1)__f0()__f1(f0)_54cacfb2d313de4c.json,54cacfb2d313de4c,tilelang,dtype_mismatch,已确认缺陷机制，同类记录,源码 dtype 与输入匹配；frontend cache 未纳入全局 dtype；三步缓存对照已确认机制，未逐条重放489条,2,float16,"(1024, 8, 1)","(64, 64, 8)",0a47e3a27b6e8b6bd7d35114add1434703dce075e53f4d806f3b8c9c5aa66c07
results/2026.09.15-23.03_tilelang_easy-shape_seed=42/failed/dtype_mismatch/failed_calls_main(f0+f1)__f0()__f1(f0)_785f57649eedcd6d.json,785f57649eedcd6d,tilelang,dtype_mismatch,已确认缺陷机制，同类记录,源码 dtype 与输入匹配；frontend cache 未纳入全局 dtype；三步缓存对照已确认机制，未逐条重放489条,2,float16,"(2, 32, 8)","(128, 128, 16)",14652edd92689086e9fe357ebbc790d9ec9b35407e189d6eab126eec8cb46e74
results/2026.09.15-23.03_tilelang_easy-shape_seed=42/failed/dtype_mismatch/failed_calls_main(f0+f1)__f0()__f1(f0)_7acac3ba5dedba4b.json,7acac3ba5dedba4b,tilelang,dtype_mismatch,已确认缺陷机制，同类记录,源码 dtype 与输入匹配；frontend cache 未纳入全局 dtype；三步缓存对照已确认机制，未逐条重放489条,2,float16,"(1024, 2, 2)","(32, 32, 32)",5d1cc4af0222cb9f0547e2bf66ea66ab98a6c103c51de609563bb74628f16df6
results/2026.09.15-23.03_tilelang_easy-shape_seed=42/failed/dtype_mismatch/failed_calls_main(f0+f1)__f0()__f1(f0)_8439078760f4c7a0.json,8439078760f4c7a0,tilelang,dtype_mismatch,已确认缺陷机制，同类记录,源码 dtype 与输入匹配；frontend cache 未纳入全局 dtype；三步缓存对照已确认机制，未逐条重放489条,2,float16,"(2, 8, 2)","(128, 128, 32)",f312d5b9a6bca1ec9d505c917e02eb8c67918a2f008658daf71b98b7a56fc48d
results/2026.09.15-23.03_tilelang_easy-shape_seed=42/failed/dtype_mismatch/failed_calls_main(f0+f1)__f0()__f1(f0)_8dd25a51abd6a1c5.json,8dd25a51abd6a1c5,tilelang,dtype_mismatch,已确认缺陷机制，同类记录,源码 dtype 与输入匹配；frontend cache 未纳入全局 dtype；三步缓存对照已确认机制，未逐条重放489条,2,float16,"(4096, 2, 8192)","(128, 256, 32)",53e7e725aab86c578ffc7ac73053995fe3d03e161151c47e7e15f2892d6ab9dc
results/2026.09.15-23.03_tilelang_easy-shape_seed=42/failed/dtype_mismatch/failed_calls_main(f0+f1)__f0()__f1(f0)_96e8ecb0ec5697ce.json,96e8ecb0ec5697ce,tilelang,dtype_mismatch,已确认缺陷机制，同类记录,源码 dtype 与输入匹配；frontend cache 未纳入全局 dtype；三步缓存对照已确认机制，未逐条重放489条,2,float16,"(16384, 2, 2048)","(64, 32, 8)",8b4ef03b240b687786caee7f4e5cbae4bf3e0a484060d03c7b3d74f6bf05c95b
results/2026.09.15-23.03_tilelang_easy-shape_seed=42/failed/dtype_mismatch/failed_calls_main(f0+f1)__f0()__f1(f0)_a2263414cf1b6f6b.json,a2263414cf1b6f6b,tilelang,dtype_mismatch,已确认缺陷机制，同类记录,源码 dtype 与输入匹配；frontend cache 未纳入全局 dtype；三步缓存对照已确认机制，未逐条重放489条,2,float16,"(1, 64, 64)","(64, 64, 16)",f78aeb063fd11ec184b0c4bdcbbb1a20c40ca807b9ccff2f14a55a31c6382048
results/2026.09.15-23.03_tilelang_easy-shape_seed=42/failed/dtype_mismatch/failed_calls_main(f0+f1)__f0()__f1(f0)_aa5ccfcec7584154.json,aa5ccfcec7584154,tilelang,dtype_mismatch,已确认缺陷机制，同类记录,源码 dtype 与输入匹配；frontend cache 未纳入全局 dtype；三步缓存对照已确认机制，未逐条重放489条,2,float16,"(128, 1, 4)","(16, 64, 64)",4258a5d13c24ec8294b6e35569b8d5874205761e22334b4b2c3ef017c48f381d
results/2026.09.15-23.03_tilelang_easy-shape_seed=42/failed/dtype_mismatch/failed_calls_main(f0+f1)__f0()__f1(f0)_abd3bda5136133c7.json,abd3bda5136133c7,tilelang,dtype_mismatch,已确认缺陷机制，同类记录,源码 dtype 与输入匹配；frontend cache 未纳入全局 dtype；三步缓存对照已确认机制，未逐条重放489条,2,float16,"(2, 128, 256)","(32, 32, 32)",cd8294a70b669d61b9e1df80a68965c8fb474e2cce69a0a28455f15428ca1aaf
results/2026.09.15-23.03_tilelang_easy-shape_seed=42/failed/dtype_mismatch/failed_calls_main(f0+f1)__f0()__f1(f0)_b0b5240f3dd0f5fc.json,b0b5240f3dd0f5fc,tilelang,dtype_mismatch,已确认缺陷机制，同类记录,源码 dtype 与输入匹配；frontend cache 未纳入全局 dtype；三步缓存对照已确认机制，未逐条重放489条,2,float16,"(2, 4096, 16384)","(32, 32, 32)",a24b2581b4688e80284a878742a9c423272149a1db777b872edf89901c288ba8
results/2026.09.15-23.03_tilelang_easy-shape_seed=42/failed/dtype_mismatch/failed_calls_main(f0+f1)__f0()__f1(f0)_bcef15480837037a.json,bcef15480837037a,tilelang,dtype_mismatch,已确认缺陷机制，同类记录,源码 dtype 与输入匹配；frontend cache 未纳入全局 dtype；三步缓存对照已确认机制，未逐条重放489条,2,float32,"(1, 2, 8)","(128, 128, 32)",02a133e7feee63cf67d312f374c02636b7bfbb6c42ee0becbac605f6ceb2ac4f
results/2026.09.15-23.03_tilelang_easy-shape_seed=42/failed/dtype_mismatch/failed_calls_main(f0+f1)__f0()__f1(f0)_c665005cc2736791.json,c665005cc2736791,tilelang,dtype_mismatch,已确认缺陷机制，同类记录,源码 dtype 与输入匹配；frontend cache 未纳入全局 dtype；三步缓存对照已确认机制，未逐条重放489条,2,float32,"(1, 8, 1024)","(16, 32, 8)",25a870c09d4ff887047b48fd3e5d5b49d2162710a00caff005c1037b3a4d9ebd
results/2026.09.15-23.03_tilelang_easy-shape_seed=42/failed/dtype_mismatch/failed_calls_main(f0+f1)__f0()__f1(f0)_c94c5c716c76a2f1.json,c94c5c716c76a2f1,tilelang,dtype_mismatch,已确认缺陷机制，同类记录,源码 dtype 与输入匹配；frontend cache 未纳入全局 dtype；三步缓存对照已确认机制，未逐条重放489条,2,float16,"(1, 2, 1024)","(64, 64, 64)",c5ce1bff2b7fd1634cf736fb7d302998b7752cd606127d40e8f81a02c2c785e4
results/2026.09.15-23.03_tilelang_easy-shape_seed=42/failed/dtype_mismatch/failed_calls_main(f0+f1)__f0()__f1(f0)_fe3ee97e808c57df.json,fe3ee97e808c57df,tilelang,dtype_mismatch,已确认缺陷机制，同类记录,源码 dtype 与输入匹配；frontend cache 未纳入全局 dtype；三步缓存对照已确认机制，未逐条重放489条,2,float16,"(32, 16384, 1)","(256, 256, 16)",5267d793cee604ced40212feae476c91cfdbfa97e6e3c1cadcd911aba8895967
results/2026.09.15-23.03_tilelang_easy-shape_seed=42/failed/dtype_mismatch/failed_calls_main(f0+f1)__f0()__f1(f0+f0)_357e2f05769a9a98.json,357e2f05769a9a98,tilelang,dtype_mismatch,已确认缺陷机制，同类记录,源码 dtype 与输入匹配；frontend cache 未纳入全局 dtype；三步缓存对照已确认机制，未逐条重放489条,2,float16,"(16384, 2, 512)","(16, 64, 64)",728e644c1cc85c43a72c7a0301ad78e52a822e19f52e177202dc754d2b939d00
results/2026.09.15-23.03_tilelang_easy-shape_seed=42/failed/dtype_mismatch/failed_calls_main(f0+f1)__f0()__f1(f0+f0)_54dba6caf467518b.json,54dba6caf467518b,tilelang,dtype_mismatch,已确认缺陷机制，同类记录,源码 dtype 与输入匹配；frontend cache 未纳入全局 dtype；三步缓存对照已确认机制，未逐条重放489条,2,float16,"(512, 32, 512)","(128, 32, 16)",f881eaabe95a1aa55da8eb787c4311d93bd55ac5f47bc7ea2e5b713bf566bb30
results/2026.09.15-23.03_tilelang_easy-shape_seed=42/failed/dtype_mismatch/failed_calls_main(f0+f1)__f0()__f1(f0+f0)_6fd3f731de186d0a.json,6fd3f731de186d0a,tilelang,dtype_mismatch,已确认缺陷机制，同类记录,源码 dtype 与输入匹配；frontend cache 未纳入全局 dtype；三步缓存对照已确认机制，未逐条重放489条,2,float32,"(2048, 2048, 2048)","(16, 32, 8)",7e844339b351b91303547e4877541e5590375a0028c93675aa28b74ac1bf5d43
results/2026.09.15-23.03_tilelang_easy-shape_seed=42/failed/dtype_mismatch/failed_calls_main(f0+f1)__f0()__f1(f0+f0)_b7ca05eae16b7f29.json,b7ca05eae16b7f29,tilelang,dtype_mismatch,已确认缺陷机制，同类记录,源码 dtype 与输入匹配；frontend cache 未纳入全局 dtype；三步缓存对照已确认机制，未逐条重放489条,2,float16,"(64, 2048, 1)","(128, 128, 32)",f5f882489ee30ac4b8a9957f1b39b5faf9cad1f4b3156fb842971ed273301501
results/2026.09.15-23.03_tilelang_easy-shape_seed=42/failed/dtype_mismatch/failed_calls_main(f0+f1+f1)__f0()__f1(f0)_20eed749ad7d0b1c.json,20eed749ad7d0b1c,tilelang,dtype_mismatch,已确认缺陷机制，同类记录,源码 dtype 与输入匹配；frontend cache 未纳入全局 dtype；三步缓存对照已确认机制，未逐条重放489条,2,float32,"(16384, 64, 1)","(32, 32, 8)",fb34212dcef735b632cd95ab48025980369bbc53ca7a78dc0fdec87d705a0c9b
results/2026.09.15-23.03_tilelang_easy-shape_seed=42/failed/dtype_mismatch/failed_calls_main(f1)__f0()__f1(f0)_03472711ff79c9ae.json,03472711ff79c9ae,tilelang,dtype_mismatch,已确认缺陷机制，同类记录,源码 dtype 与输入匹配；frontend cache 未纳入全局 dtype；三步缓存对照已确认机制，未逐条重放489条,2,float16,"(64, 8, 16384)","(32, 256, 8)",7cacde37204af494b9d25f24ff4a816f3277163f229f6f738bd132aeb297b49b
results/2026.09.15-23.03_tilelang_easy-shape_seed=42/failed/dtype_mismatch/failed_calls_main(f1)__f0()__f1(f0)_074ef7dada07dfa3.json,074ef7dada07dfa3,tilelang,dtype_mismatch,已确认缺陷机制，同类记录,源码 dtype 与输入匹配；frontend cache 未纳入全局 dtype；三步缓存对照已确认机制，未逐条重放489条,2,float32,"(1, 4096, 8)","(128, 128, 8)",6820b8354a0b3eb9595d70bc5a0d7fe7506322df9b009923a46d7e0489d41abc
results/2026.09.15-23.03_tilelang_easy-shape_seed=42/failed/dtype_mismatch/failed_calls_main(f1)__f0()__f1(f0)_08eb0393d86ce381.json,08eb0393d86ce381,tilelang,dtype_mismatch,已确认缺陷机制，同类记录,源码 dtype 与输入匹配；frontend cache 未纳入全局 dtype；三步缓存对照已确认机制，未逐条重放489条,2,float16,"(16, 32, 16)","(64, 256, 32)",8f4878fc2d6c092d67419a7c1d49346e92600b1c8b7979ed7bcb2dc5a77a2a3d
results/2026.09.15-23.03_tilelang_easy-shape_seed=42/failed/dtype_mismatch/failed_calls_main(f1)__f0()__f1(f0)_0f5b441126f9d8be.json,0f5b441126f9d8be,tilelang,dtype_mismatch,已确认缺陷机制，同类记录,源码 dtype 与输入匹配；frontend cache 未纳入全局 dtype；三步缓存对照已确认机制，未逐条重放489条,2,float16,"(32, 2, 8)","(64, 64, 8)",0eb7753cc682babd48a36d8dcf5017ff5b81b8554f0391d3c3d2b76e2fda0000
results/2026.09.15-23.03_tilelang_easy-shape_seed=42/failed/dtype_mismatch/failed_calls_main(f1)__f0()__f1(f0)_107ea3310481dc88.json,107ea3310481dc88,tilelang,dtype_mismatch,已确认缺陷机制，同类记录,源码 dtype 与输入匹配；frontend cache 未纳入全局 dtype；三步缓存对照已确认机制，未逐条重放489条,2,float16,"(16, 8, 1024)","(128, 128, 8)",4a916978c5267a0f286478ea8ff730eac1b797f1f6b92edb7fdaa8d0f7563678
results/2026.09.15-23.03_tilelang_easy-shape_seed=42/failed/dtype_mismatch/failed_calls_main(f1)__f0()__f1(f0)_1378aa37ba19c327.json,1378aa37ba19c327,tilelang,dtype_mismatch,已确认缺陷机制，同类记录,源码 dtype 与输入匹配；frontend cache 未纳入全局 dtype；三步缓存对照已确认机制，未逐条重放489条,2,float16,"(8192, 4096, 2048)","(16, 64, 128)",177d55cc47d1fb518d8b3ae8a201e677963a28a140c75f830a4f92b85c51ae26
results/2026.09.15-23.03_tilelang_easy-shape_seed=42/failed/dtype_mismatch/failed_calls_main(f1)__f0()__f1(f0)_148263df2754242e.json,148263df2754242e,tilelang,dtype_mismatch,已确认缺陷机制，同类记录,源码 dtype 与输入匹配；frontend cache 未纳入全局 dtype；三步缓存对照已确认机制，未逐条重放489条,2,float16,"(2048, 32, 512)","(32, 32, 8)",e4abfe0933e7592a961f08b9ace9d2d0ee7a2ab305f7a01ad6d86900da4e9049
results/2026.09.15-23.03_tilelang_easy-shape_seed=42/failed/dtype_mismatch/failed_calls_main(f1)__f0()__f1(f0)_169c4e7778a2746d.json,169c4e7778a2746d,tilelang,dtype_mismatch,已确认缺陷机制，同类记录,源码 dtype 与输入匹配；frontend cache 未纳入全局 dtype；三步缓存对照已确认机制，未逐条重放489条,2,float16,"(64, 1, 8)","(128, 128, 8)",8942e5808c60033e803370378133b704e8ce1db1f52252f12c0171072074069b
results/2026.09.15-23.03_tilelang_easy-shape_seed=42/failed/dtype_mismatch/failed_calls_main(f1)__f0()__f1(f0)_1730084073bd2bca.json,1730084073bd2bca,tilelang,dtype_mismatch,已确认缺陷机制，同类记录,源码 dtype 与输入匹配；frontend cache 未纳入全局 dtype；三步缓存对照已确认机制，未逐条重放489条,2,float32,"(1, 512, 1)","(128, 64, 32)",9b59e0b07b912036d3bab3e73c5bfdb66555db69eb6877ab5ca95cdd55fb14de
results/2026.09.15-23.03_tilelang_easy-shape_seed=42/failed/dtype_mismatch/failed_calls_main(f1)__f0()__f1(f0)_1bb12dfadf4e6b3a.json,1bb12dfadf4e6b3a,tilelang,dtype_mismatch,已确认缺陷机制，同类记录,源码 dtype 与输入匹配；frontend cache 未纳入全局 dtype；三步缓存对照已确认机制，未逐条重放489条,2,float16,"(2048, 32, 2048)","(128, 64, 64)",bdd9b990a8e187837daf954f581fbc00a5ddcf9c7c8ee86a2307a8b6532e8405
results/2026.09.15-23.03_tilelang_easy-shape_seed=42/failed/dtype_mismatch/failed_calls_main(f1)__f0()__f1(f0)_1ce8820fc18e0510.json,1ce8820fc18e0510,tilelang,dtype_mismatch,已确认缺陷机制，同类记录,源码 dtype 与输入匹配；frontend cache 未纳入全局 dtype；三步缓存对照已确认机制，未逐条重放489条,2,float32,"(64, 8, 8192)","(32, 32, 16)",0396c62cb3c0d9cb709809c46ea6b69902f8a64c660560762be276ddee6eef15
results/2026.09.15-23.03_tilelang_easy-shape_seed=42/failed/dtype_mismatch/failed_calls_main(f1)__f0()__f1(f0)_201de1474addd2ad.json,201de1474addd2ad,tilelang,dtype_mismatch,已确认缺陷机制，同类记录,源码 dtype 与输入匹配；frontend cache 未纳入全局 dtype；三步缓存对照已确认机制，未逐条重放489条,2,float16,"(1, 1024, 1)","(32, 32, 16)",d77efd35eb5f934fafc0588f85c273d496d8721d584e8167b4bad86289e43b8a
results/2026.09.15-23.03_tilelang_easy-shape_seed=42/failed/dtype_mismatch/failed_calls_main(f1)__f0()__f1(f0)_28467296aa8999b5.json,28467296aa8999b5,tilelang,dtype_mismatch,已确认缺陷机制，同类记录,源码 dtype 与输入匹配；frontend cache 未纳入全局 dtype；三步缓存对照已确认机制，未逐条重放489条,2,float16,"(16, 1, 8)","(128, 128, 32)",a5a7c88cfe1dc425e979ff55aaf50d5807c9450fd7fa05d1663d8db6e26984dc
results/2026.09.15-23.03_tilelang_easy-shape_seed=42/failed/dtype_mismatch/failed_calls_main(f1)__f0()__f1(f0)_29b8706ef3681aad.json,29b8706ef3681aad,tilelang,dtype_mismatch,已确认缺陷机制，同类记录,源码 dtype 与输入匹配；frontend cache 未纳入全局 dtype；三步缓存对照已确认机制，未逐条重放489条,2,float16,"(128, 1, 2)","(128, 128, 8)",b30cb757b00f75a120d0aa5c6593f84e708a02fb3ee4a8d7bb7e1153d39ecc76
results/2026.09.15-23.03_tilelang_easy-shape_seed=42/failed/dtype_mismatch/failed_calls_main(f1)__f0()__f1(f0)_2c19c964c0475d34.json,2c19c964c0475d34,tilelang,dtype_mismatch,已确认缺陷机制，同类记录,源码 dtype 与输入匹配；frontend cache 未纳入全局 dtype；三步缓存对照已确认机制，未逐条重放489条,2,float16,"(2048, 32, 512)","(32, 32, 32)",7a4930b9fdcb8c4e5232cde02044dab91da3112063960b0b274664ae347eee07
results/2026.09.15-23.03_tilelang_easy-shape_seed=42/failed/dtype_mismatch/failed_calls_main(f1)__f0()__f1(f0)_2d6f5fad95aee2c1.json,2d6f5fad95aee2c1,tilelang,dtype_mismatch,已确认缺陷机制，同类记录,源码 dtype 与输入匹配；frontend cache 未纳入全局 dtype；三步缓存对照已确认机制，未逐条重放489条,2,float32,"(1, 64, 8)","(64, 64, 64)",525c877b74164ffcc3b0e3b734b44e40f21fb4e0a4bdc0ad114e3887cc5cc902
results/2026.09.15-23.03_tilelang_easy-shape_seed=42/failed/dtype_mismatch/failed_calls_main(f1)__f0()__f1(f0)_2ebe81951330760b.json,2ebe81951330760b,tilelang,dtype_mismatch,已确认缺陷机制，同类记录,源码 dtype 与输入匹配；frontend cache 未纳入全局 dtype；三步缓存对照已确认机制，未逐条重放489条,2,float32,"(128, 4096, 32)","(64, 16, 64)",ae1fa3efcf81830445e7578ba959372b00f344653274a0141f1b0485187bf947
results/2026.09.15-23.03_tilelang_easy-shape_seed=42/failed/dtype_mismatch/failed_calls_main(f1)__f0()__f1(f0)_312f66e60a4a70da.json,312f66e60a4a70da,tilelang,dtype_mismatch,已确认缺陷机制，同类记录,源码 dtype 与输入匹配；frontend cache 未纳入全局 dtype；三步缓存对照已确认机制，未逐条重放489条,2,float32,"(512, 32, 512)","(128, 128, 16)",26a6a0694dc8da62eb52fcf951d75cc88ebede6e414f8d71e8e3e6f6120b2f8b
results/2026.09.15-23.03_tilelang_easy-shape_seed=42/failed/dtype_mismatch/failed_calls_main(f1)__f0()__f1(f0)_36a649ddfa8a7259.json,36a649ddfa8a7259,tilelang,dtype_mismatch,已确认缺陷机制，同类记录,源码 dtype 与输入匹配；frontend cache 未纳入全局 dtype；三步缓存对照已确认机制，未逐条重放489条,2,float16,"(4096, 256, 256)","(64, 64, 8)",1c85e18d41640ea108ceb06dfe509943f02ff9a9f33bde21995a052ae09ac76a
results/2026.09.15-23.03_tilelang_easy-shape_seed=42/failed/dtype_mismatch/failed_calls_main(f1)__f0()__f1(f0)_3e94cb635c8012ef.json,3e94cb635c8012ef,tilelang,dtype_mismatch,已确认缺陷机制，同类记录,源码 dtype 与输入匹配；frontend cache 未纳入全局 dtype；三步缓存对照已确认机制，未逐条重放489条,2,float32,"(1, 8192, 4)","(128, 128, 16)",fe8ba058b7557192374a587f5a71c1cc01865dfc7eb1be07d21e17ea17b506dd
results/2026.09.15-23.03_tilelang_easy-shape_seed=42/failed/dtype_mismatch/failed_calls_main(f1)__f0()__f1(f0)_436c68117cdd5a8e.json,436c68117cdd5a8e,tilelang,dtype_mismatch,已确认缺陷机制，同类记录,源码 dtype 与输入匹配；frontend cache 未纳入全局 dtype；三步缓存对照已确认机制，未逐条重放489条,2,float16,"(1024, 8192, 1024)","(16, 64, 128)",6f4d5459616517144a3fda70068d94be466d3a22b92c7a90dc82903d13dcac15
results/2026.09.15-23.03_tilelang_easy-shape_seed=42/failed/dtype_mismatch/failed_calls_main(f1)__f0()__f1(f0)_4fb6117051cf1464.json,4fb6117051cf1464,tilelang,dtype_mismatch,已确认缺陷机制，同类记录,源码 dtype 与输入匹配；frontend cache 未纳入全局 dtype；三步缓存对照已确认机制，未逐条重放489条,2,float16,"(128, 64, 8192)","(128, 128, 8)",aae0d2ca8a08c9637872c425e9e19dd93432675c8940fbff178871320ad36bf3
results/2026.09.15-23.03_tilelang_easy-shape_seed=42/failed/dtype_mismatch/failed_calls_main(f1)__f0()__f1(f0)_523e01b5c86c276f.json,523e01b5c86c276f,tilelang,dtype_mismatch,已确认缺陷机制，同类记录,源码 dtype 与输入匹配；frontend cache 未纳入全局 dtype；三步缓存对照已确认机制，未逐条重放489条,2,float32,"(128, 8192, 512)","(32, 32, 8)",c96f95f05f94a755abf2da384a6bdac15ab9361f18ca8552d4a245f97106b791
results/2026.09.15-23.03_tilelang_easy-shape_seed=42/failed/dtype_mismatch/failed_calls_main(f1)__f0()__f1(f0)_59a57589994fdc8a.json,59a57589994fdc8a,tilelang,dtype_mismatch,已确认缺陷机制，同类记录,源码 dtype 与输入匹配；frontend cache 未纳入全局 dtype；三步缓存对照已确认机制，未逐条重放489条,2,float16,"(128, 1, 2)","(128, 128, 8)",bbc1598dc86c44baf0127737e33e0482ee6ad9587c54de929106d808cc5e3193
results/2026.09.15-23.03_tilelang_easy-shape_seed=42/failed/dtype_mismatch/failed_calls_main(f1)__f0()__f1(f0)_5a2d8ad361a64d91.json,5a2d8ad361a64d91,tilelang,dtype_mismatch,已确认缺陷机制，同类记录,源码 dtype 与输入匹配；frontend cache 未纳入全局 dtype；三步缓存对照已确认机制，未逐条重放489条,2,float32,"(2048, 4, 4)","(64, 64, 8)",747c6ad60c24d0883de1acea9923604e3eddd9362c0d9c4ae4a8ef0fdbcfdf2c
results/2026.09.15-23.03_tilelang_easy-shape_seed=42/failed/dtype_mismatch/failed_calls_main(f1)__f0()__f1(f0)_5b69af6529b4d317.json,5b69af6529b4d317,tilelang,dtype_mismatch,已确认缺陷机制，同类记录,源码 dtype 与输入匹配；frontend cache 未纳入全局 dtype；三步缓存对照已确认机制，未逐条重放489条,2,float32,"(16384, 2, 256)","(16, 32, 128)",e91686a5a0f69e92b7c4c2c367e12a79fe8828984085464a530af45aa418d318
results/2026.09.15-23.03_tilelang_easy-shape_seed=42/failed/dtype_mismatch/failed_calls_main(f1)__f0()__f1(f0)_5d9468666097068c.json,5d9468666097068c,tilelang,dtype_mismatch,已确认缺陷机制，同类记录,源码 dtype 与输入匹配；frontend cache 未纳入全局 dtype；三步缓存对照已确认机制，未逐条重放489条,2,float16,"(4, 64, 32)","(128, 128, 32)",efe3781aae6a7abbd0428d31f9d9318eb3ea0956512e87e2853660b8780ed05e
results/2026.09.15-23.03_tilelang_easy-shape_seed=42/failed/dtype_mismatch/failed_calls_main(f1)__f0()__f1(f0)_5f7ee50ea5dae769.json,5f7ee50ea5dae769,tilelang,dtype_mismatch,已确认缺陷机制，同类记录,源码 dtype 与输入匹配；frontend cache 未纳入全局 dtype；三步缓存对照已确认机制，未逐条重放489条,2,float32,"(2048, 1, 8)","(128, 128, 16)",e6ee07c9916972a2b2788d60cd1667ef6833a8e7c9e6e85206ce4a27c5e70342
results/2026.09.15-23.03_tilelang_easy-shape_seed=42/failed/dtype_mismatch/failed_calls_main(f1)__f0()__f1(f0)_5fe43c7bbe8c0592.json,5fe43c7bbe8c0592,tilelang,dtype_mismatch,已确认缺陷机制，同类记录,源码 dtype 与输入匹配；frontend cache 未纳入全局 dtype；三步缓存对照已确认机制，未逐条重放489条,2,float32,"(1024, 2, 64)","(32, 16, 8)",ef1c16ba18021f4f308ef559fd34c594793f4dadfbc1146e47a26d6f816db499
results/2026.09.15-23.03_tilelang_easy-shape_seed=42/failed/dtype_mismatch/failed_calls_main(f1)__f0()__f1(f0)_62f74ee992f7adb0.json,62f74ee992f7adb0,tilelang,dtype_mismatch,已确认缺陷机制，同类记录,源码 dtype 与输入匹配；frontend cache 未纳入全局 dtype；三步缓存对照已确认机制，未逐条重放489条,2,float32,"(8, 64, 128)","(16, 64, 128)",a7f100e483803ceb8da90bd2afaf4d215f6e729dee59dfda4e0089e92e808f22
results/2026.09.15-23.03_tilelang_easy-shape_seed=42/failed/dtype_mismatch/failed_calls_main(f1)__f0()__f1(f0)_63a8d06066e58a1a.json,63a8d06066e58a1a,tilelang,dtype_mismatch,已确认缺陷机制，同类记录,源码 dtype 与输入匹配；frontend cache 未纳入全局 dtype；三步缓存对照已确认机制，未逐条重放489条,2,float16,"(2, 1024, 32)","(64, 64, 16)",0fb77b1201ee5c0d2a09852b998ff63ebf66fb128b25d0101f74fdcb5d7ecc82
results/2026.09.15-23.03_tilelang_easy-shape_seed=42/failed/dtype_mismatch/failed_calls_main(f1)__f0()__f1(f0)_70f3c24027e319cc.json,70f3c24027e319cc,tilelang,dtype_mismatch,已确认缺陷机制，同类记录,源码 dtype 与输入匹配；frontend cache 未纳入全局 dtype；三步缓存对照已确认机制，未逐条重放489条,2,float16,"(512, 2, 2)","(64, 64, 32)",3599157e0efd33c153ad42f8c462b6c5a979ff0d8f508f656a98b5536e7fa446
results/2026.09.15-23.03_tilelang_easy-shape_seed=42/failed/dtype_mismatch/failed_calls_main(f1)__f0()__f1(f0)_72653ae781548752.json,72653ae781548752,tilelang,dtype_mismatch,已确认缺陷机制，同类记录,源码 dtype 与输入匹配；frontend cache 未纳入全局 dtype；三步缓存对照已确认机制，未逐条重放489条,2,float16,"(4, 4096, 4)","(64, 256, 8)",957db14573c7defae071242c651678a5e2e595b57c525f3ddfbd19828764c2d3
results/2026.09.15-23.03_tilelang_easy-shape_seed=42/failed/dtype_mismatch/failed_calls_main(f1)__f0()__f1(f0)_75eabbe1c56d1b40.json,75eabbe1c56d1b40,tilelang,dtype_mismatch,已确认缺陷机制，同类记录,源码 dtype 与输入匹配；frontend cache 未纳入全局 dtype；三步缓存对照已确认机制，未逐条重放489条,2,float32,"(4, 16384, 8)","(32, 32, 8)",65bde97687d88cc724e9f2807940b4af1f7994e9019e55ce726efc58723ded19
results/2026.09.15-23.03_tilelang_easy-shape_seed=42/failed/dtype_mismatch/failed_calls_main(f1)__f0()__f1(f0)_7bc6f4ee2b0b6720.json,7bc6f4ee2b0b6720,tilelang,dtype_mismatch,已确认缺陷机制，同类记录,源码 dtype 与输入匹配；frontend cache 未纳入全局 dtype；三步缓存对照已确认机制，未逐条重放489条,2,float16,"(8, 16384, 16384)","(64, 64, 16)",2166a3cb0a65bc79648cb614f3d1d48e86f0bd16d19fc1ac98e023fb3a1be4a0
results/2026.09.15-23.03_tilelang_easy-shape_seed=42/failed/dtype_mismatch/failed_calls_main(f1)__f0()__f1(f0)_7d04c199753f6cbc.json,7d04c199753f6cbc,tilelang,dtype_mismatch,已确认缺陷机制，同类记录,源码 dtype 与输入匹配；frontend cache 未纳入全局 dtype；三步缓存对照已确认机制，未逐条重放489条,2,float16,"(1024, 1, 2)","(64, 64, 32)",530b5cd5227d5ae761a8eceaee32f9fd28a2d55c248216f3c8c9a98a0765e5a8
results/2026.09.15-23.03_tilelang_easy-shape_seed=42/failed/dtype_mismatch/failed_calls_main(f1)__f0()__f1(f0)_8041c67bc2966796.json,8041c67bc2966796,tilelang,dtype_mismatch,已确认缺陷机制，同类记录,源码 dtype 与输入匹配；frontend cache 未纳入全局 dtype；三步缓存对照已确认机制，未逐条重放489条,2,float32,"(4096, 32, 1024)","(64, 64, 32)",32332552fc58b2e716774cf16421c4f1726610ab773b5d579c69c087218debbd
results/2026.09.15-23.03_tilelang_easy-shape_seed=42/failed/dtype_mismatch/failed_calls_main(f1)__f0()__f1(f0)_81e836cdf98e8a79.json,81e836cdf98e8a79,tilelang,dtype_mismatch,已确认缺陷机制，同类记录,源码 dtype 与输入匹配；frontend cache 未纳入全局 dtype；三步缓存对照已确认机制，未逐条重放489条,2,float32,"(4, 2048, 32)","(64, 64, 16)",7e4d26cba22b7c1a0052d9ffcc14705dd0daa9d78c278a1d30e27c5c6e750391
results/2026.09.15-23.03_tilelang_easy-shape_seed=42/failed/dtype_mismatch/failed_calls_main(f1)__f0()__f1(f0)_84e57bb1d6572737.json,84e57bb1d6572737,tilelang,dtype_mismatch,已确认缺陷机制，同类记录,源码 dtype 与输入匹配；frontend cache 未纳入全局 dtype；三步缓存对照已确认机制，未逐条重放489条,2,float32,"(128, 1024, 4096)","(32, 32, 16)",3af02873fb75808c7055f5f9b44ff38498910203fe38b1148cf632886020a56a
results/2026.09.15-23.03_tilelang_easy-shape_seed=42/failed/dtype_mismatch/failed_calls_main(f1)__f0()__f1(f0)_86dcbb2cbb77b29c.json,86dcbb2cbb77b29c,tilelang,dtype_mismatch,已确认缺陷机制，同类记录,源码 dtype 与输入匹配；frontend cache 未纳入全局 dtype；三步缓存对照已确认机制，未逐条重放489条,2,float32,"(16, 2048, 1)","(32, 32, 16)",8aae82f69b8e70d1059fbf88d3f8e7e9cb2ee20e1159733ac50d92b2310f9509
results/2026.09.15-23.03_tilelang_easy-shape_seed=42/failed/dtype_mismatch/failed_calls_main(f1)__f0()__f1(f0)_894bcac9195cf58c.json,894bcac9195cf58c,tilelang,dtype_mismatch,已确认缺陷机制，同类记录,源码 dtype 与输入匹配；frontend cache 未纳入全局 dtype；三步缓存对照已确认机制，未逐条重放489条,2,float16,"(4, 2048, 4)","(16, 32, 64)",393fc3d472971354e6b0b5f07f2c1a70c90b1b1a675f9e33c65be46ffe129a24
results/2026.09.15-23.03_tilelang_easy-shape_seed=42/failed/dtype_mismatch/failed_calls_main(f1)__f0()__f1(f0)_9173e2aee0ca6ca4.json,9173e2aee0ca6ca4,tilelang,dtype_mismatch,已确认缺陷机制，同类记录,源码 dtype 与输入匹配；frontend cache 未纳入全局 dtype；三步缓存对照已确认机制，未逐条重放489条,2,float16,"(1024, 2, 2)","(32, 32, 16)",c479b8f6b35c14ec40118cc0b6315e1790dad1a9e78f6a8557ff0fd93145e4ec
results/2026.09.15-23.03_tilelang_easy-shape_seed=42/failed/dtype_mismatch/failed_calls_main(f1)__f0()__f1(f0)_94c63889e0bd7a41.json,94c63889e0bd7a41,tilelang,dtype_mismatch,已确认缺陷机制，同类记录,源码 dtype 与输入匹配；frontend cache 未纳入全局 dtype；三步缓存对照已确认机制，未逐条重放489条,2,float16,"(64, 1, 8)","(64, 64, 64)",f6998f6b4b2ca8cc8f5899dd39cc896c7c0a02df8e8e3f472b5f2fd48726f042
results/2026.09.15-23.03_tilelang_easy-shape_seed=42/failed/dtype_mismatch/failed_calls_main(f1)__f0()__f1(f0)_95695742e0dc52ab.json,95695742e0dc52ab,tilelang,dtype_mismatch,已确认缺陷机制，同类记录,源码 dtype 与输入匹配；frontend cache 未纳入全局 dtype；三步缓存对照已确认机制，未逐条重放489条,2,float16,"(64, 64, 4)","(64, 32, 16)",b921ae48392bc9399c21fc27a116511357de691924a078d22e2a9ccf1a7f7e86
results/2026.09.15-23.03_tilelang_easy-shape_seed=42/failed/dtype_mismatch/failed_calls_main(f1)__f0()__f1(f0)_9c66355aa715a7be.json,9c66355aa715a7be,tilelang,dtype_mismatch,已确认缺陷机制，同类记录,源码 dtype 与输入匹配；frontend cache 未纳入全局 dtype；三步缓存对照已确认机制，未逐条重放489条,2,float16,"(8, 32, 32)","(16, 64, 128)",0fce0f28e1d74b2ae32cf4310fbb1bdd9f3b903146cc40200e525c2c4204b750
results/2026.09.15-23.03_tilelang_easy-shape_seed=42/failed/dtype_mismatch/failed_calls_main(f1)__f0()__f1(f0)_9d7df1c836fcf97b.json,9d7df1c836fcf97b,tilelang,dtype_mismatch,已确认缺陷机制，同类记录,源码 dtype 与输入匹配；frontend cache 未纳入全局 dtype；三步缓存对照已确认机制，未逐条重放489条,2,float16,"(256, 256, 8)","(32, 32, 32)",678ed5bf76e37d0e061be9e5076effa51fcddebb76857301e65379287755c8f8
results/2026.09.15-23.03_tilelang_easy-shape_seed=42/failed/dtype_mismatch/failed_calls_main(f1)__f0()__f1(f0)_a195a4c669c3f165.json,a195a4c669c3f165,tilelang,dtype_mismatch,已确认缺陷机制，同类记录,源码 dtype 与输入匹配；frontend cache 未纳入全局 dtype；三步缓存对照已确认机制，未逐条重放489条,2,float16,"(2048, 8, 1)","(64, 64, 16)",532c7f6cffcfb5a7ccd659c803cfb4e8067f438dc841c471795b42abcf881a2e
results/2026.09.15-23.03_tilelang_easy-shape_seed=42/failed/dtype_mismatch/failed_calls_main(f1)__f0()__f1(f0)_a1d27079dc77b35d.json,a1d27079dc77b35d,tilelang,dtype_mismatch,已确认缺陷机制，同类记录,源码 dtype 与输入匹配；frontend cache 未纳入全局 dtype；三步缓存对照已确认机制，未逐条重放489条,2,float16,"(2, 2, 64)","(256, 64, 8)",93389171dcf310acbd75a8c99a1bd32917cf6343e6b408c74a577c9e141fa355
results/2026.09.15-23.03_tilelang_easy-shape_seed=42/failed/dtype_mismatch/failed_calls_main(f1)__f0()__f1(f0)_a1eb30838f4f0f24.json,a1eb30838f4f0f24,tilelang,dtype_mismatch,已确认缺陷机制，同类记录,源码 dtype 与输入匹配；frontend cache 未纳入全局 dtype；三步缓存对照已确认机制，未逐条重放489条,2,float32,"(8, 256, 512)","(128, 128, 32)",c422d312e72974ac7e6be810a17c4689ee12fa909d2e7a9408564946d544e638
results/2026.09.15-23.03_tilelang_easy-shape_seed=42/failed/dtype_mismatch/failed_calls_main(f1)__f0()__f1(f0)_a1f1db1db1124439.json,a1f1db1db1124439,tilelang,dtype_mismatch,已确认缺陷机制，同类记录,源码 dtype 与输入匹配；frontend cache 未纳入全局 dtype；三步缓存对照已确认机制，未逐条重放489条,2,float16,"(256, 4096, 64)","(128, 128, 32)",9e47e8d0375d9c1c7b20badebd3f03cd643e88931581418178d0b3de80bcd6ed
results/2026.09.15-23.03_tilelang_easy-shape_seed=42/failed/dtype_mismatch/failed_calls_main(f1)__f0()__f1(f0)_a285aa3cba3ad311.json,a285aa3cba3ad311,tilelang,dtype_mismatch,已确认缺陷机制，同类记录,源码 dtype 与输入匹配；frontend cache 未纳入全局 dtype；三步缓存对照已确认机制，未逐条重放489条,2,float16,"(4, 4096, 16384)","(32, 32, 8)",b62791020a43cc3327275b59b851434c55e2f2905d00e723b5160b1c6697052d
results/2026.09.15-23.03_tilelang_easy-shape_seed=42/failed/dtype_mismatch/failed_calls_main(f1)__f0()__f1(f0)_b5876718b4cab5dd.json,b5876718b4cab5dd,tilelang,dtype_mismatch,已确认缺陷机制，同类记录,源码 dtype 与输入匹配；frontend cache 未纳入全局 dtype；三步缓存对照已确认机制，未逐条重放489条,2,float16,"(4096, 1024, 8)","(32, 64, 64)",3e2c5aa87b45ce5d65f2edffe279d474e68f9d0512ede3e983db5508c69fdaa8
results/2026.09.15-23.03_tilelang_easy-shape_seed=42/failed/dtype_mismatch/failed_calls_main(f1)__f0()__f1(f0)_bfda3cbb6d3567a3.json,bfda3cbb6d3567a3,tilelang,dtype_mismatch,已确认缺陷机制，同类记录,源码 dtype 与输入匹配；frontend cache 未纳入全局 dtype；三步缓存对照已确认机制，未逐条重放489条,2,float32,"(512, 1, 2)","(32, 128, 64)",5cf80d8f3936e804178317f7d1b2294b73e774c749297c95d5b19a1999cb5171
results/2026.09.15-23.03_tilelang_easy-shape_seed=42/failed/dtype_mismatch/failed_calls_main(f1)__f0()__f1(f0)_c06688e59a132666.json,c06688e59a132666,tilelang,dtype_mismatch,已确认缺陷机制，同类记录,源码 dtype 与输入匹配；frontend cache 未纳入全局 dtype；三步缓存对照已确认机制，未逐条重放489条,2,float32,"(512, 512, 512)","(128, 128, 32)",13290e5cff3c8ba898f8c576b95a77b2e109d4e33a8a3149bf5e261695266eec
results/2026.09.15-23.03_tilelang_easy-shape_seed=42/failed/dtype_mismatch/failed_calls_main(f1)__f0()__f1(f0)_c0999ba138662dd0.json,c0999ba138662dd0,tilelang,dtype_mismatch,已确认缺陷机制，同类记录,源码 dtype 与输入匹配；frontend cache 未纳入全局 dtype；三步缓存对照已确认机制，未逐条重放489条,2,float32,"(2, 32, 512)","(32, 32, 32)",181fe6a28a0999f008738f26104588db824805fabcf678f703c2a153d3a2eaae
results/2026.09.15-23.03_tilelang_easy-shape_seed=42/failed/dtype_mismatch/failed_calls_main(f1)__f0()__f1(f0)_c355ea58306a98f4.json,c355ea58306a98f4,tilelang,dtype_mismatch,已确认缺陷机制，同类记录,源码 dtype 与输入匹配；frontend cache 未纳入全局 dtype；三步缓存对照已确认机制，未逐条重放489条,2,float16,"(8192, 8, 2048)","(64, 64, 32)",02146d00fdbc3a465ae6302094833afbbe904b0ecf81db1c7f84a9716f153e99
results/2026.09.15-23.03_tilelang_easy-shape_seed=42/failed/dtype_mismatch/failed_calls_main(f1)__f0()__f1(f0)_cb1d1bfd5034481e.json,cb1d1bfd5034481e,tilelang,dtype_mismatch,已确认缺陷机制，同类记录,源码 dtype 与输入匹配；frontend cache 未纳入全局 dtype；三步缓存对照已确认机制，未逐条重放489条,2,float32,"(32, 32, 2)","(128, 128, 32)",f03dd2961f6152b5dc8c6d0030989e37a65b1afa58c57cd7139f9bbf7fab8d53
results/2026.09.15-23.03_tilelang_easy-shape_seed=42/failed/dtype_mismatch/failed_calls_main(f1)__f0()__f1(f0)_cf32c31cb81a217b.json,cf32c31cb81a217b,tilelang,dtype_mismatch,已确认缺陷机制，同类记录,源码 dtype 与输入匹配；frontend cache 未纳入全局 dtype；三步缓存对照已确认机制，未逐条重放489条,2,float16,"(4096, 4, 1024)","(16, 256, 32)",1ddb082672f4aad3c99b4b3bdbcc7b6adcb7ca4dc703f8d223d08eea302fc247
results/2026.09.15-23.03_tilelang_easy-shape_seed=42/failed/dtype_mismatch/failed_calls_main(f1)__f0()__f1(f0)_d34afa2e77c51e63.json,d34afa2e77c51e63,tilelang,dtype_mismatch,已确认缺陷机制，同类记录,源码 dtype 与输入匹配；frontend cache 未纳入全局 dtype；三步缓存对照已确认机制，未逐条重放489条,2,float16,"(4096, 1, 1024)","(64, 64, 8)",753f1119e25e4b2073350a8d25a0137c833a747c00b9940c2f1bfd34c9728286
results/2026.09.15-23.03_tilelang_easy-shape_seed=42/failed/dtype_mismatch/failed_calls_main(f1)__f0()__f1(f0)_d95d08ba79ddab08.json,d95d08ba79ddab08,tilelang,dtype_mismatch,已确认缺陷机制，同类记录,源码 dtype 与输入匹配；frontend cache 未纳入全局 dtype；三步缓存对照已确认机制，未逐条重放489条,2,float16,"(32, 16384, 1)","(32, 32, 8)",e627b8ebec17d0bba579aa432e4fec3086cd3322c404289334c554c4c50b7cda
results/2026.09.15-23.03_tilelang_easy-shape_seed=42/failed/dtype_mismatch/failed_calls_main(f1)__f0()__f1(f0)_da8828e17fd61749.json,da8828e17fd61749,tilelang,dtype_mismatch,已确认缺陷机制，同类记录,源码 dtype 与输入匹配；frontend cache 未纳入全局 dtype；三步缓存对照已确认机制，未逐条重放489条,2,float16,"(2, 4, 512)","(64, 64, 16)",7abc0b40115b8df495835cebe0e09d92a750e8f930f7fc6997796de673c542b0
results/2026.09.15-23.03_tilelang_easy-shape_seed=42/failed/dtype_mismatch/failed_calls_main(f1)__f0()__f1(f0)_dddbb131c2769690.json,dddbb131c2769690,tilelang,dtype_mismatch,已确认缺陷机制，同类记录,源码 dtype 与输入匹配；frontend cache 未纳入全局 dtype；三步缓存对照已确认机制，未逐条重放489条,2,float32,"(512, 4096, 32)","(32, 32, 128)",4ace362567b45277d51a23f71d4959aab5cdff40256ce637eb34925ed154e0a5
results/2026.09.15-23.03_tilelang_easy-shape_seed=42/failed/dtype_mismatch/failed_calls_main(f1)__f0()__f1(f0)_e409d3dbea863ce2.json,e409d3dbea863ce2,tilelang,dtype_mismatch,已确认缺陷机制，同类记录,源码 dtype 与输入匹配；frontend cache 未纳入全局 dtype；三步缓存对照已确认机制，未逐条重放489条,2,float16,"(8192, 4096, 4096)","(64, 64, 16)",58484a20e6a6129babd2cc639bc6088a6a2ac9f514c528d41769e2dd48b15295
results/2026.09.15-23.03_tilelang_easy-shape_seed=42/failed/dtype_mismatch/failed_calls_main(f1)__f0()__f1(f0)_e45a3cc01fc11856.json,e45a3cc01fc11856,tilelang,dtype_mismatch,已确认缺陷机制，同类记录,源码 dtype 与输入匹配；frontend cache 未纳入全局 dtype；三步缓存对照已确认机制，未逐条重放489条,2,float16,"(64, 2, 2)","(128, 128, 16)",ba73483a578ef77b7d76c0cc953ad770a060dba6f4a6096411347676ae8507ce
results/2026.09.15-23.03_tilelang_easy-shape_seed=42/failed/dtype_mismatch/failed_calls_main(f1)__f0()__f1(f0)_e59c0d2c36c56f18.json,e59c0d2c36c56f18,tilelang,dtype_mismatch,已确认缺陷机制，同类记录,源码 dtype 与输入匹配；frontend cache 未纳入全局 dtype；三步缓存对照已确认机制，未逐条重放489条,2,float16,"(8, 16384, 64)","(64, 64, 8)",7bd971dd915bec05a5451e88883d392a7a6eea27c86ec7b2c5178d470c6bbc0d
results/2026.09.15-23.03_tilelang_easy-shape_seed=42/failed/dtype_mismatch/failed_calls_main(f1)__f0()__f1(f0)_e80ef4b24a52c9ba.json,e80ef4b24a52c9ba,tilelang,dtype_mismatch,已确认缺陷机制，同类记录,源码 dtype 与输入匹配；frontend cache 未纳入全局 dtype；三步缓存对照已确认机制，未逐条重放489条,2,float32,"(128, 64, 4)","(32, 64, 16)",fc1b233c86a5ec7c67aa4c7b0f599d46e12c3c36aed839b7494e3972db0b999b
results/2026.09.15-23.03_tilelang_easy-shape_seed=42/failed/dtype_mismatch/failed_calls_main(f1)__f0()__f1(f0)_ecd0c5553b9f3173.json,ecd0c5553b9f3173,tilelang,dtype_mismatch,已确认缺陷机制，同类记录,源码 dtype 与输入匹配；frontend cache 未纳入全局 dtype；三步缓存对照已确认机制，未逐条重放489条,2,float32,"(2, 4096, 2)","(128, 128, 32)",b5d7a4054cf6b42ec26649a78cda6b265e61102a4f97e0d38b877ec0a0c0d77d
results/2026.09.15-23.03_tilelang_easy-shape_seed=42/failed/dtype_mismatch/failed_calls_main(f1)__f0()__f1(f0)_ee3e7c087ef62bdf.json,ee3e7c087ef62bdf,tilelang,dtype_mismatch,已确认缺陷机制，同类记录,源码 dtype 与输入匹配；frontend cache 未纳入全局 dtype；三步缓存对照已确认机制，未逐条重放489条,2,float16,"(64, 4, 1)","(256, 16, 8)",1d99388797ac187fc6c26b84722ff4da15180fda4ccd252d2bb267344c938340
results/2026.09.15-23.03_tilelang_easy-shape_seed=42/failed/dtype_mismatch/failed_calls_main(f1)__f0()__f1(f0)_f06492f904f1884b.json,f06492f904f1884b,tilelang,dtype_mismatch,已确认缺陷机制，同类记录,源码 dtype 与输入匹配；frontend cache 未纳入全局 dtype；三步缓存对照已确认机制，未逐条重放489条,2,float32,"(2048, 512, 8192)","(32, 32, 128)",79714c896830a791e43d01f4a7f36953e9a83b63bafa5b2ddb8d92552f7e67bf
results/2026.09.15-23.03_tilelang_easy-shape_seed=42/failed/dtype_mismatch/failed_calls_main(f1)__f0()__f1(f0)_f153db371198260b.json,f153db371198260b,tilelang,dtype_mismatch,已确认缺陷机制，同类记录,源码 dtype 与输入匹配；frontend cache 未纳入全局 dtype；三步缓存对照已确认机制，未逐条重放489条,2,float16,"(8192, 16, 2)","(32, 32, 8)",41785dbbceac61b4efc2135e0645cbc771ad75f96136bb122300e6dabf93c833
results/2026.09.15-23.03_tilelang_easy-shape_seed=42/failed/dtype_mismatch/failed_calls_main(f1)__f0()__f1(f0)_f1c02f9e695fef84.json,f1c02f9e695fef84,tilelang,dtype_mismatch,已确认缺陷机制，同类记录,源码 dtype 与输入匹配；frontend cache 未纳入全局 dtype；三步缓存对照已确认机制，未逐条重放489条,2,float16,"(1024, 32, 8)","(32, 128, 32)",1a2c919c797fd98e11b89896b7c569870bc6f5b49f099cce6c36a94e7cec2c3a
results/2026.09.15-23.03_tilelang_easy-shape_seed=42/failed/dtype_mismatch/failed_calls_main(f1)__f0()__f1(f0)_f691eeb4957484d1.json,f691eeb4957484d1,tilelang,dtype_mismatch,已确认缺陷机制，同类记录,源码 dtype 与输入匹配；frontend cache 未纳入全局 dtype；三步缓存对照已确认机制，未逐条重放489条,2,float16,"(2, 2, 8)","(128, 128, 16)",b1b7b463bd1bd8ae1ece504469222c3e65d4a5e6bd78a59b694c6bc3d5aab0a4
results/2026.09.15-23.03_tilelang_easy-shape_seed=42/failed/dtype_mismatch/failed_calls_main(f1)__f0()__f1(f0)_f70d7551b3b0f048.json,f70d7551b3b0f048,tilelang,dtype_mismatch,已确认缺陷机制，同类记录,源码 dtype 与输入匹配；frontend cache 未纳入全局 dtype；三步缓存对照已确认机制，未逐条重放489条,2,float32,"(4, 8, 1)","(128, 16, 64)",b370846eb65f636ade6beff223f8a99e67714f326aed8ca4b0cc0a1866f3a28a
results/2026.09.15-23.03_tilelang_easy-shape_seed=42/failed/dtype_mismatch/failed_calls_main(f1)__f0()__f1(f0)_f940022a56ae601f.json,f940022a56ae601f,tilelang,dtype_mismatch,已确认缺陷机制，同类记录,源码 dtype 与输入匹配；frontend cache 未纳入全局 dtype；三步缓存对照已确认机制，未逐条重放489条,2,float32,"(16, 2, 2)","(64, 32, 8)",1f19cade135b56757690f547dca613dc503c93da99361ee66c122debaf96a1b4
results/2026.09.15-23.03_tilelang_easy-shape_seed=42/failed/dtype_mismatch/failed_calls_main(f1)__f0()__f1(f0)_fc81365a0a8f24f2.json,fc81365a0a8f24f2,tilelang,dtype_mismatch,已确认缺陷机制，同类记录,源码 dtype 与输入匹配；frontend cache 未纳入全局 dtype；三步缓存对照已确认机制，未逐条重放489条,2,float32,"(64, 16, 64)","(64, 64, 8)",81620a01dcf26430214d5790229f14c4004b9e87fb5499b84443e8eaa70f8fc3
results/2026.09.15-23.03_tilelang_easy-shape_seed=42/failed/dtype_mismatch/failed_calls_main(f1)__f0()__f1(f0+f0)_07fd2949f3b2639e.json,07fd2949f3b2639e,tilelang,dtype_mismatch,已确认缺陷机制，同类记录,源码 dtype 与输入匹配；frontend cache 未纳入全局 dtype；三步缓存对照已确认机制，未逐条重放489条,2,float16,"(8, 2, 8)","(32, 64, 64)",ea18bba86482392ade553b6adbca24656d2d7c7f6135b27eafd588b9524f4700
results/2026.09.15-23.03_tilelang_easy-shape_seed=42/failed/dtype_mismatch/failed_calls_main(f1)__f0()__f1(f0+f0)_0efb4577d0298fdb.json,0efb4577d0298fdb,tilelang,dtype_mismatch,已确认缺陷机制，同类记录,源码 dtype 与输入匹配；frontend cache 未纳入全局 dtype；三步缓存对照已确认机制，未逐条重放489条,2,float16,"(32, 1024, 16)","(16, 32, 8)",35ed8054f7746e606e6dc830297767d596e69f0449c44a4da92e9af196748168
results/2026.09.15-23.03_tilelang_easy-shape_seed=42/failed/dtype_mismatch/failed_calls_main(f1)__f0()__f1(f0+f0)_14b41ad27112cb1d.json,14b41ad27112cb1d,tilelang,dtype_mismatch,已确认缺陷机制，同类记录,源码 dtype 与输入匹配；frontend cache 未纳入全局 dtype；三步缓存对照已确认机制，未逐条重放489条,2,float32,"(2048, 1, 256)","(128, 128, 16)",031ece83bb302c7bcddbf6463650f1760a1e215de3348b753b9e2191cd771817
results/2026.09.15-23.03_tilelang_easy-shape_seed=42/failed/dtype_mismatch/failed_calls_main(f1)__f0()__f1(f0+f0)_21fb7f1f41b49aba.json,21fb7f1f41b49aba,tilelang,dtype_mismatch,已确认缺陷机制，同类记录,源码 dtype 与输入匹配；frontend cache 未纳入全局 dtype；三步缓存对照已确认机制，未逐条重放489条,2,float16,"(4, 4, 256)","(128, 256, 16)",29cce4046b2d6df82910d75e5ec15e0fce0882bd167a3f61ea1840ed20f578a8
results/2026.09.15-23.03_tilelang_easy-shape_seed=42/failed/dtype_mismatch/failed_calls_main(f1)__f0()__f1(f0+f0)_3c5f714f7c6d9d3a.json,3c5f714f7c6d9d3a,tilelang,dtype_mismatch,已确认缺陷机制，同类记录,源码 dtype 与输入匹配；frontend cache 未纳入全局 dtype；三步缓存对照已确认机制，未逐条重放489条,2,float16,"(8192, 1, 16)","(64, 64, 32)",cc84575e2c14f4d503af1fe5453d31d3d39dd3502f9325bf1acc9a2bacdcdfb8
results/2026.09.15-23.03_tilelang_easy-shape_seed=42/failed/dtype_mismatch/failed_calls_main(f1)__f0()__f1(f0+f0)_6289795cef6edb3b.json,6289795cef6edb3b,tilelang,dtype_mismatch,已确认缺陷机制，同类记录,源码 dtype 与输入匹配；frontend cache 未纳入全局 dtype；三步缓存对照已确认机制，未逐条重放489条,2,float16,"(16, 512, 8192)","(256, 64, 32)",91a3e6ee0e4e22b6a4270049149e829122093d58f85e7ba15701376d16766b5b
results/2026.09.15-23.03_tilelang_easy-shape_seed=42/failed/dtype_mismatch/failed_calls_main(f1)__f0()__f1(f0+f0)_646c9e86d14c725f.json,646c9e86d14c725f,tilelang,dtype_mismatch,已确认缺陷机制，同类记录,源码 dtype 与输入匹配；frontend cache 未纳入全局 dtype；三步缓存对照已确认机制，未逐条重放489条,2,float32,"(2, 8, 2048)","(32, 64, 64)",2d1339fcfd0d1bb7437abc8787332430130595b4f8e25f11f859856946f103a0
results/2026.09.15-23.03_tilelang_easy-shape_seed=42/failed/dtype_mismatch/failed_calls_main(f1)__f0()__f1(f0+f0)_67ec4afd6ce0255b.json,67ec4afd6ce0255b,tilelang,dtype_mismatch,已确认缺陷机制，同类记录,源码 dtype 与输入匹配；frontend cache 未纳入全局 dtype；三步缓存对照已确认机制，未逐条重放489条,2,float16,"(4, 1024, 4)","(32, 32, 64)",07436a0eb4a5365248eaf43fb6af200efdc7bf12fe14cd41600113cc0cdfca9a
results/2026.09.15-23.03_tilelang_easy-shape_seed=42/failed/dtype_mismatch/failed_calls_main(f1)__f0()__f1(f0+f0)_7bacc46f4828791f.json,7bacc46f4828791f,tilelang,dtype_mismatch,已确认缺陷机制，同类记录,源码 dtype 与输入匹配；frontend cache 未纳入全局 dtype；三步缓存对照已确认机制，未逐条重放489条,2,float32,"(4096, 4096, 32)","(64, 32, 32)",a5ff1f50814380741c4477fcce53ccd8b91698271c7ab477e62a52bab2586431
results/2026.09.15-23.03_tilelang_easy-shape_seed=42/failed/dtype_mismatch/failed_calls_main(f1)__f0()__f1(f0+f0)_8164f78ab6ba403a.json,8164f78ab6ba403a,tilelang,dtype_mismatch,已确认缺陷机制，同类记录,源码 dtype 与输入匹配；frontend cache 未纳入全局 dtype；三步缓存对照已确认机制，未逐条重放489条,2,float16,"(4, 1, 1024)","(32, 32, 32)",cc113ac3a6250f1eb69d68017e32b1cd715332d6a0cd5863c015aec21b88c060
results/2026.09.15-23.03_tilelang_easy-shape_seed=42/failed/dtype_mismatch/failed_calls_main(f1)__f0()__f1(f0+f0)_95112835f73fe1b2.json,95112835f73fe1b2,tilelang,dtype_mismatch,已确认缺陷机制，同类记录,源码 dtype 与输入匹配；frontend cache 未纳入全局 dtype；三步缓存对照已确认机制，未逐条重放489条,2,float32,"(16, 32, 2)","(64, 64, 64)",fa618d728e1be9aba73e87f17eeec4a42e437c595e49eceeaae456791d2da69e
results/2026.09.15-23.03_tilelang_easy-shape_seed=42/failed/dtype_mismatch/failed_calls_main(f1)__f0()__f1(f0+f0)_a8a67a0f4a21b104.json,a8a67a0f4a21b104,tilelang,dtype_mismatch,已确认缺陷机制，同类记录,源码 dtype 与输入匹配；frontend cache 未纳入全局 dtype；三步缓存对照已确认机制，未逐条重放489条,2,float32,"(2048, 1, 256)","(128, 128, 16)",f9fa5d6314d6882060bc20e5156e2db53eb4b679ad6c01f3468c0528ac433706
results/2026.09.15-23.03_tilelang_easy-shape_seed=42/failed/dtype_mismatch/failed_calls_main(f1)__f0()__f1(f0+f0)_ab37629c0e639fa5.json,ab37629c0e639fa5,tilelang,dtype_mismatch,已确认缺陷机制，同类记录,源码 dtype 与输入匹配；frontend cache 未纳入全局 dtype；三步缓存对照已确认机制，未逐条重放489条,2,float16,"(1, 1024, 1)","(16, 256, 16)",0f19e96ed9d8dfb6743b38addb758aeb1fffa235b01c40961717db86e5ca7daf
results/2026.09.15-23.03_tilelang_easy-shape_seed=42/failed/dtype_mismatch/failed_calls_main(f1)__f0()__f1(f0+f0)_b03fbdf954bfe465.json,b03fbdf954bfe465,tilelang,dtype_mismatch,已确认缺陷机制，同类记录,源码 dtype 与输入匹配；frontend cache 未纳入全局 dtype；三步缓存对照已确认机制，未逐条重放489条,2,float16,"(2048, 32, 16384)","(64, 16, 16)",4cdab27f4945aabdc3588115d421cd24771a7a1e430eb59de8ec9abc650aaca2
results/2026.09.15-23.03_tilelang_easy-shape_seed=42/failed/dtype_mismatch/failed_calls_main(f1)__f0()__f1(f0+f0)_b5c5b4d0865611a6.json,b5c5b4d0865611a6,tilelang,dtype_mismatch,已确认缺陷机制，同类记录,源码 dtype 与输入匹配；frontend cache 未纳入全局 dtype；三步缓存对照已确认机制，未逐条重放489条,2,float16,"(8, 2048, 8)","(128, 128, 16)",a3e6ba48c74dad5876cbf0c7cea762c60109c61c852054ca3cae0833ee5c7da6
results/2026.09.15-23.03_tilelang_easy-shape_seed=42/failed/dtype_mismatch/failed_calls_main(f1)__f0()__f1(f0+f0)_bdf5057b7720d924.json,bdf5057b7720d924,tilelang,dtype_mismatch,已确认缺陷机制，同类记录,源码 dtype 与输入匹配；frontend cache 未纳入全局 dtype；三步缓存对照已确认机制，未逐条重放489条,2,float16,"(8, 4, 4)","(32, 32, 16)",89a3d1170c64758afbecb1a52040d3dff6455f52fc72861b36db472fd81fa14f
results/2026.09.15-23.03_tilelang_easy-shape_seed=42/failed/dtype_mismatch/failed_calls_main(f1)__f0()__f1(f0+f0)_c27c4f69a1e02203.json,c27c4f69a1e02203,tilelang,dtype_mismatch,已确认缺陷机制，同类记录,源码 dtype 与输入匹配；frontend cache 未纳入全局 dtype；三步缓存对照已确认机制，未逐条重放489条,2,float16,"(8, 2048, 8)","(128, 128, 16)",6c2a07ddcec3a11423da31e617d97b8b56ad35602413913a5a5462f7353df804
results/2026.09.15-23.03_tilelang_easy-shape_seed=42/failed/dtype_mismatch/failed_calls_main(f1)__f0()__f1(f0+f0)_cd0f469aa024771d.json,cd0f469aa024771d,tilelang,dtype_mismatch,已确认缺陷机制，同类记录,源码 dtype 与输入匹配；frontend cache 未纳入全局 dtype；三步缓存对照已确认机制，未逐条重放489条,2,float16,"(1, 64, 2048)","(128, 16, 16)",bd11832ccc48c7f81a014da5a225af31adce75720d7c28a7994283537332d0d0
results/2026.09.15-23.03_tilelang_easy-shape_seed=42/failed/dtype_mismatch/failed_calls_main(f1)__f0()__f1(f0+f0+f0)_7d0c1d346e98644c.json,7d0c1d346e98644c,tilelang,dtype_mismatch,已确认缺陷机制，同类记录,源码 dtype 与输入匹配；frontend cache 未纳入全局 dtype；三步缓存对照已确认机制，未逐条重放489条,2,float16,"(1, 8192, 512)","(32, 32, 32)",7d74ebf68e7b0faa65e6a210a1f45b9d2888923cf805c27fab5876de8a44d5a6
results/2026.09.15-23.03_tilelang_easy-shape_seed=42/failed/dtype_mismatch/failed_calls_main(f1)__f0()__f1(f0+f0+f0)_dccc210a5aec8d48.json,dccc210a5aec8d48,tilelang,dtype_mismatch,已确认缺陷机制，同类记录,源码 dtype 与输入匹配；frontend cache 未纳入全局 dtype；三步缓存对照已确认机制，未逐条重放489条,2,float32,"(512, 256, 32)","(32, 32, 128)",b9b9edce823e59fd9cdd2942dc225ad42f45de0a83d96e98435275d3137d3d2b
results/2026.09.15-23.03_tilelang_easy-shape_seed=42/failed/dtype_mismatch/failed_calls_main(f1+f1)__f0()__f1(f0)_299f0f08da2c3d24.json,299f0f08da2c3d24,tilelang,dtype_mismatch,已确认缺陷机制，同类记录,源码 dtype 与输入匹配；frontend cache 未纳入全局 dtype；三步缓存对照已确认机制，未逐条重放489条,2,float16,"(4096, 4096, 4096)","(32, 32, 16)",f1d4ef113069b0bb639615f1afec3e9e35e43189ce03c9fb42877d538c16f4d8
results/2026.09.15-23.03_tilelang_easy-shape_seed=42/failed/dtype_mismatch/failed_calls_main(f1+f1)__f0()__f1(f0)_32fd8e954a85b97f.json,32fd8e954a85b97f,tilelang,dtype_mismatch,已确认缺陷机制，同类记录,源码 dtype 与输入匹配；frontend cache 未纳入全局 dtype；三步缓存对照已确认机制，未逐条重放489条,2,float16,"(32, 64, 1)","(32, 128, 32)",fd057df7934a72507513d034633b0740d89ce16e43c4e9ab3805afdd0ba8e931
results/2026.09.15-23.03_tilelang_easy-shape_seed=42/failed/dtype_mismatch/failed_calls_main(f1+f1)__f0()__f1(f0)_3f3675aefaf8d5c8.json,3f3675aefaf8d5c8,tilelang,dtype_mismatch,已确认缺陷机制，同类记录,源码 dtype 与输入匹配；frontend cache 未纳入全局 dtype；三步缓存对照已确认机制，未逐条重放489条,2,float32,"(64, 2, 2048)","(128, 128, 16)",94a202f7cd14bbabea831d481438bf0676f939bc80fb01c2ec20d2c99d73d839
results/2026.09.15-23.03_tilelang_easy-shape_seed=42/failed/dtype_mismatch/failed_calls_main(f1+f1)__f0()__f1(f0)_563e2febdf5e7901.json,563e2febdf5e7901,tilelang,dtype_mismatch,已确认缺陷机制，同类记录,源码 dtype 与输入匹配；frontend cache 未纳入全局 dtype；三步缓存对照已确认机制，未逐条重放489条,2,float32,"(16, 2048, 16)","(128, 128, 8)",054ef5fa887fd704b11aa0a23af0161dd692133b5b042dcf1463b44c33dbf9e5
results/2026.09.15-23.03_tilelang_easy-shape_seed=42/failed/dtype_mismatch/failed_calls_main(f1+f1)__f0()__f1(f0)_8543fbedb4af544e.json,8543fbedb4af544e,tilelang,dtype_mismatch,已确认缺陷机制，同类记录,源码 dtype 与输入匹配；frontend cache 未纳入全局 dtype；三步缓存对照已确认机制，未逐条重放489条,2,float16,"(2, 2, 8)","(64, 256, 32)",b42139a7dc10b3be3e8f037f778a8ab8f9e60aa70dff8be52216f9100fc6a6f8
results/2026.09.15-23.03_tilelang_easy-shape_seed=42/failed/dtype_mismatch/failed_calls_main(f1+f1)__f0()__f1(f0)_ada62bbbbf53d58d.json,ada62bbbbf53d58d,tilelang,dtype_mismatch,已确认缺陷机制，同类记录,源码 dtype 与输入匹配；frontend cache 未纳入全局 dtype；三步缓存对照已确认机制，未逐条重放489条,2,float16,"(8, 16384, 16384)","(64, 64, 8)",410e10cd433751e6f3c80677a94fe4629abff728136a43989bd632d70b99b603
results/2026.09.15-23.03_tilelang_easy-shape_seed=42/failed/dtype_mismatch/failed_calls_main(f1+f1)__f0()__f1(f0)_b019e10446601b4d.json,b019e10446601b4d,tilelang,dtype_mismatch,已确认缺陷机制，同类记录,源码 dtype 与输入匹配；frontend cache 未纳入全局 dtype；三步缓存对照已确认机制，未逐条重放489条,2,float32,"(32, 512, 2)","(32, 32, 8)",031f774550c2c07c3e0c14ba0e9bc4f59af1a896362523eed6b17f8cae1df374
results/2026.09.15-23.03_tilelang_easy-shape_seed=42/failed/dtype_mismatch/failed_calls_main(f1+f1)__f0()__f1(f0)_d1219ef62f5c1495.json,d1219ef62f5c1495,tilelang,dtype_mismatch,已确认缺陷机制，同类记录,源码 dtype 与输入匹配；frontend cache 未纳入全局 dtype；三步缓存对照已确认机制，未逐条重放489条,2,float32,"(16, 8, 8)","(128, 128, 8)",245d7ac088ad796d34bba8c3865ac117243f7c2b3c94b378672e0703ccacb69e
results/2026.09.15-23.03_tilelang_easy-shape_seed=42/failed/dtype_mismatch/failed_calls_main(f1+f1)__f0()__f1(f0+f0)_88b2f0571ec30d28.json,88b2f0571ec30d28,tilelang,dtype_mismatch,已确认缺陷机制，同类记录,源码 dtype 与输入匹配；frontend cache 未纳入全局 dtype；三步缓存对照已确认机制，未逐条重放489条,2,float16,"(1024, 8, 512)","(256, 16, 32)",611e2a7a75714c1f2147f89eb16f77786eec84f0c100202b048df4fd4781e2c1
results/2026.09.15-23.03_tilelang_easy-shape_seed=42/failed/dtype_mismatch/failed_calls_main(f1+f1)__f0()__f1(f0+f0)_96360227caea41c3.json,96360227caea41c3,tilelang,dtype_mismatch,已确认缺陷机制，同类记录,源码 dtype 与输入匹配；frontend cache 未纳入全局 dtype；三步缓存对照已确认机制，未逐条重放489条,2,float16,"(512, 2, 32)","(128, 256, 32)",260634ffde076aa0649a8c29874fd9194ffee8693be283f88c481c2db202a223
results/2026.09.15-23.03_tilelang_easy-shape_seed=42/failed/dtype_mismatch/failed_calls_main(f1+f1)__f0()__f1(f0+f0)_eaae32fdc75cae90.json,eaae32fdc75cae90,tilelang,dtype_mismatch,已确认缺陷机制，同类记录,源码 dtype 与输入匹配；frontend cache 未纳入全局 dtype；三步缓存对照已确认机制，未逐条重放489条,2,float16,"(4, 4096, 8)","(32, 32, 16)",13c8dec9f1f4007c937fd287cb628cd0e01c4b1506ec78097040aa59266d58fa
results/2026.09.15-23.03_tilelang_easy-shape_seed=42/failed/dtype_mismatch/failed_calls_main(f1+f1)__f0()__f1(f0+f0+f0)_06724f1b24d57c66.json,06724f1b24d57c66,tilelang,dtype_mismatch,已确认缺陷机制，同类记录,源码 dtype 与输入匹配；frontend cache 未纳入全局 dtype；三步缓存对照已确认机制，未逐条重放489条,2,float32,"(64, 8, 8)","(128, 128, 32)",79371ca1baaf285bf465a04543f508e13dd33c6023eb2c98c40a91001ea5e407
results/2026.09.15-23.03_tilelang_easy-shape_seed=42/failed/dtype_mismatch/failed_calls_main(f1+f1)__f0()__f1(f0+f0+f0)_7490b43b230a0cfd.json,7490b43b230a0cfd,tilelang,dtype_mismatch,已确认缺陷机制，同类记录,源码 dtype 与输入匹配；frontend cache 未纳入全局 dtype；三步缓存对照已确认机制，未逐条重放489条,2,float16,"(1, 16384, 8)","(64, 256, 8)",c23c127419348a1b2538dd2f721fac88a6490b8a3b03e6c2a71c513310d2461c
results/2026.09.15-23.03_tilelang_easy-shape_seed=42/failed/dtype_mismatch/failed_calls_main(f1+f1)__f0()__f1(f0+f0+f0)_a57976e9840f61aa.json,a57976e9840f61aa,tilelang,dtype_mismatch,已确认缺陷机制，同类记录,源码 dtype 与输入匹配；frontend cache 未纳入全局 dtype；三步缓存对照已确认机制，未逐条重放489条,2,float16,"(32, 256, 16384)","(64, 256, 16)",e20b25f52b9edf4aac68d14c41cbcd5d9ca45a39ae6b9ca749d78b8369e8c743
results/2026.09.15-23.03_tilelang_easy-shape_seed=42/failed/dtype_mismatch/failed_calls_main(f1+f1)__f0()__f1(f0+f0+f0)_b1f76c0deaa84daa.json,b1f76c0deaa84daa,tilelang,dtype_mismatch,已确认缺陷机制，同类记录,源码 dtype 与输入匹配；frontend cache 未纳入全局 dtype；三步缓存对照已确认机制，未逐条重放489条,2,float16,"(8192, 2, 1)","(16, 64, 32)",cd62e0020c07afd4525d41a72e6420144f286f5437dd08d6095a5e94c1300db4
results/2026.09.15-23.03_tilelang_easy-shape_seed=42/failed/gpu_oom/failed_calls_main(f0)__f0()_73749e18d2163c25.json,73749e18d2163c25,tilelang,gpu_oom,非有效目标编译器bug,56条全部在PyTorch参考解释器中OOM；属于oracle内存预算,2,float32,"(16384, 16384, 8)","(128, 128, 16)",84915287fb540000eb6db5d3fc93c25d5e4159f2a58b24b141e2ca2dd893a25c
results/2026.09.15-23.03_tilelang_easy-shape_seed=42/failed/gpu_oom/failed_calls_main(f0)__f0()_8106896ecf9c0d5d.json,8106896ecf9c0d5d,tilelang,gpu_oom,非有效目标编译器bug,56条全部在PyTorch参考解释器中OOM；属于oracle内存预算,2,float32,"(16384, 16384, 1024)","(32, 32, 32)",8120630a744a4042c6c1afcdd64d07c00e6da8476b22c0ab24c07663195f70a1
results/2026.09.15-23.03_tilelang_easy-shape_seed=42/failed/gpu_oom/failed_calls_main(f0)__f0()_8c6c6d393c8b3ecc.json,8c6c6d393c8b3ecc,tilelang,gpu_oom,非有效目标编译器bug,56条全部在PyTorch参考解释器中OOM；属于oracle内存预算,2,float32,"(16384, 16384, 1)","(32, 32, 16)",af597f6cd0f7ba43dfeb9ad8bdfaea9e4e88cbc202fe324f2d06cbfaa57b109c
results/2026.09.15-23.03_tilelang_easy-shape_seed=42/failed/gpu_oom/failed_calls_main(f0)__f0()_f6193f81173811c1.json,f6193f81173811c1,tilelang,gpu_oom,非有效目标编译器bug,56条全部在PyTorch参考解释器中OOM；属于oracle内存预算,2,float32,"(16384, 16384, 2048)","(256, 16, 32)",f38e333a3318dc12c40f92d19757e47d1c08426a54a772bffca3ac57168b0b1c
results/2026.09.15-23.03_tilelang_easy-shape_seed=42/failed/gpu_oom/failed_calls_main(f0)__f0()_fb5339370407957f.json,fb5339370407957f,tilelang,gpu_oom,非有效目标编译器bug,56条全部在PyTorch参考解释器中OOM；属于oracle内存预算,2,float16,"(16384, 16384, 256)","(32, 32, 16)",11567df001ef011358c87ccf14de28e08bb7b4b6f9c1c172dd96d89164986762
results/2026.09.15-23.03_tilelang_easy-shape_seed=42/failed/gpu_oom/failed_calls_main(f0)__f0()_ffd925063834ff60.json,ffd925063834ff60,tilelang,gpu_oom,非有效目标编译器bug,56条全部在PyTorch参考解释器中OOM；属于oracle内存预算,2,float32,"(16384, 16384, 32)","(16, 256, 32)",23eba3b33934b94e53e8fc28fcb1c9e7b92aa81a6b29806e709934ed6cc13693
results/2026.09.15-23.03_tilelang_easy-shape_seed=42/failed/gpu_oom/failed_calls_main(f0+f0)__f0()_657f7bfe8818335f.json,657f7bfe8818335f,tilelang,gpu_oom,非有效目标编译器bug,56条全部在PyTorch参考解释器中OOM；属于oracle内存预算,2,float16,"(16384, 16384, 16384)","(128, 16, 32)",c799aa8adda41ef77bfea309fe2ea8c3adf0a67489624a991b551bde1e4d969f
results/2026.09.15-23.03_tilelang_easy-shape_seed=42/failed/gpu_oom/failed_calls_main(f0+f0)__f0()_8a7d39e82810e280.json,8a7d39e82810e280,tilelang,gpu_oom,非有效目标编译器bug,56条全部在PyTorch参考解释器中OOM；属于oracle内存预算,2,float16,"(16384, 16384, 2048)","(32, 32, 32)",dd1203e952af1c68da3054e21d26a1001937172c2d7fdb96697c95f413933498
results/2026.09.15-23.03_tilelang_easy-shape_seed=42/failed/gpu_oom/failed_calls_main(f0+f1)__f0()__f1(f0)_c6dff0732e6899a2.json,c6dff0732e6899a2,tilelang,gpu_oom,非有效目标编译器bug,56条全部在PyTorch参考解释器中OOM；属于oracle内存预算,2,float32,"(16384, 16384, 16384)","(32, 32, 16)",a72ed0b10feaec10aafda72a0a62c375882372c072d23a0bed7781ef4e33f61c
results/2026.09.15-23.03_tilelang_easy-shape_seed=42/failed/gpu_oom/failed_calls_main(f1)__f0()__f1(f0)_20e99f858a933016.json,20e99f858a933016,tilelang,gpu_oom,非有效目标编译器bug,56条全部在PyTorch参考解释器中OOM；属于oracle内存预算,2,float16,"(16384, 16384, 2048)","(32, 32, 32)",86c2d3deacd850bc8b0a70846fec9cbf8aa5d7bfe8eeb05a43986618e8a7d5d0
results/2026.09.15-23.03_tilelang_easy-shape_seed=42/failed/gpu_oom/failed_calls_main(f1)__f0()__f1(f0)_62bd279f0da12a4a.json,62bd279f0da12a4a,tilelang,gpu_oom,非有效目标编译器bug,56条全部在PyTorch参考解释器中OOM；属于oracle内存预算,2,float32,"(16384, 16384, 16)","(256, 32, 32)",0db312156f4c37875292c812f54516c349921223e997b249e6f7c432d7bb8195
results/2026.09.15-23.03_tilelang_easy-shape_seed=42/failed/gpu_oom/failed_calls_main(f1)__f0()__f1(f0)_b10df0e27b1a02ca.json,b10df0e27b1a02ca,tilelang,gpu_oom,非有效目标编译器bug,56条全部在PyTorch参考解释器中OOM；属于oracle内存预算,2,float16,"(16384, 16384, 2)","(128, 128, 64)",71766db1492c0e9f5ef4adeff7044b8971a4b63dff8f76fb1cd686f347a26cfc
results/2026.09.15-23.03_tilelang_easy-shape_seed=42/failed/gpu_oom/failed_calls_main(f1)__f0()__f1(f0)_f0c508d4c7d5d7b1.json,f0c508d4c7d5d7b1,tilelang,gpu_oom,非有效目标编译器bug,56条全部在PyTorch参考解释器中OOM；属于oracle内存预算,2,float32,"(16384, 16384, 4096)","(32, 32, 8)",dc6d9da3925b2d7d8d09ee4d5da66edbf05df32e072fb8914993a134bb4de981
results/2026.09.15-23.03_tilelang_easy-shape_seed=42/failed/gpu_oom/failed_calls_main(f1)__f0()__f1(f0)_f7ec833fe505494e.json,f7ec833fe505494e,tilelang,gpu_oom,非有效目标编译器bug,56条全部在PyTorch参考解释器中OOM；属于oracle内存预算,2,float16,"(16384, 16384, 2048)","(32, 32, 128)",1bc375b4ebf6dceb965f576d58d44058413f6c1b01d21cdab186c3cccedce62a
results/2026.09.15-23.03_tilelang_easy-shape_seed=42/failed/gpu_oom/failed_calls_main(f1+f1)__f0()__f1(f0)_d0516e37eae08ca0.json,d0516e37eae08ca0,tilelang,gpu_oom,非有效目标编译器bug,56条全部在PyTorch参考解释器中OOM；属于oracle内存预算,2,float16,"(16384, 16384, 8)","(128, 128, 8)",75a40cf1358a40acdac4e254f9c80421f8f62d841e546d0c6896ef275f9896ac
results/2026.09.15-23.03_tilelang_easy-shape_seed=42/failed/layout_inference/failed_calls_main(f0)__f0()_00132cf900e2c3c0.json,00132cf900e2c3c0,tilelang,layout_inference,布局编译失败候选，待缩减,no available layout；代表2ffa308929b8d63e冷缓存复现且无transpose；其他记录仍需排查布局约束/支持范围,2,float32,"(1024, 16384, 128)","(32, 64, 64)",264e0b29a556b7544f65bc110c5e95589c5968ba60b80c734016f87d81a9e078
results/2026.09.15-23.03_tilelang_easy-shape_seed=42/failed/layout_inference/failed_calls_main(f0)__f0()_157f6ae63bb39bec.json,157f6ae63bb39bec,tilelang,layout_inference,布局编译失败候选，待缩减,no available layout；代表2ffa308929b8d63e冷缓存复现且无transpose；其他记录仍需排查布局约束/支持范围,2,float32,"(256, 8192, 16384)","(32, 32, 128)",75c53aef2aea0fe59b28310052d68b4f1fcf7eb5d1d31d3126ee3847c87959ec
results/2026.09.15-23.03_tilelang_easy-shape_seed=42/failed/layout_inference/failed_calls_main(f0)__f0()_2c2653091eab28f1.json,2c2653091eab28f1,tilelang,layout_inference,布局编译失败候选，待缩减,no available layout；代表2ffa308929b8d63e冷缓存复现且无transpose；其他记录仍需排查布局约束/支持范围,2,float16,"(1, 32, 8192)","(32, 256, 16)",0334b528aa0622c6d0b185b175c2fa17951942d4924da14bf331cfa39718889c
results/2026.09.15-23.03_tilelang_easy-shape_seed=42/failed/layout_inference/failed_calls_main(f0)__f0()_2e03634fa6d67719.json,2e03634fa6d67719,tilelang,layout_inference,布局编译失败候选，待缩减,no available layout；代表2ffa308929b8d63e冷缓存复现且无transpose；其他记录仍需排查布局约束/支持范围,2,float16,"(4096, 1, 16384)","(64, 64, 128)",1eb258c5570b15007ccbb9cecacd51f021a1ce0d04b7e0843a64f658c9ebfd94
results/2026.09.15-23.03_tilelang_easy-shape_seed=42/failed/layout_inference/failed_calls_main(f0)__f0()_7080a2b116e043e0.json,7080a2b116e043e0,tilelang,layout_inference,布局编译失败候选，待缩减,no available layout；代表2ffa308929b8d63e冷缓存复现且无transpose；其他记录仍需排查布局约束/支持范围,2,float16,"(8192, 256, 1)","(32, 32, 8)",a95c3530bcfc0788fd621d5a1aa3f5455896ecdb09885b3daffff24f7618d9cc
results/2026.09.15-23.03_tilelang_easy-shape_seed=42/failed/layout_inference/failed_calls_main(f0)__f0()_70a15186193dfc1a.json,70a15186193dfc1a,tilelang,layout_inference,布局编译失败候选，待缩减,no available layout；代表2ffa308929b8d63e冷缓存复现且无transpose；其他记录仍需排查布局约束/支持范围,2,float32,"(16, 16384, 16)","(128, 128, 32)",dd5ac323f973903b6c221dd89b654c184a5c45cb67e6d0d61e5c3b79c73107a9
results/2026.09.15-23.03_tilelang_easy-shape_seed=42/failed/layout_inference/failed_calls_main(f0)__f0()_88a980e79ae73d09.json,88a980e79ae73d09,tilelang,layout_inference,布局编译失败候选，待缩减,no available layout；代表2ffa308929b8d63e冷缓存复现且无transpose；其他记录仍需排查布局约束/支持范围,2,float16,"(128, 512, 128)","(128, 128, 64)",ba66ea44e12fa4d926960b80d6c7bbb17a2baec7939697161741a695ad1cee2c
results/2026.09.15-23.03_tilelang_easy-shape_seed=42/failed/layout_inference/failed_calls_main(f0)__f0()_9d42ab752af4ec10.json,9d42ab752af4ec10,tilelang,layout_inference,布局编译失败候选，待缩减,no available layout；代表2ffa308929b8d63e冷缓存复现且无transpose；其他记录仍需排查布局约束/支持范围,2,float32,"(2048, 2, 2)","(32, 32, 16)",9e382e8081b90b4053146148ecb1780b7e769fb2afcc5a1c1919677f197a8e1b
results/2026.09.15-23.03_tilelang_easy-shape_seed=42/failed/layout_inference/failed_calls_main(f0)__f0()_a4597466357460fe.json,a4597466357460fe,tilelang,layout_inference,布局编译失败候选，待缩减,no available layout；代表2ffa308929b8d63e冷缓存复现且无transpose；其他记录仍需排查布局约束/支持范围,2,float32,"(2048, 1, 2048)","(32, 32, 32)",0d2accff84cf5e89acf017669c1054790917790227000d2f3ab6d9dac897e70d
results/2026.09.15-23.03_tilelang_easy-shape_seed=42/failed/layout_inference/failed_calls_main(f0)__f0()_bd5bfd7b2636579c.json,bd5bfd7b2636579c,tilelang,layout_inference,布局编译失败候选，待缩减,no available layout；代表2ffa308929b8d63e冷缓存复现且无transpose；其他记录仍需排查布局约束/支持范围,2,float16,"(256, 1024, 1)","(32, 32, 128)",13d52b087ab656ef882c6df656fe29ac15fff6f40b128f6c8bec322b261e855f
results/2026.09.15-23.03_tilelang_easy-shape_seed=42/failed/layout_inference/failed_calls_main(f0)__f0()_e8a20d9edc43ddc3.json,e8a20d9edc43ddc3,tilelang,layout_inference,布局编译失败候选，待缩减,no available layout；代表2ffa308929b8d63e冷缓存复现且无transpose；其他记录仍需排查布局约束/支持范围,2,float16,"(1024, 2, 16384)","(32, 32, 8)",00bf4d7c5ce70ffcaf6a5f6db09a328d45a6d7e621a8e33d68210450782e6b51
results/2026.09.15-23.03_tilelang_easy-shape_seed=42/failed/layout_inference/failed_calls_main(f0)__f0()_fc0732658816ef13.json,fc0732658816ef13,tilelang,layout_inference,布局编译失败候选，待缩减,no available layout；代表2ffa308929b8d63e冷缓存复现且无transpose；其他记录仍需排查布局约束/支持范围,2,float16,"(256, 2, 2048)","(32, 32, 128)",9b9547d6f4026dcca421a1d81ef2376ca1a51237f53476c0d9c1fa4f467f99c7
results/2026.09.15-23.03_tilelang_easy-shape_seed=42/failed/layout_inference/failed_calls_main(f0+f0)__f0()_1eddc1739a23c8c6.json,1eddc1739a23c8c6,tilelang,layout_inference,布局编译失败候选，待缩减,no available layout；代表2ffa308929b8d63e冷缓存复现且无transpose；其他记录仍需排查布局约束/支持范围,2,float32,"(16, 1024, 512)","(32, 32, 64)",d61e831c40602881753e9ccccec6548acff580acc8017072015ebaccf5d9e639
results/2026.09.15-23.03_tilelang_easy-shape_seed=42/failed/layout_inference/failed_calls_main(f0+f1)__f0()__f1(f0)_90fc11ee4fb09443.json,90fc11ee4fb09443,tilelang,layout_inference,布局编译失败候选，待缩减,no available layout；代表2ffa308929b8d63e冷缓存复现且无transpose；其他记录仍需排查布局约束/支持范围,2,float32,"(4096, 16384, 512)","(32, 32, 128)",7d63f0e6f9065f930aa3610653f5101fa88f209c53b7f66751a61cf33f7fec83
results/2026.09.15-23.03_tilelang_easy-shape_seed=42/failed/layout_inference/failed_calls_main(f0+f1)__f0()__f1(f0)_fdb5c3bf0cc9501f.json,fdb5c3bf0cc9501f,tilelang,layout_inference,布局编译失败候选，待缩减,no available layout；代表2ffa308929b8d63e冷缓存复现且无transpose；其他记录仍需排查布局约束/支持范围,2,float16,"(16384, 64, 1)","(64, 64, 16)",f44c80dd76d9c3e4bec2a44b1c7bd4600462312934faf7b5f8ab25d26aabcbcd
results/2026.09.15-23.03_tilelang_easy-shape_seed=42/failed/layout_inference/failed_calls_main(f1)__f0()__f1(f0)_2ffa308929b8d63e.json,2ffa308929b8d63e,tilelang,layout_inference,布局编译失败候选，待缩减,no available layout；代表2ffa308929b8d63e冷缓存复现且无transpose；其他记录仍需排查布局约束/支持范围,2,float16,"(1, 16, 32)","(32, 32, 32)",863439f87c8053fc42788e571826ef7f5ac09569b1bc4e69907365deaf26adf5
results/2026.09.15-23.03_tilelang_easy-shape_seed=42/failed/layout_inference/failed_calls_main(f1)__f0()__f1(f0)_469a0b3f76bd9ac0.json,469a0b3f76bd9ac0,tilelang,layout_inference,布局编译失败候选，待缩减,no available layout；代表2ffa308929b8d63e冷缓存复现且无transpose；其他记录仍需排查布局约束/支持范围,2,float32,"(2048, 1024, 128)","(64, 64, 8)",faae79ddc151a99c5404211838a5fc0df9929abb8c0294d9d124427eb671daa2
results/2026.09.15-23.03_tilelang_easy-shape_seed=42/failed/layout_inference/failed_calls_main(f1)__f0()__f1(f0)_4745aef0ba7a45e5.json,4745aef0ba7a45e5,tilelang,layout_inference,布局编译失败候选，待缩减,no available layout；代表2ffa308929b8d63e冷缓存复现且无transpose；其他记录仍需排查布局约束/支持范围,2,float32,"(2, 128, 128)","(16, 128, 64)",94cb8c1682521f7e9eea74a25e63f33a72db868e9eed8e80613885005bf71fff
results/2026.09.15-23.03_tilelang_easy-shape_seed=42/failed/layout_inference/failed_calls_main(f1)__f0()__f1(f0)_4e08d422ebb13d6c.json,4e08d422ebb13d6c,tilelang,layout_inference,布局编译失败候选，待缩减,no available layout；代表2ffa308929b8d63e冷缓存复现且无transpose；其他记录仍需排查布局约束/支持范围,2,float32,"(4096, 128, 16)","(32, 32, 32)",c48a586459fb4bede71e018113efacd8ff388f3c7a8b67ce053e3b7466307267
results/2026.09.15-23.03_tilelang_easy-shape_seed=42/failed/layout_inference/failed_calls_main(f1)__f0()__f1(f0)_624cf98696fc3a8a.json,624cf98696fc3a8a,tilelang,layout_inference,布局编译失败候选，待缩减,no available layout；代表2ffa308929b8d63e冷缓存复现且无transpose；其他记录仍需排查布局约束/支持范围,2,float16,"(256, 4096, 4)","(64, 64, 32)",1ffc593432808316da3e0756dc8235ecf04499afe5f80c28c83b00b1fbc594e7
results/2026.09.15-23.03_tilelang_easy-shape_seed=42/failed/layout_inference/failed_calls_main(f1)__f0()__f1(f0)_7fbf0e2c7bef0c76.json,7fbf0e2c7bef0c76,tilelang,layout_inference,布局编译失败候选，待缩减,no available layout；代表2ffa308929b8d63e冷缓存复现且无transpose；其他记录仍需排查布局约束/支持范围,2,float32,"(2048, 2, 512)","(16, 64, 32)",967d7e17403e03bc815302f15da6c7201b49ace52a5b10ad3c2368303e9d78db
results/2026.09.15-23.03_tilelang_easy-shape_seed=42/failed/layout_inference/failed_calls_main(f1)__f0()__f1(f0)_8461b2c0e8201f32.json,8461b2c0e8201f32,tilelang,layout_inference,布局编译失败候选，待缩减,no available layout；代表2ffa308929b8d63e冷缓存复现且无transpose；其他记录仍需排查布局约束/支持范围,2,float16,"(8, 8, 1024)","(32, 32, 128)",65a3d26f761b2ca74b5a0454d6773c94170cac897c5f1ce042eb50c6f1401e81
results/2026.09.15-23.03_tilelang_easy-shape_seed=42/failed/layout_inference/failed_calls_main(f1)__f0()__f1(f0)_9dd94a5318fb9686.json,9dd94a5318fb9686,tilelang,layout_inference,布局编译失败候选，待缩减,no available layout；代表2ffa308929b8d63e冷缓存复现且无transpose；其他记录仍需排查布局约束/支持范围,2,float32,"(32, 128, 32)","(64, 64, 64)",a984279258439e7a3216f878213f9fb8b729792234f09d8501f98b136f67607e
results/2026.09.15-23.03_tilelang_easy-shape_seed=42/failed/layout_inference/failed_calls_main(f1)__f0()__f1(f0)_affb2098aceeed01.json,affb2098aceeed01,tilelang,layout_inference,布局编译失败候选，待缩减,no available layout；代表2ffa308929b8d63e冷缓存复现且无transpose；其他记录仍需排查布局约束/支持范围,2,float32,"(4096, 1024, 32)","(64, 64, 64)",f15ed741fe79372ce2b4ad18a891596e076b9e1068a6ef1f104dd2929a51de79
results/2026.09.15-23.03_tilelang_easy-shape_seed=42/failed/layout_inference/failed_calls_main(f1)__f0()__f1(f0)_d45a65f4996a7692.json,d45a65f4996a7692,tilelang,layout_inference,布局编译失败候选，待缩减,no available layout；代表2ffa308929b8d63e冷缓存复现且无transpose；其他记录仍需排查布局约束/支持范围,2,float16,"(128, 1, 4096)","(64, 64, 64)",6703907c5c552f17281fc70a8c6f7aa8474018d8030f869ed84b17d828bd40a3
results/2026.09.15-23.03_tilelang_easy-shape_seed=42/failed/layout_inference/failed_calls_main(f1)__f0()__f1(f0)_f92306d51c3b389f.json,f92306d51c3b389f,tilelang,layout_inference,布局编译失败候选，待缩减,no available layout；代表2ffa308929b8d63e冷缓存复现且无transpose；其他记录仍需排查布局约束/支持范围,2,float32,"(16384, 512, 1)","(32, 32, 32)",fe1c613d089c81d5e32512503f76e37943e90e32961daca160373671a54e39e6
results/2026.09.15-23.03_tilelang_easy-shape_seed=42/failed/layout_inference/failed_calls_main(f1)__f0()__f1(f0+f0)_0fe56151576904c1.json,0fe56151576904c1,tilelang,layout_inference,布局编译失败候选，待缩减,no available layout；代表2ffa308929b8d63e冷缓存复现且无transpose；其他记录仍需排查布局约束/支持范围,2,float16,"(1024, 1024, 4)","(64, 64, 8)",ab200709b1f6d0170796d2f6b70521984da884083a9b6028b7b39725ab9875fa
results/2026.09.15-23.03_tilelang_easy-shape_seed=42/failed/layout_inference/failed_calls_main(f1)__f0()__f1(f0+f0)_52ad1cd116e536b8.json,52ad1cd116e536b8,tilelang,layout_inference,布局编译失败候选，待缩减,no available layout；代表2ffa308929b8d63e冷缓存复现且无transpose；其他记录仍需排查布局约束/支持范围,2,float16,"(64, 64, 8192)","(64, 64, 32)",3c2f702c16554c7b7e5da82d9d26965c359b2c06714c28d43397c337d69d290e
results/2026.09.15-23.03_tilelang_easy-shape_seed=42/failed/layout_inference/failed_calls_main(f1)__f0()__f1(f0+f0)_ae5a5d556264f848.json,ae5a5d556264f848,tilelang,layout_inference,布局编译失败候选，待缩减,no available layout；代表2ffa308929b8d63e冷缓存复现且无transpose；其他记录仍需排查布局约束/支持范围,2,float32,"(512, 4096, 1024)","(64, 64, 8)",563473e69c32209c95c763e07040e76e6e64b6dc7fa483c93877102a31afd022
results/2026.09.15-23.03_tilelang_easy-shape_seed=42/failed/layout_inference/failed_calls_main(f1)__f0()__f1(f0+f0)_f464de426c365152.json,f464de426c365152,tilelang,layout_inference,布局编译失败候选，待缩减,no available layout；代表2ffa308929b8d63e冷缓存复现且无transpose；其他记录仍需排查布局约束/支持范围,2,float32,"(32, 1, 512)","(64, 64, 16)",ba817991187077d784c65d1eca9b7001b92aefdbeb3984ce2b8e8933da5395d1
results/2026.09.15-23.03_tilelang_easy-shape_seed=42/failed/layout_inference/failed_calls_main(f1+f1)__f0()__f1(f0)_16dc1917af7804c9.json,16dc1917af7804c9,tilelang,layout_inference,布局编译失败候选，待缩减,no available layout；代表2ffa308929b8d63e冷缓存复现且无transpose；其他记录仍需排查布局约束/支持范围,2,float16,"(8, 8, 512)","(128, 128, 8)",18c74a588ec6e8717fa27deebf8fa77e87c343bbb8d22bd001006217a6779465
results/2026.09.15-23.03_tilelang_easy-shape_seed=42/failed/ptx_async_boundary/failed_calls_main(f0)__f0()_07ba4654a2b6a1d8.json,07ba4654a2b6a1d8,tilelang,ptx_async_boundary,已确认缺陷机制，同类记录,49条均为fp16、N=1或K=1，普通T.copy自动生成非法2字节cp.async；代表6ffb52d51060569a已复现,2,float16,"(1024, 8, 1)","(64, 64, 8)",27632aefd12defd0cb2f6f76f1070f85a0f9afe352f1a88ff0aae9cb098f2e87
results/2026.09.15-23.03_tilelang_easy-shape_seed=42/failed/ptx_async_boundary/failed_calls_main(f0)__f0()_2888b5e6c1634b4e.json,2888b5e6c1634b4e,tilelang,ptx_async_boundary,已确认缺陷机制，同类记录,49条均为fp16、N=1或K=1，普通T.copy自动生成非法2字节cp.async；代表6ffb52d51060569a已复现,2,float16,"(128, 128, 1)","(256, 256, 8)",26fb8655165cc090ded4137da9ab3823021bee8e76b663268907c46b40be0bd9
results/2026.09.15-23.03_tilelang_easy-shape_seed=42/failed/ptx_async_boundary/failed_calls_main(f0)__f0()_3211fa8a242bf773.json,3211fa8a242bf773,tilelang,ptx_async_boundary,已确认缺陷机制，同类记录,49条均为fp16、N=1或K=1，普通T.copy自动生成非法2字节cp.async；代表6ffb52d51060569a已复现,2,float16,"(1024, 2048, 1)","(256, 256, 16)",e383dd10811d9cd948742551b2f544683ddb821ce2e16d9836776d9154ac1a9b
results/2026.09.15-23.03_tilelang_easy-shape_seed=42/failed/ptx_async_boundary/failed_calls_main(f0)__f0()_43d2a5cb73801bb7.json,43d2a5cb73801bb7,tilelang,ptx_async_boundary,已确认缺陷机制，同类记录,49条均为fp16、N=1或K=1，普通T.copy自动生成非法2字节cp.async；代表6ffb52d51060569a已复现,2,float16,"(1024, 4096, 1)","(32, 32, 128)",e62535c5e4d9853fd8ab6907e138e001e56bf69afd23fb576522cba1fd092e37
results/2026.09.15-23.03_tilelang_easy-shape_seed=42/failed/ptx_async_boundary/failed_calls_main(f0)__f0()_467cd2a0b0149100.json,467cd2a0b0149100,tilelang,ptx_async_boundary,已确认缺陷机制，同类记录,49条均为fp16、N=1或K=1，普通T.copy自动生成非法2字节cp.async；代表6ffb52d51060569a已复现,2,float16,"(512, 16384, 1)","(128, 128, 8)",52f4d80d4c038bd5d42bc6501b20564387db34f7439b4862f71e144549ca7c3f
results/2026.09.15-23.03_tilelang_easy-shape_seed=42/failed/ptx_async_boundary/failed_calls_main(f0)__f0()_4a1c20a6b29dec37.json,4a1c20a6b29dec37,tilelang,ptx_async_boundary,已确认缺陷机制，同类记录,49条均为fp16、N=1或K=1，普通T.copy自动生成非法2字节cp.async；代表6ffb52d51060569a已复现,2,float16,"(8, 256, 1)","(64, 32, 16)",33a1e2f37f1e69e991c164c762db1cc879ccad5e0cf608f5b70e69eed2148c6c
results/2026.09.15-23.03_tilelang_easy-shape_seed=42/failed/ptx_async_boundary/failed_calls_main(f0)__f0()_622e84a9dd16a216.json,622e84a9dd16a216,tilelang,ptx_async_boundary,已确认缺陷机制，同类记录,49条均为fp16、N=1或K=1，普通T.copy自动生成非法2字节cp.async；代表6ffb52d51060569a已复现,2,float16,"(2048, 1, 8)","(256, 256, 16)",37a35bcf2c1097456add04a8beb1a74242c3ca2a2df0b8c592f8aea3e91cbe86
results/2026.09.15-23.03_tilelang_easy-shape_seed=42/failed/ptx_async_boundary/failed_calls_main(f0)__f0()_6a230991ea5929fd.json,6a230991ea5929fd,tilelang,ptx_async_boundary,已确认缺陷机制，同类记录,49条均为fp16、N=1或K=1，普通T.copy自动生成非法2字节cp.async；代表6ffb52d51060569a已复现,2,float16,"(512, 512, 1)","(256, 256, 32)",5da59f05ab316a8fe6d8b1e999760c282f656cea6f7930c2c56531cf302ed4da
results/2026.09.15-23.03_tilelang_easy-shape_seed=42/failed/ptx_async_boundary/failed_calls_main(f0)__f0()_80441207f58372f3.json,80441207f58372f3,tilelang,ptx_async_boundary,已确认缺陷机制，同类记录,49条均为fp16、N=1或K=1，普通T.copy自动生成非法2字节cp.async；代表6ffb52d51060569a已复现,2,float16,"(4, 1, 8192)","(256, 256, 16)",1557f103fae54ca6fe67727adb4e2f096c0d4345b1f0255ff0d2876c60fac8fd
results/2026.09.15-23.03_tilelang_easy-shape_seed=42/failed/ptx_async_boundary/failed_calls_main(f0)__f0()_8fd4bf7e953fb9a7.json,8fd4bf7e953fb9a7,tilelang,ptx_async_boundary,已确认缺陷机制，同类记录,49条均为fp16、N=1或K=1，普通T.copy自动生成非法2字节cp.async；代表6ffb52d51060569a已复现,2,float16,"(8192, 1, 8)","(256, 256, 16)",4df0c50cef474d236f7f8620c91f555472339bdf2bd53272713a3893250b5df9
results/2026.09.15-23.03_tilelang_easy-shape_seed=42/failed/ptx_async_boundary/failed_calls_main(f0)__f0()_95b0adfc651e3947.json,95b0adfc651e3947,tilelang,ptx_async_boundary,已确认缺陷机制，同类记录,49条均为fp16、N=1或K=1，普通T.copy自动生成非法2字节cp.async；代表6ffb52d51060569a已复现,2,float16,"(1, 1, 1)","(128, 128, 8)",b60aa0d9d68299b51645b29e0d17114b4845ad8b91f79e0132502291df99dded
results/2026.09.15-23.03_tilelang_easy-shape_seed=42/failed/ptx_async_boundary/failed_calls_main(f0)__f0()_acb7eb1c2427c582.json,acb7eb1c2427c582,tilelang,ptx_async_boundary,已确认缺陷机制，同类记录,49条均为fp16、N=1或K=1，普通T.copy自动生成非法2字节cp.async；代表6ffb52d51060569a已复现,2,float16,"(4096, 4096, 1)","(64, 64, 8)",13cce894fd75e7641464f91e3b322d49092b0255e23299e85fb4709d2f078536
results/2026.09.15-23.03_tilelang_easy-shape_seed=42/failed/ptx_async_boundary/failed_calls_main(f0)__f0()_cf9b1e55effcb5e5.json,cf9b1e55effcb5e5,tilelang,ptx_async_boundary,已确认缺陷机制，同类记录,49条均为fp16、N=1或K=1，普通T.copy自动生成非法2字节cp.async；代表6ffb52d51060569a已复现,2,float16,"(16, 8, 1)","(64, 64, 16)",34f2fe870213df12b9e85b79478b985e0925bd04436a5d214954603081072eff
results/2026.09.15-23.03_tilelang_easy-shape_seed=42/failed/ptx_async_boundary/failed_calls_main(f0)__f0()_ebf418e56b586dde.json,ebf418e56b586dde,tilelang,ptx_async_boundary,已确认缺陷机制，同类记录,49条均为fp16、N=1或K=1，普通T.copy自动生成非法2字节cp.async；代表6ffb52d51060569a已复现,2,float16,"(16, 16, 1)","(64, 64, 128)",4cc4706622a545a06c30d1373f67f3bcc3812c4547280513a63d517b9b838b0a
results/2026.09.15-23.03_tilelang_easy-shape_seed=42/failed/ptx_async_boundary/failed_calls_main(f0+f0)__f0()_1a7e69145a06c189.json,1a7e69145a06c189,tilelang,ptx_async_boundary,已确认缺陷机制，同类记录,49条均为fp16、N=1或K=1，普通T.copy自动生成非法2字节cp.async；代表6ffb52d51060569a已复现,2,float16,"(2, 8, 1)","(128, 128, 16)",2262bcfc2e4b09976eb7bae693334fbd22f6a1117e69d6a62756b8e4afca80a9
results/2026.09.15-23.03_tilelang_easy-shape_seed=42/failed/ptx_async_boundary/failed_calls_main(f0+f0)__f0()_3c2faabe92dc6c73.json,3c2faabe92dc6c73,tilelang,ptx_async_boundary,已确认缺陷机制，同类记录,49条均为fp16、N=1或K=1，普通T.copy自动生成非法2字节cp.async；代表6ffb52d51060569a已复现,2,float16,"(8192, 1, 256)","(16, 256, 16)",ac876b6e45e8039e9f9e48dd97abfe79d0bc245def3826c531ca6fe5b95981bd
results/2026.09.15-23.03_tilelang_easy-shape_seed=42/failed/ptx_async_boundary/failed_calls_main(f0+f0)__f0()_4db9d9889da27d9c.json,4db9d9889da27d9c,tilelang,ptx_async_boundary,已确认缺陷机制，同类记录,49条均为fp16、N=1或K=1，普通T.copy自动生成非法2字节cp.async；代表6ffb52d51060569a已复现,2,float16,"(2, 1, 8)","(64, 32, 8)",d4db14c4940b0b2c72f51f070c85cb1b747c70c0a2a41bd63da25b75703a3a2f
results/2026.09.15-23.03_tilelang_easy-shape_seed=42/failed/ptx_async_boundary/failed_calls_main(f0+f0)__f0()_5d1ce332b76c4a26.json,5d1ce332b76c4a26,tilelang,ptx_async_boundary,已确认缺陷机制，同类记录,49条均为fp16、N=1或K=1，普通T.copy自动生成非法2字节cp.async；代表6ffb52d51060569a已复现,2,float16,"(8, 4, 1)","(128, 64, 32)",294f16c498cef7e069b1e67613c210a7e2bd140fdd7432ccc767e292d8136853
results/2026.09.15-23.03_tilelang_easy-shape_seed=42/failed/ptx_async_boundary/failed_calls_main(f0+f0)__f0()_6e2eea4bd0b459fb.json,6e2eea4bd0b459fb,tilelang,ptx_async_boundary,已确认缺陷机制，同类记录,49条均为fp16、N=1或K=1，普通T.copy自动生成非法2字节cp.async；代表6ffb52d51060569a已复现,2,float16,"(32, 64, 1)","(64, 64, 64)",8ec829080c42e99390c49c013fbee7eb4b7745ce78953d126680e0fabb10a10d
results/2026.09.15-23.03_tilelang_easy-shape_seed=42/failed/ptx_async_boundary/failed_calls_main(f0+f0)__f0()_6ffb52d51060569a.json,6ffb52d51060569a,tilelang,ptx_async_boundary,已确认缺陷机制，同类记录,49条均为fp16、N=1或K=1，普通T.copy自动生成非法2字节cp.async；代表6ffb52d51060569a已复现,2,float16,"(1, 1, 1)","(64, 64, 16)",5d9a9d3ee6388c17fb8d93a24028437d8bf0cfc4def477e668a765223aed64cf
results/2026.09.15-23.03_tilelang_easy-shape_seed=42/failed/ptx_async_boundary/failed_calls_main(f0+f0)__f0()_d53e4ecd40905361.json,d53e4ecd40905361,tilelang,ptx_async_boundary,已确认缺陷机制，同类记录,49条均为fp16、N=1或K=1，普通T.copy自动生成非法2字节cp.async；代表6ffb52d51060569a已复现,2,float16,"(16, 1, 2)","(128, 128, 32)",ad3975dcc27827adf519ca18698947b1f3899a36f0182170fbfa4eb94b3058cb
results/2026.09.15-23.03_tilelang_easy-shape_seed=42/failed/ptx_async_boundary/failed_calls_main(f0+f1)__f0()__f1(f0)_417d23da12048477.json,417d23da12048477,tilelang,ptx_async_boundary,已确认缺陷机制，同类记录,49条均为fp16、N=1或K=1，普通T.copy自动生成非法2字节cp.async；代表6ffb52d51060569a已复现,2,float16,"(2048, 1, 64)","(16, 256, 32)",70a9ea5edf186451760b64fdf27e6b92606fa6cd9b9e77810c0eef714a848076
results/2026.09.15-23.03_tilelang_easy-shape_seed=42/failed/ptx_async_boundary/failed_calls_main(f0+f1)__f0()__f1(f0)_4289e5cda47e8c11.json,4289e5cda47e8c11,tilelang,ptx_async_boundary,已确认缺陷机制，同类记录,49条均为fp16、N=1或K=1，普通T.copy自动生成非法2字节cp.async；代表6ffb52d51060569a已复现,2,float16,"(4, 1, 512)","(64, 64, 128)",fb278059d5ef224ce82bf3e04a3214b16fbca1712fc53270c07943963aac5202
results/2026.09.15-23.03_tilelang_easy-shape_seed=42/failed/ptx_async_boundary/failed_calls_main(f0+f1)__f0()__f1(f0)_ba67c6dff3536e4a.json,ba67c6dff3536e4a,tilelang,ptx_async_boundary,已确认缺陷机制，同类记录,49条均为fp16、N=1或K=1，普通T.copy自动生成非法2字节cp.async；代表6ffb52d51060569a已复现,2,float16,"(128, 64, 1)","(64, 256, 8)",6ae18bcb8457c29d551a40a2c28559fb64b4cb69c8ac4a51d57b57677096a3bf
results/2026.09.15-23.03_tilelang_easy-shape_seed=42/failed/ptx_async_boundary/failed_calls_main(f1)__f0()__f1(f0)_13b0981b4c2c9345.json,13b0981b4c2c9345,tilelang,ptx_async_boundary,已确认缺陷机制，同类记录,49条均为fp16、N=1或K=1，普通T.copy自动生成非法2字节cp.async；代表6ffb52d51060569a已复现,2,float16,"(8192, 1, 1)","(32, 32, 64)",f7f5784b35e18bb7e82b73fa1927094868d05bed9685edb057511442addd1a21
results/2026.09.15-23.03_tilelang_easy-shape_seed=42/failed/ptx_async_boundary/failed_calls_main(f1)__f0()__f1(f0)_1532e0da8c05a78c.json,1532e0da8c05a78c,tilelang,ptx_async_boundary,已确认缺陷机制，同类记录,49条均为fp16、N=1或K=1，普通T.copy自动生成非法2字节cp.async；代表6ffb52d51060569a已复现,2,float16,"(512, 1, 8192)","(32, 128, 128)",b286dc34999320b4fd6a839ceb774cbce12540e635fb61fccaba4e5cfa1383be
results/2026.09.15-23.03_tilelang_easy-shape_seed=42/failed/ptx_async_boundary/failed_calls_main(f1)__f0()__f1(f0)_2ca18d95daf35516.json,2ca18d95daf35516,tilelang,ptx_async_boundary,已确认缺陷机制，同类记录,49条均为fp16、N=1或K=1，普通T.copy自动生成非法2字节cp.async；代表6ffb52d51060569a已复现,2,float16,"(2048, 1, 128)","(256, 256, 16)",e883520d2119c0e7a2f58d06682da3ad0ebcc6e1edea19bef54b0fcfaf92039f
results/2026.09.15-23.03_tilelang_easy-shape_seed=42/failed/ptx_async_boundary/failed_calls_main(f1)__f0()__f1(f0)_2ff7e556ed7efd90.json,2ff7e556ed7efd90,tilelang,ptx_async_boundary,已确认缺陷机制，同类记录,49条均为fp16、N=1或K=1，普通T.copy自动生成非法2字节cp.async；代表6ffb52d51060569a已复现,2,float16,"(256, 4, 1)","(32, 128, 128)",41c2a511045c5ca14977b3d8cb42cfa492a6e663fed37599d8c83c10b6a08aad
results/2026.09.15-23.03_tilelang_easy-shape_seed=42/failed/ptx_async_boundary/failed_calls_main(f1)__f0()__f1(f0)_37fca93665119939.json,37fca93665119939,tilelang,ptx_async_boundary,已确认缺陷机制，同类记录,49条均为fp16、N=1或K=1，普通T.copy自动生成非法2字节cp.async；代表6ffb52d51060569a已复现,2,float16,"(16384, 1, 8)","(16, 64, 8)",e26a1d737664db587f45e910699cbf252d68dcf10a72a1d557267140646aab3b
results/2026.09.15-23.03_tilelang_easy-shape_seed=42/failed/ptx_async_boundary/failed_calls_main(f1)__f0()__f1(f0)_5c6c06ce8c426462.json,5c6c06ce8c426462,tilelang,ptx_async_boundary,已确认缺陷机制，同类记录,49条均为fp16、N=1或K=1，普通T.copy自动生成非法2字节cp.async；代表6ffb52d51060569a已复现,2,float16,"(1024, 1024, 1)","(64, 256, 16)",7ae4f62384f665f9035bc93438c8bec099444d25ed71d6496419260755cae1b3
results/2026.09.15-23.03_tilelang_easy-shape_seed=42/failed/ptx_async_boundary/failed_calls_main(f1)__f0()__f1(f0)_7d81d912fc62d4de.json,7d81d912fc62d4de,tilelang,ptx_async_boundary,已确认缺陷机制，同类记录,49条均为fp16、N=1或K=1，普通T.copy自动生成非法2字节cp.async；代表6ffb52d51060569a已复现,2,float16,"(256, 2, 1)","(64, 64, 32)",7abd6167a6309cf6eb745f0561f89e03e9e9c8699d7fb825324fe76f6176c3bf
results/2026.09.15-23.03_tilelang_easy-shape_seed=42/failed/ptx_async_boundary/failed_calls_main(f1)__f0()__f1(f0)_7f893bbc6a76addb.json,7f893bbc6a76addb,tilelang,ptx_async_boundary,已确认缺陷机制，同类记录,49条均为fp16、N=1或K=1，普通T.copy自动生成非法2字节cp.async；代表6ffb52d51060569a已复现,2,float16,"(64, 8, 1)","(64, 64, 64)",5db3ba1ba8f1b4bd96017af4c03e7cfee757d4fd2d9fd77dbf2e1dee68ae8e8c
results/2026.09.15-23.03_tilelang_easy-shape_seed=42/failed/ptx_async_boundary/failed_calls_main(f1)__f0()__f1(f0)_813f04e3d7e4015d.json,813f04e3d7e4015d,tilelang,ptx_async_boundary,已确认缺陷机制，同类记录,49条均为fp16、N=1或K=1，普通T.copy自动生成非法2字节cp.async；代表6ffb52d51060569a已复现,2,float16,"(8192, 1, 32)","(32, 32, 64)",49e935bb8d5d0abd48c3994f2c2a664e04e20a535c13840172992d437cb7a789
results/2026.09.15-23.03_tilelang_easy-shape_seed=42/failed/ptx_async_boundary/failed_calls_main(f1)__f0()__f1(f0)_868297718b88f3be.json,868297718b88f3be,tilelang,ptx_async_boundary,已确认缺陷机制，同类记录,49条均为fp16、N=1或K=1，普通T.copy自动生成非法2字节cp.async；代表6ffb52d51060569a已复现,2,float16,"(2, 1, 1)","(32, 32, 128)",34356fe17fc159bcccd88f8ea81707cd198ae6b5737579902b61c137f2ba67f8
results/2026.09.15-23.03_tilelang_easy-shape_seed=42/failed/ptx_async_boundary/failed_calls_main(f1)__f0()__f1(f0)_8d556eeb27bc5f9d.json,8d556eeb27bc5f9d,tilelang,ptx_async_boundary,已确认缺陷机制，同类记录,49条均为fp16、N=1或K=1，普通T.copy自动生成非法2字节cp.async；代表6ffb52d51060569a已复现,2,float16,"(512, 2, 1)","(16, 128, 16)",df5dca64208892c1310aa7fd4ba8f9f7d35bac7f5da16e7cf9ee8692667b3371
results/2026.09.15-23.03_tilelang_easy-shape_seed=42/failed/ptx_async_boundary/failed_calls_main(f1)__f0()__f1(f0)_927d236d08ec1564.json,927d236d08ec1564,tilelang,ptx_async_boundary,已确认缺陷机制，同类记录,49条均为fp16、N=1或K=1，普通T.copy自动生成非法2字节cp.async；代表6ffb52d51060569a已复现,2,float16,"(1, 1, 8192)","(16, 256, 16)",bd69b76c966036b36137d3757a63a97c54c1b9564dd89eb459fbafd8c2f76319
results/2026.09.15-23.03_tilelang_easy-shape_seed=42/failed/ptx_async_boundary/failed_calls_main(f1)__f0()__f1(f0)_97045415d1cdda19.json,97045415d1cdda19,tilelang,ptx_async_boundary,已确认缺陷机制，同类记录,49条均为fp16、N=1或K=1，普通T.copy自动生成非法2字节cp.async；代表6ffb52d51060569a已复现,2,float16,"(256, 1, 1)","(64, 64, 32)",821eb9b14beb7d7e6fa7e6f4a1fb99c95e6ad19b059950752dcfe16ca9f32f62
results/2026.09.15-23.03_tilelang_easy-shape_seed=42/failed/ptx_async_boundary/failed_calls_main(f1)__f0()__f1(f0+f0)_0eeeeb390314bbbd.json,0eeeeb390314bbbd,tilelang,ptx_async_boundary,已确认缺陷机制，同类记录,49条均为fp16、N=1或K=1，普通T.copy自动生成非法2字节cp.async；代表6ffb52d51060569a已复现,2,float16,"(2, 2, 1)","(64, 64, 16)",d1483de872d499dda69973df850a881e4bb9425fb11f84b9d05d1ed159e16b89
results/2026.09.15-23.03_tilelang_easy-shape_seed=42/failed/ptx_async_boundary/failed_calls_main(f1)__f0()__f1(f0+f0)_34d06d4b194d35cf.json,34d06d4b194d35cf,tilelang,ptx_async_boundary,已确认缺陷机制，同类记录,49条均为fp16、N=1或K=1，普通T.copy自动生成非法2字节cp.async；代表6ffb52d51060569a已复现,2,float16,"(32, 512, 1)","(32, 32, 64)",ab188142f2267c6a660cb256d6818807949c45e8edb29f98e798eb75c6d5fed0
results/2026.09.15-23.03_tilelang_easy-shape_seed=42/failed/ptx_async_boundary/failed_calls_main(f1)__f0()__f1(f0+f0)_53c3b8d8aaf056e4.json,53c3b8d8aaf056e4,tilelang,ptx_async_boundary,已确认缺陷机制，同类记录,49条均为fp16、N=1或K=1，普通T.copy自动生成非法2字节cp.async；代表6ffb52d51060569a已复现,2,float16,"(2, 1, 2)","(128, 256, 16)",290e559ef4a46ec69086cb7cf0d2bc284dd93e42fda1eb01acf74b7e8844af8e
results/2026.09.15-23.03_tilelang_easy-shape_seed=42/failed/ptx_async_boundary/failed_calls_main(f1)__f0()__f1(f0+f0)_6a2887745f2fdbd6.json,6a2887745f2fdbd6,tilelang,ptx_async_boundary,已确认缺陷机制，同类记录,49条均为fp16、N=1或K=1，普通T.copy自动生成非法2字节cp.async；代表6ffb52d51060569a已复现,2,float16,"(256, 32, 1)","(256, 256, 32)",52a4f914b965b30ae58a7c7e888adae42fa0ccce8c20ff768d1238f7da6a238d
results/2026.09.15-23.03_tilelang_easy-shape_seed=42/failed/ptx_async_boundary/failed_calls_main(f1)__f0()__f1(f0+f0)_f9436e35f028284c.json,f9436e35f028284c,tilelang,ptx_async_boundary,已确认缺陷机制，同类记录,49条均为fp16、N=1或K=1，普通T.copy自动生成非法2字节cp.async；代表6ffb52d51060569a已复现,2,float16,"(64, 1, 1)","(128, 128, 16)",5c379e7530510c212b74a9a7a84531d01e91a8ac98e6fec2d8045a0f348b51af
results/2026.09.15-23.03_tilelang_easy-shape_seed=42/failed/ptx_async_boundary/failed_calls_main(f1+f1)__f0()__f1(f0+f0+f0)_2eaeb3f10f342ffc.json,2eaeb3f10f342ffc,tilelang,ptx_async_boundary,已确认缺陷机制，同类记录,49条均为fp16、N=1或K=1，普通T.copy自动生成非法2字节cp.async；代表6ffb52d51060569a已复现,2,float16,"(1, 1, 8)","(16, 64, 128)",47f7192332f3da2b24855d556dd167434cb95d65ec43c565d5633a5bb4805a03
results/2026.09.15-23.03_tilelang_easy-shape_seed=42/failed/ptx_async_boundary/failed_calls_main(f1+f1+f1)__f0()__f1(f0+f0)_2c71173d8aead05e.json,2c71173d8aead05e,tilelang,ptx_async_boundary,已确认缺陷机制，同类记录,49条均为fp16、N=1或K=1，普通T.copy自动生成非法2字节cp.async；代表6ffb52d51060569a已复现,2,float16,"(16, 1, 2)","(32, 32, 128)",7a7ddd22833e51811b60350aedc5b04a93dd07c2e99949d6b697f39a515bd58d
results/2026.09.15-23.03_tilelang_easy-shape_seed=42/failed/shared_memory_overflow/failed_calls_main(f0)__f0()_0f8f98f4c5cf1989.json,0f8f98f4c5cf1989,tilelang,shared_memory_overflow,非有效目标编译器bug,请求动态shared memory超过sm_89每block 99328字节限制；生成/资源预算不足,2,float16,"(8, 1024, 64)","(256, 256, 32)",c4ae303bf459a667d5e14632c845396db969a3a493538a3ef279567a385741ff
results/2026.09.15-23.03_tilelang_easy-shape_seed=42/failed/shared_memory_overflow/failed_calls_main(f0)__f0()_109ade08d840518f.json,109ade08d840518f,tilelang,shared_memory_overflow,非有效目标编译器bug,请求动态shared memory超过sm_89每block 99328字节限制；生成/资源预算不足,2,float16,"(2, 64, 64)","(256, 256, 8)",8abacdfc6b8429f7da6efbb8c4468dd2b49c2c68384709dd820bebfb2a0111ef
results/2026.09.15-23.03_tilelang_easy-shape_seed=42/failed/shared_memory_overflow/failed_calls_main(f0)__f0()_1347e6bbd53898d3.json,1347e6bbd53898d3,tilelang,shared_memory_overflow,非有效目标编译器bug,请求动态shared memory超过sm_89每block 99328字节限制；生成/资源预算不足,2,float16,"(16, 512, 8)","(256, 256, 32)",5cc48819babb56f512c504872650f85439aadd5165aed4f6502ae60b8f5be63a
results/2026.09.15-23.03_tilelang_easy-shape_seed=42/failed/shared_memory_overflow/failed_calls_main(f0)__f0()_19962b8d826ca79f.json,19962b8d826ca79f,tilelang,shared_memory_overflow,非有效目标编译器bug,请求动态shared memory超过sm_89每block 99328字节限制；生成/资源预算不足,2,float16,"(4096, 2, 128)","(256, 256, 32)",d356c11729b58efb1ae264e406e5b6fbb5fac6d51ee7133ec3fa47143877270e
results/2026.09.15-23.03_tilelang_easy-shape_seed=42/failed/shared_memory_overflow/failed_calls_main(f0)__f0()_217af03060644621.json,217af03060644621,tilelang,shared_memory_overflow,非有效目标编译器bug,请求动态shared memory超过sm_89每block 99328字节限制；生成/资源预算不足,2,float16,"(16384, 4, 16384)","(256, 256, 16)",fbdee69958c35c24b58ccf880d3440bd3a1be212401ccc67fbdba65acbd83bbe
results/2026.09.15-23.03_tilelang_easy-shape_seed=42/failed/shared_memory_overflow/failed_calls_main(f0)__f0()_23878dd6c5f8eab9.json,23878dd6c5f8eab9,tilelang,shared_memory_overflow,非有效目标编译器bug,请求动态shared memory超过sm_89每block 99328字节限制；生成/资源预算不足,2,float16,"(8, 4096, 1)","(256, 256, 8)",2c0553f459b0818e5352071f3ddbd65d8af44196f986835d7d39a5153d7bcdc3
results/2026.09.15-23.03_tilelang_easy-shape_seed=42/failed/shared_memory_overflow/failed_calls_main(f0)__f0()_2862c912f8af3ea6.json,2862c912f8af3ea6,tilelang,shared_memory_overflow,非有效目标编译器bug,请求动态shared memory超过sm_89每block 99328字节限制；生成/资源预算不足,2,float32,"(256, 128, 128)","(256, 256, 16)",dfba8330606f7f4f59ba7f86a5ac695cb1fa3ef9dc5065124b855de7a07d3151
results/2026.09.15-23.03_tilelang_easy-shape_seed=42/failed/shared_memory_overflow/failed_calls_main(f0)__f0()_286d3c3dbc2c66f4.json,286d3c3dbc2c66f4,tilelang,shared_memory_overflow,非有效目标编译器bug,请求动态shared memory超过sm_89每block 99328字节限制；生成/资源预算不足,2,float32,"(512, 128, 2048)","(256, 256, 8)",1a89f97d09cce817b34ee95be225e7f1756c481cda84ae776eb90164028781d5
results/2026.09.15-23.03_tilelang_easy-shape_seed=42/failed/shared_memory_overflow/failed_calls_main(f0)__f0()_28eee28bd5639e3c.json,28eee28bd5639e3c,tilelang,shared_memory_overflow,非有效目标编译器bug,请求动态shared memory超过sm_89每block 99328字节限制；生成/资源预算不足,2,float16,"(256, 1, 2048)","(256, 256, 16)",df7d4ef4db4bac975f846ff144c52045a203ec76bc4ee3fa433645841fa4c901
results/2026.09.15-23.03_tilelang_easy-shape_seed=42/failed/shared_memory_overflow/failed_calls_main(f0)__f0()_2ef0fcdac5fe295a.json,2ef0fcdac5fe295a,tilelang,shared_memory_overflow,非有效目标编译器bug,请求动态shared memory超过sm_89每block 99328字节限制；生成/资源预算不足,2,float32,"(256, 4096, 8192)","(256, 256, 16)",7590cddba4a6631c88b09acd48ff7a9a20ce1d1debc16a39e18aa1b978f00f22
results/2026.09.15-23.03_tilelang_easy-shape_seed=42/failed/shared_memory_overflow/failed_calls_main(f0)__f0()_314e6444b2ea79d4.json,314e6444b2ea79d4,tilelang,shared_memory_overflow,非有效目标编译器bug,请求动态shared memory超过sm_89每block 99328字节限制；生成/资源预算不足,2,float16,"(4, 16384, 4)","(256, 256, 8)",e303b2777f2233933f22d90658429b233af6cd50af3bf98980f054b7dfb6d4bc
results/2026.09.15-23.03_tilelang_easy-shape_seed=42/failed/shared_memory_overflow/failed_calls_main(f0)__f0()_4058fef8fd5c8add.json,4058fef8fd5c8add,tilelang,shared_memory_overflow,非有效目标编译器bug,请求动态shared memory超过sm_89每block 99328字节限制；生成/资源预算不足,2,float16,"(128, 1024, 256)","(256, 256, 32)",a847cfe2c293c541e7763232fb4f3e58037df6f6b2b16884ab89dfeab53157af
results/2026.09.15-23.03_tilelang_easy-shape_seed=42/failed/shared_memory_overflow/failed_calls_main(f0)__f0()_41001fac2be7bbdb.json,41001fac2be7bbdb,tilelang,shared_memory_overflow,非有效目标编译器bug,请求动态shared memory超过sm_89每block 99328字节限制；生成/资源预算不足,2,float16,"(1, 8, 16)","(256, 256, 32)",36b23e3abdcb5e4b3ae1ae13d55086dbbded991f1a76373b0de689468684dec4
results/2026.09.15-23.03_tilelang_easy-shape_seed=42/failed/shared_memory_overflow/failed_calls_main(f0)__f0()_476a8da53ac4ddf2.json,476a8da53ac4ddf2,tilelang,shared_memory_overflow,非有效目标编译器bug,请求动态shared memory超过sm_89每block 99328字节限制；生成/资源预算不足,2,float32,"(8192, 512, 64)","(256, 256, 8)",a627ddac0e82c8a3aa47169200ea10984b8a609af9b7956259011c0edca188c9
results/2026.09.15-23.03_tilelang_easy-shape_seed=42/failed/shared_memory_overflow/failed_calls_main(f0)__f0()_4c5c8df915c5838a.json,4c5c8df915c5838a,tilelang,shared_memory_overflow,非有效目标编译器bug,请求动态shared memory超过sm_89每block 99328字节限制；生成/资源预算不足,2,float32,"(1, 16, 1024)","(256, 256, 16)",a30aa09a3415ba5fea4841ef431e69030ec22d650b7136e735f70b926176833d
results/2026.09.15-23.03_tilelang_easy-shape_seed=42/failed/shared_memory_overflow/failed_calls_main(f0)__f0()_4cab81a378139840.json,4cab81a378139840,tilelang,shared_memory_overflow,非有效目标编译器bug,请求动态shared memory超过sm_89每block 99328字节限制；生成/资源预算不足,2,float16,"(1024, 128, 16384)","(256, 256, 16)",21c7585a07a764a72c4c88b9a2f595e58c45d12559e8c758425079f2300305bf
results/2026.09.15-23.03_tilelang_easy-shape_seed=42/failed/shared_memory_overflow/failed_calls_main(f0)__f0()_4f33b914409c8ecb.json,4f33b914409c8ecb,tilelang,shared_memory_overflow,非有效目标编译器bug,请求动态shared memory超过sm_89每block 99328字节限制；生成/资源预算不足,2,float16,"(1024, 4096, 1024)","(128, 128, 8)",0e508e61cea29c0ec3d18eca647cc405bd472b6246386e1d329949f7f35a514c
results/2026.09.15-23.03_tilelang_easy-shape_seed=42/failed/shared_memory_overflow/failed_calls_main(f0)__f0()_5210d96c85d4d69a.json,5210d96c85d4d69a,tilelang,shared_memory_overflow,非有效目标编译器bug,请求动态shared memory超过sm_89每block 99328字节限制；生成/资源预算不足,2,float32,"(2048, 4, 16384)","(256, 256, 16)",b72c0e419067f703e548560e9fbb726eb6ea44f121b578657ce420df0dc4040f
results/2026.09.15-23.03_tilelang_easy-shape_seed=42/failed/shared_memory_overflow/failed_calls_main(f0)__f0()_535263f61f92a6ed.json,535263f61f92a6ed,tilelang,shared_memory_overflow,非有效目标编译器bug,请求动态shared memory超过sm_89每block 99328字节限制；生成/资源预算不足,2,float16,"(64, 1024, 2)","(256, 256, 32)",be3a6bc879bfb401126cdd203c82775a2d539f777394414e46b28a61e835ecb8
results/2026.09.15-23.03_tilelang_easy-shape_seed=42/failed/shared_memory_overflow/failed_calls_main(f0)__f0()_5526a0a2489c1ced.json,5526a0a2489c1ced,tilelang,shared_memory_overflow,非有效目标编译器bug,请求动态shared memory超过sm_89每block 99328字节限制；生成/资源预算不足,2,float32,"(1, 64, 128)","(256, 256, 16)",9311d637be0d3b71be409ebfab1a9365d8fc4c7b53f670ee5256b78e91b7a88e
results/2026.09.15-23.03_tilelang_easy-shape_seed=42/failed/shared_memory_overflow/failed_calls_main(f0)__f0()_5a2edd4c1673a742.json,5a2edd4c1673a742,tilelang,shared_memory_overflow,非有效目标编译器bug,请求动态shared memory超过sm_89每block 99328字节限制；生成/资源预算不足,2,float32,"(512, 8, 4096)","(256, 256, 16)",7da28dbd801f8e740a55880e192c770f3ba016a88651e9b73d7cf6f457ab2416
results/2026.09.15-23.03_tilelang_easy-shape_seed=42/failed/shared_memory_overflow/failed_calls_main(f0)__f0()_5a4a73a5141d5deb.json,5a4a73a5141d5deb,tilelang,shared_memory_overflow,非有效目标编译器bug,请求动态shared memory超过sm_89每block 99328字节限制；生成/资源预算不足,2,float32,"(1024, 256, 1024)","(256, 256, 16)",7e2a91aeaf13555ba156aede9b7a59db7d42e91ad7b45bc6269e8b59cfa103f9
results/2026.09.15-23.03_tilelang_easy-shape_seed=42/failed/shared_memory_overflow/failed_calls_main(f0)__f0()_601ebd83a33bf334.json,601ebd83a33bf334,tilelang,shared_memory_overflow,非有效目标编译器bug,请求动态shared memory超过sm_89每block 99328字节限制；生成/资源预算不足,2,float16,"(32, 1024, 1024)","(256, 256, 16)",42009d06e112470dabef3880bbe8d05f51eca94b5b3dcb2603b5bce0c8c3efdd
results/2026.09.15-23.03_tilelang_easy-shape_seed=42/failed/shared_memory_overflow/failed_calls_main(f0)__f0()_67c9c28290d9506e.json,67c9c28290d9506e,tilelang,shared_memory_overflow,非有效目标编译器bug,请求动态shared memory超过sm_89每block 99328字节限制；生成/资源预算不足,2,float32,"(256, 1024, 16384)","(256, 256, 8)",507f6b98e9bfd1640c0408a9dbe13756195c1295cb64a3cda6f4d6102828882a
results/2026.09.15-23.03_tilelang_easy-shape_seed=42/failed/shared_memory_overflow/failed_calls_main(f0)__f0()_6a27372a4abe5960.json,6a27372a4abe5960,tilelang,shared_memory_overflow,非有效目标编译器bug,请求动态shared memory超过sm_89每block 99328字节限制；生成/资源预算不足,2,float16,"(4096, 2048, 64)","(256, 256, 16)",af0d5aee83a810211abbeb14d0dc5240e489ed40ed34fe07a8e00f83af21a5c1
results/2026.09.15-23.03_tilelang_easy-shape_seed=42/failed/shared_memory_overflow/failed_calls_main(f0)__f0()_6b79a5f355d771f1.json,6b79a5f355d771f1,tilelang,shared_memory_overflow,非有效目标编译器bug,请求动态shared memory超过sm_89每block 99328字节限制；生成/资源预算不足,2,float16,"(16384, 64, 8192)","(128, 128, 16)",8018c34f3951d254e8911c1ba098f1ca824885f107920e8d1870670e84ddbf93
results/2026.09.15-23.03_tilelang_easy-shape_seed=42/failed/shared_memory_overflow/failed_calls_main(f0)__f0()_6c8ad7ec18d4ff9e.json,6c8ad7ec18d4ff9e,tilelang,shared_memory_overflow,非有效目标编译器bug,请求动态shared memory超过sm_89每block 99328字节限制；生成/资源预算不足,2,float16,"(1, 4096, 4096)","(256, 256, 32)",042605f65534c744a28d1b2672f424b00c1e4970cce19b434452844541bb6d9b
results/2026.09.15-23.03_tilelang_easy-shape_seed=42/failed/shared_memory_overflow/failed_calls_main(f0)__f0()_703fcad6027ecb98.json,703fcad6027ecb98,tilelang,shared_memory_overflow,非有效目标编译器bug,请求动态shared memory超过sm_89每block 99328字节限制；生成/资源预算不足,2,float16,"(1, 8192, 4096)","(256, 256, 8)",07a252b262e4aa0ccf88c0b84c92eb9e629fe744208b55cca6c0dbb93ea10e57
results/2026.09.15-23.03_tilelang_easy-shape_seed=42/failed/shared_memory_overflow/failed_calls_main(f0)__f0()_71d3edcac0e37085.json,71d3edcac0e37085,tilelang,shared_memory_overflow,非有效目标编译器bug,请求动态shared memory超过sm_89每block 99328字节限制；生成/资源预算不足,2,float16,"(64, 16384, 16)","(256, 256, 16)",cfd1a9ad594d4aef47968116976757b435c996608027f658e2936b895e63cff0
results/2026.09.15-23.03_tilelang_easy-shape_seed=42/failed/shared_memory_overflow/failed_calls_main(f0)__f0()_7634acc128b8cc83.json,7634acc128b8cc83,tilelang,shared_memory_overflow,非有效目标编译器bug,请求动态shared memory超过sm_89每block 99328字节限制；生成/资源预算不足,2,float16,"(2048, 1, 2048)","(256, 256, 8)",8e0e973c8cbef48af2b5fde9462d07785bcdf031b9a0aca33ccca79a9c6d7742
results/2026.09.15-23.03_tilelang_easy-shape_seed=42/failed/shared_memory_overflow/failed_calls_main(f0)__f0()_76a4aa2fc65a6d24.json,76a4aa2fc65a6d24,tilelang,shared_memory_overflow,非有效目标编译器bug,请求动态shared memory超过sm_89每block 99328字节限制；生成/资源预算不足,2,float16,"(4, 8192, 16384)","(256, 256, 32)",38822d4252b2ca1147289f0761380f1c3a60431d534aa0c539ab6fc93dbf21d0
results/2026.09.15-23.03_tilelang_easy-shape_seed=42/failed/shared_memory_overflow/failed_calls_main(f0)__f0()_7e813054997a1613.json,7e813054997a1613,tilelang,shared_memory_overflow,非有效目标编译器bug,请求动态shared memory超过sm_89每block 99328字节限制；生成/资源预算不足,2,float32,"(2, 256, 1024)","(256, 256, 8)",fa9463a3dbaa896f690c29eb408dfa93e3a34238ca201eaaf17ebcdb8842047f
results/2026.09.15-23.03_tilelang_easy-shape_seed=42/failed/shared_memory_overflow/failed_calls_main(f0)__f0()_7e90621506c735a0.json,7e90621506c735a0,tilelang,shared_memory_overflow,非有效目标编译器bug,请求动态shared memory超过sm_89每block 99328字节限制；生成/资源预算不足,2,float32,"(64, 1, 1)","(256, 256, 8)",2a4c31cb744fb07be6a5fa56db00aeeffd250797068940d56aa9906f975b54f3
results/2026.09.15-23.03_tilelang_easy-shape_seed=42/failed/shared_memory_overflow/failed_calls_main(f0)__f0()_82706ef9b5a3829d.json,82706ef9b5a3829d,tilelang,shared_memory_overflow,非有效目标编译器bug,请求动态shared memory超过sm_89每block 99328字节限制；生成/资源预算不足,2,float16,"(4096, 128, 32)","(256, 256, 16)",e6944795af24a770272861f4a9fe5a86cf9aecdfc6c4bbc6c1b917b1784da1e5
results/2026.09.15-23.03_tilelang_easy-shape_seed=42/failed/shared_memory_overflow/failed_calls_main(f0)__f0()_86101b841956d4c0.json,86101b841956d4c0,tilelang,shared_memory_overflow,非有效目标编译器bug,请求动态shared memory超过sm_89每block 99328字节限制；生成/资源预算不足,2,float16,"(16384, 16, 16384)","(256, 256, 8)",128791833311ad779e3c086fef046380c8227d5d0eff56a4d147f6c7a93f9cc4
results/2026.09.15-23.03_tilelang_easy-shape_seed=42/failed/shared_memory_overflow/failed_calls_main(f0)__f0()_886c948f786043ce.json,886c948f786043ce,tilelang,shared_memory_overflow,非有效目标编译器bug,请求动态shared memory超过sm_89每block 99328字节限制；生成/资源预算不足,2,float16,"(256, 4, 4)","(256, 256, 8)",239eed652a5ededfc3dbc70a9bfac596ac22f8f18fdc92c2e789a1dfb018b926
results/2026.09.15-23.03_tilelang_easy-shape_seed=42/failed/shared_memory_overflow/failed_calls_main(f0)__f0()_8a2eb7372deb2052.json,8a2eb7372deb2052,tilelang,shared_memory_overflow,非有效目标编译器bug,请求动态shared memory超过sm_89每block 99328字节限制；生成/资源预算不足,2,float16,"(2, 8, 16384)","(256, 256, 16)",601ce540d87fd5e2a5632e6879ae66969f749a7b084066a6f20e5e5498a5a56b
results/2026.09.15-23.03_tilelang_easy-shape_seed=42/failed/shared_memory_overflow/failed_calls_main(f0)__f0()_90462638b7714f09.json,90462638b7714f09,tilelang,shared_memory_overflow,非有效目标编译器bug,请求动态shared memory超过sm_89每block 99328字节限制；生成/资源预算不足,2,float16,"(64, 64, 2)","(256, 256, 32)",efb77e143f4a40548c0a53d9e5eb55e186d105f42b511f9b0cb20deda5df41b6
results/2026.09.15-23.03_tilelang_easy-shape_seed=42/failed/shared_memory_overflow/failed_calls_main(f0)__f0()_91664b193095bea5.json,91664b193095bea5,tilelang,shared_memory_overflow,非有效目标编译器bug,请求动态shared memory超过sm_89每block 99328字节限制；生成/资源预算不足,2,float32,"(16, 4, 4096)","(256, 256, 8)",3d71ce6e18392432f0bc0cb180ae3486b19fa04e9949c957db833b1b96ab9db9
results/2026.09.15-23.03_tilelang_easy-shape_seed=42/failed/shared_memory_overflow/failed_calls_main(f0)__f0()_93e94600a9340dee.json,93e94600a9340dee,tilelang,shared_memory_overflow,非有效目标编译器bug,请求动态shared memory超过sm_89每block 99328字节限制；生成/资源预算不足,2,float16,"(2, 4, 512)","(256, 256, 8)",fcedd091ea41727ef8642c6d659b2bb9218ed477cc122b892e9f5db1c35b51c3
results/2026.09.15-23.03_tilelang_easy-shape_seed=42/failed/shared_memory_overflow/failed_calls_main(f0)__f0()_95a03464eadfb536.json,95a03464eadfb536,tilelang,shared_memory_overflow,非有效目标编译器bug,请求动态shared memory超过sm_89每block 99328字节限制；生成/资源预算不足,2,float32,"(16, 16384, 512)","(256, 256, 16)",e7fa272079deeec71b4abf02e7071eb95b2ae01e0d740b93782fdf1d081f3355
results/2026.09.15-23.03_tilelang_easy-shape_seed=42/failed/shared_memory_overflow/failed_calls_main(f0)__f0()_9f19074a1fa6800e.json,9f19074a1fa6800e,tilelang,shared_memory_overflow,非有效目标编译器bug,请求动态shared memory超过sm_89每block 99328字节限制；生成/资源预算不足,2,float16,"(2, 2, 8)","(256, 256, 32)",31ff82eeb3ff67aab66afac1c9a6694e8968508b2f1b9f4fc4f5d6bbc2e82ebd
results/2026.09.15-23.03_tilelang_easy-shape_seed=42/failed/shared_memory_overflow/failed_calls_main(f0)__f0()_afceeabfecd74981.json,afceeabfecd74981,tilelang,shared_memory_overflow,非有效目标编译器bug,请求动态shared memory超过sm_89每block 99328字节限制；生成/资源预算不足,2,float16,"(1, 32, 8)","(256, 256, 32)",40016a8bef710dea76095664c5b9664d211b230bc8b4aa761aca966f54f837e2
results/2026.09.15-23.03_tilelang_easy-shape_seed=42/failed/shared_memory_overflow/failed_calls_main(f0)__f0()_b357c2aeb86298c6.json,b357c2aeb86298c6,tilelang,shared_memory_overflow,非有效目标编译器bug,请求动态shared memory超过sm_89每block 99328字节限制；生成/资源预算不足,2,float32,"(256, 32, 16384)","(256, 256, 16)",06523ab25149b58b0531ac570413cec9ee90a902bea64706ef36a43f9e735aa2
results/2026.09.15-23.03_tilelang_easy-shape_seed=42/failed/shared_memory_overflow/failed_calls_main(f0)__f0()_c15d511338470581.json,c15d511338470581,tilelang,shared_memory_overflow,非有效目标编译器bug,请求动态shared memory超过sm_89每block 99328字节限制；生成/资源预算不足,2,float16,"(2048, 2048, 64)","(256, 256, 8)",2e5b49d173fe08b9af4365866dad280fc399f6518d3e03272b39d53127c58bfa
results/2026.09.15-23.03_tilelang_easy-shape_seed=42/failed/shared_memory_overflow/failed_calls_main(f0)__f0()_c3f2b0a6653ee70a.json,c3f2b0a6653ee70a,tilelang,shared_memory_overflow,非有效目标编译器bug,请求动态shared memory超过sm_89每block 99328字节限制；生成/资源预算不足,2,float32,"(16384, 4096, 256)","(256, 256, 8)",33403a6bc7ae25c42c179b7b9c057141df3177f66063a1bf84af49a389a41927
results/2026.09.15-23.03_tilelang_easy-shape_seed=42/failed/shared_memory_overflow/failed_calls_main(f0)__f0()_c560191afd80866c.json,c560191afd80866c,tilelang,shared_memory_overflow,非有效目标编译器bug,请求动态shared memory超过sm_89每block 99328字节限制；生成/资源预算不足,2,float16,"(2, 64, 32)","(256, 256, 8)",5f9b493dc4fee6ec89dde66208a97b85924484eac120e4da934a6a41e979dfec
results/2026.09.15-23.03_tilelang_easy-shape_seed=42/failed/shared_memory_overflow/failed_calls_main(f0)__f0()_c7b744f1c3f17fb7.json,c7b744f1c3f17fb7,tilelang,shared_memory_overflow,非有效目标编译器bug,请求动态shared memory超过sm_89每block 99328字节限制；生成/资源预算不足,2,float32,"(4096, 1024, 32)","(128, 128, 32)",a3c5b2f2aca02cbbd697748b310bb3fe894a59ad49f11f71254ed215bd16531b
results/2026.09.15-23.03_tilelang_easy-shape_seed=42/failed/shared_memory_overflow/failed_calls_main(f0)__f0()_c7ca716f0f0dca42.json,c7ca716f0f0dca42,tilelang,shared_memory_overflow,非有效目标编译器bug,请求动态shared memory超过sm_89每block 99328字节限制；生成/资源预算不足,2,float32,"(2048, 256, 8192)","(128, 128, 16)",2be77fec88b1186d8f30f19cc1e756a47668f67c5f54a945c5d43ef650ce1692
results/2026.09.15-23.03_tilelang_easy-shape_seed=42/failed/shared_memory_overflow/failed_calls_main(f0)__f0()_cc263188ff5b0b91.json,cc263188ff5b0b91,tilelang,shared_memory_overflow,非有效目标编译器bug,请求动态shared memory超过sm_89每block 99328字节限制；生成/资源预算不足,2,float16,"(256, 256, 16384)","(128, 128, 8)",91ad7f3362fd92f54661fa2da2b68142b67a01b32a87fc1db1938b3641ce11b0
results/2026.09.15-23.03_tilelang_easy-shape_seed=42/failed/shared_memory_overflow/failed_calls_main(f0)__f0()_d0e2d0d477b0c362.json,d0e2d0d477b0c362,tilelang,shared_memory_overflow,非有效目标编译器bug,请求动态shared memory超过sm_89每block 99328字节限制；生成/资源预算不足,2,float16,"(2048, 2048, 512)","(256, 256, 8)",2d85e2ee27e6d0e7ce44898f62ec709e71e1c9e7ec581608cf74bcc6d467ed46
results/2026.09.15-23.03_tilelang_easy-shape_seed=42/failed/shared_memory_overflow/failed_calls_main(f0)__f0()_d1df81ef8a634922.json,d1df81ef8a634922,tilelang,shared_memory_overflow,非有效目标编译器bug,请求动态shared memory超过sm_89每block 99328字节限制；生成/资源预算不足,2,float32,"(4096, 1024, 32)","(256, 256, 8)",ecb3a7ecbb420d82a60b189e8cacaf96a6deacb17d505a4f46cd1c5a957e72fa
results/2026.09.15-23.03_tilelang_easy-shape_seed=42/failed/shared_memory_overflow/failed_calls_main(f0)__f0()_d2c94ed6abc00bc0.json,d2c94ed6abc00bc0,tilelang,shared_memory_overflow,非有效目标编译器bug,请求动态shared memory超过sm_89每block 99328字节限制；生成/资源预算不足,2,float16,"(1024, 2, 1024)","(256, 256, 8)",831d72160b11a2a420a6d78cdc167fdcccf1ac6feff0fa3da3dd049453e2717b
results/2026.09.15-23.03_tilelang_easy-shape_seed=42/failed/shared_memory_overflow/failed_calls_main(f0)__f0()_d6fd4fef1a2750db.json,d6fd4fef1a2750db,tilelang,shared_memory_overflow,非有效目标编译器bug,请求动态shared memory超过sm_89每block 99328字节限制；生成/资源预算不足,2,float16,"(8192, 8192, 8192)","(256, 256, 32)",0f3af7eb5bdde86ad21038c95a36dc2c3c11eb8e9ec374e5644c9a9ec2705b4c
results/2026.09.15-23.03_tilelang_easy-shape_seed=42/failed/shared_memory_overflow/failed_calls_main(f0)__f0()_d98a36c46d76d063.json,d98a36c46d76d063,tilelang,shared_memory_overflow,非有效目标编译器bug,请求动态shared memory超过sm_89每block 99328字节限制；生成/资源预算不足,2,float32,"(256, 8192, 128)","(128, 128, 16)",1d92c88eeaac9c6268c62cd0414ee35ad649b6e084ab38484fa85836e33e0dd6
results/2026.09.15-23.03_tilelang_easy-shape_seed=42/failed/shared_memory_overflow/failed_calls_main(f0)__f0()_d9c9535257f15b9f.json,d9c9535257f15b9f,tilelang,shared_memory_overflow,非有效目标编译器bug,请求动态shared memory超过sm_89每block 99328字节限制；生成/资源预算不足,2,float16,"(32, 256, 4096)","(256, 256, 8)",acc55e77e513a201fa3501e58fc1912a726c650acf36ff8ee5ffaf50e7058617
results/2026.09.15-23.03_tilelang_easy-shape_seed=42/failed/shared_memory_overflow/failed_calls_main(f0)__f0()_db0c717b12893831.json,db0c717b12893831,tilelang,shared_memory_overflow,非有效目标编译器bug,请求动态shared memory超过sm_89每block 99328字节限制；生成/资源预算不足,2,float16,"(2048, 256, 512)","(256, 256, 8)",4e9b495bbe219c98588a5518f77e143238435fa8e914f93459f695dba0e5ed3a
results/2026.09.15-23.03_tilelang_easy-shape_seed=42/failed/shared_memory_overflow/failed_calls_main(f0)__f0()_db73119276ab904f.json,db73119276ab904f,tilelang,shared_memory_overflow,非有效目标编译器bug,请求动态shared memory超过sm_89每block 99328字节限制；生成/资源预算不足,2,float16,"(1, 16, 4)","(256, 256, 16)",e469e7eedefeb55d988df74538883172800fabecb2e100da9f4bf6dd2f65bb5a
results/2026.09.15-23.03_tilelang_easy-shape_seed=42/failed/shared_memory_overflow/failed_calls_main(f0)__f0()_dd98da2bc138c864.json,dd98da2bc138c864,tilelang,shared_memory_overflow,非有效目标编译器bug,请求动态shared memory超过sm_89每block 99328字节限制；生成/资源预算不足,2,float16,"(16, 32, 2)","(256, 256, 8)",bf0a01f3d01245386115060f01b3be2d7df9bc29a73ef7e47698400cc38503c7
results/2026.09.15-23.03_tilelang_easy-shape_seed=42/failed/shared_memory_overflow/failed_calls_main(f0)__f0()_e09a6a89710972a5.json,e09a6a89710972a5,tilelang,shared_memory_overflow,非有效目标编译器bug,请求动态shared memory超过sm_89每block 99328字节限制；生成/资源预算不足,2,float16,"(256, 128, 512)","(256, 256, 8)",4c743a890c7f08748cc9fb34abd29a4243094ca95a2f24b67fd797e9a4430436
results/2026.09.15-23.03_tilelang_easy-shape_seed=42/failed/shared_memory_overflow/failed_calls_main(f0)__f0()_e5674bf65c18b80b.json,e5674bf65c18b80b,tilelang,shared_memory_overflow,非有效目标编译器bug,请求动态shared memory超过sm_89每block 99328字节限制；生成/资源预算不足,2,float32,"(8, 512, 2)","(256, 256, 16)",7ee1db740f7f68c173c4f9d9e48e0383613017e458aa72a981398b25f779f787
results/2026.09.15-23.03_tilelang_easy-shape_seed=42/failed/shared_memory_overflow/failed_calls_main(f0)__f0()_e7de21707ac33e0f.json,e7de21707ac33e0f,tilelang,shared_memory_overflow,非有效目标编译器bug,请求动态shared memory超过sm_89每block 99328字节限制；生成/资源预算不足,2,float16,"(1024, 256, 32)","(256, 256, 16)",41523650892dbed64844bf8083ba943f987dcff0499f82d9cbf960025d5ff0e8
results/2026.09.15-23.03_tilelang_easy-shape_seed=42/failed/shared_memory_overflow/failed_calls_main(f0)__f0()_e9f838fefc4e0c40.json,e9f838fefc4e0c40,tilelang,shared_memory_overflow,非有效目标编译器bug,请求动态shared memory超过sm_89每block 99328字节限制；生成/资源预算不足,2,float16,"(16384, 128, 2)","(256, 256, 16)",5b14a049782cf1df6674449f0558546102b46161a891045e2ec5c65c2b8d0c50
results/2026.09.15-23.03_tilelang_easy-shape_seed=42/failed/shared_memory_overflow/failed_calls_main(f0)__f0()_ed4dc39767f9affc.json,ed4dc39767f9affc,tilelang,shared_memory_overflow,非有效目标编译器bug,请求动态shared memory超过sm_89每block 99328字节限制；生成/资源预算不足,2,float32,"(2048, 1, 32)","(256, 256, 8)",42812a029d70eed636fc685518e36aca6fb550624fc13a351d110f1a1a53f7e5
results/2026.09.15-23.03_tilelang_easy-shape_seed=42/failed/shared_memory_overflow/failed_calls_main(f0)__f0()_ee23e5c6ccbfa2bc.json,ee23e5c6ccbfa2bc,tilelang,shared_memory_overflow,非有效目标编译器bug,请求动态shared memory超过sm_89每block 99328字节限制；生成/资源预算不足,2,float16,"(64, 64, 64)","(256, 256, 8)",a1e0552bda06c5a6386cc0c415ca6fea26c6759e42cb8de9ecdb9c147eeb21b9
results/2026.09.15-23.03_tilelang_easy-shape_seed=42/failed/shared_memory_overflow/failed_calls_main(f0)__f0()_f15e1da4884b1fb3.json,f15e1da4884b1fb3,tilelang,shared_memory_overflow,非有效目标编译器bug,请求动态shared memory超过sm_89每block 99328字节限制；生成/资源预算不足,2,float32,"(8192, 128, 8)","(256, 256, 16)",741a193d2ab74052c2a2793ddcebcad2ee6887230e6a0ce5f575d4a8b8921b60
results/2026.09.15-23.03_tilelang_easy-shape_seed=42/failed/shared_memory_overflow/failed_calls_main(f0)__f0()_f27d7cb4c9498d86.json,f27d7cb4c9498d86,tilelang,shared_memory_overflow,非有效目标编译器bug,请求动态shared memory超过sm_89每block 99328字节限制；生成/资源预算不足,2,float32,"(16384, 2, 4)","(256, 256, 16)",357c6bad8ea619b99c6da1d9c6e60abc493cd55608804e837cf84eeb98cf1a5e
results/2026.09.15-23.03_tilelang_easy-shape_seed=42/failed/shared_memory_overflow/failed_calls_main(f0)__f0()_f3d20c0af63a75bf.json,f3d20c0af63a75bf,tilelang,shared_memory_overflow,非有效目标编译器bug,请求动态shared memory超过sm_89每block 99328字节限制；生成/资源预算不足,2,float16,"(16384, 8, 128)","(256, 256, 32)",01086a938a543ad2d0cb3891801f8721354b7fb74db9ea9c9df8538cd062fae5
results/2026.09.15-23.03_tilelang_easy-shape_seed=42/failed/shared_memory_overflow/failed_calls_main(f0)__f0()_f95a174cec61a24f.json,f95a174cec61a24f,tilelang,shared_memory_overflow,非有效目标编译器bug,请求动态shared memory超过sm_89每block 99328字节限制；生成/资源预算不足,2,float16,"(16, 16, 16)","(256, 256, 8)",5ce383b44db6be7b72b22e712c22b614433bc0d12115543182cf0ce39018bf1f
results/2026.09.15-23.03_tilelang_easy-shape_seed=42/failed/shared_memory_overflow/failed_calls_main(f0)__f0()_fc9bcd9d7be3e5b5.json,fc9bcd9d7be3e5b5,tilelang,shared_memory_overflow,非有效目标编译器bug,请求动态shared memory超过sm_89每block 99328字节限制；生成/资源预算不足,2,float16,"(2048, 256, 2)","(256, 256, 32)",4399864bad84beea6dcc9f0272e3440ddf2adc7c5a8398ed01d588109552f091
results/2026.09.15-23.03_tilelang_easy-shape_seed=42/failed/shared_memory_overflow/failed_calls_main(f0+f0)__f0()_01f835f7f7c97088.json,01f835f7f7c97088,tilelang,shared_memory_overflow,非有效目标编译器bug,请求动态shared memory超过sm_89每block 99328字节限制；生成/资源预算不足,2,float16,"(512, 8, 512)","(256, 256, 32)",25da0f73110e2ec5b16993a6e7414c78ec1b376dae84b11641878a3d3271c622
results/2026.09.15-23.03_tilelang_easy-shape_seed=42/failed/shared_memory_overflow/failed_calls_main(f0+f0)__f0()_0710c166e0774eba.json,0710c166e0774eba,tilelang,shared_memory_overflow,非有效目标编译器bug,请求动态shared memory超过sm_89每block 99328字节限制；生成/资源预算不足,2,float16,"(8192, 4096, 64)","(256, 256, 16)",2b5bb037723a1b2366b259e7062152c9503aa40d0a789a89cff2ce14e4c3045e
results/2026.09.15-23.03_tilelang_easy-shape_seed=42/failed/shared_memory_overflow/failed_calls_main(f0+f0)__f0()_137706ffe9e269b2.json,137706ffe9e269b2,tilelang,shared_memory_overflow,非有效目标编译器bug,请求动态shared memory超过sm_89每block 99328字节限制；生成/资源预算不足,2,float16,"(8192, 128, 8192)","(256, 256, 32)",4e7d9b16ffece79d074aa6379345d5bf3b39efc1af7910d5359756419d8ee07e
results/2026.09.15-23.03_tilelang_easy-shape_seed=42/failed/shared_memory_overflow/failed_calls_main(f0+f0)__f0()_288617c23e89ade5.json,288617c23e89ade5,tilelang,shared_memory_overflow,非有效目标编译器bug,请求动态shared memory超过sm_89每block 99328字节限制；生成/资源预算不足,2,float32,"(8, 8, 2)","(128, 128, 32)",2e0fa2d2cd16dba028004c783cdc3f65073c6c6c5f5ffc20e1dbb31d336ba398
results/2026.09.15-23.03_tilelang_easy-shape_seed=42/failed/shared_memory_overflow/failed_calls_main(f0+f0)__f0()_305a5b04c9d9032a.json,305a5b04c9d9032a,tilelang,shared_memory_overflow,非有效目标编译器bug,请求动态shared memory超过sm_89每block 99328字节限制；生成/资源预算不足,2,float16,"(32, 8192, 512)","(256, 256, 16)",fa1154e578d7931f8345fd742fbbf55e0993c0411867075946d6565d79767ae2
results/2026.09.15-23.03_tilelang_easy-shape_seed=42/failed/shared_memory_overflow/failed_calls_main(f0+f0)__f0()_37fe0b008741b17f.json,37fe0b008741b17f,tilelang,shared_memory_overflow,非有效目标编译器bug,请求动态shared memory超过sm_89每block 99328字节限制；生成/资源预算不足,2,float32,"(8, 32, 8)","(128, 128, 32)",0bdc968be05c9b0a1b49f315ad2463c986ee4e5c543b6838d2430ac51de40c61
results/2026.09.15-23.03_tilelang_easy-shape_seed=42/failed/shared_memory_overflow/failed_calls_main(f0+f0)__f0()_3801247c5f688fc5.json,3801247c5f688fc5,tilelang,shared_memory_overflow,非有效目标编译器bug,请求动态shared memory超过sm_89每block 99328字节限制；生成/资源预算不足,2,float16,"(8192, 64, 2048)","(256, 256, 32)",f3f28535f87209d5467c068543cdf3ca9c47ca893de294b54b8d94b74180ee09
results/2026.09.15-23.03_tilelang_easy-shape_seed=42/failed/shared_memory_overflow/failed_calls_main(f0+f0)__f0()_38f5789cacd8ac61.json,38f5789cacd8ac61,tilelang,shared_memory_overflow,非有效目标编译器bug,请求动态shared memory超过sm_89每block 99328字节限制；生成/资源预算不足,2,float16,"(512, 2, 32)","(256, 256, 16)",ab74dfa41c8d753880378dd65fbca132517a568f2c14c62f1fe39979b33623ea
results/2026.09.15-23.03_tilelang_easy-shape_seed=42/failed/shared_memory_overflow/failed_calls_main(f0+f0)__f0()_3d8fb882f4b0f582.json,3d8fb882f4b0f582,tilelang,shared_memory_overflow,非有效目标编译器bug,请求动态shared memory超过sm_89每block 99328字节限制；生成/资源预算不足,2,float32,"(1, 8, 8)","(128, 128, 32)",d4c0711ef0c9e9c2dc8081ae9b4ba81ceac761fdc450906dd3d5288609317cb8
results/2026.09.15-23.03_tilelang_easy-shape_seed=42/failed/shared_memory_overflow/failed_calls_main(f0+f0)__f0()_4e575d261c130e51.json,4e575d261c130e51,tilelang,shared_memory_overflow,非有效目标编译器bug,请求动态shared memory超过sm_89每block 99328字节限制；生成/资源预算不足,2,float16,"(128, 2048, 128)","(256, 256, 8)",4d7eb8a078f254ac7cd907766e3638109f6e50c091e36651dfeff6aad133ba67
results/2026.09.15-23.03_tilelang_easy-shape_seed=42/failed/shared_memory_overflow/failed_calls_main(f0+f0)__f0()_5e91bd68ee141e64.json,5e91bd68ee141e64,tilelang,shared_memory_overflow,非有效目标编译器bug,请求动态shared memory超过sm_89每block 99328字节限制；生成/资源预算不足,2,float16,"(4, 4, 16)","(256, 256, 16)",b6057b6cc23e4296de9b8262149d3e9e5d5db8e28d9ec7ef6b49c574d5861187
results/2026.09.15-23.03_tilelang_easy-shape_seed=42/failed/shared_memory_overflow/failed_calls_main(f0+f0)__f0()_6470638a8714509c.json,6470638a8714509c,tilelang,shared_memory_overflow,非有效目标编译器bug,请求动态shared memory超过sm_89每block 99328字节限制；生成/资源预算不足,2,float16,"(2, 2, 2048)","(256, 256, 8)",6874298b942040713de10edbbc7cc0dfb6b0ea067494c9b3d6805cdfcb77a1a0
results/2026.09.15-23.03_tilelang_easy-shape_seed=42/failed/shared_memory_overflow/failed_calls_main(f0+f0)__f0()_66b8e4bf5a4f639d.json,66b8e4bf5a4f639d,tilelang,shared_memory_overflow,非有效目标编译器bug,请求动态shared memory超过sm_89每block 99328字节限制；生成/资源预算不足,2,float16,"(512, 4096, 128)","(128, 128, 32)",9e689cb4386e2a037146787edb22a191631221fc28d4904c39cc0a31e543e501
results/2026.09.15-23.03_tilelang_easy-shape_seed=42/failed/shared_memory_overflow/failed_calls_main(f0+f0)__f0()_6c483040f33a1008.json,6c483040f33a1008,tilelang,shared_memory_overflow,非有效目标编译器bug,请求动态shared memory超过sm_89每block 99328字节限制；生成/资源预算不足,2,float32,"(512, 512, 512)","(256, 256, 8)",5593aa4152c96042479f8f43bc3c62743dd59b9f5576bfbf9c5a7ab563b411d4
results/2026.09.15-23.03_tilelang_easy-shape_seed=42/failed/shared_memory_overflow/failed_calls_main(f0+f0)__f0()_6c60a489012dcbef.json,6c60a489012dcbef,tilelang,shared_memory_overflow,非有效目标编译器bug,请求动态shared memory超过sm_89每block 99328字节限制；生成/资源预算不足,2,float32,"(4096, 64, 4)","(128, 128, 16)",7d71a72fa9bf482acd9c015e4cbca7d74cd3a7d19f8871904443e42e925dd212
results/2026.09.15-23.03_tilelang_easy-shape_seed=42/failed/shared_memory_overflow/failed_calls_main(f0+f0)__f0()_77c833f34f2b92f3.json,77c833f34f2b92f3,tilelang,shared_memory_overflow,非有效目标编译器bug,请求动态shared memory超过sm_89每block 99328字节限制；生成/资源预算不足,2,float16,"(2048, 8192, 2)","(256, 256, 16)",04a9b253503211b08acd01bba6d401991b4abd2053bbf5798c66cba45019ac1a
results/2026.09.15-23.03_tilelang_easy-shape_seed=42/failed/shared_memory_overflow/failed_calls_main(f0+f0)__f0()_7cb638cd4e77a1e2.json,7cb638cd4e77a1e2,tilelang,shared_memory_overflow,非有效目标编译器bug,请求动态shared memory超过sm_89每block 99328字节限制；生成/资源预算不足,2,float32,"(4096, 4096, 512)","(256, 256, 8)",947646259b732a9930ad63830f5129bdc65691c4752c37c9d18f8769dc2eebb8
results/2026.09.15-23.03_tilelang_easy-shape_seed=42/failed/shared_memory_overflow/failed_calls_main(f0+f0)__f0()_8ca4449f5a3a2799.json,8ca4449f5a3a2799,tilelang,shared_memory_overflow,非有效目标编译器bug,请求动态shared memory超过sm_89每block 99328字节限制；生成/资源预算不足,2,float32,"(2, 512, 8)","(256, 256, 16)",3464fd4c077724e478f906982e340d89413443d69306a1bbf7d0d6bdf533724a
results/2026.09.15-23.03_tilelang_easy-shape_seed=42/failed/shared_memory_overflow/failed_calls_main(f0+f0)__f0()_a89085ac1605d664.json,a89085ac1605d664,tilelang,shared_memory_overflow,非有效目标编译器bug,请求动态shared memory超过sm_89每block 99328字节限制；生成/资源预算不足,2,float16,"(2, 16, 8)","(256, 256, 32)",c2cdc8a5aaa46bc7ef3c0577e6ca52222dd213a742b4cafbc5aed660df91b449
results/2026.09.15-23.03_tilelang_easy-shape_seed=42/failed/shared_memory_overflow/failed_calls_main(f0+f0)__f0()_b2ba821ebf06c3c0.json,b2ba821ebf06c3c0,tilelang,shared_memory_overflow,非有效目标编译器bug,请求动态shared memory超过sm_89每block 99328字节限制；生成/资源预算不足,2,float16,"(4, 512, 4)","(256, 256, 32)",35c46a6b29e25962072f8b10635081a757c8a3599eb569843bd760a8b963d580
results/2026.09.15-23.03_tilelang_easy-shape_seed=42/failed/shared_memory_overflow/failed_calls_main(f0+f0)__f0()_ba7a3f0ea24803ad.json,ba7a3f0ea24803ad,tilelang,shared_memory_overflow,非有效目标编译器bug,请求动态shared memory超过sm_89每block 99328字节限制；生成/资源预算不足,2,float16,"(1, 2, 1024)","(128, 128, 64)",c8200714cce09e1247faafafc3fef8dc0c295554699f890b7b32144eeeac0206
results/2026.09.15-23.03_tilelang_easy-shape_seed=42/failed/shared_memory_overflow/failed_calls_main(f0+f0)__f0()_ca8608ee122bdb65.json,ca8608ee122bdb65,tilelang,shared_memory_overflow,非有效目标编译器bug,请求动态shared memory超过sm_89每block 99328字节限制；生成/资源预算不足,2,float32,"(2, 16384, 8192)","(256, 256, 8)",1cbaf19d7f3bbca30fbe2e3b9f467451e87fda9bcee87491f0a23ff3704c333c
results/2026.09.15-23.03_tilelang_easy-shape_seed=42/failed/shared_memory_overflow/failed_calls_main(f0+f0)__f0()_dca29fb593a2103b.json,dca29fb593a2103b,tilelang,shared_memory_overflow,非有效目标编译器bug,请求动态shared memory超过sm_89每block 99328字节限制；生成/资源预算不足,2,float16,"(16384, 8192, 8)","(256, 256, 16)",10e61b70deddd8bc89d5bbbae2100e557edc3f0f682f74dd99844e4aa7d98d59
results/2026.09.15-23.03_tilelang_easy-shape_seed=42/failed/shared_memory_overflow/failed_calls_main(f0+f0)__f0()_ec26740ad3bd5974.json,ec26740ad3bd5974,tilelang,shared_memory_overflow,非有效目标编译器bug,请求动态shared memory超过sm_89每block 99328字节限制；生成/资源预算不足,2,float32,"(32, 64, 4096)","(256, 256, 16)",852bf99c24c024044ddfe95f1c116bde06ad83f584c29eb61a353b017700b738
results/2026.09.15-23.03_tilelang_easy-shape_seed=42/failed/shared_memory_overflow/failed_calls_main(f0+f0)__f0()_f0e72c911d03e29b.json,f0e72c911d03e29b,tilelang,shared_memory_overflow,非有效目标编译器bug,请求动态shared memory超过sm_89每block 99328字节限制；生成/资源预算不足,2,float16,"(16384, 32, 4)","(128, 128, 16)",359003e868027cf543c035b0d0f954c7c72057de34f03b2e2908498cd20b78bb
results/2026.09.15-23.03_tilelang_easy-shape_seed=42/failed/shared_memory_overflow/failed_calls_main(f0+f0)__f0()_fca9548f7cbfdc55.json,fca9548f7cbfdc55,tilelang,shared_memory_overflow,非有效目标编译器bug,请求动态shared memory超过sm_89每block 99328字节限制；生成/资源预算不足,2,float16,"(16384, 4096, 8192)","(256, 256, 16)",38b48cd350e80acdbf560b7137ab8e5cd9b68109b01274b1d774b0759e7ebed0
results/2026.09.15-23.03_tilelang_easy-shape_seed=42/failed/shared_memory_overflow/failed_calls_main(f0+f0+f0)__f0()_0404d589cf51ec70.json,0404d589cf51ec70,tilelang,shared_memory_overflow,非有效目标编译器bug,请求动态shared memory超过sm_89每block 99328字节限制；生成/资源预算不足,2,float16,"(4, 512, 1024)","(128, 128, 32)",6244df616ec6e82fbf7be60b69c91990626918c4cf88ef37b54bc67cc9685eec
results/2026.09.15-23.03_tilelang_easy-shape_seed=42/failed/shared_memory_overflow/failed_calls_main(f0+f0+f0)__f0()_c74d7266321088fd.json,c74d7266321088fd,tilelang,shared_memory_overflow,非有效目标编译器bug,请求动态shared memory超过sm_89每block 99328字节限制；生成/资源预算不足,2,float16,"(16384, 256, 4)","(128, 128, 8)",d6114046610f9821dae21faa485d0df50a679e4c39feb268112db7a1528e3667
results/2026.09.15-23.03_tilelang_easy-shape_seed=42/failed/shared_memory_overflow/failed_calls_main(f0+f0+f0)__f0()_e0d9ae08b7356bc8.json,e0d9ae08b7356bc8,tilelang,shared_memory_overflow,非有效目标编译器bug,请求动态shared memory超过sm_89每block 99328字节限制；生成/资源预算不足,2,float32,"(128, 16384, 32)","(256, 256, 8)",fefb9b5a84ce6ce6a1437970e398d3e59a65ea5a98d957b53e15a31a00089a66
results/2026.09.15-23.03_tilelang_easy-shape_seed=42/failed/shared_memory_overflow/failed_calls_main(f0+f0+f0+f0)__f0()_b5746e88e8919ef9.json,b5746e88e8919ef9,tilelang,shared_memory_overflow,非有效目标编译器bug,请求动态shared memory超过sm_89每block 99328字节限制；生成/资源预算不足,2,float16,"(1024, 16384, 256)","(256, 256, 32)",c3b41003739afaf21cf160d7661a3ed82dca9e59ba4ea36808e8557982cca19e
results/2026.09.15-23.03_tilelang_easy-shape_seed=42/failed/shared_memory_overflow/failed_calls_main(f0+f1)__f0()__f1(f0)_1eb5e7748ab75e7b.json,1eb5e7748ab75e7b,tilelang,shared_memory_overflow,非有效目标编译器bug,请求动态shared memory超过sm_89每block 99328字节限制；生成/资源预算不足,2,float32,"(1, 2, 512)","(256, 256, 16)",e912c482f9b5c13f73aafbf99c1e9a69e5ff4ca9f8ebef2e20b6337d202fabbb
results/2026.09.15-23.03_tilelang_easy-shape_seed=42/failed/shared_memory_overflow/failed_calls_main(f0+f1)__f0()__f1(f0)_4a89b190087205a5.json,4a89b190087205a5,tilelang,shared_memory_overflow,非有效目标编译器bug,请求动态shared memory超过sm_89每block 99328字节限制；生成/资源预算不足,2,float16,"(16384, 4096, 8)","(256, 256, 8)",460ce72592b9084d8310b9f91847df177c57b9529cd9e6019f31810ff057e26a
results/2026.09.15-23.03_tilelang_easy-shape_seed=42/failed/shared_memory_overflow/failed_calls_main(f0+f1)__f0()__f1(f0)_5433d3eec705913d.json,5433d3eec705913d,tilelang,shared_memory_overflow,非有效目标编译器bug,请求动态shared memory超过sm_89每block 99328字节限制；生成/资源预算不足,2,float16,"(1, 8192, 1)","(256, 256, 32)",3c1eb7deae6e64895e821a85a7a06aad4b037bd917dbba3b479dffda96ac16e9
results/2026.09.15-23.03_tilelang_easy-shape_seed=42/failed/shared_memory_overflow/failed_calls_main(f0+f1)__f0()__f1(f0)_8715df3f7574bac8.json,8715df3f7574bac8,tilelang,shared_memory_overflow,非有效目标编译器bug,请求动态shared memory超过sm_89每block 99328字节限制；生成/资源预算不足,2,float32,"(128, 4096, 4096)","(256, 256, 16)",a330f448deed0f5715eb3431fc32b64f62dacefb42b713598a8ca6f2cdaf541e
results/2026.09.15-23.03_tilelang_easy-shape_seed=42/failed/shared_memory_overflow/failed_calls_main(f0+f1)__f0()__f1(f0)_8aa533f007f0855e.json,8aa533f007f0855e,tilelang,shared_memory_overflow,非有效目标编译器bug,请求动态shared memory超过sm_89每block 99328字节限制；生成/资源预算不足,2,float16,"(4, 1, 16384)","(256, 256, 32)",53f79530089791a7e2984a3f590d5e07c6f0aceb0b0e0086d5382d19db448edd
results/2026.09.15-23.03_tilelang_easy-shape_seed=42/failed/shared_memory_overflow/failed_calls_main(f0+f1)__f0()__f1(f0)_97d0d68fa8ed4bbd.json,97d0d68fa8ed4bbd,tilelang,shared_memory_overflow,非有效目标编译器bug,请求动态shared memory超过sm_89每block 99328字节限制；生成/资源预算不足,2,float16,"(8, 8, 512)","(256, 256, 32)",c140edeb100d0f7dbfcf75321d82890fc13cb287dda26786580a006cea14d8a9
results/2026.09.15-23.03_tilelang_easy-shape_seed=42/failed/shared_memory_overflow/failed_calls_main(f0+f1)__f0()__f1(f0)_bb37296468055027.json,bb37296468055027,tilelang,shared_memory_overflow,非有效目标编译器bug,请求动态shared memory超过sm_89每block 99328字节限制；生成/资源预算不足,2,float16,"(8192, 8, 2048)","(256, 256, 8)",60ca3b93361b387f7718fddfbd96017742af1ba75c496d272d7fd2a5b0e1c22f
results/2026.09.15-23.03_tilelang_easy-shape_seed=42/failed/shared_memory_overflow/failed_calls_main(f0+f1)__f0()__f1(f0)_e19fa3c8fd6c7f79.json,e19fa3c8fd6c7f79,tilelang,shared_memory_overflow,非有效目标编译器bug,请求动态shared memory超过sm_89每block 99328字节限制；生成/资源预算不足,2,float32,"(16, 16, 1)","(256, 256, 16)",f9b192e504b10f3b0790254d7756daaf24e5b95f19c1507fa4b2f72b5e4b5afa
results/2026.09.15-23.03_tilelang_easy-shape_seed=42/failed/shared_memory_overflow/failed_calls_main(f0+f1)__f0()__f1(f0+f0)_05123a5bedf054fd.json,05123a5bedf054fd,tilelang,shared_memory_overflow,非有效目标编译器bug,请求动态shared memory超过sm_89每block 99328字节限制；生成/资源预算不足,2,float16,"(128, 8, 512)","(256, 256, 8)",1d352c3f6ef63b8c5eb6b77dc901f544eb440dfe066d80ec947e48bbc3a4c991
results/2026.09.15-23.03_tilelang_easy-shape_seed=42/failed/shared_memory_overflow/failed_calls_main(f0+f1+f1)__f0()__f1(f0)_83f9bfa042a8ecb5.json,83f9bfa042a8ecb5,tilelang,shared_memory_overflow,非有效目标编译器bug,请求动态shared memory超过sm_89每block 99328字节限制；生成/资源预算不足,2,float32,"(1, 32, 32)","(256, 256, 16)",c5fa0fefb0848dac3f8fbb64166fd64685d6136ea316ae02f69b9f0e6da57628
results/2026.09.15-23.03_tilelang_easy-shape_seed=42/failed/shared_memory_overflow/failed_calls_main(f1)__f0()__f1(f0)_001ff805cf828914.json,001ff805cf828914,tilelang,shared_memory_overflow,非有效目标编译器bug,请求动态shared memory超过sm_89每block 99328字节限制；生成/资源预算不足,2,float16,"(2, 512, 8192)","(128, 128, 16)",b3f25fe61cb1ade0ac76c0c19ae91c1683b0bc9d23e8d74210a665a65a2e0e1f
results/2026.09.15-23.03_tilelang_easy-shape_seed=42/failed/shared_memory_overflow/failed_calls_main(f1)__f0()__f1(f0)_0630a33fd03fa84d.json,0630a33fd03fa84d,tilelang,shared_memory_overflow,非有效目标编译器bug,请求动态shared memory超过sm_89每block 99328字节限制；生成/资源预算不足,2,float16,"(2048, 1024, 2048)","(256, 256, 16)",818dd1bd4037515855b5f5409db663df9ef9b82d27aa5f5c1371b090715d6a72
results/2026.09.15-23.03_tilelang_easy-shape_seed=42/failed/shared_memory_overflow/failed_calls_main(f1)__f0()__f1(f0)_06c11abf25f840f8.json,06c11abf25f840f8,tilelang,shared_memory_overflow,非有效目标编译器bug,请求动态shared memory超过sm_89每block 99328字节限制；生成/资源预算不足,2,float16,"(16384, 1024, 512)","(256, 256, 32)",ec733f99c8c66ac1ba5e72d19ee8b3b7530814589166040dc12ae2c6be4fa37d
results/2026.09.15-23.03_tilelang_easy-shape_seed=42/failed/shared_memory_overflow/failed_calls_main(f1)__f0()__f1(f0)_0eaee54cbf7c01ea.json,0eaee54cbf7c01ea,tilelang,shared_memory_overflow,非有效目标编译器bug,请求动态shared memory超过sm_89每block 99328字节限制；生成/资源预算不足,2,float32,"(4, 512, 16)","(256, 256, 16)",38796bfd24f5f2fb8f7055b4defd8a0a1015cbf4599469e39ac590001ccaf2ec
results/2026.09.15-23.03_tilelang_easy-shape_seed=42/failed/shared_memory_overflow/failed_calls_main(f1)__f0()__f1(f0)_11a163c73f02be80.json,11a163c73f02be80,tilelang,shared_memory_overflow,非有效目标编译器bug,请求动态shared memory超过sm_89每block 99328字节限制；生成/资源预算不足,2,float32,"(4, 4, 4096)","(256, 256, 16)",9f5ddbcfa83cf1897f8520671c6db7c3b80c4c26fae8f5f48688b59ca712a1a8
results/2026.09.15-23.03_tilelang_easy-shape_seed=42/failed/shared_memory_overflow/failed_calls_main(f1)__f0()__f1(f0)_177f05c89369f17b.json,177f05c89369f17b,tilelang,shared_memory_overflow,非有效目标编译器bug,请求动态shared memory超过sm_89每block 99328字节限制；生成/资源预算不足,2,float32,"(2048, 64, 1024)","(256, 256, 16)",2761edb35fac2c0ff9eab2973136c7a574c0c4e5935de58ab646fbde791c78ef
results/2026.09.15-23.03_tilelang_easy-shape_seed=42/failed/shared_memory_overflow/failed_calls_main(f1)__f0()__f1(f0)_1b4b05d8e4d64b74.json,1b4b05d8e4d64b74,tilelang,shared_memory_overflow,非有效目标编译器bug,请求动态shared memory超过sm_89每block 99328字节限制；生成/资源预算不足,2,float16,"(2, 8192, 1024)","(256, 256, 16)",d002411d519ba15f9b3b36c817581a3153ac7bbc4b9a6ef64729bacd0e638ea5
results/2026.09.15-23.03_tilelang_easy-shape_seed=42/failed/shared_memory_overflow/failed_calls_main(f1)__f0()__f1(f0)_1e56c7d1748e60b2.json,1e56c7d1748e60b2,tilelang,shared_memory_overflow,非有效目标编译器bug,请求动态shared memory超过sm_89每block 99328字节限制；生成/资源预算不足,2,float16,"(32, 8192, 4)","(256, 256, 16)",41c26f981e9809a0292f132c394f83c2e861de6fcf88aab651c1c7a452e550a4
results/2026.09.15-23.03_tilelang_easy-shape_seed=42/failed/shared_memory_overflow/failed_calls_main(f1)__f0()__f1(f0)_24af8be48c1287c3.json,24af8be48c1287c3,tilelang,shared_memory_overflow,非有效目标编译器bug,请求动态shared memory超过sm_89每block 99328字节限制；生成/资源预算不足,2,float32,"(128, 1024, 8192)","(256, 256, 16)",dfa9b795c8730ea136f020161d7fc00cdaee33b1b070e3e3cd5234e58923fe73
results/2026.09.15-23.03_tilelang_easy-shape_seed=42/failed/shared_memory_overflow/failed_calls_main(f1)__f0()__f1(f0)_29dcce206595013b.json,29dcce206595013b,tilelang,shared_memory_overflow,非有效目标编译器bug,请求动态shared memory超过sm_89每block 99328字节限制；生成/资源预算不足,2,float32,"(8192, 2, 2)","(256, 256, 16)",b9e11470ae373b4aeeb644349abdbcb7fb5e858c936ebb971307220029c78d1f
results/2026.09.15-23.03_tilelang_easy-shape_seed=42/failed/shared_memory_overflow/failed_calls_main(f1)__f0()__f1(f0)_3647076c060aaa24.json,3647076c060aaa24,tilelang,shared_memory_overflow,非有效目标编译器bug,请求动态shared memory超过sm_89每block 99328字节限制；生成/资源预算不足,2,float16,"(16, 1, 16384)","(256, 256, 16)",f582f78f1e65fa29af2575a0075724d542d4b49c52e525a0b5801e9fceb6c09b
results/2026.09.15-23.03_tilelang_easy-shape_seed=42/failed/shared_memory_overflow/failed_calls_main(f1)__f0()__f1(f0)_38de9c55d1a924cf.json,38de9c55d1a924cf,tilelang,shared_memory_overflow,非有效目标编译器bug,请求动态shared memory超过sm_89每block 99328字节限制；生成/资源预算不足,2,float16,"(512, 16384, 16)","(256, 256, 16)",3b5b1c4c316a7b321155f71e0f0933b4c303bae0d3ca545bc46aa4a0f66e656d
results/2026.09.15-23.03_tilelang_easy-shape_seed=42/failed/shared_memory_overflow/failed_calls_main(f1)__f0()__f1(f0)_3b1708a973369907.json,3b1708a973369907,tilelang,shared_memory_overflow,非有效目标编译器bug,请求动态shared memory超过sm_89每block 99328字节限制；生成/资源预算不足,2,float16,"(2048, 16, 2048)","(256, 256, 16)",c033bf30b537aa7c199942cfa8e45ed050e8e605cabddd8700dcde3b1ee1ef55
results/2026.09.15-23.03_tilelang_easy-shape_seed=42/failed/shared_memory_overflow/failed_calls_main(f1)__f0()__f1(f0)_4448c3e6aab21fe8.json,4448c3e6aab21fe8,tilelang,shared_memory_overflow,非有效目标编译器bug,请求动态shared memory超过sm_89每block 99328字节限制；生成/资源预算不足,2,float32,"(16384, 8, 16384)","(256, 256, 16)",4014e20960c3af923c62b83507974dac9decd55d0acf854fd10c94a133222601
results/2026.09.15-23.03_tilelang_easy-shape_seed=42/failed/shared_memory_overflow/failed_calls_main(f1)__f0()__f1(f0)_469b78e51d6e991c.json,469b78e51d6e991c,tilelang,shared_memory_overflow,非有效目标编译器bug,请求动态shared memory超过sm_89每block 99328字节限制；生成/资源预算不足,2,float16,"(16, 8, 32)","(256, 256, 8)",076966cf17ed2dfbcc31fdb5c4ade30f2d8a5e009ec05a7d4f089388ff880904
results/2026.09.15-23.03_tilelang_easy-shape_seed=42/failed/shared_memory_overflow/failed_calls_main(f1)__f0()__f1(f0)_46f4f1bca76a9d59.json,46f4f1bca76a9d59,tilelang,shared_memory_overflow,非有效目标编译器bug,请求动态shared memory超过sm_89每block 99328字节限制；生成/资源预算不足,2,float32,"(4, 256, 4)","(256, 256, 16)",05d2f226027768d3f5f13559ebd8dc36a28effce0e018f5ae410037f435401a8
results/2026.09.15-23.03_tilelang_easy-shape_seed=42/failed/shared_memory_overflow/failed_calls_main(f1)__f0()__f1(f0)_4ba63c5217151234.json,4ba63c5217151234,tilelang,shared_memory_overflow,非有效目标编译器bug,请求动态shared memory超过sm_89每block 99328字节限制；生成/资源预算不足,2,float32,"(1024, 128, 1)","(256, 256, 8)",acd42c385060522dbacc362fab3b871a5b31989edd9b297ff9c22427d74c2b2b
results/2026.09.15-23.03_tilelang_easy-shape_seed=42/failed/shared_memory_overflow/failed_calls_main(f1)__f0()__f1(f0)_4c14aaee3987afc7.json,4c14aaee3987afc7,tilelang,shared_memory_overflow,非有效目标编译器bug,请求动态shared memory超过sm_89每block 99328字节限制；生成/资源预算不足,2,float32,"(1024, 8, 1)","(256, 256, 8)",e6f576003603e105c89633e5c2bb031d234b1252aeeac508cf65ef7d436fddff
results/2026.09.15-23.03_tilelang_easy-shape_seed=42/failed/shared_memory_overflow/failed_calls_main(f1)__f0()__f1(f0)_4e882bb3c310b592.json,4e882bb3c310b592,tilelang,shared_memory_overflow,非有效目标编译器bug,请求动态shared memory超过sm_89每block 99328字节限制；生成/资源预算不足,2,float32,"(8192, 8192, 256)","(256, 256, 16)",83d635ccc382b2354efaed156661d027eb52b5493f3e4be11569902739db39c8
results/2026.09.15-23.03_tilelang_easy-shape_seed=42/failed/shared_memory_overflow/failed_calls_main(f1)__f0()__f1(f0)_5bc3f14c07dc308d.json,5bc3f14c07dc308d,tilelang,shared_memory_overflow,非有效目标编译器bug,请求动态shared memory超过sm_89每block 99328字节限制；生成/资源预算不足,2,float32,"(16384, 512, 16384)","(128, 128, 16)",5c7a28c198885147ef70cfa46bc1acbede763d785e1933f73254938957a10b73
results/2026.09.15-23.03_tilelang_easy-shape_seed=42/failed/shared_memory_overflow/failed_calls_main(f1)__f0()__f1(f0)_5d497402702992dd.json,5d497402702992dd,tilelang,shared_memory_overflow,非有效目标编译器bug,请求动态shared memory超过sm_89每block 99328字节限制；生成/资源预算不足,2,float16,"(16384, 1, 8192)","(256, 256, 8)",233cd950336d5ceb4cea149062473e868cea8b8bcd8848bca81b1869c39078c0
results/2026.09.15-23.03_tilelang_easy-shape_seed=42/failed/shared_memory_overflow/failed_calls_main(f1)__f0()__f1(f0)_61543f842bc1913e.json,61543f842bc1913e,tilelang,shared_memory_overflow,非有效目标编译器bug,请求动态shared memory超过sm_89每block 99328字节限制；生成/资源预算不足,2,float16,"(16384, 2, 512)","(256, 256, 8)",6c57931be4d26f4a4e8e1dd3b21ecf3aae6f5c2dc3451c82d22b647cc4114b21
results/2026.09.15-23.03_tilelang_easy-shape_seed=42/failed/shared_memory_overflow/failed_calls_main(f1)__f0()__f1(f0)_6284d886338550fb.json,6284d886338550fb,tilelang,shared_memory_overflow,非有效目标编译器bug,请求动态shared memory超过sm_89每block 99328字节限制；生成/资源预算不足,2,float16,"(64, 2048, 512)","(128, 128, 64)",a44e6572d42cadeabfb7964084a5ce533c40f72211ad5b608f54fca689af6fc5
results/2026.09.15-23.03_tilelang_easy-shape_seed=42/failed/shared_memory_overflow/failed_calls_main(f1)__f0()__f1(f0)_62d80063070f3782.json,62d80063070f3782,tilelang,shared_memory_overflow,非有效目标编译器bug,请求动态shared memory超过sm_89每block 99328字节限制；生成/资源预算不足,2,float16,"(2, 1024, 128)","(256, 256, 16)",32ed2c7c483cb51e23b06502e015dad66fa2e421d463327bd8f8a7b6c2d3bb47
results/2026.09.15-23.03_tilelang_easy-shape_seed=42/failed/shared_memory_overflow/failed_calls_main(f1)__f0()__f1(f0)_63ab6962b4f8d701.json,63ab6962b4f8d701,tilelang,shared_memory_overflow,非有效目标编译器bug,请求动态shared memory超过sm_89每block 99328字节限制；生成/资源预算不足,2,float16,"(8, 1, 16)","(256, 256, 8)",21a748cd5412bc52395471b002b2c9c93c3ee94210af097a632037d7cc0d37bd
results/2026.09.15-23.03_tilelang_easy-shape_seed=42/failed/shared_memory_overflow/failed_calls_main(f1)__f0()__f1(f0)_6535d3ddf858ad48.json,6535d3ddf858ad48,tilelang,shared_memory_overflow,非有效目标编译器bug,请求动态shared memory超过sm_89每block 99328字节限制；生成/资源预算不足,2,float16,"(16384, 8192, 16)","(256, 256, 32)",9f7e682f06f0ae6eccc783e58102f79f0a8352654cddb00bb0784c011686c6b4
results/2026.09.15-23.03_tilelang_easy-shape_seed=42/failed/shared_memory_overflow/failed_calls_main(f1)__f0()__f1(f0)_682c653431ba210b.json,682c653431ba210b,tilelang,shared_memory_overflow,非有效目标编译器bug,请求动态shared memory超过sm_89每block 99328字节限制；生成/资源预算不足,2,float16,"(128, 8192, 512)","(256, 256, 8)",294e787b564e29b9f017f92c12f74684a8173c56ee0f7cfc9b206ef2d9bd6316
results/2026.09.15-23.03_tilelang_easy-shape_seed=42/failed/shared_memory_overflow/failed_calls_main(f1)__f0()__f1(f0)_7137b68adc716207.json,7137b68adc716207,tilelang,shared_memory_overflow,非有效目标编译器bug,请求动态shared memory超过sm_89每block 99328字节限制；生成/资源预算不足,2,float32,"(4, 4, 4)","(256, 256, 8)",ff89a08ad09cc10f6364c4525f3823e19040f8a6177dbedd96e6aeab2a153a0b
results/2026.09.15-23.03_tilelang_easy-shape_seed=42/failed/shared_memory_overflow/failed_calls_main(f1)__f0()__f1(f0)_720d092213f7f43d.json,720d092213f7f43d,tilelang,shared_memory_overflow,非有效目标编译器bug,请求动态shared memory超过sm_89每block 99328字节限制；生成/资源预算不足,2,float32,"(1024, 1, 2)","(256, 256, 8)",709a6ca935e691ef4e700b405401772ca0391996365848aed0a6c2bd23e2d271
results/2026.09.15-23.03_tilelang_easy-shape_seed=42/failed/shared_memory_overflow/failed_calls_main(f1)__f0()__f1(f0)_73cb00fcaa6dcef5.json,73cb00fcaa6dcef5,tilelang,shared_memory_overflow,非有效目标编译器bug,请求动态shared memory超过sm_89每block 99328字节限制；生成/资源预算不足,2,float16,"(512, 2, 1)","(256, 256, 16)",1f9a9d9f2038948124cd12252902b8ebbdac796845b22842295a32416521b373
results/2026.09.15-23.03_tilelang_easy-shape_seed=42/failed/shared_memory_overflow/failed_calls_main(f1)__f0()__f1(f0)_740e54ef357b8768.json,740e54ef357b8768,tilelang,shared_memory_overflow,非有效目标编译器bug,请求动态shared memory超过sm_89每block 99328字节限制；生成/资源预算不足,2,float32,"(16, 8, 2)","(256, 256, 16)",032fef9a832ed71fdd8a95396c311efbf6650a584d72a0ed584dfe92093f6190
results/2026.09.15-23.03_tilelang_easy-shape_seed=42/failed/shared_memory_overflow/failed_calls_main(f1)__f0()__f1(f0)_748b3306a4be8892.json,748b3306a4be8892,tilelang,shared_memory_overflow,非有效目标编译器bug,请求动态shared memory超过sm_89每block 99328字节限制；生成/资源预算不足,2,float32,"(8192, 64, 8)","(256, 256, 8)",846006c5741aa523f61ab9fff05ec447ba3445a1d16239d188f52544b8d171f5
results/2026.09.15-23.03_tilelang_easy-shape_seed=42/failed/shared_memory_overflow/failed_calls_main(f1)__f0()__f1(f0)_7795c61deb589812.json,7795c61deb589812,tilelang,shared_memory_overflow,非有效目标编译器bug,请求动态shared memory超过sm_89每block 99328字节限制；生成/资源预算不足,2,float32,"(1, 32, 32)","(256, 256, 16)",54a452d1f192f36db942d56d8fee6e32c86e3e99921b6c7aafa050e76a2dcb2e
results/2026.09.15-23.03_tilelang_easy-shape_seed=42/failed/shared_memory_overflow/failed_calls_main(f1)__f0()__f1(f0)_7e3ff6795e66c4f9.json,7e3ff6795e66c4f9,tilelang,shared_memory_overflow,非有效目标编译器bug,请求动态shared memory超过sm_89每block 99328字节限制；生成/资源预算不足,2,float16,"(4096, 32, 4096)","(256, 256, 8)",29031699b37ea0152085c9f6fbe7ed8528b446e1d82251cb8e54cabc05e02fa2
results/2026.09.15-23.03_tilelang_easy-shape_seed=42/failed/shared_memory_overflow/failed_calls_main(f1)__f0()__f1(f0)_8210993187d9a15c.json,8210993187d9a15c,tilelang,shared_memory_overflow,非有效目标编译器bug,请求动态shared memory超过sm_89每block 99328字节限制；生成/资源预算不足,2,float32,"(32, 512, 4096)","(256, 256, 16)",f25ea0b5170a569da5002bb0a9343c6e99ba2a9fc9d1744a06eb6e5021aed2ec
results/2026.09.15-23.03_tilelang_easy-shape_seed=42/failed/shared_memory_overflow/failed_calls_main(f1)__f0()__f1(f0)_89ffd7ed96f33c7a.json,89ffd7ed96f33c7a,tilelang,shared_memory_overflow,非有效目标编译器bug,请求动态shared memory超过sm_89每block 99328字节限制；生成/资源预算不足,2,float32,"(256, 1024, 2048)","(256, 256, 16)",1d469d37635a5a9cdaa0cfc7cf6ced3159d46cbfc2932517344eaf6bbd23f0d5
results/2026.09.15-23.03_tilelang_easy-shape_seed=42/failed/shared_memory_overflow/failed_calls_main(f1)__f0()__f1(f0)_8ad08e6013347f62.json,8ad08e6013347f62,tilelang,shared_memory_overflow,非有效目标编译器bug,请求动态shared memory超过sm_89每block 99328字节限制；生成/资源预算不足,2,float32,"(256, 16384, 128)","(256, 256, 8)",0cea3aad0c2773614180a2e2ef8fd9ce9d32ddf3ecb83b7f3e484dd920c6f25e
results/2026.09.15-23.03_tilelang_easy-shape_seed=42/failed/shared_memory_overflow/failed_calls_main(f1)__f0()__f1(f0)_8b16c34a7224aed5.json,8b16c34a7224aed5,tilelang,shared_memory_overflow,非有效目标编译器bug,请求动态shared memory超过sm_89每block 99328字节限制；生成/资源预算不足,2,float16,"(256, 2, 1024)","(256, 256, 16)",c78c80c14a446f8f1af82f67492211f9c40600bef4c19eaa81e963be691e646c
results/2026.09.15-23.03_tilelang_easy-shape_seed=42/failed/shared_memory_overflow/failed_calls_main(f1)__f0()__f1(f0)_8b2e73a733e85696.json,8b2e73a733e85696,tilelang,shared_memory_overflow,非有效目标编译器bug,请求动态shared memory超过sm_89每block 99328字节限制；生成/资源预算不足,2,float32,"(8, 32, 32)","(256, 256, 8)",5bcc5dce1312674bbf4c28c030988683ce4e1b4b52dc43f1bf5533d768bb33f5
results/2026.09.15-23.03_tilelang_easy-shape_seed=42/failed/shared_memory_overflow/failed_calls_main(f1)__f0()__f1(f0)_8ce96231422a7d3c.json,8ce96231422a7d3c,tilelang,shared_memory_overflow,非有效目标编译器bug,请求动态shared memory超过sm_89每block 99328字节限制；生成/资源预算不足,2,float16,"(4, 2, 2048)","(256, 256, 32)",7951e68b5e40282443c6479166685a9a93e7697bccbe4cf795e305dc2296cf6a
results/2026.09.15-23.03_tilelang_easy-shape_seed=42/failed/shared_memory_overflow/failed_calls_main(f1)__f0()__f1(f0)_8e28fe7349c93b57.json,8e28fe7349c93b57,tilelang,shared_memory_overflow,非有效目标编译器bug,请求动态shared memory超过sm_89每block 99328字节限制；生成/资源预算不足,2,float32,"(1, 512, 1024)","(256, 256, 16)",365302a2aa7aede8f9dad4d8498f47ab5103652c836c70b2eed522a67628d777
results/2026.09.15-23.03_tilelang_easy-shape_seed=42/failed/shared_memory_overflow/failed_calls_main(f1)__f0()__f1(f0)_8faeaf25e77fe795.json,8faeaf25e77fe795,tilelang,shared_memory_overflow,非有效目标编译器bug,请求动态shared memory超过sm_89每block 99328字节限制；生成/资源预算不足,2,float32,"(256, 64, 256)","(256, 256, 16)",0cce32e62263d08628647022c949d2763e1999fdaf6f4787b93c6b2c24da0f80
results/2026.09.15-23.03_tilelang_easy-shape_seed=42/failed/shared_memory_overflow/failed_calls_main(f1)__f0()__f1(f0)_91c3f2e02280ef2b.json,91c3f2e02280ef2b,tilelang,shared_memory_overflow,非有效目标编译器bug,请求动态shared memory超过sm_89每block 99328字节限制；生成/资源预算不足,2,float16,"(64, 32, 8)","(256, 256, 8)",e85cec8f4541277786d7b0dff9c85101f500e34a637ece7c1142d8b7988fcbe6
results/2026.09.15-23.03_tilelang_easy-shape_seed=42/failed/shared_memory_overflow/failed_calls_main(f1)__f0()__f1(f0)_94d154eef6f5b597.json,94d154eef6f5b597,tilelang,shared_memory_overflow,非有效目标编译器bug,请求动态shared memory超过sm_89每block 99328字节限制；生成/资源预算不足,2,float32,"(16384, 512, 8192)","(256, 256, 16)",77b34e4cc3e9bdec2f0e61c09cbd16cac520f86a88485ae735ac61362132d373
results/2026.09.15-23.03_tilelang_easy-shape_seed=42/failed/shared_memory_overflow/failed_calls_main(f1)__f0()__f1(f0)_9546de5004817212.json,9546de5004817212,tilelang,shared_memory_overflow,非有效目标编译器bug,请求动态shared memory超过sm_89每block 99328字节限制；生成/资源预算不足,2,float16,"(512, 8, 2)","(256, 256, 32)",e021fab559d7ccbbceeac4cce5b4eedfac8eaf8a494f12052e2cd0e6c915434c
results/2026.09.15-23.03_tilelang_easy-shape_seed=42/failed/shared_memory_overflow/failed_calls_main(f1)__f0()__f1(f0)_9877ad8b98f00858.json,9877ad8b98f00858,tilelang,shared_memory_overflow,非有效目标编译器bug,请求动态shared memory超过sm_89每block 99328字节限制；生成/资源预算不足,2,float16,"(128, 2048, 512)","(256, 256, 8)",0558c679c14160861e67be55572920b702c75b0f4c4762937f6e9fde2f5783cf
results/2026.09.15-23.03_tilelang_easy-shape_seed=42/failed/shared_memory_overflow/failed_calls_main(f1)__f0()__f1(f0)_9889c1a66edb91ac.json,9889c1a66edb91ac,tilelang,shared_memory_overflow,非有效目标编译器bug,请求动态shared memory超过sm_89每block 99328字节限制；生成/资源预算不足,2,float32,"(16, 512, 8192)","(256, 256, 8)",71033a5ff3eb2a2846d7ff5f1c43103ba885258cf2396ac01605972b9527b041
results/2026.09.15-23.03_tilelang_easy-shape_seed=42/failed/shared_memory_overflow/failed_calls_main(f1)__f0()__f1(f0)_9e0d4255905f6035.json,9e0d4255905f6035,tilelang,shared_memory_overflow,非有效目标编译器bug,请求动态shared memory超过sm_89每block 99328字节限制；生成/资源预算不足,2,float16,"(1024, 2048, 1024)","(256, 256, 16)",8694fe34ba179227095ba945b9c2943d83d57e0cf51083a122391fb45df2fda7
results/2026.09.15-23.03_tilelang_easy-shape_seed=42/failed/shared_memory_overflow/failed_calls_main(f1)__f0()__f1(f0)_a7c8fad550bdc787.json,a7c8fad550bdc787,tilelang,shared_memory_overflow,非有效目标编译器bug,请求动态shared memory超过sm_89每block 99328字节限制；生成/资源预算不足,2,float32,"(1024, 16384, 128)","(256, 256, 16)",2c6e8c0c056fa584289b677f46d5838dd6c06552fe4469c95e2ec7a9d5cc5ffd
results/2026.09.15-23.03_tilelang_easy-shape_seed=42/failed/shared_memory_overflow/failed_calls_main(f1)__f0()__f1(f0)_b1811e9285cf8a49.json,b1811e9285cf8a49,tilelang,shared_memory_overflow,非有效目标编译器bug,请求动态shared memory超过sm_89每block 99328字节限制；生成/资源预算不足,2,float32,"(8192, 2048, 8192)","(256, 256, 8)",fb1f88b7daf243bda1ac6fb8e52274f6784b64a09a56127fcc654056321c5f1a
results/2026.09.15-23.03_tilelang_easy-shape_seed=42/failed/shared_memory_overflow/failed_calls_main(f1)__f0()__f1(f0)_b59900821de3d713.json,b59900821de3d713,tilelang,shared_memory_overflow,非有效目标编译器bug,请求动态shared memory超过sm_89每block 99328字节限制；生成/资源预算不足,2,float32,"(128, 16, 16384)","(256, 256, 8)",91e191295d1a361e9c7df1a425666f3f2cc0dc42149ddffa669e261306758ca4
results/2026.09.15-23.03_tilelang_easy-shape_seed=42/failed/shared_memory_overflow/failed_calls_main(f1)__f0()__f1(f0)_b71a9e7ec57768c6.json,b71a9e7ec57768c6,tilelang,shared_memory_overflow,非有效目标编译器bug,请求动态shared memory超过sm_89每block 99328字节限制；生成/资源预算不足,2,float16,"(1, 16, 16)","(256, 256, 32)",8b025048ad2472c7a3d2bac443b846b47c426ee938f2c6a7f10854b985fd9269
results/2026.09.15-23.03_tilelang_easy-shape_seed=42/failed/shared_memory_overflow/failed_calls_main(f1)__f0()__f1(f0)_bb00615c4bb8db98.json,bb00615c4bb8db98,tilelang,shared_memory_overflow,非有效目标编译器bug,请求动态shared memory超过sm_89每block 99328字节限制；生成/资源预算不足,2,float32,"(8192, 2048, 4096)","(256, 256, 8)",541843f9e17777417fa6205c40cd70b088c2bfd7d8a4b5b1175ca772bbfc0667
results/2026.09.15-23.03_tilelang_easy-shape_seed=42/failed/shared_memory_overflow/failed_calls_main(f1)__f0()__f1(f0)_c04bbb7df1e3a10b.json,c04bbb7df1e3a10b,tilelang,shared_memory_overflow,非有效目标编译器bug,请求动态shared memory超过sm_89每block 99328字节限制；生成/资源预算不足,2,float16,"(4096, 2048, 32)","(256, 256, 16)",9461f8d441d644865f749428fc91f2b9a9865cb5db2b9c06745623454b33803d
results/2026.09.15-23.03_tilelang_easy-shape_seed=42/failed/shared_memory_overflow/failed_calls_main(f1)__f0()__f1(f0)_ce5104ace66f37dc.json,ce5104ace66f37dc,tilelang,shared_memory_overflow,非有效目标编译器bug,请求动态shared memory超过sm_89每block 99328字节限制；生成/资源预算不足,2,float16,"(4096, 16, 4096)","(256, 256, 8)",cbd7a7b98abf751a0a7debacf133df5fcfd942cc346bff5e4fc9b8e54b635687
results/2026.09.15-23.03_tilelang_easy-shape_seed=42/failed/shared_memory_overflow/failed_calls_main(f1)__f0()__f1(f0)_ce6e6fd6956c4103.json,ce6e6fd6956c4103,tilelang,shared_memory_overflow,非有效目标编译器bug,请求动态shared memory超过sm_89每block 99328字节限制；生成/资源预算不足,2,float16,"(4096, 64, 64)","(256, 256, 32)",ce53b4dfa833a918f21378b6157dff88bf8669add59ffd6f26a664fcf9982bd5
results/2026.09.15-23.03_tilelang_easy-shape_seed=42/failed/shared_memory_overflow/failed_calls_main(f1)__f0()__f1(f0)_cf846f6d8b848859.json,cf846f6d8b848859,tilelang,shared_memory_overflow,非有效目标编译器bug,请求动态shared memory超过sm_89每block 99328字节限制；生成/资源预算不足,2,float32,"(128, 512, 512)","(256, 256, 16)",938181cfba1a69ebf2f5df764ec557d7b12629f5b4995535c64e97e663a16349
results/2026.09.15-23.03_tilelang_easy-shape_seed=42/failed/shared_memory_overflow/failed_calls_main(f1)__f0()__f1(f0)_d13beb019fb3262c.json,d13beb019fb3262c,tilelang,shared_memory_overflow,非有效目标编译器bug,请求动态shared memory超过sm_89每block 99328字节限制；生成/资源预算不足,2,float32,"(8192, 2048, 32)","(256, 256, 16)",2ba4bd420393dfd7eded05dfe8566320fb9496d4049796155c2f46e45095ed1c
results/2026.09.15-23.03_tilelang_easy-shape_seed=42/failed/shared_memory_overflow/failed_calls_main(f1)__f0()__f1(f0)_d3c837b42e278572.json,d3c837b42e278572,tilelang,shared_memory_overflow,非有效目标编译器bug,请求动态shared memory超过sm_89每block 99328字节限制；生成/资源预算不足,2,float32,"(64, 128, 2048)","(256, 256, 8)",7ca2fe456940efa9692a31958c1371344e72928744d28e4bd007e202eb503707
results/2026.09.15-23.03_tilelang_easy-shape_seed=42/failed/shared_memory_overflow/failed_calls_main(f1)__f0()__f1(f0)_d93c7a5bb8cc4921.json,d93c7a5bb8cc4921,tilelang,shared_memory_overflow,非有效目标编译器bug,请求动态shared memory超过sm_89每block 99328字节限制；生成/资源预算不足,2,float32,"(2048, 64, 64)","(256, 256, 8)",2005900912b1ceb4730a0b2c879ec06c62065b99d7d4ad923726f66cbc5a5728
results/2026.09.15-23.03_tilelang_easy-shape_seed=42/failed/shared_memory_overflow/failed_calls_main(f1)__f0()__f1(f0)_e13f7b6da78c76d9.json,e13f7b6da78c76d9,tilelang,shared_memory_overflow,非有效目标编译器bug,请求动态shared memory超过sm_89每block 99328字节限制；生成/资源预算不足,2,float32,"(8192, 512, 2)","(256, 256, 8)",e3bc13afef82f6450adc165b903233feaf8937a2117764d1ddcbc396926ce4c8
results/2026.09.15-23.03_tilelang_easy-shape_seed=42/failed/shared_memory_overflow/failed_calls_main(f1)__f0()__f1(f0)_e21b5e7d5df392c5.json,e21b5e7d5df392c5,tilelang,shared_memory_overflow,非有效目标编译器bug,请求动态shared memory超过sm_89每block 99328字节限制；生成/资源预算不足,2,float16,"(16, 128, 512)","(256, 256, 32)",366dd63c271b231fd574070a971618cc95caa4e61e95ae888b33b4237b3e54f5
results/2026.09.15-23.03_tilelang_easy-shape_seed=42/failed/shared_memory_overflow/failed_calls_main(f1)__f0()__f1(f0)_e433cf3dd3a81cd5.json,e433cf3dd3a81cd5,tilelang,shared_memory_overflow,非有效目标编译器bug,请求动态shared memory超过sm_89每block 99328字节限制；生成/资源预算不足,2,float16,"(2048, 32, 4096)","(256, 256, 32)",90639a91128f8640d3ee136095574590786c3cb7c08a2f5a42bf9ece07818960
results/2026.09.15-23.03_tilelang_easy-shape_seed=42/failed/shared_memory_overflow/failed_calls_main(f1)__f0()__f1(f0)_e50e55670549fb4c.json,e50e55670549fb4c,tilelang,shared_memory_overflow,非有效目标编译器bug,请求动态shared memory超过sm_89每block 99328字节限制；生成/资源预算不足,2,float16,"(64, 8192, 4096)","(256, 256, 32)",51a39cbbcbea9bdb31bbb0f7ae7e1843443b59b23ef36ae81186fce7d28f2413
results/2026.09.15-23.03_tilelang_easy-shape_seed=42/failed/shared_memory_overflow/failed_calls_main(f1)__f0()__f1(f0)_e7cd87eaf15ef641.json,e7cd87eaf15ef641,tilelang,shared_memory_overflow,非有效目标编译器bug,请求动态shared memory超过sm_89每block 99328字节限制；生成/资源预算不足,2,float16,"(16384, 1, 1)","(256, 256, 8)",52ae38ca131d4a72746c1b6fcbcb9f4a593beacad1ca0dada411cb1b88b38d22
results/2026.09.15-23.03_tilelang_easy-shape_seed=42/failed/shared_memory_overflow/failed_calls_main(f1)__f0()__f1(f0)_ec78b4215d2db531.json,ec78b4215d2db531,tilelang,shared_memory_overflow,非有效目标编译器bug,请求动态shared memory超过sm_89每block 99328字节限制；生成/资源预算不足,2,float32,"(2, 1, 16)","(256, 256, 8)",8160e0567123fffbe2c4a525f9b528f879cbb1c4f692a72301970bd4b9d15edf
results/2026.09.15-23.03_tilelang_easy-shape_seed=42/failed/shared_memory_overflow/failed_calls_main(f1)__f0()__f1(f0)_ee6ac29843949746.json,ee6ac29843949746,tilelang,shared_memory_overflow,非有效目标编译器bug,请求动态shared memory超过sm_89每block 99328字节限制；生成/资源预算不足,2,float32,"(1, 512, 8)","(256, 256, 8)",4111d5db1d66ba9d330cb69963dad8a60a43459b653f080009aba653081d73b0
results/2026.09.15-23.03_tilelang_easy-shape_seed=42/failed/shared_memory_overflow/failed_calls_main(f1)__f0()__f1(f0)_f57a9f7d5d29f2cc.json,f57a9f7d5d29f2cc,tilelang,shared_memory_overflow,非有效目标编译器bug,请求动态shared memory超过sm_89每block 99328字节限制；生成/资源预算不足,2,float16,"(4096, 16384, 32)","(256, 256, 8)",661a2f51570624b5b037a29ccca237d6eb84924951d3c148f6a14a39ef85741d
results/2026.09.15-23.03_tilelang_easy-shape_seed=42/failed/shared_memory_overflow/failed_calls_main(f1)__f0()__f1(f0)_f642cafb7ce5f5c5.json,f642cafb7ce5f5c5,tilelang,shared_memory_overflow,非有效目标编译器bug,请求动态shared memory超过sm_89每block 99328字节限制；生成/资源预算不足,2,float16,"(8192, 8192, 8192)","(256, 256, 8)",828363237364578a9c7726e6856e5c50800e3ff365bf961826258880a8f80085
results/2026.09.15-23.03_tilelang_easy-shape_seed=42/failed/shared_memory_overflow/failed_calls_main(f1)__f0()__f1(f0)_fa2e993ca769b1fb.json,fa2e993ca769b1fb,tilelang,shared_memory_overflow,非有效目标编译器bug,请求动态shared memory超过sm_89每block 99328字节限制；生成/资源预算不足,2,float16,"(64, 16, 16)","(256, 256, 16)",08700f65c5c3e3f018aaba11d5992b435474f43ad62d727db98c9bcc4bd2e06d
results/2026.09.15-23.03_tilelang_easy-shape_seed=42/failed/shared_memory_overflow/failed_calls_main(f1)__f0()__f1(f0)_fb10d9b58baa9655.json,fb10d9b58baa9655,tilelang,shared_memory_overflow,非有效目标编译器bug,请求动态shared memory超过sm_89每block 99328字节限制；生成/资源预算不足,2,float16,"(512, 8192, 16384)","(256, 256, 8)",75fb82e8ea1b89b451167286e8a3c84893349b431d4a8e1447d5f4a5e6e75b96
results/2026.09.15-23.03_tilelang_easy-shape_seed=42/failed/shared_memory_overflow/failed_calls_main(f1)__f0()__f1(f0)_fdb23bc43bd0051c.json,fdb23bc43bd0051c,tilelang,shared_memory_overflow,非有效目标编译器bug,请求动态shared memory超过sm_89每block 99328字节限制；生成/资源预算不足,2,float32,"(1, 512, 1)","(256, 256, 8)",d63ac354b867336da176102aa9a846fbdcd687eebd0826477149bb90f7e24e64
results/2026.09.15-23.03_tilelang_easy-shape_seed=42/failed/shared_memory_overflow/failed_calls_main(f1)__f0()__f1(f0)_ff496708e8b283e3.json,ff496708e8b283e3,tilelang,shared_memory_overflow,非有效目标编译器bug,请求动态shared memory超过sm_89每block 99328字节限制；生成/资源预算不足,2,float16,"(16384, 1024, 1)","(256, 256, 8)",4c19b4e183f18e7de57eb7e9a457f5e36d043cc03de7edc0cb7c4861d845a507
results/2026.09.15-23.03_tilelang_easy-shape_seed=42/failed/shared_memory_overflow/failed_calls_main(f1)__f0()__f1(f0+f0)_225cd696fb6b4c17.json,225cd696fb6b4c17,tilelang,shared_memory_overflow,非有效目标编译器bug,请求动态shared memory超过sm_89每block 99328字节限制；生成/资源预算不足,2,float16,"(1, 2, 1024)","(256, 256, 32)",4ad0dc5350669c7e0b41b28dc591331737514ed2377f4daab43c2c1137ec5bd9
results/2026.09.15-23.03_tilelang_easy-shape_seed=42/failed/shared_memory_overflow/failed_calls_main(f1)__f0()__f1(f0+f0)_272b64a895c79f90.json,272b64a895c79f90,tilelang,shared_memory_overflow,非有效目标编译器bug,请求动态shared memory超过sm_89每block 99328字节限制；生成/资源预算不足,2,float32,"(2048, 64, 4096)","(128, 128, 16)",ee9382b96bdb445205e037d02bd1119bc6d1b15641cf72edcd66587ec61205a7
results/2026.09.15-23.03_tilelang_easy-shape_seed=42/failed/shared_memory_overflow/failed_calls_main(f1)__f0()__f1(f0+f0)_284e63db57e53728.json,284e63db57e53728,tilelang,shared_memory_overflow,非有效目标编译器bug,请求动态shared memory超过sm_89每block 99328字节限制；生成/资源预算不足,2,float16,"(4096, 16384, 128)","(128, 128, 64)",46f16d414df26ed9a326a3105e56814a6d8ca65920b1d454f39a86197b7d6002
results/2026.09.15-23.03_tilelang_easy-shape_seed=42/failed/shared_memory_overflow/failed_calls_main(f1)__f0()__f1(f0+f0)_2baac0b80fa0792d.json,2baac0b80fa0792d,tilelang,shared_memory_overflow,非有效目标编译器bug,请求动态shared memory超过sm_89每block 99328字节限制；生成/资源预算不足,2,float32,"(32, 64, 64)","(256, 256, 8)",ee5924e6cf2c9ab59355f903d9e7cc46d88a64a9908683e56ef47b25526a6dd6
results/2026.09.15-23.03_tilelang_easy-shape_seed=42/failed/shared_memory_overflow/failed_calls_main(f1)__f0()__f1(f0+f0)_525b5df72569fba1.json,525b5df72569fba1,tilelang,shared_memory_overflow,非有效目标编译器bug,请求动态shared memory超过sm_89每block 99328字节限制；生成/资源预算不足,2,float32,"(1024, 2048, 2)","(256, 256, 16)",ac69b885e1d9d93f6f3bf23fcd98ceb1fa99b9deb3606da01736cb112c785943
results/2026.09.15-23.03_tilelang_easy-shape_seed=42/failed/shared_memory_overflow/failed_calls_main(f1)__f0()__f1(f0+f0)_7a73257cefd7ed9c.json,7a73257cefd7ed9c,tilelang,shared_memory_overflow,非有效目标编译器bug,请求动态shared memory超过sm_89每block 99328字节限制；生成/资源预算不足,2,float32,"(2048, 2, 2048)","(128, 128, 32)",52ac52bd3aa559e6ad732cf21eceb4afd70dd32289b8e60d20bc7f7bd8880004
results/2026.09.15-23.03_tilelang_easy-shape_seed=42/failed/shared_memory_overflow/failed_calls_main(f1)__f0()__f1(f0+f0)_8c3e4478d2e0c154.json,8c3e4478d2e0c154,tilelang,shared_memory_overflow,非有效目标编译器bug,请求动态shared memory超过sm_89每block 99328字节限制；生成/资源预算不足,2,float16,"(1024, 1024, 512)","(128, 128, 8)",518a1a9f0ce39e3770eaf32721c8fe22d937b998fc8a998e7d5848260b7bd348
results/2026.09.15-23.03_tilelang_easy-shape_seed=42/failed/shared_memory_overflow/failed_calls_main(f1)__f0()__f1(f0+f0)_9e101c4f83ba9153.json,9e101c4f83ba9153,tilelang,shared_memory_overflow,非有效目标编译器bug,请求动态shared memory超过sm_89每block 99328字节限制；生成/资源预算不足,2,float16,"(256, 512, 1)","(128, 128, 32)",2283b6a976acd03f29d5e5f9a01c8cd2d9755bf2ae052db6e6bcd9bfca91b5a8
results/2026.09.15-23.03_tilelang_easy-shape_seed=42/failed/shared_memory_overflow/failed_calls_main(f1)__f0()__f1(f0+f0)_9e1cb58f33094768.json,9e1cb58f33094768,tilelang,shared_memory_overflow,非有效目标编译器bug,请求动态shared memory超过sm_89每block 99328字节限制；生成/资源预算不足,2,float16,"(32, 32, 1024)","(256, 256, 8)",9c770ef0744dd06f0744bd67008ef1bc011e0761b8c1eaae263331c6a3170603
results/2026.09.15-23.03_tilelang_easy-shape_seed=42/failed/shared_memory_overflow/failed_calls_main(f1)__f0()__f1(f0+f0)_a5dacafd5c929c9c.json,a5dacafd5c929c9c,tilelang,shared_memory_overflow,非有效目标编译器bug,请求动态shared memory超过sm_89每block 99328字节限制；生成/资源预算不足,2,float32,"(2, 64, 32)","(128, 128, 8)",7f863470709aaf6126a49d0b4db0b06652b29c82c32070d2389a5fdd0742b024
results/2026.09.15-23.03_tilelang_easy-shape_seed=42/failed/shared_memory_overflow/failed_calls_main(f1)__f0()__f1(f0+f0)_a8320778aba7470c.json,a8320778aba7470c,tilelang,shared_memory_overflow,非有效目标编译器bug,请求动态shared memory超过sm_89每block 99328字节限制；生成/资源预算不足,2,float16,"(1, 16, 32)","(256, 256, 16)",169b4fd8640271a2abd42d11e9fa5a9395e25b0d34e7276880526848b33df8fb
results/2026.09.15-23.03_tilelang_easy-shape_seed=42/failed/shared_memory_overflow/failed_calls_main(f1)__f0()__f1(f0+f0)_e347041f6cfe0772.json,e347041f6cfe0772,tilelang,shared_memory_overflow,非有效目标编译器bug,请求动态shared memory超过sm_89每block 99328字节限制；生成/资源预算不足,2,float16,"(4, 64, 16384)","(256, 256, 8)",622cf670150ae3f5eb950b7bbf945f4207c80df3ca557d40ce0a0eaf1db7ca93
results/2026.09.15-23.03_tilelang_easy-shape_seed=42/failed/shared_memory_overflow/failed_calls_main(f1)__f0()__f1(f0+f0)_e4fb4e52463c90bf.json,e4fb4e52463c90bf,tilelang,shared_memory_overflow,非有效目标编译器bug,请求动态shared memory超过sm_89每block 99328字节限制；生成/资源预算不足,2,float16,"(64, 4, 8192)","(256, 256, 8)",f77da9be74eed44bb9bd1c65787bddb1985b37de65b61f4233eac8bcb454a4bb
results/2026.09.15-23.03_tilelang_easy-shape_seed=42/failed/shared_memory_overflow/failed_calls_main(f1)__f0()__f1(f0+f0)_f2efa8956589cd9b.json,f2efa8956589cd9b,tilelang,shared_memory_overflow,非有效目标编译器bug,请求动态shared memory超过sm_89每block 99328字节限制；生成/资源预算不足,2,float16,"(64, 8, 16384)","(128, 128, 32)",556d14c5425aa0826e9e0e8134248d987182ec5d6bb5ef77980f6c965906c971
results/2026.09.15-23.03_tilelang_easy-shape_seed=42/failed/shared_memory_overflow/failed_calls_main(f1+f1)__f0()__f1(f0)_02db53beee5a5257.json,02db53beee5a5257,tilelang,shared_memory_overflow,非有效目标编译器bug,请求动态shared memory超过sm_89每block 99328字节限制；生成/资源预算不足,2,float32,"(4, 4, 2048)","(256, 256, 16)",01190fe8d1bdef02c10f1fc34c6927567b77fb4a3eaf5773a9878fe81c7fe6d5
results/2026.09.15-23.03_tilelang_easy-shape_seed=42/failed/shared_memory_overflow/failed_calls_main(f1+f1)__f0()__f1(f0)_0d6962ea6dfc066c.json,0d6962ea6dfc066c,tilelang,shared_memory_overflow,非有效目标编译器bug,请求动态shared memory超过sm_89每block 99328字节限制；生成/资源预算不足,2,float32,"(8192, 1, 1024)","(256, 256, 8)",4245aeab7bb77c53658cca825bf6893ae3b19fa2596d4e8edba3796b2924e9e8
results/2026.09.15-23.03_tilelang_easy-shape_seed=42/failed/shared_memory_overflow/failed_calls_main(f1+f1)__f0()__f1(f0)_268479f7fba83e34.json,268479f7fba83e34,tilelang,shared_memory_overflow,非有效目标编译器bug,请求动态shared memory超过sm_89每block 99328字节限制；生成/资源预算不足,2,float32,"(1, 1024, 1)","(256, 256, 16)",85aef4ca53e7bf466152ddf3a760f024d6af5838a32d836bef24570d0d04c41a
results/2026.09.15-23.03_tilelang_easy-shape_seed=42/failed/shared_memory_overflow/failed_calls_main(f1+f1)__f0()__f1(f0)_2bea14d70b06d28b.json,2bea14d70b06d28b,tilelang,shared_memory_overflow,非有效目标编译器bug,请求动态shared memory超过sm_89每block 99328字节限制；生成/资源预算不足,2,float16,"(2048, 32, 512)","(256, 256, 8)",7bbbb330c95a3d25f1fd9156ef8eab8515fe63291cd71398d7f3abb7635857bd
results/2026.09.15-23.03_tilelang_easy-shape_seed=42/failed/shared_memory_overflow/failed_calls_main(f1+f1)__f0()__f1(f0)_6f85e838c3bfabfe.json,6f85e838c3bfabfe,tilelang,shared_memory_overflow,非有效目标编译器bug,请求动态shared memory超过sm_89每block 99328字节限制；生成/资源预算不足,2,float16,"(2, 256, 1024)","(256, 256, 32)",18076943fd9d2394db67322c3114641afdf85f596cca3f5cc5009f7a1bfa5cf9
results/2026.09.15-23.03_tilelang_easy-shape_seed=42/failed/shared_memory_overflow/failed_calls_main(f1+f1)__f0()__f1(f0)_ea07e73c1c338eec.json,ea07e73c1c338eec,tilelang,shared_memory_overflow,非有效目标编译器bug,请求动态shared memory超过sm_89每block 99328字节限制；生成/资源预算不足,2,float16,"(512, 2048, 32)","(256, 256, 8)",432fd8997e9b3539fd070863c9b16ff88ec133822e2b9b364a452ac88e51c450
results/2026.09.15-23.03_tilelang_easy-shape_seed=42/failed/shared_memory_overflow/failed_calls_main(f1+f1)__f0()__f1(f0+f0)_34848fa1f210413f.json,34848fa1f210413f,tilelang,shared_memory_overflow,非有效目标编译器bug,请求动态shared memory超过sm_89每block 99328字节限制；生成/资源预算不足,2,float32,"(64, 64, 2)","(256, 256, 16)",a25e0182f7a9f7d7e9f154e22c46a6c1c37e6127d37e3c25097526600670c2a2
results/2026.09.15-23.03_tilelang_easy-shape_seed=42/failed/shared_memory_overflow/failed_calls_main(f1+f1)__f0()__f1(f0+f0)_3b7756641df07ac1.json,3b7756641df07ac1,tilelang,shared_memory_overflow,非有效目标编译器bug,请求动态shared memory超过sm_89每block 99328字节限制；生成/资源预算不足,2,float32,"(1, 16384, 8)","(256, 256, 8)",f5ee65f9ef921092a6d245689e4fc5688e272ad91df852378a959b89d5d6107d
results/2026.09.15-23.03_tilelang_easy-shape_seed=42/failed/shared_memory_overflow/failed_calls_main(f1+f1)__f0()__f1(f0+f0)_80e154234171c0af.json,80e154234171c0af,tilelang,shared_memory_overflow,非有效目标编译器bug,请求动态shared memory超过sm_89每block 99328字节限制；生成/资源预算不足,2,float32,"(1024, 16, 32)","(256, 256, 16)",00588f805d0603818d24b2ac7a4f43bafb359f2761ead6b09ffc3aa07d4ba326
results/2026.09.15-23.03_tilelang_easy-shape_seed=42/failed/shared_memory_overflow/failed_calls_main(f1+f1)__f0()__f1(f0+f0)_ab9f0f2321462949.json,ab9f0f2321462949,tilelang,shared_memory_overflow,非有效目标编译器bug,请求动态shared memory超过sm_89每block 99328字节限制；生成/资源预算不足,2,float32,"(4096, 4096, 4)","(256, 256, 16)",991b098a657a92d09791ac0c913f5105bd13923e8f7cd6392bfa454ae12aa11a
results/2026.09.15-23.03_tilelang_easy-shape_seed=42/failed/shared_memory_overflow/failed_calls_main(f1+f1)__f0()__f1(f0+f0)_d2acc18819ab3e0f.json,d2acc18819ab3e0f,tilelang,shared_memory_overflow,非有效目标编译器bug,请求动态shared memory超过sm_89每block 99328字节限制；生成/资源预算不足,2,float32,"(1, 128, 8)","(256, 256, 16)",0b5e1b51918f38ac90b02c2e7024d9d56beb0ca0b796f7f5a1c82fbfdc153265
results/2026.09.15-23.03_tilelang_easy-shape_seed=42/failed/shared_memory_overflow/failed_calls_main(f1+f1)__f0()__f1(f0+f0)_d97d35d242bf6508.json,d97d35d242bf6508,tilelang,shared_memory_overflow,非有效目标编译器bug,请求动态shared memory超过sm_89每block 99328字节限制；生成/资源预算不足,2,float16,"(256, 32, 8192)","(256, 256, 8)",56ce73dc12f7dce2bd880bbf243216085b06c61d5edc864dfb8aed09a371bfb8
results/2026.09.15-23.03_tilelang_easy-shape_seed=42/failed/timeout/failed_calls_main(f0)__f0()_18d20ef9a1fab754.json,18d20ef9a1fab754,tilelang,timeout,超时证据不足,历史Region日志只有Execution timed out，不能区分编译慢、参考慢、资源压力和kernel hang,2,float32,"(4, 256, 64)","(64, 64, 32)",564ffcd71b57ebfecc0b0c0a07153a7c6541231c8bd81793cb2112d0ddd8886b
results/2026.09.15-23.03_tilelang_easy-shape_seed=42/failed/timeout/failed_calls_main(f0)__f0()_386938222638a2a1.json,386938222638a2a1,tilelang,timeout,超时证据不足,历史Region日志只有Execution timed out，不能区分编译慢、参考慢、资源压力和kernel hang,2,float32,"(2048, 2, 2048)","(256, 256, 16)",8dc1f841c3eab4785b54e29c5fbd24b7b0592325513140060305cb0e85609da9
results/2026.09.15-23.03_tilelang_easy-shape_seed=42/failed/timeout/failed_calls_main(f0)__f0()_464cbbb00dfb2cc7.json,464cbbb00dfb2cc7,tilelang,timeout,超时证据不足,历史Region日志只有Execution timed out，不能区分编译慢、参考慢、资源压力和kernel hang,2,float32,"(4, 1024, 16384)","(256, 256, 16)",3b171a110672d7869187bccb08949ad4b056e4d339549e4481232259ff00a536
results/2026.09.15-23.03_tilelang_easy-shape_seed=42/failed/timeout/failed_calls_main(f0)__f0()_61e454ba9e08c1d9.json,61e454ba9e08c1d9,tilelang,timeout,超时证据不足,历史Region日志只有Execution timed out，不能区分编译慢、参考慢、资源压力和kernel hang,2,float16,"(16384, 512, 4)","(256, 256, 16)",bdaea1aabda4088969f16d72d8faeea175ae7b0f19c5099d628b079acadd6292
results/2026.09.15-23.03_tilelang_easy-shape_seed=42/failed/timeout/failed_calls_main(f0)__f0()_8fb5d35b7674cec1.json,8fb5d35b7674cec1,tilelang,timeout,超时证据不足,历史Region日志只有Execution timed out，不能区分编译慢、参考慢、资源压力和kernel hang,2,float16,"(2, 2048, 8)","(256, 256, 8)",8c990796958c37d8f92acc8fe8fe1246a94709881a219e09a64ee7546ff3008b
results/2026.09.15-23.03_tilelang_easy-shape_seed=42/failed/timeout/failed_calls_main(f0)__f0()_a6c2989e2e9e067f.json,a6c2989e2e9e067f,tilelang,timeout,超时证据不足,历史Region日志只有Execution timed out，不能区分编译慢、参考慢、资源压力和kernel hang,2,float16,"(16, 256, 8192)","(256, 256, 16)",f8e8880f7047afaa8c5ce97fe0cacf37579b0a204f9dc8c349b833a984a2a9be
results/2026.09.15-23.03_tilelang_easy-shape_seed=42/failed/timeout/failed_calls_main(f0)__f0()_c759d092ccc9506a.json,c759d092ccc9506a,tilelang,timeout,超时证据不足,历史Region日志只有Execution timed out，不能区分编译慢、参考慢、资源压力和kernel hang,2,float32,"(2, 2, 1)","(128, 128, 8)",71df7cd2f6ab98da17f222b9ce451c1aae74fafc57a816cd8762d804625124d1
results/2026.09.15-23.03_tilelang_easy-shape_seed=42/failed/timeout/failed_calls_main(f0)__f0()_d921c9007a99ffed.json,d921c9007a99ffed,tilelang,timeout,超时证据不足,历史Region日志只有Execution timed out，不能区分编译慢、参考慢、资源压力和kernel hang,2,float16,"(8, 16, 2)","(256, 256, 8)",2660965fe7709a0a7bc0cb378ee33a323bce369eb5097eff03ac136d2e813d2c
results/2026.09.15-23.03_tilelang_easy-shape_seed=42/failed/timeout/failed_calls_main(f0)__f0()_f7c1af2446a165d1.json,f7c1af2446a165d1,tilelang,timeout,超时证据不足,历史Region日志只有Execution timed out，不能区分编译慢、参考慢、资源压力和kernel hang,2,float16,"(16384, 16384, 1024)","(64, 32, 16)",f37fbd0419363b00294cb2fec559d0e43e6b747dc43d138c69fce0b1d0659c76
results/2026.09.15-23.03_tilelang_easy-shape_seed=42/failed/timeout/failed_calls_main(f0)__f0()_ff96b50ef5465bd8.json,ff96b50ef5465bd8,tilelang,timeout,超时证据不足,历史Region日志只有Execution timed out，不能区分编译慢、参考慢、资源压力和kernel hang,2,float16,"(1024, 16, 2048)","(256, 256, 16)",dd1388eeb1e89b0064e8ee859f4be424376f0fe09097dd1538fd4aaa9733a7ca
results/2026.09.15-23.03_tilelang_easy-shape_seed=42/failed/timeout/failed_calls_main(f0+f0)__f0()_0ec15a1fe29b7b2b.json,0ec15a1fe29b7b2b,tilelang,timeout,超时证据不足,历史Region日志只有Execution timed out，不能区分编译慢、参考慢、资源压力和kernel hang,2,float16,"(8, 32, 8)","(256, 256, 8)",f25aa8a04096ba994f9dac7f3db0243ead12aae7c7d4f862212ecc4ee8798c6c
results/2026.09.15-23.03_tilelang_easy-shape_seed=42/failed/timeout/failed_calls_main(f0+f0)__f0()_3ba9af7e3863c873.json,3ba9af7e3863c873,tilelang,timeout,超时证据不足,历史Region日志只有Execution timed out，不能区分编译慢、参考慢、资源压力和kernel hang,2,float32,"(16384, 8192, 8)","(256, 256, 16)",f82dec9b540e1e9e0156541f72e44c8cf299ba7a550d2c18007281fe737d2860
results/2026.09.15-23.03_tilelang_easy-shape_seed=42/failed/timeout/failed_calls_main(f0+f0)__f0()_5c4f65384149dfc6.json,5c4f65384149dfc6,tilelang,timeout,超时证据不足,历史Region日志只有Execution timed out，不能区分编译慢、参考慢、资源压力和kernel hang,2,float32,"(2, 1024, 2048)","(256, 256, 16)",bfb31cb375a6db487816f80b21bdc4aaf7b11a3e8ac40bd5c3465f04284938d2
results/2026.09.15-23.03_tilelang_easy-shape_seed=42/failed/timeout/failed_calls_main(f0+f0)__f0()_65c4ca30f01299ab.json,65c4ca30f01299ab,tilelang,timeout,超时证据不足,历史Region日志只有Execution timed out，不能区分编译慢、参考慢、资源压力和kernel hang,2,float32,"(256, 256, 256)","(256, 256, 8)",e1347ad24c2352d90c6e6b17c0559e8fe4cabefde77c8a4496e545f2b78b336d
results/2026.09.15-23.03_tilelang_easy-shape_seed=42/failed/timeout/failed_calls_main(f0+f0)__f0()_fc9000578cb5b7ea.json,fc9000578cb5b7ea,tilelang,timeout,超时证据不足,历史Region日志只有Execution timed out，不能区分编译慢、参考慢、资源压力和kernel hang,2,float16,"(64, 128, 8192)","(256, 256, 32)",67d49f701fd46bd6ec9df605322605065b0234983b0c4c27af1f1279711bce50
results/2026.09.15-23.03_tilelang_easy-shape_seed=42/failed/timeout/failed_calls_main(f0+f0+f0)__f0()_98071a177250fde5.json,98071a177250fde5,tilelang,timeout,超时证据不足,历史Region日志只有Execution timed out，不能区分编译慢、参考慢、资源压力和kernel hang,2,float32,"(64, 2, 512)","(256, 256, 8)",da8fd2a16c3caccdff89fcbe2e842c085d510af996aecff2b1d30ee304965829
results/2026.09.15-23.03_tilelang_easy-shape_seed=42/failed/timeout/failed_calls_main(f0+f1)__f0()__f1(f0)_75c3a72fda5f029a.json,75c3a72fda5f029a,tilelang,timeout,超时证据不足,历史Region日志只有Execution timed out，不能区分编译慢、参考慢、资源压力和kernel hang,2,float32,"(512, 8, 128)","(256, 256, 8)",37a2e8a456c237b6dccbbcfb6b88a99a0f69383f368f1d4bcb4ae9609cf868eb
results/2026.09.15-23.03_tilelang_easy-shape_seed=42/failed/timeout/failed_calls_main(f1)__f0()__f1(f0)_0c3ef59ff9507cb0.json,0c3ef59ff9507cb0,tilelang,timeout,超时证据不足,历史Region日志只有Execution timed out，不能区分编译慢、参考慢、资源压力和kernel hang,2,float32,"(2, 16, 2048)","(256, 256, 16)",4e8cd23ad0b388199554e7eeeff3fa0df4adb433a17550165598d9d49036bff7
results/2026.09.15-23.03_tilelang_easy-shape_seed=42/failed/timeout/failed_calls_main(f1)__f0()__f1(f0)_3533e718b84950a7.json,3533e718b84950a7,tilelang,timeout,超时证据不足,历史Region日志只有Execution timed out，不能区分编译慢、参考慢、资源压力和kernel hang,2,float16,"(1, 2, 2)","(256, 256, 8)",aa0c7e3a1d56a6d2a72a50f380c21e59e954372668c0ac20a20bf6271905caf0
results/2026.09.15-23.03_tilelang_easy-shape_seed=42/failed/timeout/failed_calls_main(f1)__f0()__f1(f0)_36ad862fe004a31e.json,36ad862fe004a31e,tilelang,timeout,超时证据不足,历史Region日志只有Execution timed out，不能区分编译慢、参考慢、资源压力和kernel hang,2,float32,"(16384, 16384, 16384)","(64, 256, 8)",18cba2f585d2b9f835ec4d6b1dd62440a8bcb36422940af0ab4419185f25c5a1
results/2026.09.15-23.03_tilelang_easy-shape_seed=42/failed/timeout/failed_calls_main(f1)__f0()__f1(f0)_51470c916d79e5b4.json,51470c916d79e5b4,tilelang,timeout,超时证据不足,历史Region日志只有Execution timed out，不能区分编译慢、参考慢、资源压力和kernel hang,2,float32,"(32, 2, 32)","(256, 256, 16)",ccca1dff11d44075f9c8ee384ac7a86654c7cd0fc6c68c06bf38a2ec1f215adf
results/2026.09.15-23.03_tilelang_easy-shape_seed=42/failed/timeout/failed_calls_main(f1)__f0()__f1(f0)_559921b99c9e384f.json,559921b99c9e384f,tilelang,timeout,超时证据不足,历史Region日志只有Execution timed out，不能区分编译慢、参考慢、资源压力和kernel hang,2,float32,"(16384, 8192, 1024)","(128, 128, 32)",f2c82c27e070f5d84f92a536f7eaa8433be872b8fe277af2f26687c5d8bd9a40
results/2026.09.15-23.03_tilelang_easy-shape_seed=42/failed/timeout/failed_calls_main(f1)__f0()__f1(f0)_70055b7dd11be0ac.json,70055b7dd11be0ac,tilelang,timeout,超时证据不足,历史Region日志只有Execution timed out，不能区分编译慢、参考慢、资源压力和kernel hang,2,float32,"(8, 8, 4)","(256, 256, 8)",68f33c70057676cad5d3cd6aa879082a8b380b5b9679fdb30ff3bdc1b2758503
results/2026.09.15-23.03_tilelang_easy-shape_seed=42/failed/timeout/failed_calls_main(f1)__f0()__f1(f0)_a90b4fbd749ed627.json,a90b4fbd749ed627,tilelang,timeout,超时证据不足,历史Region日志只有Execution timed out，不能区分编译慢、参考慢、资源压力和kernel hang,2,float32,"(64, 2048, 1)","(256, 256, 16)",bed240ce98131b9d6dcca90c8a39bf074216c26b8338870edcc631356009601c
results/2026.09.15-23.03_tilelang_easy-shape_seed=42/failed/timeout/failed_calls_main(f1)__f0()__f1(f0)_ae594ce1d6408a67.json,ae594ce1d6408a67,tilelang,timeout,超时证据不足,历史Region日志只有Execution timed out，不能区分编译慢、参考慢、资源压力和kernel hang,2,float16,"(16384, 4, 128)","(256, 256, 32)",2adeaf4e32a6ebf3ae96d417615d1dbe3c68d9fe969f05d012bedf32fa497474
results/2026.09.15-23.03_tilelang_easy-shape_seed=42/failed/timeout/failed_calls_main(f1)__f0()__f1(f0)_b9f7ba58222df52c.json,b9f7ba58222df52c,tilelang,timeout,超时证据不足,历史Region日志只有Execution timed out，不能区分编译慢、参考慢、资源压力和kernel hang,2,float16,"(64, 16384, 16)","(256, 256, 16)",05845156dd4ad35f519036d13ae006d26d6004e935c397ee7cd62a15fde20980
results/2026.09.15-23.03_tilelang_easy-shape_seed=42/failed/timeout/failed_calls_main(f1)__f0()__f1(f0)_d7dfd9614359ce88.json,d7dfd9614359ce88,tilelang,timeout,超时证据不足,历史Region日志只有Execution timed out，不能区分编译慢、参考慢、资源压力和kernel hang,2,float32,"(8192, 8192, 16384)","(256, 256, 16)",d82cadbc6ece77cc714433e70d4014b55b942c321662baede8d47d973c920a59
results/2026.09.15-23.03_tilelang_easy-shape_seed=42/failed/timeout/failed_calls_main(f1)__f0()__f1(f0)_e5b06d65bb4d4bea.json,e5b06d65bb4d4bea,tilelang,timeout,超时证据不足,历史Region日志只有Execution timed out，不能区分编译慢、参考慢、资源压力和kernel hang,2,float32,"(16384, 16384, 32)","(64, 64, 32)",a3c13da66871f4bfbfda4bc5e74a26e9b5f70e2abb4fdfba2f52f45153148b01
results/2026.09.15-23.03_tilelang_easy-shape_seed=42/failed/timeout/failed_calls_main(f1)__f0()__f1(f0+f0)_87b5eedf05541606.json,87b5eedf05541606,tilelang,timeout,超时证据不足,历史Region日志只有Execution timed out，不能区分编译慢、参考慢、资源压力和kernel hang,2,float32,"(4, 32, 2)","(256, 256, 8)",fd3ec31585f2036be5592c8182d4252240b95fa8e2a354e60160bc1db2e8f545
results/2026.09.15-23.03_tilelang_easy-shape_seed=42/failed/timeout/failed_calls_main(f1+f0+f1)__f0()__f1(f0+f0)_976eaee13c9dca9f.json,976eaee13c9dca9f,tilelang,timeout,超时证据不足,历史Region日志只有Execution timed out，不能区分编译慢、参考慢、资源压力和kernel hang,2,float16,"(4096, 4096, 2)","(256, 256, 8)",94206e6b2be84d3b23f14f6994dcd2268e9f5538a4c491e5f70db4d32bd60958
results/2026.09.15-23.03_tilelang_easy-shape_seed=42/failed/timeout/failed_calls_main(f1+f1)__f0()__f1(f0)_47c2abb53c0d19bc.json,47c2abb53c0d19bc,tilelang,timeout,超时证据不足,历史Region日志只有Execution timed out，不能区分编译慢、参考慢、资源压力和kernel hang,2,float32,"(1, 64, 4096)","(256, 256, 8)",6fb738945eda4add6ae4fbaffc075c6cdf61eb36a86fb761295991fa99d71c0c
results/2026.09.15-23.03_tilelang_easy-shape_seed=42/failed/wrong_result/failed_calls_main(f0)__f0()_03f4b51d824d7b4e.json,03f4b51d824d7b4e,tilelang,wrong_result,K=8已知错误机制候选,与已确认K=8布局/列重复机制同配置；不能因block_K=8判非法，也不能未经缩减把全部219条算独立bug,2,float16,"(4096, 256, 64)","(64, 256, 8)",c0eaf2a47d24086b61c27d6d0f0c37bf2e7cf2d109f7e900b0731f457194472f
results/2026.09.15-23.03_tilelang_easy-shape_seed=42/failed/wrong_result/failed_calls_main(f0)__f0()_042b8054fca4824f.json,042b8054fca4824f,tilelang,wrong_result,待确认,需要逐条缩减及独立语义验证,2,float32,"(2, 16384, 2)","(64, 32, 64)",32bd66be2205900037410df12c8d6f25bad8b5b3174aa1c99895296de4eec249
results/2026.09.15-23.03_tilelang_easy-shape_seed=42/failed/wrong_result/failed_calls_main(f0)__f0()_085c6942089cd876.json,085c6942089cd876,tilelang,wrong_result,K=8已知错误机制候选,与已确认K=8布局/列重复机制同配置；不能因block_K=8判非法，也不能未经缩减把全部219条算独立bug,2,float16,"(2048, 8192, 512)","(128, 64, 8)",00d9f8663b03e8fb5bc1a6b647e1ce65dd59443b6a7dce219a80bd8cb6a836d0
results/2026.09.15-23.03_tilelang_easy-shape_seed=42/failed/wrong_result/failed_calls_main(f0)__f0()_09ad7e8693d3d052.json,09ad7e8693d3d052,tilelang,wrong_result,K=8已知错误机制候选,与已确认K=8布局/列重复机制同配置；不能因block_K=8判非法，也不能未经缩减把全部219条算独立bug,2,float16,"(16384, 2048, 8)","(32, 64, 8)",f4cd3a3505f84d4b0afe8e53bb625b6a10aa3d92ed694d91e7e787e82d166309
results/2026.09.15-23.03_tilelang_easy-shape_seed=42/failed/wrong_result/failed_calls_main(f0)__f0()_0bcde4337a29007e.json,0bcde4337a29007e,tilelang,wrong_result,待确认,需要逐条缩减及独立语义验证,2,float32,"(256, 1024, 4096)","(64, 64, 32)",72df6b3ab10eeeae40d7a3d3b884d7494aa0ba13398ba1ed9c2e9cf58eb0425b
results/2026.09.15-23.03_tilelang_easy-shape_seed=42/failed/wrong_result/failed_calls_main(f0)__f0()_0c6558da6e2fb918.json,0c6558da6e2fb918,tilelang,wrong_result,待确认,需要逐条缩减及独立语义验证,2,float32,"(8, 1024, 1024)","(256, 32, 16)",fe5805fdde2d44910bffed8091fcc9d47a18e2b61e2f26b48732326eca0441ba
results/2026.09.15-23.03_tilelang_easy-shape_seed=42/failed/wrong_result/failed_calls_main(f0)__f0()_0d51352825378404.json,0d51352825378404,tilelang,wrong_result,K=8已知错误机制候选,与已确认K=8布局/列重复机制同配置；不能因block_K=8判非法，也不能未经缩减把全部219条算独立bug,2,float16,"(64, 64, 64)","(128, 256, 8)",f3b33fc58958cd91f042b7d48c06982fdd4f517eba7dea16fbbc4fae3672776c
results/2026.09.15-23.03_tilelang_easy-shape_seed=42/failed/wrong_result/failed_calls_main(f0)__f0()_0ee24a8f41e3287b.json,0ee24a8f41e3287b,tilelang,wrong_result,K=8已知错误机制候选,与已确认K=8布局/列重复机制同配置；不能因block_K=8判非法，也不能未经缩减把全部219条算独立bug,2,float16,"(2048, 8, 8)","(64, 64, 8)",b2b8c3e2231c437642b92881b682b572b20af4c56815224f4f3f6cf9b4c0b1ac
results/2026.09.15-23.03_tilelang_easy-shape_seed=42/failed/wrong_result/failed_calls_main(f0)__f0()_140795e18fffca10.json,140795e18fffca10,tilelang,wrong_result,待确认,需要逐条缩减及独立语义验证,2,float32,"(4096, 2048, 8192)","(128, 128, 16)",e8b8edbd7bf3bbbbdc429958d4ace8b1fb3d4b66513ddd0c5b430a06b116a4d9
results/2026.09.15-23.03_tilelang_easy-shape_seed=42/failed/wrong_result/failed_calls_main(f0)__f0()_1626f5537a6d7a60.json,1626f5537a6d7a60,tilelang,wrong_result,K=8已知错误机制候选,与已确认K=8布局/列重复机制同配置；不能因block_K=8判非法，也不能未经缩减把全部219条算独立bug,2,float16,"(16384, 1, 8192)","(64, 64, 8)",cbe66309019dc6bf1e745e15c49f4f9889071b57d5792475ace91b7fdb065a3d
results/2026.09.15-23.03_tilelang_easy-shape_seed=42/failed/wrong_result/failed_calls_main(f0)__f0()_169e42bd0fcbe80e.json,169e42bd0fcbe80e,tilelang,wrong_result,待确认,需要逐条缩减及独立语义验证,2,float32,"(16384, 64, 16384)","(16, 128, 32)",e3660ddf49c8ba464a658a08d3afa6bddef4d2e6b3e55670dd422f0139a100a0
results/2026.09.15-23.03_tilelang_easy-shape_seed=42/failed/wrong_result/failed_calls_main(f0)__f0()_1c0a8fbfa93a4e9b.json,1c0a8fbfa93a4e9b,tilelang,wrong_result,待确认,需要逐条缩减及独立语义验证,2,float32,"(32, 8192, 32)","(128, 128, 8)",346085b51205bb38ba6766ed032b18b7efb561a171d418c8e9c92d20ab717b8b
results/2026.09.15-23.03_tilelang_easy-shape_seed=42/failed/wrong_result/failed_calls_main(f0)__f0()_1c8612fe998cdce6.json,1c8612fe998cdce6,tilelang,wrong_result,待确认,需要逐条缩减及独立语义验证,2,float32,"(32, 64, 2048)","(32, 32, 64)",79c5060770b3aa72012d3429534ad730953420600b9fd8ab6d4114098c07fe47
results/2026.09.15-23.03_tilelang_easy-shape_seed=42/failed/wrong_result/failed_calls_main(f0)__f0()_2023663cabc8537a.json,2023663cabc8537a,tilelang,wrong_result,K=8已知错误机制候选,与已确认K=8布局/列重复机制同配置；不能因block_K=8判非法，也不能未经缩减把全部219条算独立bug,2,float16,"(2, 2048, 2)","(256, 256, 8)",b470a76f0b5af36f5e595ecef60ae75807ad4884840262247ab804b9cfcb52e8
results/2026.09.15-23.03_tilelang_easy-shape_seed=42/failed/wrong_result/failed_calls_main(f0)__f0()_20795f7d203488e2.json,20795f7d203488e2,tilelang,wrong_result,待确认,需要逐条缩减及独立语义验证,2,float32,"(4096, 256, 16)","(128, 64, 8)",7028566a1d939728abd423eee5c29c3566fe9b995e2d99186443377921db8d9f
results/2026.09.15-23.03_tilelang_easy-shape_seed=42/failed/wrong_result/failed_calls_main(f0)__f0()_2189117a9322961d.json,2189117a9322961d,tilelang,wrong_result,待确认,需要逐条缩减及独立语义验证,2,float32,"(256, 64, 1024)","(32, 32, 8)",5ed422553b0629ce39faa77f675f9a0bdbeb0b56a62b3b6de58a45786f7c5aa8
results/2026.09.15-23.03_tilelang_easy-shape_seed=42/failed/wrong_result/failed_calls_main(f0)__f0()_283b4612def4b0b4.json,283b4612def4b0b4,tilelang,wrong_result,K=8已知错误机制候选,与已确认K=8布局/列重复机制同配置；不能因block_K=8判非法，也不能未经缩减把全部219条算独立bug,2,float16,"(256, 16, 16)","(32, 32, 8)",d4ed28d4e10c5e8bea76c4f80c7dfd7c257dfa4d5ad46ab5559ef165e17c0c24
results/2026.09.15-23.03_tilelang_easy-shape_seed=42/failed/wrong_result/failed_calls_main(f0)__f0()_325c20dc11f3e30b.json,325c20dc11f3e30b,tilelang,wrong_result,待确认,需要逐条缩减及独立语义验证,2,float32,"(2048, 2048, 16384)","(64, 64, 16)",35c37479689aa5e87f90766673fdd2f9dd4c1eaaeb3cb65538531687d3b856cf
results/2026.09.15-23.03_tilelang_easy-shape_seed=42/failed/wrong_result/failed_calls_main(f0)__f0()_3284ce0b444a4fd1.json,3284ce0b444a4fd1,tilelang,wrong_result,待确认,需要逐条缩减及独立语义验证,2,float16,"(8192, 64, 1024)","(32, 32, 8)",dd2d91a85fa0ae8e95843a6abcd79d75c73262da3c571d3135ebb4aae236bac7
results/2026.09.15-23.03_tilelang_easy-shape_seed=42/failed/wrong_result/failed_calls_main(f0)__f0()_3dcd48db8ac600e8.json,3dcd48db8ac600e8,tilelang,wrong_result,待确认,需要逐条缩减及独立语义验证,2,float32,"(512, 16384, 2)","(64, 64, 64)",9adb8d5b2870848fa4f837286f1c56a9d9c40abf335f1d09049e268d18f6025a
results/2026.09.15-23.03_tilelang_easy-shape_seed=42/failed/wrong_result/failed_calls_main(f0)__f0()_46506a618e800723.json,46506a618e800723,tilelang,wrong_result,待确认,需要逐条缩减及独立语义验证,2,float32,"(2048, 256, 2)","(16, 64, 64)",308d2abbb7043275a4e7cd4b7d7fac0487051240a6dc90a309d326d4f31abb77
results/2026.09.15-23.03_tilelang_easy-shape_seed=42/failed/wrong_result/failed_calls_main(f0)__f0()_4e44dbcf37e746a9.json,4e44dbcf37e746a9,tilelang,wrong_result,待确认,需要逐条缩减及独立语义验证,2,float32,"(2048, 256, 16)","(32, 32, 128)",1437444490b4615532c007ea6d270e60b295268ae985f9d61da8fda0ad5328f2
results/2026.09.15-23.03_tilelang_easy-shape_seed=42/failed/wrong_result/failed_calls_main(f0)__f0()_530bb667dfbb23c5.json,530bb667dfbb23c5,tilelang,wrong_result,待确认,需要逐条缩减及独立语义验证,2,float32,"(4, 4096, 4096)","(32, 32, 8)",c15bea451c6a5b9ff6cafb857b109a4c1c6075a0e2e9a139d613bfeb5be3a52e
results/2026.09.15-23.03_tilelang_easy-shape_seed=42/failed/wrong_result/failed_calls_main(f0)__f0()_5e8ffd2093594ef3.json,5e8ffd2093594ef3,tilelang,wrong_result,待确认,需要逐条缩减及独立语义验证,2,float32,"(8192, 8, 1024)","(128, 32, 8)",f982c8890d6fa9bd186dba82a5d97b650fa263038602870a42597fe0fba13b8c
results/2026.09.15-23.03_tilelang_easy-shape_seed=42/failed/wrong_result/failed_calls_main(f0)__f0()_63d9472dac46c1c6.json,63d9472dac46c1c6,tilelang,wrong_result,待确认,需要逐条缩减及独立语义验证,2,float16,"(16384, 64, 8192)","(64, 64, 16)",6d4e4a853acc2a0b8229b4252833b099b56efe0ed3800c2c40b1b70040fa7b7b
results/2026.09.15-23.03_tilelang_easy-shape_seed=42/failed/wrong_result/failed_calls_main(f0)__f0()_63ff3adaa420ff36.json,63ff3adaa420ff36,tilelang,wrong_result,待确认,需要逐条缩减及独立语义验证,2,float32,"(16384, 512, 2)","(128, 64, 16)",f08c1e1d5523790158c9ba4ad425374d3ba563c69705f8145e0409de3748b883
results/2026.09.15-23.03_tilelang_easy-shape_seed=42/failed/wrong_result/failed_calls_main(f0)__f0()_677a883261953c02.json,677a883261953c02,tilelang,wrong_result,待确认,需要逐条缩减及独立语义验证,2,float32,"(32, 2048, 1024)","(128, 16, 8)",9512d7df72eddef92252308aecbb11855ff49d6ad5e2c1d4dff3f6e79d01a20a
results/2026.09.15-23.03_tilelang_easy-shape_seed=42/failed/wrong_result/failed_calls_main(f0)__f0()_68df4d84eb026b05.json,68df4d84eb026b05,tilelang,wrong_result,K=8已知错误机制候选,与已确认K=8布局/列重复机制同配置；不能因block_K=8判非法，也不能未经缩减把全部219条算独立bug,2,float16,"(256, 32, 64)","(128, 256, 8)",a0bc931cd1ecc5d2fff4b4966ad391aa86a456186f74da7fed5ec7d4e9ae401a
results/2026.09.15-23.03_tilelang_easy-shape_seed=42/failed/wrong_result/failed_calls_main(f0)__f0()_6d39a79994b9a4e6.json,6d39a79994b9a4e6,tilelang,wrong_result,待确认,需要逐条缩减及独立语义验证,2,float32,"(2048, 8192, 8192)","(64, 64, 16)",44bcb402fbbda4d8d85f90b8341b5b0844ecc963d0cd4166a268057fe9a60f5d
results/2026.09.15-23.03_tilelang_easy-shape_seed=42/failed/wrong_result/failed_calls_main(f0)__f0()_6eb73492838ee626.json,6eb73492838ee626,tilelang,wrong_result,待确认,需要逐条缩减及独立语义验证,2,float32,"(256, 32, 512)","(64, 64, 8)",82b60333fce943a41f9a673e34935b50330489227e9606f3751f6cdf1783e5a7
results/2026.09.15-23.03_tilelang_easy-shape_seed=42/failed/wrong_result/failed_calls_main(f0)__f0()_742b8a3365c68f33.json,742b8a3365c68f33,tilelang,wrong_result,待确认,需要逐条缩减及独立语义验证,2,float32,"(4096, 256, 1024)","(32, 32, 16)",6378116345489ac0d5cc412929c6f698fb13e997590e9ed3120eac6599fe4e1e
results/2026.09.15-23.03_tilelang_easy-shape_seed=42/failed/wrong_result/failed_calls_main(f0)__f0()_7c1f2b14864f2072.json,7c1f2b14864f2072,tilelang,wrong_result,K=8已知错误机制候选,与已确认K=8布局/列重复机制同配置；不能因block_K=8判非法，也不能未经缩减把全部219条算独立bug,2,float16,"(512, 512, 16)","(128, 256, 8)",832220c3fcbce7964a36573c52c26a8366a799d761e96d692e954612f1467171
results/2026.09.15-23.03_tilelang_easy-shape_seed=42/failed/wrong_result/failed_calls_main(f0)__f0()_7f69bf81e7636fb0.json,7f69bf81e7636fb0,tilelang,wrong_result,K=8已知错误机制候选,与已确认K=8布局/列重复机制同配置；不能因block_K=8判非法，也不能未经缩减把全部219条算独立bug,2,float16,"(16384, 4096, 64)","(64, 64, 8)",4a65dc8f03a1e90bf516ffc324616c5a3371ec504502454380054af6bc2460e6
results/2026.09.15-23.03_tilelang_easy-shape_seed=42/failed/wrong_result/failed_calls_main(f0)__f0()_8450de9f544c1220.json,8450de9f544c1220,tilelang,wrong_result,K=8已知错误机制候选,与已确认K=8布局/列重复机制同配置；不能因block_K=8判非法，也不能未经缩减把全部219条算独立bug,2,float16,"(512, 128, 8)","(64, 64, 8)",6fe5529b527694ae49f3e1bb88a2c3d53db697571d78994b2d1c89bd7575a2bd
results/2026.09.15-23.03_tilelang_easy-shape_seed=42/failed/wrong_result/failed_calls_main(f0)__f0()_8f063cf89738d724.json,8f063cf89738d724,tilelang,wrong_result,待确认,需要逐条缩减及独立语义验证,2,float32,"(2048, 8, 16)","(32, 32, 32)",141b6f6b7d629554a156ebd27c98a6614d6ecbc32a93c653dc820aba90cb4908
results/2026.09.15-23.03_tilelang_easy-shape_seed=42/failed/wrong_result/failed_calls_main(f0)__f0()_8f3cb2539df61816.json,8f3cb2539df61816,tilelang,wrong_result,待确认,需要逐条缩减及独立语义验证,2,float32,"(512, 4096, 4096)","(32, 32, 32)",19eccb8462d06dcff8e506fc545acb1f2f543d991986753c2f053251dbd8c44b
results/2026.09.15-23.03_tilelang_easy-shape_seed=42/failed/wrong_result/failed_calls_main(f0)__f0()_9afa0a96bc8e07ba.json,9afa0a96bc8e07ba,tilelang,wrong_result,待确认,需要逐条缩减及独立语义验证,2,float32,"(1, 4096, 16384)","(64, 64, 32)",ed0ff21babaedc929b4abfc374000d91a6d8f9a9834e0b9dd71087bec91f1542
results/2026.09.15-23.03_tilelang_easy-shape_seed=42/failed/wrong_result/failed_calls_main(f0)__f0()_9d35635b33fe4a79.json,9d35635b33fe4a79,tilelang,wrong_result,待确认,需要逐条缩减及独立语义验证,2,float32,"(16384, 1024, 1024)","(32, 32, 8)",7adc38a39e13b0a12b04c6d9670960d3d53ec2a1cd35c326d0dbc4db1640eaf0
results/2026.09.15-23.03_tilelang_easy-shape_seed=42/failed/wrong_result/failed_calls_main(f0)__f0()_a03175c3d77a2de3.json,a03175c3d77a2de3,tilelang,wrong_result,待确认,需要逐条缩减及独立语义验证,2,float32,"(32, 16384, 8192)","(64, 32, 128)",a06fbcb8dd22d42f55c9eee4b9b4f35282beab918e4d51dad12ee2095ef55bfe
results/2026.09.15-23.03_tilelang_easy-shape_seed=42/failed/wrong_result/failed_calls_main(f0)__f0()_a19b85ed17ccd437.json,a19b85ed17ccd437,tilelang,wrong_result,K=8已知错误机制候选,与已确认K=8布局/列重复机制同配置；不能因block_K=8判非法，也不能未经缩减把全部219条算独立bug,2,float16,"(8192, 8192, 32)","(16, 256, 8)",062cb3f80cf16ad4cfd602054e03ae6d77129d6a6f2cac8c528a0c45c680f284
results/2026.09.15-23.03_tilelang_easy-shape_seed=42/failed/wrong_result/failed_calls_main(f0)__f0()_a1fc3c8e6ca0d026.json,a1fc3c8e6ca0d026,tilelang,wrong_result,待确认,需要逐条缩减及独立语义验证,2,float16,"(16384, 512, 16384)","(32, 32, 32)",4e1fa451fd7dbd41b5861d92cf1ad15b6379fae8cda910e28abece48ddbf31cb
results/2026.09.15-23.03_tilelang_easy-shape_seed=42/failed/wrong_result/failed_calls_main(f0)__f0()_a277e85a0cc39ec5.json,a277e85a0cc39ec5,tilelang,wrong_result,待确认,需要逐条缩减及独立语义验证,2,float32,"(8192, 512, 2048)","(128, 128, 16)",bf090605f791c45919132ba10707fa84b260a3739d1eaf7e98798af1f286b489
results/2026.09.15-23.03_tilelang_easy-shape_seed=42/failed/wrong_result/failed_calls_main(f0)__f0()_a90621433ff2278f.json,a90621433ff2278f,tilelang,wrong_result,K=8已知错误机制候选,与已确认K=8布局/列重复机制同配置；不能因block_K=8判非法，也不能未经缩减把全部219条算独立bug,2,float16,"(1, 64, 4)","(128, 128, 8)",7f9a37e7be8177da9668bc8f5439e2a88429431235cb6de94bc18c0c58380143
results/2026.09.15-23.03_tilelang_easy-shape_seed=42/failed/wrong_result/failed_calls_main(f0)__f0()_ba0f5ca7e7ae0c71.json,ba0f5ca7e7ae0c71,tilelang,wrong_result,K=8已知错误机制候选,与已确认K=8布局/列重复机制同配置；不能因block_K=8判非法，也不能未经缩减把全部219条算独立bug,2,float16,"(1, 256, 8192)","(256, 256, 8)",edaf3c793f825dc71c66c061fd343afefff1f0cd635e48076b51ab54988bbe3c
results/2026.09.15-23.03_tilelang_easy-shape_seed=42/failed/wrong_result/failed_calls_main(f0)__f0()_cf390127fe85393f.json,cf390127fe85393f,tilelang,wrong_result,K=8已知错误机制候选,与已确认K=8布局/列重复机制同配置；不能因block_K=8判非法，也不能未经缩减把全部219条算独立bug,2,float16,"(32, 1024, 16384)","(128, 32, 8)",add3c7efffa86237b7c63e32729c7a63d569a63cb30cfe8067d9a7c347ca2995
results/2026.09.15-23.03_tilelang_easy-shape_seed=42/failed/wrong_result/failed_calls_main(f0)__f0()_d1c1493dc717c269.json,d1c1493dc717c269,tilelang,wrong_result,K=8已知错误机制候选,与已确认K=8布局/列重复机制同配置；不能因block_K=8判非法，也不能未经缩减把全部219条算独立bug,2,float16,"(2048, 128, 128)","(64, 64, 8)",c6affd45284835df8aec19fd382aef1c5f557af8b06e939004255a2bc35e4417
results/2026.09.15-23.03_tilelang_easy-shape_seed=42/failed/wrong_result/failed_calls_main(f0)__f0()_d3406d99913102c3.json,d3406d99913102c3,tilelang,wrong_result,待确认,需要逐条缩减及独立语义验证,2,float32,"(4096, 4096, 256)","(64, 64, 64)",84446c200e607e5ab5987aa709cba0aaa4efef917eb82231f9de3d907396982d
results/2026.09.15-23.03_tilelang_easy-shape_seed=42/failed/wrong_result/failed_calls_main(f0)__f0()_d48ab2abb215c66c.json,d48ab2abb215c66c,tilelang,wrong_result,K=8已知错误机制候选,与已确认K=8布局/列重复机制同配置；不能因block_K=8判非法，也不能未经缩减把全部219条算独立bug,2,float16,"(16, 512, 512)","(32, 32, 8)",839c4d6544bfd35a8feeec6bf91d4705d4eb50b1a677a9f90a73c0f8fefc71e2
results/2026.09.15-23.03_tilelang_easy-shape_seed=42/failed/wrong_result/failed_calls_main(f0)__f0()_dec5d2f66c103ede.json,dec5d2f66c103ede,tilelang,wrong_result,待确认,需要逐条缩减及独立语义验证,2,float32,"(2048, 2, 2)","(16, 64, 16)",1389cee43f0016659edc2f065f02351c3296c8838e35e0f6e9ce449188fb8604
results/2026.09.15-23.03_tilelang_easy-shape_seed=42/failed/wrong_result/failed_calls_main(f0)__f0()_e482b34fc9c0e2dd.json,e482b34fc9c0e2dd,tilelang,wrong_result,K=8已知错误机制候选,与已确认K=8布局/列重复机制同配置；不能因block_K=8判非法，也不能未经缩减把全部219条算独立bug,2,float16,"(32, 8, 128)","(128, 128, 8)",98dfaf6cc061eb82b96bc4584d33e5eae5ec35d97c5786ca79d0553f42406383
results/2026.09.15-23.03_tilelang_easy-shape_seed=42/failed/wrong_result/failed_calls_main(f0)__f0()_e6e2c611fdedad69.json,e6e2c611fdedad69,tilelang,wrong_result,K=8已知错误机制候选,与已确认K=8布局/列重复机制同配置；不能因block_K=8判非法，也不能未经缩减把全部219条算独立bug,2,float16,"(1, 2048, 256)","(16, 64, 8)",f6f00106875e2ee74128a826aed3fb35996b9ceef8d5a4aceae608fe97870328
results/2026.09.15-23.03_tilelang_easy-shape_seed=42/failed/wrong_result/failed_calls_main(f0)__f0()_e6ff10883972fa9a.json,e6ff10883972fa9a,tilelang,wrong_result,待确认,需要逐条缩减及独立语义验证,2,float32,"(256, 128, 64)","(64, 64, 64)",26f56376496e52372138a4288c533c5866dc916ff242c5a379555914a3df70fe
results/2026.09.15-23.03_tilelang_easy-shape_seed=42/failed/wrong_result/failed_calls_main(f0)__f0()_eb026d8ef6ae2498.json,eb026d8ef6ae2498,tilelang,wrong_result,待确认,需要逐条缩减及独立语义验证,2,float32,"(16384, 2048, 2048)","(128, 32, 16)",a8013cd07742bf98cc67c214937bd4886898e92ef94b765d01987433c6a13414
results/2026.09.15-23.03_tilelang_easy-shape_seed=42/failed/wrong_result/failed_calls_main(f0)__f0()_ef3acb5b66371013.json,ef3acb5b66371013,tilelang,wrong_result,待确认,需要逐条缩减及独立语义验证,2,float32,"(512, 64, 8192)","(256, 128, 16)",66852723fc6f8859662509792e63c1d563491b65c8a1a972aff8e914416341cf
results/2026.09.15-23.03_tilelang_easy-shape_seed=42/failed/wrong_result/failed_calls_main(f0)__f0()_f1913dee2850ec15.json,f1913dee2850ec15,tilelang,wrong_result,待确认,需要逐条缩减及独立语义验证,2,float32,"(256, 32, 8192)","(32, 32, 32)",5e8ba35f6e1d8e8a63fe9bc0f7531c55ceefd86370453ea49a018e153d170181
results/2026.09.15-23.03_tilelang_easy-shape_seed=42/failed/wrong_result/failed_calls_main(f0)__f0()_faadacf0ae9024ad.json,faadacf0ae9024ad,tilelang,wrong_result,待确认,需要逐条缩减及独立语义验证,2,float16,"(256, 256, 1024)","(32, 32, 128)",f4bd28b47366de86eb46f503f38c1d713d983419e95ac775d61f7b6e552d6412
results/2026.09.15-23.03_tilelang_easy-shape_seed=42/failed/wrong_result/failed_calls_main(f0)__f0()_fe35bc43b3c4eaca.json,fe35bc43b3c4eaca,tilelang,wrong_result,待确认,需要逐条缩减及独立语义验证,2,float16,"(64, 8192, 32)","(32, 128, 32)",042f3805cc353e1527d7b64cb930b04a6439b34941f9e76e3d4015318391b0d4
results/2026.09.15-23.03_tilelang_easy-shape_seed=42/failed/wrong_result/failed_calls_main(f0+f0)__f0()_0962bf5b8fb222a0.json,0962bf5b8fb222a0,tilelang,wrong_result,待确认,需要逐条缩减及独立语义验证,2,float32,"(2048, 2048, 2048)","(64, 64, 16)",859ee4831c7f4e2c32d202fc6b52b69f5542d9ad31dc3655f4764e5cdd6449d8
results/2026.09.15-23.03_tilelang_easy-shape_seed=42/failed/wrong_result/failed_calls_main(f0+f0)__f0()_0f2b8989ebba9549.json,0f2b8989ebba9549,tilelang,wrong_result,待确认,需要逐条缩减及独立语义验证,2,float16,"(4096, 4096, 1024)","(32, 32, 32)",9b56f26d532453985c9b221c7ac2a8d5b7700f824d8c482037fe59deafdb9bbc
results/2026.09.15-23.03_tilelang_easy-shape_seed=42/failed/wrong_result/failed_calls_main(f0+f0)__f0()_1e7a60741464c4ab.json,1e7a60741464c4ab,tilelang,wrong_result,待确认,需要逐条缩减及独立语义验证,2,float32,"(16384, 1, 8)","(64, 64, 8)",9f8f6863d9e1fcf559a042345672c515aac48f3f2ec99a62b3de526593f0f640
results/2026.09.15-23.03_tilelang_easy-shape_seed=42/failed/wrong_result/failed_calls_main(f0+f0)__f0()_22f32e7b7e08b6ec.json,22f32e7b7e08b6ec,tilelang,wrong_result,待确认,需要逐条缩减及独立语义验证,2,float32,"(2048, 256, 128)","(64, 64, 8)",6d7cb5ebc15686ea18f5435f64b2546b962194aff0a73a1adf0ead109d999c68
results/2026.09.15-23.03_tilelang_easy-shape_seed=42/failed/wrong_result/failed_calls_main(f0+f0)__f0()_2d30c104033e1659.json,2d30c104033e1659,tilelang,wrong_result,K=8已知错误机制候选,与已确认K=8布局/列重复机制同配置；不能因block_K=8判非法，也不能未经缩减把全部219条算独立bug,2,float16,"(4096, 256, 16384)","(128, 128, 8)",dd53a80fcdadc4d0cb7707a8b805029f2d864959e250c782e02f9df5e0a18e75
results/2026.09.15-23.03_tilelang_easy-shape_seed=42/failed/wrong_result/failed_calls_main(f0+f0)__f0()_372a1d2db96f83cf.json,372a1d2db96f83cf,tilelang,wrong_result,待确认,需要逐条缩减及独立语义验证,2,float32,"(16384, 64, 512)","(32, 128, 8)",f2315fc143433cd9398cf1c27c0795fd59313a700dc1173965f6aa410666e02b
results/2026.09.15-23.03_tilelang_easy-shape_seed=42/failed/wrong_result/failed_calls_main(f0+f0)__f0()_42fd22e123dc53f0.json,42fd22e123dc53f0,tilelang,wrong_result,待确认,需要逐条缩减及独立语义验证,2,float32,"(2048, 2048, 1)","(64, 64, 16)",34635f558e3b69fbaf2a412801fe3830751e5baac40627bf8e14938957c11ade
results/2026.09.15-23.03_tilelang_easy-shape_seed=42/failed/wrong_result/failed_calls_main(f0+f0)__f0()_5f479020f28a2cb8.json,5f479020f28a2cb8,tilelang,wrong_result,待确认,需要逐条缩减及独立语义验证,2,float32,"(128, 4096, 32)","(128, 128, 16)",ab3c2b9aa5c1eea35106a126f30fa5c9c0662249e5fdea7373c98edf7d8c4325
results/2026.09.15-23.03_tilelang_easy-shape_seed=42/failed/wrong_result/failed_calls_main(f0+f0)__f0()_64793b1299f86438.json,64793b1299f86438,tilelang,wrong_result,待确认,需要逐条缩减及独立语义验证,2,float32,"(4096, 256, 4096)","(64, 64, 8)",3f91838790c57d68b7418ef141e98bc57895ea3b62f4eb11a7b6c5a5f466883d
results/2026.09.15-23.03_tilelang_easy-shape_seed=42/failed/wrong_result/failed_calls_main(f0+f0)__f0()_69e2a61a9830c806.json,69e2a61a9830c806,tilelang,wrong_result,K=8已知错误机制候选,与已确认K=8布局/列重复机制同配置；不能因block_K=8判非法，也不能未经缩减把全部219条算独立bug,2,float16,"(16384, 1024, 512)","(16, 256, 8)",b9f04681c41fed4936053f7020a119408cde62ee62e0f0d4a645500f6d4e71df
results/2026.09.15-23.03_tilelang_easy-shape_seed=42/failed/wrong_result/failed_calls_main(f0+f0)__f0()_6ceb3fbb9912915d.json,6ceb3fbb9912915d,tilelang,wrong_result,K=8已知错误机制候选,与已确认K=8布局/列重复机制同配置；不能因block_K=8判非法，也不能未经缩减把全部219条算独立bug,2,float16,"(8, 1024, 1024)","(64, 128, 8)",402f68c682941e3229d73c939cb84b76b9159abb6d6ee65caf856e2e96e8593f
results/2026.09.15-23.03_tilelang_easy-shape_seed=42/failed/wrong_result/failed_calls_main(f0+f0)__f0()_75639f2d25e2161d.json,75639f2d25e2161d,tilelang,wrong_result,待确认,需要逐条缩减及独立语义验证,2,float32,"(64, 16384, 1024)","(128, 128, 16)",166b2cc308166e8a0985bae9ceecd2c878d4f7c8a0118b89c37eb1832e2274b3
results/2026.09.15-23.03_tilelang_easy-shape_seed=42/failed/wrong_result/failed_calls_main(f0+f0)__f0()_7604832207918a01.json,7604832207918a01,tilelang,wrong_result,K=8已知错误机制候选,与已确认K=8布局/列重复机制同配置；不能因block_K=8判非法，也不能未经缩减把全部219条算独立bug,2,float16,"(16384, 1024, 4)","(128, 128, 8)",4289747172cf91efa6a8342e7c510868f050ea83099637bf3e069ddf6dba8684
results/2026.09.15-23.03_tilelang_easy-shape_seed=42/failed/wrong_result/failed_calls_main(f0+f0)__f0()_876ef1af9bb2751f.json,876ef1af9bb2751f,tilelang,wrong_result,待确认,需要逐条缩减及独立语义验证,2,float16,"(2048, 512, 2)","(64, 64, 128)",9ba2b6e3f6cb601df08b4b64d134836567f3b7262c0b7a8baee6c81fc35c64a5
results/2026.09.15-23.03_tilelang_easy-shape_seed=42/failed/wrong_result/failed_calls_main(f0+f0)__f0()_962fea71589629f2.json,962fea71589629f2,tilelang,wrong_result,待确认,需要逐条缩减及独立语义验证,2,float32,"(1, 2048, 16)","(16, 64, 128)",c14d1272756a2db11cffbf352d8282620ce52570c1344ba8e40a67e6ae85fb5f
results/2026.09.15-23.03_tilelang_easy-shape_seed=42/failed/wrong_result/failed_calls_main(f0+f0)__f0()_b1d56d247be37656.json,b1d56d247be37656,tilelang,wrong_result,K=8已知错误机制候选,与已确认K=8布局/列重复机制同配置；不能因block_K=8判非法，也不能未经缩减把全部219条算独立bug,2,float16,"(1024, 4096, 4)","(16, 64, 8)",8a2de5c259e4153fd6ec775c89d57cb3f980052d4cfc068778615ea1b73ed499
results/2026.09.15-23.03_tilelang_easy-shape_seed=42/failed/wrong_result/failed_calls_main(f0+f0)__f0()_b4178d93dd64a6aa.json,b4178d93dd64a6aa,tilelang,wrong_result,待确认,需要逐条缩减及独立语义验证,2,float16,"(4, 1024, 4096)","(16, 128, 128)",e36986af26f92a8e861424d00e98321748aa21e5e4afe1edb1b4935fe6e0127a
results/2026.09.15-23.03_tilelang_easy-shape_seed=42/failed/wrong_result/failed_calls_main(f0+f0)__f0()_bc25b3a3450050c4.json,bc25b3a3450050c4,tilelang,wrong_result,待确认,需要逐条缩减及独立语义验证,2,float32,"(4096, 32, 4096)","(32, 32, 8)",5d4690b1d4cef4a70a9f6e4d61eb3c81d31f49b6117b58ba63e9951e14b363b2
results/2026.09.15-23.03_tilelang_easy-shape_seed=42/failed/wrong_result/failed_calls_main(f0+f0)__f0()_ce81a88d43c1ff9c.json,ce81a88d43c1ff9c,tilelang,wrong_result,待确认,需要逐条缩减及独立语义验证,2,float32,"(32, 2048, 128)","(128, 128, 32)",694bfdc47016122c7638b226e5403508104b647801c80ecf0af1f75b413d015e
results/2026.09.15-23.03_tilelang_easy-shape_seed=42/failed/wrong_result/failed_calls_main(f0+f0)__f0()_d7b58e0bab0f8156.json,d7b58e0bab0f8156,tilelang,wrong_result,待确认,需要逐条缩减及独立语义验证,2,float32,"(256, 4, 1024)","(32, 32, 128)",80b288d2aa61faf1f946ba9bd3216b2df47c7d28f8f79e5d6081d46167459570
results/2026.09.15-23.03_tilelang_easy-shape_seed=42/failed/wrong_result/failed_calls_main(f0+f0)__f0()_effd7da2f82097e1.json,effd7da2f82097e1,tilelang,wrong_result,待确认,需要逐条缩减及独立语义验证,2,float32,"(512, 4, 2048)","(64, 64, 64)",18875d4efc4485cdce9432d3e3447316b787b1b79a64291a726a616aec4a4f79
results/2026.09.15-23.03_tilelang_easy-shape_seed=42/failed/wrong_result/failed_calls_main(f0+f0)__f0()_f11f5a540ae18e02.json,f11f5a540ae18e02,tilelang,wrong_result,待确认,需要逐条缩减及独立语义验证,2,float32,"(4, 1024, 1024)","(32, 32, 128)",8ce6691f54fb135260a9aeb09ed002f0e59ea89eef49984e5eed219122569e59
results/2026.09.15-23.03_tilelang_easy-shape_seed=42/failed/wrong_result/failed_calls_main(f0+f0+f0)__f0()_511b7cc749b262e7.json,511b7cc749b262e7,tilelang,wrong_result,K=8已知错误机制候选,与已确认K=8布局/列重复机制同配置；不能因block_K=8判非法，也不能未经缩减把全部219条算独立bug,2,float16,"(2048, 256, 256)","(64, 64, 8)",4334f3c3e72d594592b39871f98e953bb84be19dfdc368a3232dd2627becadf8
results/2026.09.15-23.03_tilelang_easy-shape_seed=42/failed/wrong_result/failed_calls_main(f0+f0+f0)__f0()_accc7496f059094a.json,accc7496f059094a,tilelang,wrong_result,待确认,需要逐条缩减及独立语义验证,2,float32,"(8192, 256, 2048)","(16, 128, 16)",24ede15f6d1aba404a2a14d172cd19c6deaf36c552fabc64457aac553f52018c
results/2026.09.15-23.03_tilelang_easy-shape_seed=42/failed/wrong_result/failed_calls_main(f0+f0+f0)__f0()_ba5d98e56a939239.json,ba5d98e56a939239,tilelang,wrong_result,待确认,需要逐条缩减及独立语义验证,2,float32,"(1, 2, 32)","(128, 64, 32)",85949209e6f0b3a4736fc8bd4501306bfd5958e687b392c11b0c989700042058
results/2026.09.15-23.03_tilelang_easy-shape_seed=42/failed/wrong_result/failed_calls_main(f0+f0+f0)__f0()_eda9dc186231b50d.json,eda9dc186231b50d,tilelang,wrong_result,待确认,需要逐条缩减及独立语义验证,2,float32,"(16384, 256, 8)","(128, 128, 8)",5a7f4dae0684de0dd1f339059d7cd0466b3818d72b9491e06ab4eff583ff29f9
results/2026.09.15-23.03_tilelang_easy-shape_seed=42/failed/wrong_result/failed_calls_main(f0+f0+f0+f0)__f0()_d76a86ae0a6ff48b.json,d76a86ae0a6ff48b,tilelang,wrong_result,K=8已知错误机制候选,与已确认K=8布局/列重复机制同配置；不能因block_K=8判非法，也不能未经缩减把全部219条算独立bug,2,float16,"(64, 8192, 8)","(128, 128, 8)",e74a7235d0b288585e1ba7539086fb0045adbbd38c6719388d647b3a430fac27
results/2026.09.15-23.03_tilelang_easy-shape_seed=42/failed/wrong_result/failed_calls_main(f0+f1)__f0()__f1(f0)_0d34c6e5272a8ace.json,0d34c6e5272a8ace,tilelang,wrong_result,待确认,需要逐条缩减及独立语义验证,2,float32,"(64, 512, 16)","(32, 32, 128)",3f002a434683dc07ca905c325368fa62bcfddadac1d268df0663b721223cf426
results/2026.09.15-23.03_tilelang_easy-shape_seed=42/failed/wrong_result/failed_calls_main(f0+f1)__f0()__f1(f0)_3a3442784985f767.json,3a3442784985f767,tilelang,wrong_result,K=8已知错误机制候选,与已确认K=8布局/列重复机制同配置；不能因block_K=8判非法，也不能未经缩减把全部219条算独立bug,2,float16,"(2048, 2, 2)","(64, 64, 8)",55e4eeebeb534754731ab4cfbf140660e6416091d267d7efed6d877520a4d8d9
results/2026.09.15-23.03_tilelang_easy-shape_seed=42/failed/wrong_result/failed_calls_main(f0+f1)__f0()__f1(f0)_62304d775524fa57.json,62304d775524fa57,tilelang,wrong_result,待确认,需要逐条缩减及独立语义验证,2,float32,"(4, 16384, 256)","(128, 64, 64)",61ce3531a3784067b6e6902c32c9d7482d4c52c81d72d73c6af2c31b45fab14b
results/2026.09.15-23.03_tilelang_easy-shape_seed=42/failed/wrong_result/failed_calls_main(f0+f1)__f0()__f1(f0)_77b7a70e1e187900.json,77b7a70e1e187900,tilelang,wrong_result,待确认,需要逐条缩减及独立语义验证,2,float32,"(512, 128, 32)","(256, 32, 16)",5e0905dab46dc811214d5f9e23fe8f4bef392a16d41665bc951b059da2090cbb
results/2026.09.15-23.03_tilelang_easy-shape_seed=42/failed/wrong_result/failed_calls_main(f0+f1)__f0()__f1(f0)_8bd583ae19c93f2e.json,8bd583ae19c93f2e,tilelang,wrong_result,K=8已知错误机制候选,与已确认K=8布局/列重复机制同配置；不能因block_K=8判非法，也不能未经缩减把全部219条算独立bug,2,float16,"(4, 256, 512)","(256, 256, 8)",09d29e20bd7225bb179d4259e88a0561e83f10ea0561483c119bc64ed06c3b97
results/2026.09.15-23.03_tilelang_easy-shape_seed=42/failed/wrong_result/failed_calls_main(f0+f1)__f0()__f1(f0)_96c0bbde5203c1cb.json,96c0bbde5203c1cb,tilelang,wrong_result,待确认,需要逐条缩减及独立语义验证,2,float32,"(16384, 256, 16384)","(32, 32, 64)",a994fbf42283f633cbd4e04e6d3e905796db219534d41f6ea047773266521a73
results/2026.09.15-23.03_tilelang_easy-shape_seed=42/failed/wrong_result/failed_calls_main(f0+f1)__f0()__f1(f0)_98b72277831ef092.json,98b72277831ef092,tilelang,wrong_result,待确认,需要逐条缩减及独立语义验证,2,float32,"(512, 2, 8)","(64, 64, 32)",f00c3dc7e27b01308a53c14829bd3f75824e8fb6e7c6c990c835c4cd71b8a4e5
results/2026.09.15-23.03_tilelang_easy-shape_seed=42/failed/wrong_result/failed_calls_main(f0+f1)__f0()__f1(f0)_b1d4f016b4c19efb.json,b1d4f016b4c19efb,tilelang,wrong_result,待确认,需要逐条缩减及独立语义验证,2,float32,"(2048, 256, 8)","(32, 32, 8)",067ed9d648298d142b32770dffea22019e70317659811b6bac92b022437870d5
results/2026.09.15-23.03_tilelang_easy-shape_seed=42/failed/wrong_result/failed_calls_main(f0+f1)__f0()__f1(f0)_cdcbd835ab704713.json,cdcbd835ab704713,tilelang,wrong_result,待确认,需要逐条缩减及独立语义验证,2,float32,"(1, 2048, 1)","(32, 64, 8)",17a6171dc8e9872d06708b581cef367c3847d023c10dd9b0546df1d144152d19
results/2026.09.15-23.03_tilelang_easy-shape_seed=42/failed/wrong_result/failed_calls_main(f0+f1)__f0()__f1(f0)_dab42020bfb61462.json,dab42020bfb61462,tilelang,wrong_result,待确认,需要逐条缩减及独立语义验证,2,float32,"(16384, 8192, 8)","(128, 64, 16)",4d2e7300b74dcbef9ccb30525c918a164fb5e0573a6a3663f75ea83cbcf5d5d7
results/2026.09.15-23.03_tilelang_easy-shape_seed=42/failed/wrong_result/failed_calls_main(f0+f1)__f0()__f1(f0)_e9f63f0ee838633b.json,e9f63f0ee838633b,tilelang,wrong_result,K=8已知错误机制候选,与已确认K=8布局/列重复机制同配置；不能因block_K=8判非法，也不能未经缩减把全部219条算独立bug,2,float16,"(1024, 512, 1024)","(64, 64, 8)",cb37a7e7548cf9e4a30a122a1c1d75808743bb221d3e9cd7fd59a8b391ba53f5
results/2026.09.15-23.03_tilelang_easy-shape_seed=42/failed/wrong_result/failed_calls_main(f0+f1)__f0()__f1(f0)_eb972233edd7b95f.json,eb972233edd7b95f,tilelang,wrong_result,待确认,需要逐条缩减及独立语义验证,2,float32,"(1024, 8192, 512)","(64, 16, 32)",ca30b31996162035efa75cd49c2afaeb67ddecc1694d7d31c9687d5f1c0df8e1
results/2026.09.15-23.03_tilelang_easy-shape_seed=42/failed/wrong_result/failed_calls_main(f0+f1)__f0()__f1(f0)_ed66729b205c6fa5.json,ed66729b205c6fa5,tilelang,wrong_result,K=8已知错误机制候选,与已确认K=8布局/列重复机制同配置；不能因block_K=8判非法，也不能未经缩减把全部219条算独立bug,2,float16,"(16384, 8192, 512)","(128, 128, 8)",a7dc20e3c3f59101466b4c025a45138c5ba7012ede947bdc0ef3eb5920b79192
results/2026.09.15-23.03_tilelang_easy-shape_seed=42/failed/wrong_result/failed_calls_main(f0+f1)__f0()__f1(f0)_efc441aae7b34804.json,efc441aae7b34804,tilelang,wrong_result,待确认,需要逐条缩减及独立语义验证,2,float32,"(2048, 8, 2048)","(32, 32, 8)",93749f28c6128c10c27ec8e343fb1fceb6bacb3e3d2faeba1d45a1a059531dcd
results/2026.09.15-23.03_tilelang_easy-shape_seed=42/failed/wrong_result/failed_calls_main(f0+f1)__f0()__f1(f0+f0)_54eb8d111f622a2d.json,54eb8d111f622a2d,tilelang,wrong_result,待确认,需要逐条缩减及独立语义验证,2,float32,"(16384, 4096, 2)","(128, 128, 16)",17bd308d1bdfb2a019ad7d0eb509d98adf21a3e3043bc126fc5e6e24f9d5efe7
results/2026.09.15-23.03_tilelang_easy-shape_seed=42/failed/wrong_result/failed_calls_main(f0+f1)__f0()__f1(f0+f0)_7733ccfb3946bf1a.json,7733ccfb3946bf1a,tilelang,wrong_result,K=8已知错误机制候选,与已确认K=8布局/列重复机制同配置；不能因block_K=8判非法，也不能未经缩减把全部219条算独立bug,2,float16,"(2, 1024, 4096)","(16, 64, 8)",97226be5d2fc58011350f140a8ba70b564c42b7deb8bdff4e2752b0ce777f4fe
results/2026.09.15-23.03_tilelang_easy-shape_seed=42/failed/wrong_result/failed_calls_main(f0+f1)__f0()__f1(f0+f0)_c996779f3d1563f0.json,c996779f3d1563f0,tilelang,wrong_result,K=8已知错误机制候选,与已确认K=8布局/列重复机制同配置；不能因block_K=8判非法，也不能未经缩减把全部219条算独立bug,2,float16,"(64, 4096, 512)","(128, 256, 8)",1a8407abd42b5f806284e5ea9a5867890d6fdd27b11182916578237b4e01086d
results/2026.09.15-23.03_tilelang_easy-shape_seed=42/failed/wrong_result/failed_calls_main(f1)__f0()__f1(f0)_057d76cf0b6177a2.json,057d76cf0b6177a2,tilelang,wrong_result,K=8已知错误机制候选,与已确认K=8布局/列重复机制同配置；不能因block_K=8判非法，也不能未经缩减把全部219条算独立bug,2,float16,"(4, 128, 2048)","(32, 32, 8)",1dbcef99d46c910dd716010a07f2699d1d75ef8337e520df8c338f43f4d5815a
results/2026.09.15-23.03_tilelang_easy-shape_seed=42/failed/wrong_result/failed_calls_main(f1)__f0()__f1(f0)_078e891518085128.json,078e891518085128,tilelang,wrong_result,K=8已知错误机制候选,与已确认K=8布局/列重复机制同配置；不能因block_K=8判非法，也不能未经缩减把全部219条算独立bug,2,float16,"(4096, 8192, 1024)","(128, 128, 8)",c9b6dfb1048f240149343ae7a33f3234ab2225d6c0e66d960a447ef7d0618219
results/2026.09.15-23.03_tilelang_easy-shape_seed=42/failed/wrong_result/failed_calls_main(f1)__f0()__f1(f0)_0cfa336e4f0e0c71.json,0cfa336e4f0e0c71,tilelang,wrong_result,待确认,需要逐条缩减及独立语义验证,2,float16,"(16, 2048, 16)","(64, 32, 128)",a62d4865f81bc9c186a336a0a1748ab87b65bddf88b82ad57085827e77251ec0
results/2026.09.15-23.03_tilelang_easy-shape_seed=42/failed/wrong_result/failed_calls_main(f1)__f0()__f1(f0)_0d2cc445a55f3aec.json,0d2cc445a55f3aec,tilelang,wrong_result,K=8已知错误机制候选,与已确认K=8布局/列重复机制同配置；不能因block_K=8判非法，也不能未经缩减把全部219条算独立bug,2,float16,"(512, 8192, 512)","(16, 64, 8)",bf7dfdd424808960a3358b1568e17a2a27b65227d664a48b2bb1c5220da12463
results/2026.09.15-23.03_tilelang_easy-shape_seed=42/failed/wrong_result/failed_calls_main(f1)__f0()__f1(f0)_10cdc82e032fe088.json,10cdc82e032fe088,tilelang,wrong_result,待确认,需要逐条缩减及独立语义验证,2,float16,"(512, 16384, 16384)","(128, 128, 32)",fc0517e385a7a5c53dc8027302c6e12980c40047ab1d9b041b3854b1c00480dd
results/2026.09.15-23.03_tilelang_easy-shape_seed=42/failed/wrong_result/failed_calls_main(f1)__f0()__f1(f0)_11bd831885cbe60c.json,11bd831885cbe60c,tilelang,wrong_result,待确认,需要逐条缩减及独立语义验证,2,float32,"(16, 32, 512)","(64, 64, 64)",82873501f99bf6de4fe8451d6d0c604b99cbc937c7b3b1751096ec3df109d6d7
results/2026.09.15-23.03_tilelang_easy-shape_seed=42/failed/wrong_result/failed_calls_main(f1)__f0()__f1(f0)_3579b111fbf71716.json,3579b111fbf71716,tilelang,wrong_result,待确认,需要逐条缩减及独立语义验证,2,float32,"(16384, 16, 16)","(128, 64, 8)",42dee0339bcae7dc1029f14a11d204fe315f4199264889877952ec2389de6982
results/2026.09.15-23.03_tilelang_easy-shape_seed=42/failed/wrong_result/failed_calls_main(f1)__f0()__f1(f0)_378759aff68aa9c1.json,378759aff68aa9c1,tilelang,wrong_result,待确认,需要逐条缩减及独立语义验证,2,float32,"(16384, 1024, 1024)","(64, 64, 16)",4e738aa720274e93c064fc91ad4adadbda2d637ca445058a78e1c8dcd4bd6010
results/2026.09.15-23.03_tilelang_easy-shape_seed=42/failed/wrong_result/failed_calls_main(f1)__f0()__f1(f0)_41fb60e68db3b4bd.json,41fb60e68db3b4bd,tilelang,wrong_result,待确认,需要逐条缩减及独立语义验证,2,float32,"(2048, 32, 2048)","(128, 64, 64)",0a81764dd204da1e2b0be68ed9236a7bd7dc1fd098ea0d36472a36c3ee6ed469
results/2026.09.15-23.03_tilelang_easy-shape_seed=42/failed/wrong_result/failed_calls_main(f1)__f0()__f1(f0)_437c882ff5d2c4ad.json,437c882ff5d2c4ad,tilelang,wrong_result,待确认,需要逐条缩减及独立语义验证,2,float32,"(16384, 1024, 16384)","(16, 64, 128)",7002b8541cd45c53589d08ce65779e1ed550cacb2ed3ce077b5f1bfe0ec99712
results/2026.09.15-23.03_tilelang_easy-shape_seed=42/failed/wrong_result/failed_calls_main(f1)__f0()__f1(f0)_4e32c3493b1b3751.json,4e32c3493b1b3751,tilelang,wrong_result,待确认,需要逐条缩减及独立语义验证,2,float32,"(8192, 8192, 2048)","(128, 64, 32)",7c0fc930bf4c3244c50c96cd812829d97624c2809e44478b1cd24f44fb3d293a
results/2026.09.15-23.03_tilelang_easy-shape_seed=42/failed/wrong_result/failed_calls_main(f1)__f0()__f1(f0)_50d94a59abb441ec.json,50d94a59abb441ec,tilelang,wrong_result,K=8已知错误机制候选,与已确认K=8布局/列重复机制同配置；不能因block_K=8判非法，也不能未经缩减把全部219条算独立bug,2,float16,"(16384, 8192, 256)","(64, 64, 8)",4a452bf88fbcbbcf12727fbd547554a7f1a4cb7a9cb267bb575b01cee4b1850f
results/2026.09.15-23.03_tilelang_easy-shape_seed=42/failed/wrong_result/failed_calls_main(f1)__f0()__f1(f0)_56fcc2cdee1ca634.json,56fcc2cdee1ca634,tilelang,wrong_result,待确认,需要逐条缩减及独立语义验证,2,float32,"(256, 4096, 4096)","(32, 16, 128)",50c27932b8033e0af78e1c9466436397db03a0b715a298a020c4dfc7eaae21ff
results/2026.09.15-23.03_tilelang_easy-shape_seed=42/failed/wrong_result/failed_calls_main(f1)__f0()__f1(f0)_57fef52d27d556b0.json,57fef52d27d556b0,tilelang,wrong_result,待确认,需要逐条缩减及独立语义验证,2,float16,"(8192, 16, 32)","(32, 32, 16)",23f17910e0db7e8385ab3b3524bcda334fdd487a58ec281a315c62f2458d5dae
results/2026.09.15-23.03_tilelang_easy-shape_seed=42/failed/wrong_result/failed_calls_main(f1)__f0()__f1(f0)_589ae30ca0ac0004.json,589ae30ca0ac0004,tilelang,wrong_result,待确认,需要逐条缩减及独立语义验证,2,float32,"(64, 1024, 16)","(128, 128, 16)",10725ca5fcc51de8e4a9244b3a5b9b97fa69f6ae611297077e2e00a45e578426
results/2026.09.15-23.03_tilelang_easy-shape_seed=42/failed/wrong_result/failed_calls_main(f1)__f0()__f1(f0)_65f4b9c4ae5a918f.json,65f4b9c4ae5a918f,tilelang,wrong_result,待确认,需要逐条缩减及独立语义验证,2,float16,"(4096, 256, 4)","(256, 64, 16)",70fc7622d2bc95ccdb7a43830cf35fd6685f4cba000b5b770face8a64bcfc1e8
results/2026.09.15-23.03_tilelang_easy-shape_seed=42/failed/wrong_result/failed_calls_main(f1)__f0()__f1(f0)_6b44a03a37155156.json,6b44a03a37155156,tilelang,wrong_result,待确认,需要逐条缩减及独立语义验证,2,float32,"(2048, 8192, 16)","(64, 64, 16)",378681fa917026850b16b98afbbe880b2b89d8676d0da71b681e2f350e3d772b
results/2026.09.15-23.03_tilelang_easy-shape_seed=42/failed/wrong_result/failed_calls_main(f1)__f0()__f1(f0)_6bce304fdad33644.json,6bce304fdad33644,tilelang,wrong_result,待确认,需要逐条缩减及独立语义验证,2,float32,"(2048, 8192, 32)","(64, 64, 16)",55ed67b738115f6a1a884e5a26a5aea2a04c99245c9eeb8a98c6f0f945c75cbc
results/2026.09.15-23.03_tilelang_easy-shape_seed=42/failed/wrong_result/failed_calls_main(f1)__f0()__f1(f0)_6cad272a1186934a.json,6cad272a1186934a,tilelang,wrong_result,待确认,需要逐条缩减及独立语义验证,2,float32,"(16384, 16384, 4)","(32, 32, 32)",b940a1b3d670a2c3fb26f17e4e5b6e907857dd9a9ba70c292a429fcf6c3d6583
results/2026.09.15-23.03_tilelang_easy-shape_seed=42/failed/wrong_result/failed_calls_main(f1)__f0()__f1(f0)_7e1e01a7103eb385.json,7e1e01a7103eb385,tilelang,wrong_result,K=8已知错误机制候选,与已确认K=8布局/列重复机制同配置；不能因block_K=8判非法，也不能未经缩减把全部219条算独立bug,2,float16,"(32, 128, 128)","(64, 64, 8)",fcd72ec3fb0e03c2eb48ec9a70ced86e1b77b3f2f5d2d4ac6d317dde37717f78
results/2026.09.15-23.03_tilelang_easy-shape_seed=42/failed/wrong_result/failed_calls_main(f1)__f0()__f1(f0)_81cc3db6972fe5a7.json,81cc3db6972fe5a7,tilelang,wrong_result,待确认,需要逐条缩减及独立语义验证,2,float32,"(128, 16384, 2048)","(256, 32, 32)",88197eb33735f107389395ea7095495e466786ae5e832660cedd86078bf3a503
results/2026.09.15-23.03_tilelang_easy-shape_seed=42/failed/wrong_result/failed_calls_main(f1)__f0()__f1(f0)_9098c9d1fa1a8fcb.json,9098c9d1fa1a8fcb,tilelang,wrong_result,K=8已知错误机制候选,与已确认K=8布局/列重复机制同配置；不能因block_K=8判非法，也不能未经缩减把全部219条算独立bug,2,float16,"(256, 8, 1)","(128, 128, 8)",6afa0a8f0ce4564ab1837fe15dbac7fe9b39e6e78da29e2d3a0135ffbc2c3768
results/2026.09.15-23.03_tilelang_easy-shape_seed=42/failed/wrong_result/failed_calls_main(f1)__f0()__f1(f0)_91c7a0094eba11e8.json,91c7a0094eba11e8,tilelang,wrong_result,待确认,需要逐条缩减及独立语义验证,2,float32,"(8192, 2, 2048)","(64, 64, 8)",1bb81170bb932cc79a545da8cf5cb8e7046c13be73401c9003a56015ab8e7e69
results/2026.09.15-23.03_tilelang_easy-shape_seed=42/failed/wrong_result/failed_calls_main(f1)__f0()__f1(f0)_94061434bd6cd801.json,94061434bd6cd801,tilelang,wrong_result,待确认,需要逐条缩减及独立语义验证,2,float32,"(16384, 2, 64)","(64, 16, 8)",ba6a7a6658ab07c51aba0332963eb1e6451022ead6e4da1464e75bfd0bcb3639
results/2026.09.15-23.03_tilelang_easy-shape_seed=42/failed/wrong_result/failed_calls_main(f1)__f0()__f1(f0)_97628aea3d41c716.json,97628aea3d41c716,tilelang,wrong_result,K=8已知错误机制候选,与已确认K=8布局/列重复机制同配置；不能因block_K=8判非法，也不能未经缩减把全部219条算独立bug,2,float16,"(4096, 16384, 1024)","(64, 256, 8)",ac61d21c9907c55e22ceb64014c362377d00a8de831968ebd9b9561d60f2ae27
results/2026.09.15-23.03_tilelang_easy-shape_seed=42/failed/wrong_result/failed_calls_main(f1)__f0()__f1(f0)_a1de60d121ffc446.json,a1de60d121ffc446,tilelang,wrong_result,待确认,需要逐条缩减及独立语义验证,2,float32,"(2048, 1024, 2)","(256, 16, 32)",b0e0391a3fda5bd109ed0c686443708f1df2e89b75fd20ef0e43d2a9d03f126c
results/2026.09.15-23.03_tilelang_easy-shape_seed=42/failed/wrong_result/failed_calls_main(f1)__f0()__f1(f0)_a31a9b3daaea7bbc.json,a31a9b3daaea7bbc,tilelang,wrong_result,K=8已知错误机制候选,与已确认K=8布局/列重复机制同配置；不能因block_K=8判非法，也不能未经缩减把全部219条算独立bug,2,float16,"(1024, 64, 16384)","(16, 128, 8)",704d8f8a82839c6ca1c1f1e4f7a4d45ce9c584300120d260465dbbd4fa24325b
results/2026.09.15-23.03_tilelang_easy-shape_seed=42/failed/wrong_result/failed_calls_main(f1)__f0()__f1(f0)_a3302071c22d9917.json,a3302071c22d9917,tilelang,wrong_result,K=8已知错误机制候选,与已确认K=8布局/列重复机制同配置；不能因block_K=8判非法，也不能未经缩减把全部219条算独立bug,2,float16,"(8192, 2, 2)","(64, 64, 8)",bd03face96cc35eb9b47781b1b18f78339aed58564e9dbe19aa249f5ef2f0897
results/2026.09.15-23.03_tilelang_easy-shape_seed=42/failed/wrong_result/failed_calls_main(f1)__f0()__f1(f0)_a842725048a66eda.json,a842725048a66eda,tilelang,wrong_result,待确认,需要逐条缩减及独立语义验证,2,float32,"(2, 2048, 8192)","(32, 32, 16)",6b756ea4312b4bca482285efb2560e7126d25070dae3c1767459a609f9b06acc
results/2026.09.15-23.03_tilelang_easy-shape_seed=42/failed/wrong_result/failed_calls_main(f1)__f0()__f1(f0)_ac5cc6f9057efc80.json,ac5cc6f9057efc80,tilelang,wrong_result,待确认,需要逐条缩减及独立语义验证,2,float32,"(16384, 128, 256)","(16, 128, 16)",90bfdc63efbebb5dbe1ae7659905fc31bee82d95c6557a22ee4b7a99ef93a85a
results/2026.09.15-23.03_tilelang_easy-shape_seed=42/failed/wrong_result/failed_calls_main(f1)__f0()__f1(f0)_b0ee6b6437eca160.json,b0ee6b6437eca160,tilelang,wrong_result,待确认,需要逐条缩减及独立语义验证,2,float32,"(4096, 4096, 1)","(16, 256, 32)",f2d9e04d8032bec58cf86592dc185d8f6b409792d8766ead99c7fb668b04c4b7
results/2026.09.15-23.03_tilelang_easy-shape_seed=42/failed/wrong_result/failed_calls_main(f1)__f0()__f1(f0)_b185fa8b673023d6.json,b185fa8b673023d6,tilelang,wrong_result,待确认,需要逐条缩减及独立语义验证,2,float32,"(1024, 16384, 8)","(32, 32, 8)",f70e8548023cc8d5fce6478e8e4a8bbd1f0bffff6b3d062cd04575a22e489084
results/2026.09.15-23.03_tilelang_easy-shape_seed=42/failed/wrong_result/failed_calls_main(f1)__f0()__f1(f0)_b572b72fea7dc329.json,b572b72fea7dc329,tilelang,wrong_result,待确认,需要逐条缩减及独立语义验证,2,float32,"(4096, 128, 2048)","(128, 128, 8)",0cab74c108957bced46ce88d3be583c001840d8abdf5c79bf7a0eb2b25beea09
results/2026.09.15-23.03_tilelang_easy-shape_seed=42/failed/wrong_result/failed_calls_main(f1)__f0()__f1(f0)_b7724db9c7626cce.json,b7724db9c7626cce,tilelang,wrong_result,待确认,需要逐条缩减及独立语义验证,2,float16,"(128, 16384, 128)","(64, 16, 8)",9b70a5faa7f5a9c9a95ea730b16e61ec73dc8ea1155fb50d6a6be9ca7b0a2388
results/2026.09.15-23.03_tilelang_easy-shape_seed=42/failed/wrong_result/failed_calls_main(f1)__f0()__f1(f0)_bb73437f99df27b0.json,bb73437f99df27b0,tilelang,wrong_result,待确认,需要逐条缩减及独立语义验证,2,float32,"(1024, 8, 32)","(128, 128, 8)",f0f3f140894c201374b05e61cb88947bc2868e70c2e00495c547ab8c630df89d
results/2026.09.15-23.03_tilelang_easy-shape_seed=42/failed/wrong_result/failed_calls_main(f1)__f0()__f1(f0)_bc9834ed34a296f5.json,bc9834ed34a296f5,tilelang,wrong_result,K=8已知错误机制候选,与已确认K=8布局/列重复机制同配置；不能因block_K=8判非法，也不能未经缩减把全部219条算独立bug,2,float16,"(512, 16, 8)","(256, 32, 8)",6f41136a99d7bf6039da0fac69e8b05fa725a367e07119e204080ca69d5483ee
results/2026.09.15-23.03_tilelang_easy-shape_seed=42/failed/wrong_result/failed_calls_main(f1)__f0()__f1(f0)_bfb26824dffc243b.json,bfb26824dffc243b,tilelang,wrong_result,待确认,需要逐条缩减及独立语义验证,2,float32,"(1, 4096, 2)","(32, 32, 8)",2bb7c07a2a134dd451eb10e2d9ad5116496dc9cd993a33d62f05844bc40b1f36
results/2026.09.15-23.03_tilelang_easy-shape_seed=42/failed/wrong_result/failed_calls_main(f1)__f0()__f1(f0)_c89fdb0ac419a329.json,c89fdb0ac419a329,tilelang,wrong_result,K=8已知错误机制候选,与已确认K=8布局/列重复机制同配置；不能因block_K=8判非法，也不能未经缩减把全部219条算独立bug,2,float16,"(16, 1024, 16)","(32, 256, 8)",e84d018779a826f1d06feee90aebdd559a5df8b2d02311e7b79218052a50c88b
results/2026.09.15-23.03_tilelang_easy-shape_seed=42/failed/wrong_result/failed_calls_main(f1)__f0()__f1(f0)_c90a9707a9328c76.json,c90a9707a9328c76,tilelang,wrong_result,待确认,需要逐条缩减及独立语义验证,2,float32,"(4096, 4096, 4096)","(128, 128, 32)",6f0c0a029fc19724350e4aa83f6f6b060b5d425ea9f41089128265b8d991b661
results/2026.09.15-23.03_tilelang_easy-shape_seed=42/failed/wrong_result/failed_calls_main(f1)__f0()__f1(f0)_cb1d82b47fdbe63b.json,cb1d82b47fdbe63b,tilelang,wrong_result,待确认,需要逐条缩减及独立语义验证,2,float32,"(32, 8192, 4096)","(32, 32, 128)",cec73e24baa30a8137134947b8c57e6dde286ff3fad837c6d3250ff4ebd6901e
results/2026.09.15-23.03_tilelang_easy-shape_seed=42/failed/wrong_result/failed_calls_main(f1)__f0()__f1(f0)_df84d042ca7c84c4.json,df84d042ca7c84c4,tilelang,wrong_result,K=8已知错误机制候选,与已确认K=8布局/列重复机制同配置；不能因block_K=8判非法，也不能未经缩减把全部219条算独立bug,2,float16,"(8, 512, 128)","(32, 32, 8)",1695c851478a6199329ed7ef233cc939bbc1d77a72b51bc6809325bd76dd89b2
results/2026.09.15-23.03_tilelang_easy-shape_seed=42/failed/wrong_result/failed_calls_main(f1)__f0()__f1(f0)_e04dcb41d537d8f0.json,e04dcb41d537d8f0,tilelang,wrong_result,K=8已知错误机制候选,与已确认K=8布局/列重复机制同配置；不能因block_K=8判非法，也不能未经缩减把全部219条算独立bug,2,float16,"(16, 16384, 512)","(32, 32, 8)",74e18c06b7ac1a0f14d5daf25609774838a0984f17891642e9aead59c1595355
results/2026.09.15-23.03_tilelang_easy-shape_seed=42/failed/wrong_result/failed_calls_main(f1)__f0()__f1(f0)_e16075c8ee9d54fb.json,e16075c8ee9d54fb,tilelang,wrong_result,K=8已知错误机制候选,与已确认K=8布局/列重复机制同配置；不能因block_K=8判非法，也不能未经缩减把全部219条算独立bug,2,float16,"(2, 16384, 128)","(64, 64, 8)",226e83cdc689d7eb7b4536997d622eec9a3b8a0868ecb54cda136a4836722849
results/2026.09.15-23.03_tilelang_easy-shape_seed=42/failed/wrong_result/failed_calls_main(f1)__f0()__f1(f0)_e7b09cea04ecc797.json,e7b09cea04ecc797,tilelang,wrong_result,K=8已知错误机制候选,与已确认K=8布局/列重复机制同配置；不能因block_K=8判非法，也不能未经缩减把全部219条算独立bug,2,float16,"(4, 512, 512)","(256, 128, 8)",cbe08597abe9005ad3ef48833429b56f7e632bedb41c3eaa26fc68fc1ebc9afd
results/2026.09.15-23.03_tilelang_easy-shape_seed=42/failed/wrong_result/failed_calls_main(f1)__f0()__f1(f0)_e99965bdeb361b54.json,e99965bdeb361b54,tilelang,wrong_result,待确认,需要逐条缩减及独立语义验证,2,float32,"(4096, 512, 4)","(32, 32, 128)",c05dab47a4f05db49665c4bfa434d33e303e2db6b429c94cef7a34a9f8a59047
results/2026.09.15-23.03_tilelang_easy-shape_seed=42/failed/wrong_result/failed_calls_main(f1)__f0()__f1(f0)_f61901e31620da05.json,f61901e31620da05,tilelang,wrong_result,待确认,需要逐条缩减及独立语义验证,2,float32,"(8, 512, 1024)","(64, 64, 64)",f8be275121da14f3be19a002a0f135e511d8d25cf1337fe0c3f525438d300e99
results/2026.09.15-23.03_tilelang_easy-shape_seed=42/failed/wrong_result/failed_calls_main(f1)__f0()__f1(f0)_f79de3abc7167eb6.json,f79de3abc7167eb6,tilelang,wrong_result,待确认,需要逐条缩减及独立语义验证,2,float32,"(64, 4096, 4096)","(32, 32, 16)",d70d367e5bc62121a309f6dca3bc2c484144c2cd2e829320a3425ee672dad645
results/2026.09.15-23.03_tilelang_easy-shape_seed=42/failed/wrong_result/failed_calls_main(f1)__f0()__f1(f0)_f919d6cedba757af.json,f919d6cedba757af,tilelang,wrong_result,K=8已知错误机制候选,与已确认K=8布局/列重复机制同配置；不能因block_K=8判非法，也不能未经缩减把全部219条算独立bug,2,float16,"(4096, 16, 4096)","(32, 64, 8)",7389cab4bac8d311515dc3f28a05f86eb73477a29b64bc441ba8f01bf363aff4
results/2026.09.15-23.03_tilelang_easy-shape_seed=42/failed/wrong_result/failed_calls_main(f1)__f0()__f1(f0)_fdd5b8f4b1e097ad.json,fdd5b8f4b1e097ad,tilelang,wrong_result,待确认,需要逐条缩减及独立语义验证,2,float32,"(2048, 2, 8)","(32, 32, 64)",6d0303910f0e3b52ff5f2cc160b4742484f2d74c0e7494ae3537c3e405d86139
results/2026.09.15-23.03_tilelang_easy-shape_seed=42/failed/wrong_result/failed_calls_main(f1)__f0()__f1(f0+f0)_21141b99bad3207f.json,21141b99bad3207f,tilelang,wrong_result,K=8已知错误机制候选,与已确认K=8布局/列重复机制同配置；不能因block_K=8判非法，也不能未经缩减把全部219条算独立bug,2,float16,"(4096, 32, 32)","(64, 64, 8)",a731b866a81220386302a1e52658f0aaa2561d7af1a311173a8452e357327f40
results/2026.09.15-23.03_tilelang_easy-shape_seed=42/failed/wrong_result/failed_calls_main(f1)__f0()__f1(f0+f0)_256aecc900e4ef86.json,256aecc900e4ef86,tilelang,wrong_result,待确认,需要逐条缩减及独立语义验证,2,float32,"(128, 512, 512)","(64, 64, 8)",7a9c1e54d011c2e6f1b3546b93536f0a8de0fa715bbbf47aa564c88c25be27d4
results/2026.09.15-23.03_tilelang_easy-shape_seed=42/failed/wrong_result/failed_calls_main(f1)__f0()__f1(f0+f0)_26d9f112667e7fff.json,26d9f112667e7fff,tilelang,wrong_result,待确认,需要逐条缩减及独立语义验证,2,float32,"(512, 1, 1)","(128, 128, 8)",59f3106cb2faccedc2bf83236596f67be97e26e4f1097877040e74d6fc52924c
results/2026.09.15-23.03_tilelang_easy-shape_seed=42/failed/wrong_result/failed_calls_main(f1)__f0()__f1(f0+f0)_2b80f66a88880395.json,2b80f66a88880395,tilelang,wrong_result,K=8已知错误机制候选,与已确认K=8布局/列重复机制同配置；不能因block_K=8判非法，也不能未经缩减把全部219条算独立bug,2,float16,"(1024, 8192, 2)","(128, 256, 8)",50b1b2d6f3bca21a040c61e243d903409687d00e044689fa15eec37d54f8e9bd
results/2026.09.15-23.03_tilelang_easy-shape_seed=42/failed/wrong_result/failed_calls_main(f1)__f0()__f1(f0+f0)_2c7653cc701b2b29.json,2c7653cc701b2b29,tilelang,wrong_result,待确认,需要逐条缩减及独立语义验证,2,float32,"(16, 2048, 2048)","(64, 16, 64)",ecc1358abe922900c5f1f86dc07d85d2fd69cd0a385f50bbd35e48c226bd76b0
results/2026.09.15-23.03_tilelang_easy-shape_seed=42/failed/wrong_result/failed_calls_main(f1)__f0()__f1(f0+f0)_340314416c820ce7.json,340314416c820ce7,tilelang,wrong_result,K=8已知错误机制候选,与已确认K=8布局/列重复机制同配置；不能因block_K=8判非法，也不能未经缩减把全部219条算独立bug,2,float16,"(16384, 4, 2048)","(32, 128, 8)",234ef1e65389b74e379cb41dbf380e3dc2b69c590f8827dc25cb7fc0426e4f7b
results/2026.09.15-23.03_tilelang_easy-shape_seed=42/failed/wrong_result/failed_calls_main(f1)__f0()__f1(f0+f0)_3f1f7c18e3cb7bcb.json,3f1f7c18e3cb7bcb,tilelang,wrong_result,K=8已知错误机制候选,与已确认K=8布局/列重复机制同配置；不能因block_K=8判非法，也不能未经缩减把全部219条算独立bug,2,float16,"(4096, 64, 16)","(16, 256, 8)",7161115656fdd51eecdd428ae33f55d26e71c4fac3f2ba66436746edfe679a26
results/2026.09.15-23.03_tilelang_easy-shape_seed=42/failed/wrong_result/failed_calls_main(f1)__f0()__f1(f0+f0)_484f2c327d587d5a.json,484f2c327d587d5a,tilelang,wrong_result,待确认,需要逐条缩减及独立语义验证,2,float32,"(1024, 512, 512)","(64, 128, 8)",29084e54b941e80ad274b461bdef6fed690067020cc8509a090b49dd027bdf48
results/2026.09.15-23.03_tilelang_easy-shape_seed=42/failed/wrong_result/failed_calls_main(f1)__f0()__f1(f0+f0)_5057513596451994.json,5057513596451994,tilelang,wrong_result,待确认,需要逐条缩减及独立语义验证,2,float32,"(32, 4096, 2048)","(32, 32, 8)",4ca4617d002635af93cf961efb1fc26fb2452bc33ca146becdf7b6357bb57199
results/2026.09.15-23.03_tilelang_easy-shape_seed=42/failed/wrong_result/failed_calls_main(f1)__f0()__f1(f0+f0)_5f467a590da2f928.json,5f467a590da2f928,tilelang,wrong_result,待确认,需要逐条缩减及独立语义验证,2,float16,"(1024, 2048, 32)","(32, 128, 16)",ca6df9ad92ecd941abff6a9df12b188b456780da77a1cb35b78ce00656a45b7c
results/2026.09.15-23.03_tilelang_easy-shape_seed=42/failed/wrong_result/failed_calls_main(f1)__f0()__f1(f0+f0)_95a396e1f58d0711.json,95a396e1f58d0711,tilelang,wrong_result,待确认,需要逐条缩减及独立语义验证,2,float32,"(128, 256, 4096)","(64, 64, 64)",2e4315e121bff56b7a7f5f6ea43f4bb75ce7c21d36de5e27ff9d228f92cd5827
results/2026.09.15-23.03_tilelang_easy-shape_seed=42/failed/wrong_result/failed_calls_main(f1)__f0()__f1(f0+f0)_a073013080db399d.json,a073013080db399d,tilelang,wrong_result,待确认,需要逐条缩减及独立语义验证,2,float32,"(8, 512, 8192)","(32, 128, 16)",3eaabba42cc2a07d0755b190bc1ed9799f50ae83dd2b0f00b9b6ec509501c4dd
results/2026.09.15-23.03_tilelang_easy-shape_seed=42/failed/wrong_result/failed_calls_main(f1)__f0()__f1(f0+f0)_aa0cfa10d3cb0e25.json,aa0cfa10d3cb0e25,tilelang,wrong_result,待确认,需要逐条缩减及独立语义验证,2,float32,"(8192, 8, 64)","(64, 256, 8)",bd45585dd191eb42e629d47ba2e2ddc30f937efa911f2765cfd21d8df5bbdadc
results/2026.09.15-23.03_tilelang_easy-shape_seed=42/failed/wrong_result/failed_calls_main(f1)__f0()__f1(f0+f0)_c2c26ab90d97b9f1.json,c2c26ab90d97b9f1,tilelang,wrong_result,待确认,需要逐条缩减及独立语义验证,2,float16,"(1024, 2048, 64)","(128, 128, 16)",e76e3c8bd4ad840cfd9fc1ba054b827ac911bc66fef393a9d22d669a3f4cfdc0
results/2026.09.15-23.03_tilelang_easy-shape_seed=42/failed/wrong_result/failed_calls_main(f1)__f0()__f1(f0+f0)_c7172e94284dfbfd.json,c7172e94284dfbfd,tilelang,wrong_result,待确认,需要逐条缩减及独立语义验证,2,float32,"(16384, 1024, 16384)","(64, 64, 64)",312d419d9bbf40b68d4ee4940d4c0068eb6c7528c44c7fd41a53b05f0890fab9
results/2026.09.15-23.03_tilelang_easy-shape_seed=42/failed/wrong_result/failed_calls_main(f1)__f0()__f1(f0+f0)_d0bcb9b519f12eb0.json,d0bcb9b519f12eb0,tilelang,wrong_result,待确认,需要逐条缩减及独立语义验证,2,float32,"(16384, 32, 8192)","(32, 32, 128)",f2dd57bb54fc9d1f0d2867779051d9a0eecebbde3d9735112b821e6133b759dd
results/2026.09.15-23.03_tilelang_easy-shape_seed=42/failed/wrong_result/failed_calls_main(f1)__f0()__f1(f0+f0)_ea8e69c096a9c15d.json,ea8e69c096a9c15d,tilelang,wrong_result,待确认,需要逐条缩减及独立语义验证,2,float32,"(256, 4096, 4)","(32, 32, 8)",01be429d788d3761cb8cb52940a9bb79056607edf48c6ef4d37b65b1abf31c4f
results/2026.09.15-23.03_tilelang_easy-shape_seed=42/failed/wrong_result/failed_calls_main(f1)__f0()__f1(f0+f0+f0)_0b8ef44bb7941325.json,0b8ef44bb7941325,tilelang,wrong_result,K=8已知错误机制候选,与已确认K=8布局/列重复机制同配置；不能因block_K=8判非法，也不能未经缩减把全部219条算独立bug,2,float16,"(8, 32, 8)","(128, 128, 8)",897bc65e0a2a1707bafbcc788a90af8186afa2a1eaa2bab969eec4c5e34849da
results/2026.09.15-23.03_tilelang_easy-shape_seed=42/failed/wrong_result/failed_calls_main(f1)__f0()__f1(f0+f0+f0)_c131c0f5cc42c075.json,c131c0f5cc42c075,tilelang,wrong_result,待确认,需要逐条缩减及独立语义验证,2,float32,"(2, 16384, 16384)","(32, 32, 128)",9c5ba46a84350a966f1b93397c2788f6ea3ceb49060d0472776255619934bfaa
results/2026.09.15-23.03_tilelang_easy-shape_seed=42/failed/wrong_result/failed_calls_main(f1)__f0()__f1(f0+f0+f0)_d7cac5bd841b8a95.json,d7cac5bd841b8a95,tilelang,wrong_result,待确认,需要逐条缩减及独立语义验证,2,float32,"(1024, 16384, 1024)","(64, 64, 64)",7816ffefea32f24961771d42abab168197b5697c47e6601ecf421281aea7810b
results/2026.09.15-23.03_tilelang_easy-shape_seed=42/failed/wrong_result/failed_calls_main(f1)__f0()__f1(f0+f0+f0+f0)_2f20f8bbd4df3f26.json,2f20f8bbd4df3f26,tilelang,wrong_result,待确认,需要逐条缩减及独立语义验证,2,float32,"(128, 4096, 4)","(32, 32, 128)",4ed94b56ec0b642ea3ffc2e762992c27391d7e5d88897f8fb9ce6077076c5f1e
results/2026.09.15-23.03_tilelang_easy-shape_seed=42/failed/wrong_result/failed_calls_main(f1+f0+f1)__f0()__f1(f0+f0)_54ce41233d5557e6.json,54ce41233d5557e6,tilelang,wrong_result,待确认,需要逐条缩减及独立语义验证,2,float16,"(2048, 2048, 16384)","(128, 256, 32)",c6d639dd2cb63c5bdc067b797b7cdc43b0684713964b5eb9e6333b823f4bbe3a
results/2026.09.15-23.03_tilelang_easy-shape_seed=42/failed/wrong_result/failed_calls_main(f1+f1)__f0()__f1(f0)_1210ab47feb4317f.json,1210ab47feb4317f,tilelang,wrong_result,待确认,需要逐条缩减及独立语义验证,2,float32,"(8, 8, 4096)","(32, 32, 128)",b8ca127dd7d44d84207ed1b152db410008dfc2bbbe354146de2b7878e89501cc
results/2026.09.15-23.03_tilelang_easy-shape_seed=42/failed/wrong_result/failed_calls_main(f1+f1)__f0()__f1(f0)_2c1c792a278ba7ee.json,2c1c792a278ba7ee,tilelang,wrong_result,待确认,需要逐条缩减及独立语义验证,2,float32,"(4096, 4, 4)","(64, 64, 64)",199ff7680dcbc789b32e4d02c33d20b246d449e2cb1bb3d8f71d8f66b4beb624
results/2026.09.15-23.03_tilelang_easy-shape_seed=42/failed/wrong_result/failed_calls_main(f1+f1)__f0()__f1(f0)_61b5b85dfd959307.json,61b5b85dfd959307,tilelang,wrong_result,待确认,需要逐条缩减及独立语义验证,2,float16,"(64, 8192, 64)","(32, 32, 128)",c9caa070e6661226a690509b0fd83a9ab800dcf4cc774ecc2bef5e2579101fab
results/2026.09.15-23.03_tilelang_easy-shape_seed=42/failed/wrong_result/failed_calls_main(f1+f1)__f0()__f1(f0)_69220ab50efc759e.json,69220ab50efc759e,tilelang,wrong_result,待确认,需要逐条缩减及独立语义验证,2,float32,"(256, 4096, 16384)","(16, 64, 32)",2a50447ccdaad50ec574f3595202fb2ddc3140a045ecfcb2dc8a40f94e4de8de
results/2026.09.15-23.03_tilelang_easy-shape_seed=42/failed/wrong_result/failed_calls_main(f1+f1)__f0()__f1(f0)_6c01d13fd60c45fd.json,6c01d13fd60c45fd,tilelang,wrong_result,待确认,需要逐条缩减及独立语义验证,2,float32,"(1024, 1024, 8192)","(128, 128, 16)",195d40cfa02f3f052e42dd10d87e96fb2ee21db2f54eb7e15c2af43b2a638d74
results/2026.09.15-23.03_tilelang_easy-shape_seed=42/failed/wrong_result/failed_calls_main(f1+f1)__f0()__f1(f0)_9f41f3305ecb51b7.json,9f41f3305ecb51b7,tilelang,wrong_result,待确认,需要逐条缩减及独立语义验证,2,float32,"(8192, 256, 1)","(256, 64, 16)",a26c20dc35ad35de8205c9f40da03c4279a602147dbf687aa559335a0df02164
results/2026.09.15-23.03_tilelang_easy-shape_seed=42/failed/wrong_result/failed_calls_main(f1+f1)__f0()__f1(f0)_beb2815a5e8fbaff.json,beb2815a5e8fbaff,tilelang,wrong_result,待确认,需要逐条缩减及独立语义验证,2,float32,"(64, 4096, 2048)","(128, 128, 32)",9cda2c54e1caf58ff9b7d0236126e03cf6664e6968cfa7c1de910b33b29b24cf
results/2026.09.15-23.03_tilelang_easy-shape_seed=42/failed/wrong_result/failed_calls_main(f1+f1)__f0()__f1(f0)_cb1d4644c02d8863.json,cb1d4644c02d8863,tilelang,wrong_result,待确认,需要逐条缩减及独立语义验证,2,float32,"(2048, 4, 16)","(128, 128, 32)",bcd9ad85f714c0903a6934cc4ccf18ed08ac12e96977549f26ac139c900a97ee
results/2026.09.15-23.03_tilelang_easy-shape_seed=42/failed/wrong_result/failed_calls_main(f1+f1)__f0()__f1(f0)_e00175200325ce97.json,e00175200325ce97,tilelang,wrong_result,K=8已知错误机制候选,与已确认K=8布局/列重复机制同配置；不能因block_K=8判非法，也不能未经缩减把全部219条算独立bug,2,float16,"(256, 4096, 32)","(32, 256, 8)",8a4e4239441bea4d5a7e9c4f45586651f30bf127caac2c088ff850213024e4c2
results/2026.09.15-23.03_tilelang_easy-shape_seed=42/failed/wrong_result/failed_calls_main(f1+f1)__f0()__f1(f0+f0)_2432022d37c01733.json,2432022d37c01733,tilelang,wrong_result,非有效目标编译器bug,约3893128的输出差0.5（约2 ULP），绝对容差0.001误报,2,float32,"(4, 4, 1)","(64, 16, 16)",a91a65013ef2fbefc3f89d27f35c990e19d6662370065d927976e8c56c40d893
results/2026.09.15-23.03_tilelang_easy-shape_seed=42/failed/wrong_result/failed_calls_main(f1+f1)__f0()__f1(f0+f0)_eb64087ec51050fc.json,eb64087ec51050fc,tilelang,wrong_result,待确认,需要逐条缩减及独立语义验证,2,float32,"(4, 4096, 8)","(32, 32, 16)",26cc67dce658b0201b6dcffbd7dcb4fa111da66e725b6a9f3bc925b2ed1b1ccc
results/2026.09.15-23.03_tilelang_hard-shape_seed=42/failed/dtype_mismatch/failed_calls_main(f0)__f0()_008e7b7200e25941.json,008e7b7200e25941,tilelang,dtype_mismatch,已确认缺陷机制，同类记录,源码 dtype 与输入匹配；frontend cache 未纳入全局 dtype；三步缓存对照已确认机制，未逐条重放489条,2,float32,"(666, 216, 1374)","(64, 256, 16)",2a9124d6230911ebeb956e6eacf4d9baedecf370f1613350c3239af46b08bc6d
results/2026.09.15-23.03_tilelang_hard-shape_seed=42/failed/dtype_mismatch/failed_calls_main(f0)__f0()_028665728fed6044.json,028665728fed6044,tilelang,dtype_mismatch,已确认缺陷机制，同类记录,源码 dtype 与输入匹配；frontend cache 未纳入全局 dtype；三步缓存对照已确认机制，未逐条重放489条,2,float16,"(4082, 7466, 12283)","(32, 32, 32)",ab0d45e9fa961f5ec712d39d7d5f9ad44aaf3c197768014bb6ab681763ba2722
results/2026.09.15-23.03_tilelang_hard-shape_seed=42/failed/dtype_mismatch/failed_calls_main(f0)__f0()_03aba8e1313e1ca0.json,03aba8e1313e1ca0,tilelang,dtype_mismatch,已确认缺陷机制，同类记录,源码 dtype 与输入匹配；frontend cache 未纳入全局 dtype；三步缓存对照已确认机制，未逐条重放489条,2,float16,"(10886, 14490, 11347)","(64, 64, 8)",a4036b0ed315b16612ac284186994e60ab1f2e41343c920d7415d908739f5761
results/2026.09.15-23.03_tilelang_hard-shape_seed=42/failed/dtype_mismatch/failed_calls_main(f0)__f0()_0888a6682a49e844.json,0888a6682a49e844,tilelang,dtype_mismatch,已确认缺陷机制，同类记录,源码 dtype 与输入匹配；frontend cache 未纳入全局 dtype；三步缓存对照已确认机制，未逐条重放489条,2,float16,"(1679, 14421, 13338)","(128, 128, 16)",5d0a5be4bae8af6e751649319e75afc9c458af21125c76473dbd753b9c14e995
results/2026.09.15-23.03_tilelang_hard-shape_seed=42/failed/dtype_mismatch/failed_calls_main(f0)__f0()_0e336e49d7c23ff9.json,0e336e49d7c23ff9,tilelang,dtype_mismatch,已确认缺陷机制，同类记录,源码 dtype 与输入匹配；frontend cache 未纳入全局 dtype；三步缓存对照已确认机制，未逐条重放489条,2,float16,"(15550, 15550, 6582)","(32, 32, 128)",bc07cba817eb837fd6a25acf6913ddee1c0062efbbd052a0b5d02499c9ac959f
results/2026.09.15-23.03_tilelang_hard-shape_seed=42/failed/dtype_mismatch/failed_calls_main(f0)__f0()_11d45875c7d73ac6.json,11d45875c7d73ac6,tilelang,dtype_mismatch,已确认缺陷机制，同类记录,源码 dtype 与输入匹配；frontend cache 未纳入全局 dtype；三步缓存对照已确认机制，未逐条重放489条,2,float32,"(7224, 9013, 4573)","(16, 32, 8)",5d0ff03ee915519754e3249d34404091b0f49ab67907bb9ae7376071f9987d17
results/2026.09.15-23.03_tilelang_hard-shape_seed=42/failed/dtype_mismatch/failed_calls_main(f0)__f0()_1683fef8e2015cb6.json,1683fef8e2015cb6,tilelang,dtype_mismatch,已确认缺陷机制，同类记录,源码 dtype 与输入匹配；frontend cache 未纳入全局 dtype；三步缓存对照已确认机制，未逐条重放489条,2,float32,"(15406, 6573, 14770)","(32, 32, 128)",54207957c3ef18b5efe0e376d047174488731d3b7c71847678faf382b0f4bf83
results/2026.09.15-23.03_tilelang_hard-shape_seed=42/failed/dtype_mismatch/failed_calls_main(f0)__f0()_1a6dc0893540bca2.json,1a6dc0893540bca2,tilelang,dtype_mismatch,已确认缺陷机制，同类记录,源码 dtype 与输入匹配；frontend cache 未纳入全局 dtype；三步缓存对照已确认机制，未逐条重放489条,2,float16,"(3142, 3142, 13032)","(32, 32, 64)",a18e859376ca7812cecffdcab3ce71164e904dcb314f716a76aa413c3a2eb5f0
results/2026.09.15-23.03_tilelang_hard-shape_seed=42/failed/dtype_mismatch/failed_calls_main(f0)__f0()_25f14228e79a0a0f.json,25f14228e79a0a0f,tilelang,dtype_mismatch,已确认缺陷机制，同类记录,源码 dtype 与输入匹配；frontend cache 未纳入全局 dtype；三步缓存对照已确认机制，未逐条重放489条,2,float32,"(8308, 10936, 11555)","(32, 64, 32)",fa5897aca167155a2fd7027c5183e7e752a89714d8cf5373bae24d1b2c8036e2
results/2026.09.15-23.03_tilelang_hard-shape_seed=42/failed/dtype_mismatch/failed_calls_main(f0)__f0()_2871f1cc6da80bc4.json,2871f1cc6da80bc4,tilelang,dtype_mismatch,已确认缺陷机制，同类记录,源码 dtype 与输入匹配；frontend cache 未纳入全局 dtype；三步缓存对照已确认机制，未逐条重放489条,2,float16,"(977, 7224, 820)","(16, 32, 64)",f3dc1a804f325d44942aede08a10180335b9f04de5a962ae7ea27e01577d7408
results/2026.09.15-23.03_tilelang_hard-shape_seed=42/failed/dtype_mismatch/failed_calls_main(f0)__f0()_2d3ec3aaa62e77d3.json,2d3ec3aaa62e77d3,tilelang,dtype_mismatch,已确认缺陷机制，同类记录,源码 dtype 与输入匹配；frontend cache 未纳入全局 dtype；三步缓存对照已确认机制，未逐条重放489条,2,float32,"(2176, 16339, 4415)","(128, 256, 8)",2e7abceb5c740185523b03375cbc414caff0cb53c502e30fbc99ba627f14ef99
results/2026.09.15-23.03_tilelang_hard-shape_seed=42/failed/dtype_mismatch/failed_calls_main(f0)__f0()_2da054700cbe03e9.json,2da054700cbe03e9,tilelang,dtype_mismatch,已确认缺陷机制，同类记录,源码 dtype 与输入匹配；frontend cache 未纳入全局 dtype；三步缓存对照已确认机制，未逐条重放489条,2,float16,"(8785, 2599, 7083)","(64, 64, 8)",cdfae701b9ec6dd8ff48cfbb8541c556ed5029c712dc22fb27423c5d5fbd7f8e
results/2026.09.15-23.03_tilelang_hard-shape_seed=42/failed/dtype_mismatch/failed_calls_main(f0)__f0()_2f714cb403e9b675.json,2f714cb403e9b675,tilelang,dtype_mismatch,已确认缺陷机制，同类记录,源码 dtype 与输入匹配；frontend cache 未纳入全局 dtype；三步缓存对照已确认机制，未逐条重放489条,2,float16,"(870, 820, 820)","(64, 64, 8)",49761c70257e0e6e49172c423a7b8d58023ede89da274621da30a6f98d48a3fa
results/2026.09.15-23.03_tilelang_hard-shape_seed=42/failed/dtype_mismatch/failed_calls_main(f0)__f0()_2fe5c7347a0365e3.json,2fe5c7347a0365e3,tilelang,dtype_mismatch,已确认缺陷机制，同类记录,源码 dtype 与输入匹配；frontend cache 未纳入全局 dtype；三步缓存对照已确认机制，未逐条重放489条,2,float16,"(15767, 13043, 911)","(32, 32, 128)",da5548364dc9da8cd41d52e98ee694270a4de824bbfabd1cfbf45b150e9578ff
results/2026.09.15-23.03_tilelang_hard-shape_seed=42/failed/dtype_mismatch/failed_calls_main(f0)__f0()_3045fd536aea087d.json,3045fd536aea087d,tilelang,dtype_mismatch,已确认缺陷机制，同类记录,源码 dtype 与输入匹配；frontend cache 未纳入全局 dtype；三步缓存对照已确认机制，未逐条重放489条,2,float32,"(12608, 12608, 10275)","(32, 32, 32)",3855bce076f103fd104b6ea67fba9d6b3d07a30d0a1cf087cbba112f5f44f371
results/2026.09.15-23.03_tilelang_hard-shape_seed=42/failed/dtype_mismatch/failed_calls_main(f0)__f0()_328cc29ad48c4912.json,328cc29ad48c4912,tilelang,dtype_mismatch,已确认缺陷机制，同类记录,源码 dtype 与输入匹配；frontend cache 未纳入全局 dtype；三步缓存对照已确认机制，未逐条重放489条,2,float16,"(5156, 12829, 252)","(16, 256, 16)",9f57bd7079dc3e48d3885fbaa422105a4ea904f1219daab1b2a6177294f268bb
results/2026.09.15-23.03_tilelang_hard-shape_seed=42/failed/dtype_mismatch/failed_calls_main(f0)__f0()_3b2782d3a70d34bd.json,3b2782d3a70d34bd,tilelang,dtype_mismatch,已确认缺陷机制，同类记录,源码 dtype 与输入匹配；frontend cache 未纳入全局 dtype；三步缓存对照已确认机制，未逐条重放489条,2,float16,"(13870, 11063, 5935)","(32, 32, 32)",250e441a99bf7b7dee2234983fa0e91ef6d7384cdb68986052407e2024eff600
results/2026.09.15-23.03_tilelang_hard-shape_seed=42/failed/dtype_mismatch/failed_calls_main(f0)__f0()_3ce840680aecd1ba.json,3ce840680aecd1ba,tilelang,dtype_mismatch,已确认缺陷机制，同类记录,源码 dtype 与输入匹配；frontend cache 未纳入全局 dtype；三步缓存对照已确认机制，未逐条重放489条,2,float32,"(1399, 3548, 16184)","(32, 32, 32)",ff79b0a2399430e06a70e11bc47fa3cad43b4f4d7cbb225a86a09527d87b6215
results/2026.09.15-23.03_tilelang_hard-shape_seed=42/failed/dtype_mismatch/failed_calls_main(f0)__f0()_42c47407b6dbb775.json,42c47407b6dbb775,tilelang,dtype_mismatch,已确认缺陷机制，同类记录,源码 dtype 与输入匹配；frontend cache 未纳入全局 dtype；三步缓存对照已确认机制，未逐条重放489条,2,float16,"(3876, 8063, 11634)","(32, 32, 32)",6848cf267f16ff4eefab2f83aa4af69181c62206ed3434cbfb9bb8936ba74f9d
results/2026.09.15-23.03_tilelang_hard-shape_seed=42/failed/dtype_mismatch/failed_calls_main(f0)__f0()_4da74cc69fbcb448.json,4da74cc69fbcb448,tilelang,dtype_mismatch,已确认缺陷机制，同类记录,源码 dtype 与输入匹配；frontend cache 未纳入全局 dtype；三步缓存对照已确认机制，未逐条重放489条,2,float32,"(12608, 12608, 10275)","(32, 32, 32)",4bec8b1a04c8da5018c8823ff45d8cb8b0c82a215dee143fdde95a1c0016a81a
results/2026.09.15-23.03_tilelang_hard-shape_seed=42/failed/dtype_mismatch/failed_calls_main(f0)__f0()_5c92ce1c45ffa337.json,5c92ce1c45ffa337,tilelang,dtype_mismatch,已确认缺陷机制，同类记录,源码 dtype 与输入匹配；frontend cache 未纳入全局 dtype；三步缓存对照已确认机制，未逐条重放489条,2,float16,"(680, 15872, 8846)","(32, 64, 8)",7e425213e825db31ee6041bfdeb567127dbfdd2110a813a7b87fc8084f1146b0
results/2026.09.15-23.03_tilelang_hard-shape_seed=42/failed/dtype_mismatch/failed_calls_main(f0)__f0()_5d63c85088c841ab.json,5d63c85088c841ab,tilelang,dtype_mismatch,已确认缺陷机制，同类记录,源码 dtype 与输入匹配；frontend cache 未纳入全局 dtype；三步缓存对照已确认机制，未逐条重放489条,2,float16,"(3359, 9116, 3649)","(32, 32, 8)",c23a609f085997e36bc4662ac5d0576529501464fe03f17d11cf198776780b3f
results/2026.09.15-23.03_tilelang_hard-shape_seed=42/failed/dtype_mismatch/failed_calls_main(f0)__f0()_5ef6df29d241644a.json,5ef6df29d241644a,tilelang,dtype_mismatch,已确认缺陷机制，同类记录,源码 dtype 与输入匹配；frontend cache 未纳入全局 dtype；三步缓存对照已确认机制，未逐条重放489条,2,float32,"(2390, 2308, 7157)","(32, 32, 128)",762a71e78431314bc96ff00b779faea53d21d86409a1f41d15290fa05e087f3d
results/2026.09.15-23.03_tilelang_hard-shape_seed=42/failed/dtype_mismatch/failed_calls_main(f0)__f0()_66bb46bc2faee613.json,66bb46bc2faee613,tilelang,dtype_mismatch,已确认缺陷机制，同类记录,源码 dtype 与输入匹配；frontend cache 未纳入全局 dtype；三步缓存对照已确认机制，未逐条重放489条,2,float32,"(7487, 10662, 13470)","(16, 128, 64)",cff77c01b549defee9328082890bdfd53cf0bd0f1d8ab78bb24b4e94f041424d
results/2026.09.15-23.03_tilelang_hard-shape_seed=42/failed/dtype_mismatch/failed_calls_main(f0)__f0()_66cdca7915699952.json,66cdca7915699952,tilelang,dtype_mismatch,已确认缺陷机制，同类记录,源码 dtype 与输入匹配；frontend cache 未纳入全局 dtype；三步缓存对照已确认机制，未逐条重放489条,2,float32,"(15173, 4041, 8468)","(128, 16, 32)",a81d748252de01750ae58c02f4fd3eb8fa819fe35dfea8d17e5424d1e8e6fbaa
results/2026.09.15-23.03_tilelang_hard-shape_seed=42/failed/dtype_mismatch/failed_calls_main(f0)__f0()_6bf2a6d6e52eb12f.json,6bf2a6d6e52eb12f,tilelang,dtype_mismatch,已确认缺陷机制，同类记录,源码 dtype 与输入匹配；frontend cache 未纳入全局 dtype；三步缓存对照已确认机制，未逐条重放489条,2,float32,"(9868, 13446, 11938)","(128, 16, 8)",78683ce55057705cd4513deb19a215597c5c70398857b2fd1bb063b714e38a53
results/2026.09.15-23.03_tilelang_hard-shape_seed=42/failed/dtype_mismatch/failed_calls_main(f0)__f0()_6c72d84798def6c8.json,6c72d84798def6c8,tilelang,dtype_mismatch,已确认缺陷机制，同类记录,源码 dtype 与输入匹配；frontend cache 未纳入全局 dtype；三步缓存对照已确认机制，未逐条重放489条,2,float16,"(2722, 2457, 3264)","(64, 64, 16)",999aa1eda4f8909922881fc75cadc97d14ac6354fc05813d54bac7f6fa237593
results/2026.09.15-23.03_tilelang_hard-shape_seed=42/failed/dtype_mismatch/failed_calls_main(f0)__f0()_6f97454bac1d8585.json,6f97454bac1d8585,tilelang,dtype_mismatch,已确认缺陷机制，同类记录,源码 dtype 与输入匹配；frontend cache 未纳入全局 dtype；三步缓存对照已确认机制，未逐条重放489条,2,float16,"(6166, 6166, 4651)","(128, 128, 16)",017ca5f186febced1fc3f078ba63969348238ef7f93190abeea2b1d50161126b
results/2026.09.15-23.03_tilelang_hard-shape_seed=42/failed/dtype_mismatch/failed_calls_main(f0)__f0()_78d94c207ddae990.json,78d94c207ddae990,tilelang,dtype_mismatch,已确认缺陷机制，同类记录,源码 dtype 与输入匹配；frontend cache 未纳入全局 dtype；三步缓存对照已确认机制，未逐条重放489条,2,float32,"(5257, 2875, 14496)","(128, 256, 16)",660b7b8696ec9e38357d292e9269f3f2234303a7de0d904f8805fadf997144f7
results/2026.09.15-23.03_tilelang_hard-shape_seed=42/failed/dtype_mismatch/failed_calls_main(f0)__f0()_7e7a3d2dccceaaf8.json,7e7a3d2dccceaaf8,tilelang,dtype_mismatch,已确认缺陷机制，同类记录,源码 dtype 与输入匹配；frontend cache 未纳入全局 dtype；三步缓存对照已确认机制，未逐条重放489条,2,float16,"(10886, 14162, 11347)","(256, 16, 16)",eb0f4030e008b9984034ad538fab968860fc9b5f6e7942422f5ecddff63a5696
results/2026.09.15-23.03_tilelang_hard-shape_seed=42/failed/dtype_mismatch/failed_calls_main(f0)__f0()_a26a0a9acfd8bdc9.json,a26a0a9acfd8bdc9,tilelang,dtype_mismatch,已确认缺陷机制，同类记录,源码 dtype 与输入匹配；frontend cache 未纳入全局 dtype；三步缓存对照已确认机制，未逐条重放489条,2,float32,"(14543, 2136, 3955)","(128, 128, 8)",caa9e812c3c728da3cb4dc7d1da3b165d74d067a64db15919b054087a48ec7d4
results/2026.09.15-23.03_tilelang_hard-shape_seed=42/failed/dtype_mismatch/failed_calls_main(f0)__f0()_a42331d247b936b2.json,a42331d247b936b2,tilelang,dtype_mismatch,已确认缺陷机制，同类记录,源码 dtype 与输入匹配；frontend cache 未纳入全局 dtype；三步缓存对照已确认机制，未逐条重放489条,2,float16,"(1193, 5346, 2952)","(128, 128, 16)",ee2d2be47fb6e3042f40befe15015f21855c74f30e2d3dd38d119f603688440e
results/2026.09.15-23.03_tilelang_hard-shape_seed=42/failed/dtype_mismatch/failed_calls_main(f0)__f0()_a51d57a5dcac87cf.json,a51d57a5dcac87cf,tilelang,dtype_mismatch,已确认缺陷机制，同类记录,源码 dtype 与输入匹配；frontend cache 未纳入全局 dtype；三步缓存对照已确认机制，未逐条重放489条,2,float32,"(4715, 6576, 3482)","(16, 64, 32)",702ee6e0d624f5a8b6656b67a50df4caaf35954aa4e361db1c813364bd5dfc99
results/2026.09.15-23.03_tilelang_hard-shape_seed=42/failed/dtype_mismatch/failed_calls_main(f0)__f0()_a6ed8b0e8d6175df.json,a6ed8b0e8d6175df,tilelang,dtype_mismatch,已确认缺陷机制，同类记录,源码 dtype 与输入匹配；frontend cache 未纳入全局 dtype；三步缓存对照已确认机制，未逐条重放489条,2,float32,"(2303, 1309, 1786)","(64, 128, 8)",57e84eea5938f12b956f4a0df4c911fdf542c2695f9eae8f7b5a03dccce15d40
results/2026.09.15-23.03_tilelang_hard-shape_seed=42/failed/dtype_mismatch/failed_calls_main(f0)__f0()_a912ade58efe9d23.json,a912ade58efe9d23,tilelang,dtype_mismatch,已确认缺陷机制，同类记录,源码 dtype 与输入匹配；frontend cache 未纳入全局 dtype；三步缓存对照已确认机制，未逐条重放489条,2,float32,"(1042, 977, 7624)","(64, 64, 8)",1866e495f1181ba1b2544b37fbfff863a16d59f1c03b487a0ae5fa46e1c0dbb2
results/2026.09.15-23.03_tilelang_hard-shape_seed=42/failed/dtype_mismatch/failed_calls_main(f0)__f0()_a9feada2f5bbdee6.json,a9feada2f5bbdee6,tilelang,dtype_mismatch,已确认缺陷机制，同类记录,源码 dtype 与输入匹配；frontend cache 未纳入全局 dtype；三步缓存对照已确认机制，未逐条重放489条,2,float32,"(4132, 1592, 12265)","(64, 128, 64)",aae91ef2d6fcc2682af6e5815266f4184cc1a794bc8a2c7561376e9a5e4e9a8f
results/2026.09.15-23.03_tilelang_hard-shape_seed=42/failed/dtype_mismatch/failed_calls_main(f0)__f0()_ad0f3ff3859ec337.json,ad0f3ff3859ec337,tilelang,dtype_mismatch,已确认缺陷机制，同类记录,源码 dtype 与输入匹配；frontend cache 未纳入全局 dtype；三步缓存对照已确认机制，未逐条重放489条,2,float16,"(7539, 15812, 10275)","(32, 128, 16)",6f36572a7f2fee5a9f83cbf416bd83de8eacb3c606ba802f610c7909e9b082f2
results/2026.09.15-23.03_tilelang_hard-shape_seed=42/failed/dtype_mismatch/failed_calls_main(f0)__f0()_ad11efd3ce1d5fbc.json,ad11efd3ce1d5fbc,tilelang,dtype_mismatch,已确认缺陷机制，同类记录,源码 dtype 与输入匹配；frontend cache 未纳入全局 dtype；三步缓存对照已确认机制，未逐条重放489条,2,float16,"(11682, 1775, 2334)","(16, 128, 16)",0c8e945d121fa2cec51c87985a84461754daaea6fbedf4df1b2c920df2b43820
results/2026.09.15-23.03_tilelang_hard-shape_seed=42/failed/dtype_mismatch/failed_calls_main(f0)__f0()_af3b8b7d057f8f2a.json,af3b8b7d057f8f2a,tilelang,dtype_mismatch,已确认缺陷机制，同类记录,源码 dtype 与输入匹配；frontend cache 未纳入全局 dtype；三步缓存对照已确认机制，未逐条重放489条,2,float32,"(4164, 1079, 11984)","(32, 32, 8)",b000801f60cc3c08d7d97c06a9c9a4c719873cce7b93aee6ab80e9264222f758
results/2026.09.15-23.03_tilelang_hard-shape_seed=42/failed/dtype_mismatch/failed_calls_main(f0)__f0()_bbaddc888168aec7.json,bbaddc888168aec7,tilelang,dtype_mismatch,已确认缺陷机制，同类记录,源码 dtype 与输入匹配；frontend cache 未纳入全局 dtype；三步缓存对照已确认机制，未逐条重放489条,2,float32,"(7624, 6516, 820)","(32, 16, 64)",b5027b5282b78cd54138830c5650c3a4244e1f4a11f1e92fa0f3f3bc52c3ed60
results/2026.09.15-23.03_tilelang_hard-shape_seed=42/failed/dtype_mismatch/failed_calls_main(f0)__f0()_bc2e2e5ddd184ed7.json,bc2e2e5ddd184ed7,tilelang,dtype_mismatch,已确认缺陷机制，同类记录,源码 dtype 与输入匹配；frontend cache 未纳入全局 dtype；三步缓存对照已确认机制，未逐条重放489条,2,float16,"(5001, 13442, 12959)","(64, 64, 64)",58fd740cc9502b2c32a049e9df0df2b595105497e5cc0b84d12d0e5cdb61fa5a
results/2026.09.15-23.03_tilelang_hard-shape_seed=42/failed/dtype_mismatch/failed_calls_main(f0)__f0()_bd97e90cd6861a9f.json,bd97e90cd6861a9f,tilelang,dtype_mismatch,已确认缺陷机制，同类记录,源码 dtype 与输入匹配；frontend cache 未纳入全局 dtype；三步缓存对照已确认机制，未逐条重放489条,2,float16,"(7218, 5856, 7864)","(256, 32, 32)",7cd4a5fc8eb2e279f1315a13d367f24ca9f5a9eb2c53b9ed1ad67b7268c8c9de
results/2026.09.15-23.03_tilelang_hard-shape_seed=42/failed/dtype_mismatch/failed_calls_main(f0)__f0()_bec848e768e41589.json,bec848e768e41589,tilelang,dtype_mismatch,已确认缺陷机制，同类记录,源码 dtype 与输入匹配；frontend cache 未纳入全局 dtype；三步缓存对照已确认机制，未逐条重放489条,2,float16,"(4428, 9285, 13508)","(32, 32, 128)",4a24ec9202c4f918067864ff1281c8b7c6752f49e532369623cb63717e177fd8
results/2026.09.15-23.03_tilelang_hard-shape_seed=42/failed/dtype_mismatch/failed_calls_main(f0)__f0()_c07d11df595f4910.json,c07d11df595f4910,tilelang,dtype_mismatch,已确认缺陷机制，同类记录,源码 dtype 与输入匹配；frontend cache 未纳入全局 dtype；三步缓存对照已确认机制，未逐条重放489条,2,float32,"(9116, 6516, 870)","(32, 32, 16)",771f426985d440ef0411922fdccb441b71fabdb4aff4c542149715df78eadc7a
results/2026.09.15-23.03_tilelang_hard-shape_seed=42/failed/dtype_mismatch/failed_calls_main(f0)__f0()_c11b48c92729d125.json,c11b48c92729d125,tilelang,dtype_mismatch,已确认缺陷机制，同类记录,源码 dtype 与输入匹配；frontend cache 未纳入全局 dtype；三步缓存对照已确认机制，未逐条重放489条,2,float16,"(13446, 13446, 9868)","(32, 32, 32)",1850fa2d063fe09afc2676d9115b20a1893b24b5161e6cfed28712c984caf472
results/2026.09.15-23.03_tilelang_hard-shape_seed=42/failed/dtype_mismatch/failed_calls_main(f0)__f0()_c34ae3e0579680af.json,c34ae3e0579680af,tilelang,dtype_mismatch,已确认缺陷机制，同类记录,源码 dtype 与输入匹配；frontend cache 未纳入全局 dtype；三步缓存对照已确认机制，未逐条重放489条,2,float32,"(13826, 9013, 14720)","(16, 256, 8)",83dd0abe1da4da84b23bf2aa881a3a1b6bb1ab9282ba13d085228c68fcd7f5d6
results/2026.09.15-23.03_tilelang_hard-shape_seed=42/failed/dtype_mismatch/failed_calls_main(f0)__f0()_c74ff1315819bc3b.json,c74ff1315819bc3b,tilelang,dtype_mismatch,已确认缺陷机制，同类记录,源码 dtype 与输入匹配；frontend cache 未纳入全局 dtype；三步缓存对照已确认机制，未逐条重放489条,2,float16,"(1963, 1309, 1309)","(256, 32, 8)",848c678aefaf1af73d6bf6f032e0028bdafff2b0fc070f0d807b8486ad21aaa8
results/2026.09.15-23.03_tilelang_hard-shape_seed=42/failed/dtype_mismatch/failed_calls_main(f0)__f0()_d035e8930af649b7.json,d035e8930af649b7,tilelang,dtype_mismatch,已确认缺陷机制，同类记录,源码 dtype 与输入匹配；frontend cache 未纳入全局 dtype；三步缓存对照已确认机制，未逐条重放489条,2,float32,"(7428, 9973, 7428)","(32, 128, 64)",77c791bde486016a9f5130934d86d32bdea598f454e91f8466126aa7f416ca0d
results/2026.09.15-23.03_tilelang_hard-shape_seed=42/failed/dtype_mismatch/failed_calls_main(f0)__f0()_d3f7f96fe41877d7.json,d3f7f96fe41877d7,tilelang,dtype_mismatch,已确认缺陷机制，同类记录,源码 dtype 与输入匹配；frontend cache 未纳入全局 dtype；三步缓存对照已确认机制，未逐条重放489条,2,float16,"(12032, 11677, 126)","(32, 32, 8)",b2b227fa9013e3f15c64da1a69f1d644bfc10fbba9ae3b21da057dc62de7d73d
results/2026.09.15-23.03_tilelang_hard-shape_seed=42/failed/dtype_mismatch/failed_calls_main(f0)__f0()_d6f80cc106caceba.json,d6f80cc106caceba,tilelang,dtype_mismatch,已确认缺陷机制，同类记录,源码 dtype 与输入匹配；frontend cache 未纳入全局 dtype；三步缓存对照已确认机制，未逐条重放489条,2,float16,"(2390, 3554, 8212)","(16, 256, 16)",3b958a35a6c758acb7d4cd696dccf8ec5adb7cbc0ec7a7cc6097c6dd3be7525c
results/2026.09.15-23.03_tilelang_hard-shape_seed=42/failed/dtype_mismatch/failed_calls_main(f0)__f0()_d9a0c33c09aeda82.json,d9a0c33c09aeda82,tilelang,dtype_mismatch,已确认缺陷机制，同类记录,源码 dtype 与输入匹配；frontend cache 未纳入全局 dtype；三步缓存对照已确认机制，未逐条重放489条,2,float16,"(15550, 15550, 6582)","(32, 32, 128)",8161db5ce4ebae9e2a2f1f7cf7e8c5d730f09849f05be9da776d2fc410bfdea4
results/2026.09.15-23.03_tilelang_hard-shape_seed=42/failed/dtype_mismatch/failed_calls_main(f0)__f0()_ddb22386dd0f88da.json,ddb22386dd0f88da,tilelang,dtype_mismatch,已确认缺陷机制，同类记录,源码 dtype 与输入匹配；frontend cache 未纳入全局 dtype；三步缓存对照已确认机制，未逐条重放489条,2,float32,"(16164, 3264, 12864)","(64, 64, 64)",a7bb6af722b59e0b7aabc01125c2a1c1c0d8546e3ab1073e87c916b4f5f20a82
results/2026.09.15-23.03_tilelang_hard-shape_seed=42/failed/dtype_mismatch/failed_calls_main(f0)__f0()_e1199e395223af1e.json,e1199e395223af1e,tilelang,dtype_mismatch,已确认缺陷机制，同类记录,源码 dtype 与输入匹配；frontend cache 未纳入全局 dtype；三步缓存对照已确认机制，未逐条重放489条,2,float32,"(4991, 12199, 8742)","(128, 16, 64)",a42bf243e84615dd746ba8d5fec09faa6af74e37bdab553b846575b0296ca2d5
results/2026.09.15-23.03_tilelang_hard-shape_seed=42/failed/dtype_mismatch/failed_calls_main(f0)__f0()_e57708841665deb4.json,e57708841665deb4,tilelang,dtype_mismatch,已确认缺陷机制，同类记录,源码 dtype 与输入匹配；frontend cache 未纳入全局 dtype；三步缓存对照已确认机制，未逐条重放489条,2,float16,"(14470, 16124, 14132)","(32, 32, 8)",e67f1075a597946aefe40478f15f2e8acfa450cbc128ea6cea900488f96c35c7
results/2026.09.15-23.03_tilelang_hard-shape_seed=42/failed/dtype_mismatch/failed_calls_main(f0)__f0()_f2bf02d5c5086bee.json,f2bf02d5c5086bee,tilelang,dtype_mismatch,已确认缺陷机制，同类记录,源码 dtype 与输入匹配；frontend cache 未纳入全局 dtype；三步缓存对照已确认机制，未逐条重放489条,2,float16,"(11495, 10936, 8433)","(32, 32, 16)",a7625917d226ba9f31fd70ff4f91856e29274b8f50b52c160ada85c29525134c
results/2026.09.15-23.03_tilelang_hard-shape_seed=42/failed/dtype_mismatch/failed_calls_main(f0)__f0()_fc7f767b3cdaa837.json,fc7f767b3cdaa837,tilelang,dtype_mismatch,已确认缺陷机制，同类记录,源码 dtype 与输入匹配；frontend cache 未纳入全局 dtype；三步缓存对照已确认机制，未逐条重放489条,2,float16,"(14837, 5078, 9028)","(64, 64, 8)",2c27ce2594873dd1caa5d5e279cff6aee207afd39589068d6cdfead8461d502e
results/2026.09.15-23.03_tilelang_hard-shape_seed=42/failed/dtype_mismatch/failed_calls_main(f0+f0)__f0()_0f4e824561c590c7.json,0f4e824561c590c7,tilelang,dtype_mismatch,已确认缺陷机制，同类记录,源码 dtype 与输入匹配；frontend cache 未纳入全局 dtype；三步缓存对照已确认机制，未逐条重放489条,2,float32,"(2849, 13826, 870)","(32, 32, 32)",a2fa452a2d88dd74a60830ff67b68626465b6c67f2fd146775d01e617bed21de
results/2026.09.15-23.03_tilelang_hard-shape_seed=42/failed/dtype_mismatch/failed_calls_main(f0+f0)__f0()_226bc061dfad1473.json,226bc061dfad1473,tilelang,dtype_mismatch,已确认缺陷机制，同类记录,源码 dtype 与输入匹配；frontend cache 未纳入全局 dtype；三步缓存对照已确认机制，未逐条重放489条,2,float16,"(3370, 13049, 10328)","(32, 32, 8)",766839a68aa79a393b3ea2781246c1941e06d80ba277c1e431518c6d6b340a57
results/2026.09.15-23.03_tilelang_hard-shape_seed=42/failed/dtype_mismatch/failed_calls_main(f0+f0)__f0()_390b08301c103a5a.json,390b08301c103a5a,tilelang,dtype_mismatch,已确认缺陷机制，同类记录,源码 dtype 与输入匹配；frontend cache 未纳入全局 dtype；三步缓存对照已确认机制，未逐条重放489条,2,float32,"(3649, 14720, 1042)","(64, 64, 16)",0063a1cef879d147057797cbd25b8a5d0912a3be8edea511dcc8403b2b834795
results/2026.09.15-23.03_tilelang_hard-shape_seed=42/failed/dtype_mismatch/failed_calls_main(f0+f0)__f0()_5ac95809d192cdac.json,5ac95809d192cdac,tilelang,dtype_mismatch,已确认缺陷机制，同类记录,源码 dtype 与输入匹配；frontend cache 未纳入全局 dtype；三步缓存对照已确认机制，未逐条重放489条,2,float16,"(9235, 13491, 339)","(32, 32, 8)",d3c8bd696cfe6c8ff4d7a9d4bc2bd9ca0cad119897d9769be36730277630e563
results/2026.09.15-23.03_tilelang_hard-shape_seed=42/failed/dtype_mismatch/failed_calls_main(f0+f0)__f0()_964e97f2d1d70eb8.json,964e97f2d1d70eb8,tilelang,dtype_mismatch,已确认缺陷机制，同类记录,源码 dtype 与输入匹配；frontend cache 未纳入全局 dtype；三步缓存对照已确认机制，未逐条重放489条,2,float16,"(1042, 7165, 870)","(128, 128, 16)",1396e54a2bf432e0ea36cf748df2b3dc5a739fd1bb914d62b75f94d2e3ed22e4
results/2026.09.15-23.03_tilelang_hard-shape_seed=42/failed/dtype_mismatch/failed_calls_main(f0+f0)__f0()_a50de25628b5946e.json,a50de25628b5946e,tilelang,dtype_mismatch,已确认缺陷机制，同类记录,源码 dtype 与输入匹配；frontend cache 未纳入全局 dtype；三步缓存对照已确认机制，未逐条重放489条,2,float32,"(9013, 977, 1042)","(64, 16, 16)",a3db561bc96256eff1fa14b2410784b3c7eeeb1bdc25f6b851b4ae7df4ef3f71
results/2026.09.15-23.03_tilelang_hard-shape_seed=42/failed/dtype_mismatch/failed_calls_main(f0+f0)__f0()_ae33a67b763a32af.json,ae33a67b763a32af,tilelang,dtype_mismatch,已确认缺陷机制，同类记录,源码 dtype 与输入匹配；frontend cache 未纳入全局 dtype；三步缓存对照已确认机制，未逐条重放489条,2,float16,"(13251, 3188, 3188)","(64, 256, 16)",c18eeb969e52c00a4554852f5ca5a8aa5c2b9cf58b30f449d4702b73ecc5f381
results/2026.09.15-23.03_tilelang_hard-shape_seed=42/failed/dtype_mismatch/failed_calls_main(f0+f0)__f0()_b4f5249153c75415.json,b4f5249153c75415,tilelang,dtype_mismatch,已确认缺陷机制，同类记录,源码 dtype 与输入匹配；frontend cache 未纳入全局 dtype；三步缓存对照已确认机制，未逐条重放489条,2,float16,"(14437, 5831, 6576)","(32, 32, 16)",8cb3e3e1e5482e5f5afe9a75fa5e227cd4cc73ee996f9d45f5f8d1672137ac89
results/2026.09.15-23.03_tilelang_hard-shape_seed=42/failed/dtype_mismatch/failed_calls_main(f0+f0)__f0()_bbe8d5b5cf65b096.json,bbe8d5b5cf65b096,tilelang,dtype_mismatch,已确认缺陷机制，同类记录,源码 dtype 与输入匹配；frontend cache 未纳入全局 dtype；三步缓存对照已确认机制，未逐条重放489条,2,float16,"(12276, 10711, 15836)","(32, 32, 32)",0e786478c61fc8b9a0c9e94cf2512f4f86135c5fde66fab9ee1ffa198397645c
results/2026.09.15-23.03_tilelang_hard-shape_seed=42/failed/dtype_mismatch/failed_calls_main(f0+f0)__f0()_c6ba8096778ff2c4.json,c6ba8096778ff2c4,tilelang,dtype_mismatch,已确认缺陷机制，同类记录,源码 dtype 与输入匹配；frontend cache 未纳入全局 dtype；三步缓存对照已确认机制，未逐条重放489条,2,float32,"(696, 15406, 13156)","(256, 128, 8)",073115b61a8fc4db7da38e9d90ff5fb9a973409f4372173a9a2e99a8d05a3158
results/2026.09.15-23.03_tilelang_hard-shape_seed=42/failed/dtype_mismatch/failed_calls_main(f0+f0)__f0()_d9f313fb5d8b759c.json,d9f313fb5d8b759c,tilelang,dtype_mismatch,已确认缺陷机制，同类记录,源码 dtype 与输入匹配；frontend cache 未纳入全局 dtype；三步缓存对照已确认机制，未逐条重放489条,2,float16,"(2849, 2849, 3649)","(128, 128, 16)",f907dfce0bdf2b8a6901b82af34015a26282053b60bb08716e3402197e354d3e
results/2026.09.15-23.03_tilelang_hard-shape_seed=42/failed/dtype_mismatch/failed_calls_main(f0+f0)__f0()_dc03b8f1a58af46c.json,dc03b8f1a58af46c,tilelang,dtype_mismatch,已确认缺陷机制，同类记录,源码 dtype 与输入匹配；frontend cache 未纳入全局 dtype；三步缓存对照已确认机制，未逐条重放489条,2,float32,"(7740, 13245, 14838)","(128, 128, 8)",4e59bc20363719fea21f08a03ec896a8846103135eb3e1cf6963913afc3c32b9
results/2026.09.15-23.03_tilelang_hard-shape_seed=42/failed/dtype_mismatch/failed_calls_main(f0+f0)__f0()_f325db884f3f12e2.json,f325db884f3f12e2,tilelang,dtype_mismatch,已确认缺陷机制，同类记录,源码 dtype 与输入匹配；frontend cache 未纳入全局 dtype；三步缓存对照已确认机制，未逐条重放489条,2,float32,"(9442, 7258, 4431)","(32, 32, 128)",07e1bc994e4c959d84aad0ce287afe2ee54b13a9c3744fabe9eca1bc4c96f3c0
results/2026.09.15-23.03_tilelang_hard-shape_seed=42/failed/dtype_mismatch/failed_calls_main(f0+f0+f0)__f0()_c62300e6a855e8f8.json,c62300e6a855e8f8,tilelang,dtype_mismatch,已确认缺陷机制，同类记录,源码 dtype 与输入匹配；frontend cache 未纳入全局 dtype；三步缓存对照已确认机制，未逐条重放489条,2,float32,"(4409, 871, 16141)","(32, 32, 16)",16df9f0d4880edffed17e05f6ec8326f4302c512dc1b61e3bc7dfdfa74a86658
results/2026.09.15-23.03_tilelang_hard-shape_seed=42/failed/dtype_mismatch/failed_calls_main(f0+f0+f0)__f0()_e2926ce97c87cb8a.json,e2926ce97c87cb8a,tilelang,dtype_mismatch,已确认缺陷机制，同类记录,源码 dtype 与输入匹配；frontend cache 未纳入全局 dtype；三步缓存对照已确认机制，未逐条重放489条,2,float32,"(3256, 16377, 16377)","(128, 128, 16)",69b3108bcce73d24be879f4e4f51d02c9bfab484ce29a838a27aacfc9d94edcd
results/2026.09.15-23.03_tilelang_hard-shape_seed=42/failed/dtype_mismatch/failed_calls_main(f0+f1)__f0()__f1(f0)_0fd68746b8d00ace.json,0fd68746b8d00ace,tilelang,dtype_mismatch,已确认缺陷机制，同类记录,源码 dtype 与输入匹配；frontend cache 未纳入全局 dtype；三步缓存对照已确认机制，未逐条重放489条,2,float32,"(11359, 15474, 11991)","(32, 32, 32)",e926583656ea27c882da6fea3ed36332c3fab14404960600ed662dca4b3749c8
results/2026.09.15-23.03_tilelang_hard-shape_seed=42/failed/dtype_mismatch/failed_calls_main(f0+f1)__f0()__f1(f0)_2702ee9f266cbec0.json,2702ee9f266cbec0,tilelang,dtype_mismatch,已确认缺陷机制，同类记录,源码 dtype 与输入匹配；frontend cache 未纳入全局 dtype；三步缓存对照已确认机制，未逐条重放489条,2,float32,"(5787, 4032, 12664)","(64, 64, 64)",476c1c3cffe6c61cb35e618a36ba31bfdb69b57fe8898dd4d257ec3c39949ecc
results/2026.09.15-23.03_tilelang_hard-shape_seed=42/failed/dtype_mismatch/failed_calls_main(f0+f1)__f0()__f1(f0)_4bd468a934a7ec04.json,4bd468a934a7ec04,tilelang,dtype_mismatch,已确认缺陷机制，同类记录,源码 dtype 与输入匹配；frontend cache 未纳入全局 dtype；三步缓存对照已确认机制，未逐条重放489条,2,float16,"(7142, 16339, 9771)","(64, 64, 64)",5b77de9f395d594f0af2b35beceb3e30fa6b8601d8fcca835f377d2bc5ce57b2
results/2026.09.15-23.03_tilelang_hard-shape_seed=42/failed/dtype_mismatch/failed_calls_main(f0+f1)__f0()__f1(f0)_4f28b1a47a16cddf.json,4f28b1a47a16cddf,tilelang,dtype_mismatch,已确认缺陷机制，同类记录,源码 dtype 与输入匹配；frontend cache 未纳入全局 dtype；三步缓存对照已确认机制，未逐条重放489条,2,float32,"(7315, 14720, 14720)","(128, 64, 32)",6f522156b79d563d269118aebb764dcd243d36b0af936410e2f2102b3b008956
results/2026.09.15-23.03_tilelang_hard-shape_seed=42/failed/dtype_mismatch/failed_calls_main(f0+f1)__f0()__f1(f0)_52620062cb8b910e.json,52620062cb8b910e,tilelang,dtype_mismatch,已确认缺陷机制，同类记录,源码 dtype 与输入匹配；frontend cache 未纳入全局 dtype；三步缓存对照已确认机制，未逐条重放489条,2,float32,"(9152, 9152, 5444)","(32, 32, 64)",a6c68008f473a9780e10962dc4c4d03be6f8a72534d0f5b94c2bcf86962b3105
results/2026.09.15-23.03_tilelang_hard-shape_seed=42/failed/dtype_mismatch/failed_calls_main(f0+f1)__f0()__f1(f0)_5912696db53fc963.json,5912696db53fc963,tilelang,dtype_mismatch,已确认缺陷机制，同类记录,源码 dtype 与输入匹配；frontend cache 未纳入全局 dtype；三步缓存对照已确认机制，未逐条重放489条,2,float16,"(9013, 7165, 7165)","(64, 128, 8)",c84b7ca3e9e945414ee367a1d685dfa4422ab843feb15cd43b7120caec2f65d9
results/2026.09.15-23.03_tilelang_hard-shape_seed=42/failed/dtype_mismatch/failed_calls_main(f0+f1)__f0()__f1(f0)_9859e4003e193ba3.json,9859e4003e193ba3,tilelang,dtype_mismatch,已确认缺陷机制，同类记录,源码 dtype 与输入匹配；frontend cache 未纳入全局 dtype；三步缓存对照已确认机制，未逐条重放489条,2,float32,"(1374, 10711, 5064)","(128, 128, 8)",35388032446c10c79e41c99db99b48f9031ec9a4bb69ea51805540a38e6e4d3c
results/2026.09.15-23.03_tilelang_hard-shape_seed=42/failed/dtype_mismatch/failed_calls_main(f0+f1)__f0()__f1(f0)_e35f8937426843d4.json,e35f8937426843d4,tilelang,dtype_mismatch,已确认缺陷机制，同类记录,源码 dtype 与输入匹配；frontend cache 未纳入全局 dtype；三步缓存对照已确认机制，未逐条重放489条,2,float32,"(9152, 9152, 5444)","(32, 32, 64)",d74ac6b861dec94c3c72f0c6a65a07585731ab4fc8a0a89238e1d7cb90cf3740
results/2026.09.15-23.03_tilelang_hard-shape_seed=42/failed/dtype_mismatch/failed_calls_main(f0+f1)__f0()__f1(f0+f0)_30bab2a0cb785d7e.json,30bab2a0cb785d7e,tilelang,dtype_mismatch,已确认缺陷机制，同类记录,源码 dtype 与输入匹配；frontend cache 未纳入全局 dtype；三步缓存对照已确认机制，未逐条重放489条,2,float16,"(5417, 7246, 12880)","(32, 32, 16)",c04228f7dc7746961069c84332b7884e4f2902b1e6ec9c1bbf8467af8cda241e
results/2026.09.15-23.03_tilelang_hard-shape_seed=42/failed/dtype_mismatch/failed_calls_main(f0+f1+f1+f1)__f0()__f1(f0)_a65d8972a1ff4be3.json,a65d8972a1ff4be3,tilelang,dtype_mismatch,已确认缺陷机制，同类记录,源码 dtype 与输入匹配；frontend cache 未纳入全局 dtype；三步缓存对照已确认机制，未逐条重放489条,2,float32,"(7224, 6516, 4573)","(32, 64, 8)",1ae08a4697fbc2975b788ac898033b785234421f1c3335890dbfeae7250100a7
results/2026.09.15-23.03_tilelang_hard-shape_seed=42/failed/dtype_mismatch/failed_calls_main(f1)__f0()__f1(f0)_1052ecccd1be634b.json,1052ecccd1be634b,tilelang,dtype_mismatch,已确认缺陷机制，同类记录,源码 dtype 与输入匹配；frontend cache 未纳入全局 dtype；三步缓存对照已确认机制，未逐条重放489条,2,float32,"(12176, 10283, 1040)","(64, 32, 32)",f69c9f9bccf7741b54e465a95825cea8e6d1f0d72c5a9a6b32fb00e62a30ff83
results/2026.09.15-23.03_tilelang_hard-shape_seed=42/failed/dtype_mismatch/failed_calls_main(f1)__f0()__f1(f0)_1ca4457eb7b930dc.json,1ca4457eb7b930dc,tilelang,dtype_mismatch,已确认缺陷机制，同类记录,源码 dtype 与输入匹配；frontend cache 未纳入全局 dtype；三步缓存对照已确认机制，未逐条重放489条,2,float16,"(977, 7224, 7624)","(128, 32, 8)",b97a49a8107b1f17a4746e8792c85b3d898b28c0f9a60f4c66d25f7237220ecb
results/2026.09.15-23.03_tilelang_hard-shape_seed=42/failed/dtype_mismatch/failed_calls_main(f1)__f0()__f1(f0)_28290ce4cb3ce94f.json,28290ce4cb3ce94f,tilelang,dtype_mismatch,已确认缺陷机制，同类记录,源码 dtype 与输入匹配；frontend cache 未纳入全局 dtype；三步缓存对照已确认机制，未逐条重放489条,2,float32,"(7694, 3145, 12328)","(128, 128, 8)",44d4b15558ddc2e48e48018617052d5590e40ec99dce4facaca283a0dfb41c13
results/2026.09.15-23.03_tilelang_hard-shape_seed=42/failed/dtype_mismatch/failed_calls_main(f1)__f0()__f1(f0)_2874dec8f83932f2.json,2874dec8f83932f2,tilelang,dtype_mismatch,已确认缺陷机制，同类记录,源码 dtype 与输入匹配；frontend cache 未纳入全局 dtype；三步缓存对照已确认机制，未逐条重放489条,2,float32,"(2771, 2501, 15884)","(16, 64, 16)",84250ccaba634d976352758cb3aeed7340e489438805b7bdce0751af164b687f
results/2026.09.15-23.03_tilelang_hard-shape_seed=42/failed/dtype_mismatch/failed_calls_main(f1)__f0()__f1(f0)_29c293623edc3e9c.json,29c293623edc3e9c,tilelang,dtype_mismatch,已确认缺陷机制，同类记录,源码 dtype 与输入匹配；frontend cache 未纳入全局 dtype；三步缓存对照已确认机制，未逐条重放489条,2,float16,"(13747, 7224, 9116)","(64, 32, 16)",aa5cb452c86c3354a132e810cb36a5ee603398f871248d17d7645cda08654165
results/2026.09.15-23.03_tilelang_hard-shape_seed=42/failed/dtype_mismatch/failed_calls_main(f1)__f0()__f1(f0)_300d63f3c8cc6d79.json,300d63f3c8cc6d79,tilelang,dtype_mismatch,已确认缺陷机制，同类记录,源码 dtype 与输入匹配；frontend cache 未纳入全局 dtype；三步缓存对照已确认机制，未逐条重放489条,2,float16,"(1545, 11360, 2771)","(32, 32, 128)",d97c7b4df51aef7fe6acd2f6ad1e2829b70fbc82dc6eddd49cc9346342cfd30f
results/2026.09.15-23.03_tilelang_hard-shape_seed=42/failed/dtype_mismatch/failed_calls_main(f1)__f0()__f1(f0)_3aa3a1ae7505ca27.json,3aa3a1ae7505ca27,tilelang,dtype_mismatch,已确认缺陷机制，同类记录,源码 dtype 与输入匹配；frontend cache 未纳入全局 dtype；三步缓存对照已确认机制，未逐条重放489条,2,float16,"(2308, 5848, 16113)","(32, 32, 16)",1ded74a66aef6daade361326751e559bbbd86480fa6390d44049259a3d2fb128
results/2026.09.15-23.03_tilelang_hard-shape_seed=42/failed/dtype_mismatch/failed_calls_main(f1)__f0()__f1(f0)_3ce7e81841862396.json,3ce7e81841862396,tilelang,dtype_mismatch,已确认缺陷机制，同类记录,源码 dtype 与输入匹配；frontend cache 未纳入全局 dtype；三步缓存对照已确认机制，未逐条重放489条,2,float32,"(15872, 8308, 16313)","(32, 32, 64)",988af797fd2e2d88e2891cd3af36c4d0b0ebd04c4bc1186d8b79d3ad02f42658
results/2026.09.15-23.03_tilelang_hard-shape_seed=42/failed/dtype_mismatch/failed_calls_main(f1)__f0()__f1(f0)_3ff078fac45ad82e.json,3ff078fac45ad82e,tilelang,dtype_mismatch,已确认缺陷机制，同类记录,源码 dtype 与输入匹配；frontend cache 未纳入全局 dtype；三步缓存对照已确认机制，未逐条重放489条,2,float32,"(10463, 710, 16326)","(32, 32, 128)",fafe055a24c1ba7f9b3a772e34d18611828c907fd592f06dcbe88b2c0b169e6d
results/2026.09.15-23.03_tilelang_hard-shape_seed=42/failed/dtype_mismatch/failed_calls_main(f1)__f0()__f1(f0)_43083d49c57ef9f0.json,43083d49c57ef9f0,tilelang,dtype_mismatch,已确认缺陷机制，同类记录,源码 dtype 与输入匹配；frontend cache 未纳入全局 dtype；三步缓存对照已确认机制，未逐条重放489条,2,float16,"(9089, 4028, 9083)","(32, 32, 8)",22ee8a2bc09d87267bd31ddb00c57d971bd0998746e52e0a0c62d5d3da5f39a4
results/2026.09.15-23.03_tilelang_hard-shape_seed=42/failed/dtype_mismatch/failed_calls_main(f1)__f0()__f1(f0)_43d080f803d4c82e.json,43d080f803d4c82e,tilelang,dtype_mismatch,已确认缺陷机制，同类记录,源码 dtype 与输入匹配；frontend cache 未纳入全局 dtype；三步缓存对照已确认机制，未逐条重放489条,2,float32,"(11193, 5078, 12975)","(128, 32, 64)",83bdb17f547591c9bec3d6f12513f8185949b86bf0ffbbea50e2cc4cf1741553
results/2026.09.15-23.03_tilelang_hard-shape_seed=42/failed/dtype_mismatch/failed_calls_main(f1)__f0()__f1(f0)_4555e2a264cead1f.json,4555e2a264cead1f,tilelang,dtype_mismatch,已确认缺陷机制，同类记录,源码 dtype 与输入匹配；frontend cache 未纳入全局 dtype；三步缓存对照已确认机制，未逐条重放489条,2,float32,"(9116, 7315, 3359)","(64, 64, 16)",4bd8b5f6e6323926523c662dcf62eb40144ef7edee1d50bed96ce63054b703fb
results/2026.09.15-23.03_tilelang_hard-shape_seed=42/failed/dtype_mismatch/failed_calls_main(f1)__f0()__f1(f0)_470e71f9553c7e96.json,470e71f9553c7e96,tilelang,dtype_mismatch,已确认缺陷机制，同类记录,源码 dtype 与输入匹配；frontend cache 未纳入全局 dtype；三步缓存对照已确认机制，未逐条重放489条,2,float32,"(2033, 7904, 8867)","(64, 64, 64)",64ee8ecdea4505b42342d8bb7a76fe8880c88aa3e3fa8390ce780271096ed92f
results/2026.09.15-23.03_tilelang_hard-shape_seed=42/failed/dtype_mismatch/failed_calls_main(f1)__f0()__f1(f0)_4af4bc3cdb9f3625.json,4af4bc3cdb9f3625,tilelang,dtype_mismatch,已确认缺陷机制，同类记录,源码 dtype 与输入匹配；frontend cache 未纳入全局 dtype；三步缓存对照已确认机制，未逐条重放489条,2,float16,"(3468, 13557, 8893)","(256, 256, 16)",308558e65ff972d8df113d21a13ef140c0544a9ced49485e98d61d30d1fdbcb6
results/2026.09.15-23.03_tilelang_hard-shape_seed=42/failed/dtype_mismatch/failed_calls_main(f1)__f0()__f1(f0)_509bd1a4edc61bc1.json,509bd1a4edc61bc1,tilelang,dtype_mismatch,已确认缺陷机制，同类记录,源码 dtype 与输入匹配；frontend cache 未纳入全局 dtype；三步缓存对照已确认机制，未逐条重放489条,2,float16,"(9868, 4847, 7218)","(128, 128, 16)",6d4aafe8c0bd5c65afc5981557ca5499f18be75d3904b16e47315f68e5edcf1a
results/2026.09.15-23.03_tilelang_hard-shape_seed=42/failed/dtype_mismatch/failed_calls_main(f1)__f0()__f1(f0)_55628509dd0cf27b.json,55628509dd0cf27b,tilelang,dtype_mismatch,已确认缺陷机制，同类记录,源码 dtype 与输入匹配；frontend cache 未纳入全局 dtype；三步缓存对照已确认机制，未逐条重放489条,2,float16,"(14132, 14437, 5831)","(64, 64, 16)",ba079cc2463bb1f8e2516dd633729443c5e232d0a8887d0f949bd97acb4d1ec2
results/2026.09.15-23.03_tilelang_hard-shape_seed=42/failed/dtype_mismatch/failed_calls_main(f1)__f0()__f1(f0)_574eb91bf35f9c54.json,574eb91bf35f9c54,tilelang,dtype_mismatch,已确认缺陷机制，同类记录,源码 dtype 与输入匹配；frontend cache 未纳入全局 dtype；三步缓存对照已确认机制，未逐条重放489条,2,float16,"(3365, 5002, 10161)","(128, 128, 8)",4ede25b855b334843cc4730628590f7382f583cb1c878f366ab309e9aaca401f
results/2026.09.15-23.03_tilelang_hard-shape_seed=42/failed/dtype_mismatch/failed_calls_main(f1)__f0()__f1(f0)_6a19aeb335e85bc0.json,6a19aeb335e85bc0,tilelang,dtype_mismatch,已确认缺陷机制，同类记录,源码 dtype 与输入匹配；frontend cache 未纳入全局 dtype；三步缓存对照已确认机制，未逐条重放489条,2,float16,"(8181, 8893, 7385)","(128, 128, 16)",19e100b7fe3fd0ffb8655544fc2810e674040f96575f1601a23419a5fd83c1b5
results/2026.09.15-23.03_tilelang_hard-shape_seed=42/failed/dtype_mismatch/failed_calls_main(f1)__f0()__f1(f0)_74db7d00e8479b79.json,74db7d00e8479b79,tilelang,dtype_mismatch,已确认缺陷机制，同类记录,源码 dtype 与输入匹配；frontend cache 未纳入全局 dtype；三步缓存对照已确认机制，未逐条重放489条,2,float32,"(7968, 12227, 1013)","(32, 64, 8)",e905c844f4cb3637f921359ca6de6d8f41174cdf617d15c89e8bf3d93804831a
results/2026.09.15-23.03_tilelang_hard-shape_seed=42/failed/dtype_mismatch/failed_calls_main(f1)__f0()__f1(f0)_7ccafa55c5d1a586.json,7ccafa55c5d1a586,tilelang,dtype_mismatch,已确认缺陷机制，同类记录,源码 dtype 与输入匹配；frontend cache 未纳入全局 dtype；三步缓存对照已确认机制，未逐条重放489条,2,float16,"(11266, 2952, 10093)","(32, 64, 8)",efd26659640e5424d6f966b22a8c8698442d91c77a0e0cc2ea06448875f67f18
results/2026.09.15-23.03_tilelang_hard-shape_seed=42/failed/dtype_mismatch/failed_calls_main(f1)__f0()__f1(f0)_872d7ed3db8c10b5.json,872d7ed3db8c10b5,tilelang,dtype_mismatch,已确认缺陷机制，同类记录,源码 dtype 与输入匹配；frontend cache 未纳入全局 dtype；三步缓存对照已确认机制，未逐条重放489条,2,float16,"(14132, 2308, 5831)","(128, 128, 8)",3e0eb717bf3e9709c7e683534c36982bc81c900d0173bd9cddb6b3551fd66412
results/2026.09.15-23.03_tilelang_hard-shape_seed=42/failed/dtype_mismatch/failed_calls_main(f1)__f0()__f1(f0)_8a5d0fbb8cd31d42.json,8a5d0fbb8cd31d42,tilelang,dtype_mismatch,已确认缺陷机制，同类记录,源码 dtype 与输入匹配；frontend cache 未纳入全局 dtype；三步缓存对照已确认机制，未逐条重放489条,2,float32,"(3522, 4176, 11063)","(64, 64, 8)",7e66c3be442b8625bebdde15d3ab170639bab8e0d0fef0f420d7086627c8c053
results/2026.09.15-23.03_tilelang_hard-shape_seed=42/failed/dtype_mismatch/failed_calls_main(f1)__f0()__f1(f0)_94ed705a181d44a8.json,94ed705a181d44a8,tilelang,dtype_mismatch,已确认缺陷机制，同类记录,源码 dtype 与输入匹配；frontend cache 未纳入全局 dtype；三步缓存对照已确认机制，未逐条重放489条,2,float16,"(4646, 16108, 3953)","(16, 64, 64)",df42c4280c22c5e6440665a5c4418ec19c39afc6abeedf5031ff9c5cc5a6c682
results/2026.09.15-23.03_tilelang_hard-shape_seed=42/failed/dtype_mismatch/failed_calls_main(f1)__f0()__f1(f0)_9bf8177059680ce7.json,9bf8177059680ce7,tilelang,dtype_mismatch,已确认缺陷机制，同类记录,源码 dtype 与输入匹配；frontend cache 未纳入全局 dtype；三步缓存对照已确认机制，未逐条重放489条,2,float16,"(8742, 2334, 2871)","(16, 32, 128)",62f800ba6e390f4eeea5973975204330697d90442d8bc482801c05cf3b7f61c5
results/2026.09.15-23.03_tilelang_hard-shape_seed=42/failed/dtype_mismatch/failed_calls_main(f1)__f0()__f1(f0)_9e1a10da561b8db8.json,9e1a10da561b8db8,tilelang,dtype_mismatch,已确认缺陷机制，同类记录,源码 dtype 与输入匹配；frontend cache 未纳入全局 dtype；三步缓存对照已确认机制，未逐条重放489条,2,float16,"(2436, 5367, 2141)","(256, 256, 16)",8dcd4a975fb6174af081b4fc6a16abad159aef4c6e56f61a4d7325dbc511ad2f
results/2026.09.15-23.03_tilelang_hard-shape_seed=42/failed/dtype_mismatch/failed_calls_main(f1)__f0()__f1(f0)_a04974e32229e77c.json,a04974e32229e77c,tilelang,dtype_mismatch,已确认缺陷机制，同类记录,源码 dtype 与输入匹配；frontend cache 未纳入全局 dtype；三步缓存对照已确认机制，未逐条重放489条,2,float32,"(1376, 1182, 1545)","(32, 32, 16)",486d0d736fd5d5f0be47cad08ab13b47c3a1b269aa03acb59bd5bf49f9628a9d
results/2026.09.15-23.03_tilelang_hard-shape_seed=42/failed/dtype_mismatch/failed_calls_main(f1)__f0()__f1(f0)_a0fe5d6b67e82edf.json,a0fe5d6b67e82edf,tilelang,dtype_mismatch,已确认缺陷机制，同类记录,源码 dtype 与输入匹配；frontend cache 未纳入全局 dtype；三步缓存对照已确认机制，未逐条重放489条,2,float16,"(2436, 5367, 2141)","(256, 256, 16)",73a3f698871e8f56834d46abb8d378c452e1a4f52721619e325be6bae498dcec
results/2026.09.15-23.03_tilelang_hard-shape_seed=42/failed/dtype_mismatch/failed_calls_main(f1)__f0()__f1(f0)_a274966dcd84bb37.json,a274966dcd84bb37,tilelang,dtype_mismatch,已确认缺陷机制，同类记录,源码 dtype 与输入匹配；frontend cache 未纳入全局 dtype；三步缓存对照已确认机制，未逐条重放489条,2,float16,"(8088, 13916, 14683)","(128, 128, 16)",e1b1568bd9c2bea2c530b2f3f655071e4e9133ee7eb835e97c4d64303e53fd96
results/2026.09.15-23.03_tilelang_hard-shape_seed=42/failed/dtype_mismatch/failed_calls_main(f1)__f0()__f1(f0)_a3202b98d50c7987.json,a3202b98d50c7987,tilelang,dtype_mismatch,已确认缺陷机制，同类记录,源码 dtype 与输入匹配；frontend cache 未纳入全局 dtype；三步缓存对照已确认机制，未逐条重放489条,2,float32,"(12176, 10283, 1040)","(64, 32, 32)",73b64bc895de156f43b0b9a7faeb73f8814ef60b450f643c820cfff25654cbf2
results/2026.09.15-23.03_tilelang_hard-shape_seed=42/failed/dtype_mismatch/failed_calls_main(f1)__f0()__f1(f0)_ad5c8e9bffe29c63.json,ad5c8e9bffe29c63,tilelang,dtype_mismatch,已确认缺陷机制，同类记录,源码 dtype 与输入匹配；frontend cache 未纳入全局 dtype；三步缓存对照已确认机制，未逐条重放489条,2,float16,"(3385, 2308, 4715)","(128, 128, 8)",5c3ceb718ca380c08bb5cbb1eadfefe2ef665a3ea48f23de6cb6bfcfb85a84f9
results/2026.09.15-23.03_tilelang_hard-shape_seed=42/failed/dtype_mismatch/failed_calls_main(f1)__f0()__f1(f0)_b94a0089b72bc10b.json,b94a0089b72bc10b,tilelang,dtype_mismatch,已确认缺陷机制，同类记录,源码 dtype 与输入匹配；frontend cache 未纳入全局 dtype；三步缓存对照已确认机制，未逐条重放489条,2,float32,"(8212, 8212, 14470)","(64, 64, 16)",ae6c002ce301ee02ae9d0e4893c84863557260276164190ab02ad73d4033a5ef
results/2026.09.15-23.03_tilelang_hard-shape_seed=42/failed/dtype_mismatch/failed_calls_main(f1)__f0()__f1(f0)_bad5992aa0feab45.json,bad5992aa0feab45,tilelang,dtype_mismatch,已确认缺陷机制，同类记录,源码 dtype 与输入匹配；frontend cache 未纳入全局 dtype；三步缓存对照已确认机制，未逐条重放489条,2,float16,"(7779, 11359, 10395)","(32, 32, 32)",fce66b48c13db8defe15ab2501dc1127307e7e454c307caea17259a772683a2a
results/2026.09.15-23.03_tilelang_hard-shape_seed=42/failed/dtype_mismatch/failed_calls_main(f1)__f0()__f1(f0)_bc35ff234395f825.json,bc35ff234395f825,tilelang,dtype_mismatch,已确认缺陷机制，同类记录,源码 dtype 与输入匹配；frontend cache 未纳入全局 dtype；三步缓存对照已确认机制，未逐条重放489条,2,float16,"(10594, 1795, 12564)","(16, 128, 16)",70a751d6dd49c06aad24bd54782e1d180f9fd7c4bce673cd961af01a723aff29
results/2026.09.15-23.03_tilelang_hard-shape_seed=42/failed/dtype_mismatch/failed_calls_main(f1)__f0()__f1(f0)_c81964b0ce6419f7.json,c81964b0ce6419f7,tilelang,dtype_mismatch,已确认缺陷机制，同类记录,源码 dtype 与输入匹配；frontend cache 未纳入全局 dtype；三步缓存对照已确认机制，未逐条重放489条,2,float16,"(7724, 2501, 1376)","(128, 128, 8)",ffdc9c788d4a8facf45f2d851f1378e82ba96cdb1a2e7d1d29d6e2858d2e4e75
results/2026.09.15-23.03_tilelang_hard-shape_seed=42/failed/dtype_mismatch/failed_calls_main(f1)__f0()__f1(f0)_cd5896f89f9b282a.json,cd5896f89f9b282a,tilelang,dtype_mismatch,已确认缺陷机制，同类记录,源码 dtype 与输入匹配；frontend cache 未纳入全局 dtype；三步缓存对照已确认机制，未逐条重放489条,2,float16,"(6053, 16090, 305)","(32, 32, 64)",788b8226e15a3e9723c79744f552d1b0126c352ac845b679ebd09097ae02a9ba
results/2026.09.15-23.03_tilelang_hard-shape_seed=42/failed/dtype_mismatch/failed_calls_main(f1)__f0()__f1(f0)_d7c8af28fa6da569.json,d7c8af28fa6da569,tilelang,dtype_mismatch,已确认缺陷机制，同类记录,源码 dtype 与输入匹配；frontend cache 未纳入全局 dtype；三步缓存对照已确认机制，未逐条重放489条,2,float32,"(9251, 13049, 9251)","(64, 64, 32)",a45be8c9cefb9aac32c4bf57db31feb1e5de222e45d670263ea4e82fdfe28695
results/2026.09.15-23.03_tilelang_hard-shape_seed=42/failed/dtype_mismatch/failed_calls_main(f1)__f0()__f1(f0)_da2e6b328fa2341d.json,da2e6b328fa2341d,tilelang,dtype_mismatch,已确认缺陷机制，同类记录,源码 dtype 与输入匹配；frontend cache 未纳入全局 dtype；三步缓存对照已确认机制，未逐条重放489条,2,float32,"(6475, 103, 10975)","(128, 32, 16)",fa396c821e863a8823d404edbcbeab2b27d19c754cf8dce4c41fb404ca0df98f
results/2026.09.15-23.03_tilelang_hard-shape_seed=42/failed/dtype_mismatch/failed_calls_main(f1)__f0()__f1(f0)_dda1217af2fbd444.json,dda1217af2fbd444,tilelang,dtype_mismatch,已确认缺陷机制，同类记录,源码 dtype 与输入匹配；frontend cache 未纳入全局 dtype；三步缓存对照已确认机制，未逐条重放489条,2,float32,"(4651, 4064, 256)","(16, 64, 16)",5ad27c6e34999cea18ad71780b664b47cd0e975e2881266aea083e15eb4b69cf
results/2026.09.15-23.03_tilelang_hard-shape_seed=42/failed/dtype_mismatch/failed_calls_main(f1)__f0()__f1(f0)_deae5743d6009680.json,deae5743d6009680,tilelang,dtype_mismatch,已确认缺陷机制，同类记录,源码 dtype 与输入匹配；frontend cache 未纳入全局 dtype；三步缓存对照已确认机制，未逐条重放489条,2,float16,"(870, 8025, 13747)","(64, 64, 32)",cef387c3d5bcd2c5b806b0beee18ed6f4902d04f3e754a3a2da9315a1bc98536
results/2026.09.15-23.03_tilelang_hard-shape_seed=42/failed/dtype_mismatch/failed_calls_main(f1)__f0()__f1(f0)_e7ad8f29afff0a37.json,e7ad8f29afff0a37,tilelang,dtype_mismatch,已确认缺陷机制，同类记录,源码 dtype 与输入匹配；frontend cache 未纳入全局 dtype；三步缓存对照已确认机制，未逐条重放489条,2,float16,"(11959, 11779, 11959)","(256, 128, 32)",08750bf8922d3a49d5a746f3bde7c9f35afdb60bbda9069de5d2597e21571a2a
results/2026.09.15-23.03_tilelang_hard-shape_seed=42/failed/dtype_mismatch/failed_calls_main(f1)__f0()__f1(f0)_f0cb3a07a9eb4b95.json,f0cb3a07a9eb4b95,tilelang,dtype_mismatch,已确认缺陷机制，同类记录,源码 dtype 与输入匹配；frontend cache 未纳入全局 dtype；三步缓存对照已确认机制，未逐条重放489条,2,float32,"(2722, 4304, 12864)","(64, 64, 32)",aa09c39ced51c7abedb24aef7df7e9206ddc6af96141916a85c3a3c35aec9b3c
results/2026.09.15-23.03_tilelang_hard-shape_seed=42/failed/dtype_mismatch/failed_calls_main(f1)__f0()__f1(f0)_f261095c9b864d43.json,f261095c9b864d43,tilelang,dtype_mismatch,已确认缺陷机制，同类记录,源码 dtype 与输入匹配；frontend cache 未纳入全局 dtype；三步缓存对照已确认机制，未逐条重放489条,2,float16,"(13747, 6516, 14720)","(128, 128, 32)",05092fc1b0fcac8e988c552fb39ce4e2d1c119aa43cc32e904badfa31fc8c589
results/2026.09.15-23.03_tilelang_hard-shape_seed=42/failed/dtype_mismatch/failed_calls_main(f1)__f0()__f1(f0)_f8cc93db2524b707.json,f8cc93db2524b707,tilelang,dtype_mismatch,已确认缺陷机制，同类记录,源码 dtype 与输入匹配；frontend cache 未纳入全局 dtype；三步缓存对照已确认机制，未逐条重放489条,2,float16,"(10158, 11991, 11991)","(32, 64, 16)",28453ae0ccccf2259225f675d0ebf27cae1c004d3ef0802dccc2a90fd7b8a090
results/2026.09.15-23.03_tilelang_hard-shape_seed=42/failed/dtype_mismatch/failed_calls_main(f1)__f0()__f1(f0)_fba1a01f061f864f.json,fba1a01f061f864f,tilelang,dtype_mismatch,已确认缺陷机制，同类记录,源码 dtype 与输入匹配；frontend cache 未纳入全局 dtype；三步缓存对照已确认机制，未逐条重放489条,2,float16,"(9868, 4847, 7218)","(128, 128, 16)",5bdff1b688dfb307282eb25b3fc0d780a6bff9f5e981701da2ffe17715959a44
results/2026.09.15-23.03_tilelang_hard-shape_seed=42/failed/dtype_mismatch/failed_calls_main(f1)__f0()__f1(f0)_ff854c3eec64fd1b.json,ff854c3eec64fd1b,tilelang,dtype_mismatch,已确认缺陷机制，同类记录,源码 dtype 与输入匹配；frontend cache 未纳入全局 dtype；三步缓存对照已确认机制，未逐条重放489条,2,float32,"(5935, 3143, 11841)","(32, 32, 32)",00beca9d2cb7da2daa81331456c2081c9c5e20fea604d9424dc8193c630c7517
results/2026.09.15-23.03_tilelang_hard-shape_seed=42/failed/dtype_mismatch/failed_calls_main(f1)__f0()__f1(f0+f0)_23394b0520e67c74.json,23394b0520e67c74,tilelang,dtype_mismatch,已确认缺陷机制，同类记录,源码 dtype 与输入匹配；frontend cache 未纳入全局 dtype；三步缓存对照已确认机制，未逐条重放489条,2,float16,"(8181, 3468, 9168)","(128, 128, 16)",45c8a5f6d949c2cfec023b2f88f53edd99e2ef2dd7f01aa983f9b73e466152bf
results/2026.09.15-23.03_tilelang_hard-shape_seed=42/failed/dtype_mismatch/failed_calls_main(f1)__f0()__f1(f0+f0)_3d1e8227140f59db.json,3d1e8227140f59db,tilelang,dtype_mismatch,已确认缺陷机制，同类记录,源码 dtype 与输入匹配；frontend cache 未纳入全局 dtype；三步缓存对照已确认机制，未逐条重放489条,2,float16,"(4176, 11841, 4028)","(128, 64, 16)",150930398e4ec4ac0248388c49d0c9544701bd91f14ccb7d798353c6ed2885b2
results/2026.09.15-23.03_tilelang_hard-shape_seed=42/failed/dtype_mismatch/failed_calls_main(f1)__f0()__f1(f0+f0)_7367f8ba4075fbf1.json,7367f8ba4075fbf1,tilelang,dtype_mismatch,已确认缺陷机制，同类记录,源码 dtype 与输入匹配；frontend cache 未纳入全局 dtype；三步缓存对照已确认机制，未逐条重放489条,2,float16,"(11680, 9667, 6209)","(32, 64, 16)",b94f9040f1bf7a74cfc6839333be01c1d98a93d526734845fedce32e102ec587
results/2026.09.15-23.03_tilelang_hard-shape_seed=42/failed/dtype_mismatch/failed_calls_main(f1)__f0()__f1(f0+f0)_b316468016edf18f.json,b316468016edf18f,tilelang,dtype_mismatch,已确认缺陷机制，同类记录,源码 dtype 与输入匹配；frontend cache 未纳入全局 dtype；三步缓存对照已确认机制，未逐条重放489条,2,float16,"(4441, 8472, 10283)","(32, 128, 64)",f226fe1553df55414d77a94f601bdc9750d27b71bb271797c88004ddf9fe15ed
results/2026.09.15-23.03_tilelang_hard-shape_seed=42/failed/dtype_mismatch/failed_calls_main(f1)__f0()__f1(f0+f0)_fc440d3820ab963e.json,fc440d3820ab963e,tilelang,dtype_mismatch,已确认缺陷机制，同类记录,源码 dtype 与输入匹配；frontend cache 未纳入全局 dtype；三步缓存对照已确认机制，未逐条重放489条,2,float32,"(1143, 14470, 5848)","(32, 32, 8)",6ee64aa8f75bf08bcd61c9021aeda21a34d35efd471b9fd8db4d160d2467db25
results/2026.09.15-23.03_tilelang_hard-shape_seed=42/failed/dtype_mismatch/failed_calls_main(f1)__f0()__f1(f0+f0+f0)_17ecec55cd5b3753.json,17ecec55cd5b3753,tilelang,dtype_mismatch,已确认缺陷机制，同类记录,源码 dtype 与输入匹配；frontend cache 未纳入全局 dtype；三步缓存对照已确认机制，未逐条重放489条,2,float32,"(8547, 15991, 13588)","(64, 32, 32)",4d10c82b865142e79ca7d8abd2206b02cd9ecd9b8a05560a30761c623201b310
results/2026.09.15-23.03_tilelang_hard-shape_seed=42/failed/dtype_mismatch/failed_calls_main(f1)__f0()__f1(f0+f0+f0)_6188ef86ca3f384e.json,6188ef86ca3f384e,tilelang,dtype_mismatch,已确认缺陷机制，同类记录,源码 dtype 与输入匹配；frontend cache 未纳入全局 dtype；三步缓存对照已确认机制，未逐条重放489条,2,float16,"(13373, 252, 9603)","(128, 16, 8)",a0ecfee0c7e83cc07f2be09741722e2027917e2b092e25dfd9dd646e77cd0048
results/2026.09.15-23.03_tilelang_hard-shape_seed=42/failed/dtype_mismatch/failed_calls_main(f1)__f0()__f1(f0+f0+f0)_d15c04f2bdfdcc6e.json,d15c04f2bdfdcc6e,tilelang,dtype_mismatch,已确认缺陷机制，同类记录,源码 dtype 与输入匹配；frontend cache 未纳入全局 dtype；三步缓存对照已确认机制，未逐条重放489条,2,float16,"(9285, 9285, 13245)","(64, 256, 8)",c62c4da591b34d60398a8312d492160c1000c64723bf725ad80f3175528fe940
results/2026.09.15-23.03_tilelang_hard-shape_seed=42/failed/dtype_mismatch/failed_calls_main(f1+f1)__f0()__f1(f0)_da2ea475d0b80e99.json,da2ea475d0b80e99,tilelang,dtype_mismatch,已确认缺陷机制，同类记录,源码 dtype 与输入匹配；frontend cache 未纳入全局 dtype；三步缓存对照已确认机制，未逐条重放489条,2,float16,"(2937, 8453, 14024)","(32, 32, 128)",1ea5182c0f7b310341146d0bd8ac7de00dbbb2ad666d0268a21b039475beecc9
results/2026.09.15-23.03_tilelang_hard-shape_seed=42/failed/dtype_mismatch/failed_calls_main(f1+f1)__f0()__f1(f0)_e17dd506f3491115.json,e17dd506f3491115,tilelang,dtype_mismatch,已确认缺陷机制，同类记录,源码 dtype 与输入匹配；frontend cache 未纳入全局 dtype；三步缓存对照已确认机制，未逐条重放489条,2,float16,"(10274, 8471, 468)","(64, 64, 8)",b064ebbf0afb3711efba6fd411c55af76fc62819ca034353bb86ac4f3ab0c51b
results/2026.09.15-23.03_tilelang_hard-shape_seed=42/failed/dtype_mismatch/failed_calls_main(f1+f1)__f0()__f1(f0)_e345b01bad95ebe0.json,e345b01bad95ebe0,tilelang,dtype_mismatch,已确认缺陷机制，同类记录,源码 dtype 与输入匹配；frontend cache 未纳入全局 dtype；三步缓存对照已确认机制，未逐条重放489条,2,float16,"(952, 15852, 5560)","(32, 32, 8)",8e3635a66826d72a37baea13029d68b8b0cf907dfadf36b5beabd1547a44a625
results/2026.09.15-23.03_tilelang_hard-shape_seed=42/failed/dtype_mismatch/failed_calls_main(f1+f1)__f0()__f1(f0+f0)_1ecac388fbc553d7.json,1ecac388fbc553d7,tilelang,dtype_mismatch,已确认缺陷机制，同类记录,源码 dtype 与输入匹配；frontend cache 未纳入全局 dtype；三步缓存对照已确认机制，未逐条重放489条,2,float32,"(13870, 5935, 9089)","(64, 64, 32)",27cd3594566cf8e8c5ddb8d89ca79eab9ed378a7788b9b10a81a0909fa683089
results/2026.09.15-23.03_tilelang_hard-shape_seed=42/failed/dtype_mismatch/failed_calls_main(f1+f1)__f0()__f1(f0+f0)_eef7eb49012a8ef6.json,eef7eb49012a8ef6,tilelang,dtype_mismatch,已确认缺陷机制，同类记录,源码 dtype 与输入匹配；frontend cache 未纳入全局 dtype；三步缓存对照已确认机制，未逐条重放489条,2,float32,"(13870, 5935, 9089)","(64, 64, 32)",e337f809ccec7bb4a60a105407ad6d323510c876de1c673159e0717975731fd6
results/2026.09.15-23.03_tilelang_hard-shape_seed=42/failed/gpu_oom/failed_calls_main(f0)__f0()_259ec20b9808b6ac.json,259ec20b9808b6ac,tilelang,gpu_oom,非有效目标编译器bug,56条全部在PyTorch参考解释器中OOM；属于oracle内存预算,2,float16,"(15767, 15767, 9267)","(64, 64, 128)",ed03abf39de18670d7aab4334c08826de0ebb1ab5963ca9be6acced8fea5b75b
results/2026.09.15-23.03_tilelang_hard-shape_seed=42/failed/gpu_oom/failed_calls_main(f0)__f0()_590abaecefdf2ec5.json,590abaecefdf2ec5,tilelang,gpu_oom,非有效目标编译器bug,56条全部在PyTorch参考解释器中OOM；属于oracle内存预算,2,float16,"(15999, 15321, 7106)","(64, 64, 64)",42f556ffd936c49ed2e6ccf85d499baab1ae91c02065259fcc64f3d41afd2273
results/2026.09.15-23.03_tilelang_hard-shape_seed=42/failed/gpu_oom/failed_calls_main(f0)__f0()_a911a98998ce57ab.json,a911a98998ce57ab,tilelang,gpu_oom,非有效目标编译器bug,56条全部在PyTorch参考解释器中OOM；属于oracle内存预算,2,float16,"(15474, 15474, 15474)","(64, 16, 128)",16015e17afc709eaacc929d3a6486ebaab2a32de853d7e6feb924a9fbe1456e3
results/2026.09.15-23.03_tilelang_hard-shape_seed=42/failed/gpu_oom/failed_calls_main(f0)__f0()_cf1112a44ba5e762.json,cf1112a44ba5e762,tilelang,gpu_oom,非有效目标编译器bug,56条全部在PyTorch参考解释器中OOM；属于oracle内存预算,2,float32,"(15296, 15296, 3264)","(128, 128, 16)",d51b9d93a8ff88634a8d422952094d8f86539171bd4f1e6d58b88b14f1c718f0
results/2026.09.15-23.03_tilelang_hard-shape_seed=42/failed/gpu_oom/failed_calls_main(f0+f0)__f0()_7fc4173a7cf632a5.json,7fc4173a7cf632a5,tilelang,gpu_oom,非有效目标编译器bug,56条全部在PyTorch参考解释器中OOM；属于oracle内存预算,2,float16,"(15178, 12690, 16187)","(64, 64, 64)",df964b4118991dbe789efa2290946e065e41f26e42632cdaf241ccbcbfe5b1e8
results/2026.09.15-23.03_tilelang_hard-shape_seed=42/failed/gpu_oom/failed_calls_main(f0+f0)__f0()_db82adb648f279be.json,db82adb648f279be,tilelang,gpu_oom,非有效目标编译器bug,56条全部在PyTorch参考解释器中OOM；属于oracle内存预算,2,float16,"(15942, 15872, 15872)","(32, 128, 8)",57f42bf4ecffa3bf4b7e0722ff8d08a286de4e96a5eee0c22e230a4fad827023
results/2026.09.15-23.03_tilelang_hard-shape_seed=42/failed/gpu_oom/failed_calls_main(f0+f0)__f0()_dd1fe0bebcca8fc4.json,dd1fe0bebcca8fc4,tilelang,gpu_oom,非有效目标编译器bug,56条全部在PyTorch参考解释器中OOM；属于oracle内存预算,2,float32,"(14845, 15721, 14156)","(32, 32, 64)",7bdef7966cc4903559702e6fcb5c06f7f6afe08425ba70edec5accfeffd01658
results/2026.09.15-23.03_tilelang_hard-shape_seed=42/failed/gpu_oom/failed_calls_main(f0+f0)__f0()_fcc68a809cd28af2.json,fcc68a809cd28af2,tilelang,gpu_oom,非有效目标编译器bug,56条全部在PyTorch参考解释器中OOM；属于oracle内存预算,2,float16,"(14437, 16124, 3554)","(128, 32, 64)",cf1727707d8c899896f325a04ea0f20500dad57f2ad94ec0f7d0ec0775f40c67
results/2026.09.15-23.03_tilelang_hard-shape_seed=42/failed/gpu_oom/failed_calls_main(f0+f0+f0)__f0()_8afd5d24113a25de.json,8afd5d24113a25de,tilelang,gpu_oom,非有效目标编译器bug,56条全部在PyTorch参考解释器中OOM；属于oracle内存预算,2,float32,"(13216, 16184, 7904)","(256, 32, 16)",727999257a435386afc512bc4a6e08b1f447bd3c9650e7fd444b3015767c553d
results/2026.09.15-23.03_tilelang_hard-shape_seed=42/failed/gpu_oom/failed_calls_main(f0+f0+f0+f0)__f0()_62934985ed128128.json,62934985ed128128,tilelang,gpu_oom,非有效目标编译器bug,56条全部在PyTorch参考解释器中OOM；属于oracle内存预算,2,float32,"(14837, 13394, 9987)","(64, 64, 16)",ca4bebfc76021693b54ad7fae954280b8878561ee25fe86bc76c99d8fbf75a1c
results/2026.09.15-23.03_tilelang_hard-shape_seed=42/failed/gpu_oom/failed_calls_main(f0+f1)__f0()__f1(f0)_b743e74f7e155d82.json,b743e74f7e155d82,tilelang,gpu_oom,非有效目标编译器bug,56条全部在PyTorch参考解释器中OOM；属于oracle内存预算,2,float16,"(15651, 16090, 10038)","(128, 32, 8)",4b4d1a2c96f8855222231b13ea87534906e99e79c0a91d7bc7981de62bd67633
results/2026.09.15-23.03_tilelang_hard-shape_seed=42/failed/gpu_oom/failed_calls_main(f0+f1)__f0()__f1(f0)_c92e2a4ee777834a.json,c92e2a4ee777834a,tilelang,gpu_oom,非有效目标编译器bug,56条全部在PyTorch参考解释器中OOM；属于oracle内存预算,2,float32,"(12880, 15310, 7246)","(256, 16, 16)",9981680c221b581c59dc732332a66ad3d595d0676e707f8468c5db79a35b70e3
results/2026.09.15-23.03_tilelang_hard-shape_seed=42/failed/gpu_oom/failed_calls_main(f0+f1)__f0()__f1(f0+f0)_a4ff7bc2a79898f7.json,a4ff7bc2a79898f7,tilelang,gpu_oom,非有效目标编译器bug,56条全部在PyTorch参考解释器中OOM；属于oracle内存预算,2,float16,"(15310, 16106, 4659)","(64, 64, 8)",408a55e6ecd14dca4065834be5b299de6f3c99ed4d8d25e09460e6cb07694ab9
results/2026.09.15-23.03_tilelang_hard-shape_seed=42/failed/gpu_oom/failed_calls_main(f1)__f0()__f1(f0)_10cbf18cc669b6d5.json,10cbf18cc669b6d5,tilelang,gpu_oom,非有效目标编译器bug,56条全部在PyTorch参考解释器中OOM；属于oracle内存预算,2,float32,"(12664, 15161, 15998)","(128, 256, 32)",ef5ef5d44c6d5d2bf49113058f24626692fc90efc4c8de2bee6c2c2f07995782
results/2026.09.15-23.03_tilelang_hard-shape_seed=42/failed/gpu_oom/failed_calls_main(f1)__f0()__f1(f0)_1cc8e23863f43a48.json,1cc8e23863f43a48,tilelang,gpu_oom,非有效目标编译器bug,56条全部在PyTorch参考解释器中OOM；属于oracle内存预算,2,float16,"(15198, 15863, 3876)","(32, 32, 16)",09f3e851ffb678d10033cdfbc8fd17986e525d4a8899cb2ef3cae2ad0808c051
results/2026.09.15-23.03_tilelang_hard-shape_seed=42/failed/gpu_oom/failed_calls_main(f1)__f0()__f1(f0)_2c77c1310ee6a2d8.json,2c77c1310ee6a2d8,tilelang,gpu_oom,非有效目标编译器bug,56条全部在PyTorch参考解释器中OOM；属于oracle内存预算,2,float32,"(15204, 16270, 15812)","(32, 32, 16)",3a026038e819773ff3d4b7761a34fb94fd5e9037c1142891fd77720c788a6da6
results/2026.09.15-23.03_tilelang_hard-shape_seed=42/failed/gpu_oom/failed_calls_main(f1)__f0()__f1(f0)_4fadedd06aef921c.json,4fadedd06aef921c,tilelang,gpu_oom,非有效目标编译器bug,56条全部在PyTorch参考解释器中OOM；属于oracle内存预算,2,float32,"(16035, 12176, 1581)","(32, 32, 8)",4c8ed9df08b0719ec7c4936659f3bdd3bdb4340e7d94e31885688602a480dfd3
results/2026.09.15-23.03_tilelang_hard-shape_seed=42/failed/gpu_oom/failed_calls_main(f1)__f0()__f1(f0)_5d20f93c60561cef.json,5d20f93c60561cef,tilelang,gpu_oom,非有效目标编译器bug,56条全部在PyTorch参考解释器中OOM；属于oracle内存预算,2,float16,"(15812, 15812, 12608)","(64, 256, 32)",fd2e1883e95133d84e82217c15f450a9fc1b83888866728933e82647dfec0469
results/2026.09.15-23.03_tilelang_hard-shape_seed=42/failed/gpu_oom/failed_calls_main(f1)__f0()__f1(f0)_6d9a481e15cbd552.json,6d9a481e15cbd552,tilelang,gpu_oom,非有效目标编译器bug,56条全部在PyTorch参考解释器中OOM；属于oracle内存预算,2,float32,"(15885, 12712, 14355)","(32, 32, 32)",9c95e8156bd944c51b2732cb6659dd76af4150413fe1f4617a2a8a07765f14dd
results/2026.09.15-23.03_tilelang_hard-shape_seed=42/failed/gpu_oom/failed_calls_main(f1)__f0()__f1(f0)_9351c5a68f34150e.json,9351c5a68f34150e,tilelang,gpu_oom,非有效目标编译器bug,56条全部在PyTorch参考解释器中OOM；属于oracle内存预算,2,float16,"(16326, 16339, 4827)","(256, 64, 16)",b8b14146ee362eae0820caba183fb71db6afdcb24ba7166feb57b3d7bc23b58d
results/2026.09.15-23.03_tilelang_hard-shape_seed=42/failed/gpu_oom/failed_calls_main(f1)__f0()__f1(f0)_93f36600c77f514e.json,93f36600c77f514e,tilelang,gpu_oom,非有效目标编译器bug,56条全部在PyTorch参考解释器中OOM；属于oracle内存预算,2,float16,"(15310, 16106, 14073)","(128, 64, 8)",3c3801e8c75733331564c7fffdd75ac4ed009dc12759763138909ab62803c396
results/2026.09.15-23.03_tilelang_hard-shape_seed=42/failed/gpu_oom/failed_calls_main(f1)__f0()__f1(f0)_a91194abaefcd856.json,a91194abaefcd856,tilelang,gpu_oom,非有效目标编译器bug,56条全部在PyTorch参考解释器中OOM；属于oracle内存预算,2,float32,"(12664, 15161, 15998)","(64, 256, 32)",0758ef7b7c8a19749b3dde06367ace02ff458414252622b9deb498ce56dc3401
results/2026.09.15-23.03_tilelang_hard-shape_seed=42/failed/gpu_oom/failed_calls_main(f1)__f0()__f1(f0)_cdcb4ba77e696856.json,cdcb4ba77e696856,tilelang,gpu_oom,非有效目标编译器bug,56条全部在PyTorch参考解释器中OOM；属于oracle内存预算,2,float32,"(14073, 14073, 9362)","(256, 64, 8)",c203e0e4e31596c98fadd47f92c12786a82b890cd4dbe4cc5593b3b228333fb7
results/2026.09.15-23.03_tilelang_hard-shape_seed=42/failed/gpu_oom/failed_calls_main(f1)__f0()__f1(f0)_d9fb8262c5e099ff.json,d9fb8262c5e099ff,tilelang,gpu_oom,非有效目标编译器bug,56条全部在PyTorch参考解释器中OOM；属于oracle内存预算,2,float32,"(12664, 15161, 15998)","(256, 128, 16)",0aef8baed056036799e0d6a0c06ec88d31ce986395a032c654499d7e8a152e18
results/2026.09.15-23.03_tilelang_hard-shape_seed=42/failed/gpu_oom/failed_calls_main(f1)__f0()__f1(f0)_fadb39cd5c332a26.json,fadb39cd5c332a26,tilelang,gpu_oom,非有效目标编译器bug,56条全部在PyTorch参考解释器中OOM；属于oracle内存预算,2,float16,"(14742, 14742, 14742)","(32, 32, 16)",19658ca3020c3ee93817fc49425582d955066805d951b9082ba7ed4737734825
results/2026.09.15-23.03_tilelang_hard-shape_seed=42/failed/gpu_oom/failed_calls_main(f1)__f0()__f1(f0+f0)_06f8f68b2997c19e.json,06f8f68b2997c19e,tilelang,gpu_oom,非有效目标编译器bug,56条全部在PyTorch参考解释器中OOM；属于oracle内存预算,2,float32,"(14470, 16124, 16124)","(64, 64, 32)",388083b53583ddc58414057931b13bc26584f59bf569a09d762e6fb30a6b698f
results/2026.09.15-23.03_tilelang_hard-shape_seed=42/failed/gpu_oom/failed_calls_main(f1)__f0()__f1(f0+f0)_938e5ccb28a661c2.json,938e5ccb28a661c2,tilelang,gpu_oom,非有效目标编译器bug,56条全部在PyTorch参考解释器中OOM；属于oracle内存预算,2,float32,"(15204, 15812, 15812)","(32, 32, 128)",2c1ae096eeb28e79632ef94a3454f44aca68a03bfce758c1b86385fd94428629
results/2026.09.15-23.03_tilelang_hard-shape_seed=42/failed/gpu_oom/failed_calls_main(f1)__f0()__f1(f0+f0)_c169220718f341f2.json,c169220718f341f2,tilelang,gpu_oom,非有效目标编译器bug,56条全部在PyTorch参考解释器中OOM；属于oracle内存预算,2,float32,"(14845, 16339, 16339)","(64, 16, 64)",0810eebc7cfdcfa066f147146dc40deccd0040329b70e4a11dff410be6ac1bfe
results/2026.09.15-23.03_tilelang_hard-shape_seed=42/failed/gpu_oom/failed_calls_main(f1)__f0()__f1(f0+f0)_d436cda03c1c2a96.json,d436cda03c1c2a96,tilelang,gpu_oom,非有效目标编译器bug,56条全部在PyTorch参考解释器中OOM；属于oracle内存预算,2,float32,"(12557, 15388, 12557)","(32, 32, 64)",ed675e154f9e2aa16f1c57f9d30b9cd5213c49dd4e6369f89620b487596ef45c
results/2026.09.15-23.03_tilelang_hard-shape_seed=42/failed/gpu_oom/failed_calls_main(f1)__f0()__f1(f0+f0)_e2a36240bc98d15a.json,e2a36240bc98d15a,tilelang,gpu_oom,非有效目标编译器bug,56条全部在PyTorch参考解释器中OOM；属于oracle内存预算,2,float32,"(12328, 15178, 8290)","(32, 32, 64)",795d6e75eaced40cf38afc0c5e80a92f6261756ce1b6c223025bd35b4e1bf044
results/2026.09.15-23.03_tilelang_hard-shape_seed=42/failed/gpu_oom/failed_calls_main(f1+f0+f1)__f0()__f1(f0)_e557051774a13dda.json,e557051774a13dda,tilelang,gpu_oom,非有效目标编译器bug,56条全部在PyTorch参考解释器中OOM；属于oracle内存预算,2,float16,"(13394, 14518, 1622)","(32, 32, 64)",4fe2a98b224d082f43b23e0b1417397a56a013b92aaad7efe47ebd7a99820fac
results/2026.09.15-23.03_tilelang_hard-shape_seed=42/failed/gpu_oom/failed_calls_main(f1+f1)__f0()__f1(f0)_d0d10404e28e2ef4.json,d0d10404e28e2ef4,tilelang,gpu_oom,非有效目标编译器bug,56条全部在PyTorch参考解释器中OOM；属于oracle内存预算,2,float32,"(14845, 16339, 16339)","(64, 64, 8)",99fe7956851b102448c136cdfd04f1be155d513b37dff22133e35050200003f4
results/2026.09.15-23.03_tilelang_hard-shape_seed=42/failed/gpu_oom/failed_calls_main(f1+f1)__f0()__f1(f0)_d99d9b4405419e28.json,d99d9b4405419e28,tilelang,gpu_oom,非有效目标编译器bug,56条全部在PyTorch参考解释器中OOM；属于oracle内存预算,2,float16,"(15836, 15327, 15836)","(32, 32, 64)",9dcd875b1b19ad300df50da7a41bfddff14b4942576ea2b47adf683fe87ce0ae
results/2026.09.15-23.03_tilelang_hard-shape_seed=42/failed/layout_inference/failed_calls_main(f0)__f0()_07191a1c2e683eef.json,07191a1c2e683eef,tilelang,layout_inference,布局编译失败候选，待缩减,no available layout；代表2ffa308929b8d63e冷缓存复现且无transpose；其他记录仍需排查布局约束/支持范围,2,float16,"(2154, 3983, 3434)","(32, 32, 128)",04447063dd4ff888fff5959f543bfc0401185fddeb5a4c9eb5715cf00d3c8c51
results/2026.09.15-23.03_tilelang_hard-shape_seed=42/failed/layout_inference/failed_calls_main(f0)__f0()_0b93a140dc482a91.json,0b93a140dc482a91,tilelang,layout_inference,布局编译失败候选，待缩减,no available layout；代表2ffa308929b8d63e冷缓存复现且无transpose；其他记录仍需排查布局约束/支持范围,2,float32,"(323, 4028, 11063)","(64, 64, 32)",5061a53b3cefbeb7456963bf1fe19fa3c98c2fac3611fe0a7353083a8520f4f5
results/2026.09.15-23.03_tilelang_hard-shape_seed=42/failed/layout_inference/failed_calls_main(f0)__f0()_2dd04063e9a84bf2.json,2dd04063e9a84bf2,tilelang,layout_inference,布局编译失败候选，待缩减,no available layout；代表2ffa308929b8d63e冷缓存复现且无transpose；其他记录仍需排查布局约束/支持范围,2,float16,"(75, 6689, 6226)","(64, 64, 8)",94ae4889ace0e4ed1b00fd56cd1c3b700f72a9831ac4a7d7a334beeaf208c736
results/2026.09.15-23.03_tilelang_hard-shape_seed=42/failed/layout_inference/failed_calls_main(f0)__f0()_3305874ee3cf02c2.json,3305874ee3cf02c2,tilelang,layout_inference,布局编译失败候选，待缩减,no available layout；代表2ffa308929b8d63e冷缓存复现且无transpose；其他记录仍需排查布局约束/支持范围,2,float16,"(3417, 5048, 13732)","(64, 16, 64)",7234eef76fa7227587b58807385a1e64f59c1957c0ac77c208dbe96aec7c3103
results/2026.09.15-23.03_tilelang_hard-shape_seed=42/failed/layout_inference/failed_calls_main(f0)__f0()_7646a945cb3fa305.json,7646a945cb3fa305,tilelang,layout_inference,布局编译失败候选，待缩减,no available layout；代表2ffa308929b8d63e冷缓存复现且无transpose；其他记录仍需排查布局约束/支持范围,2,float32,"(11555, 9868, 3695)","(128, 128, 8)",e6c063be5b4bcb6d0664436921f9bf35660a719cb96f1d87f0018f09967b528d
results/2026.09.15-23.03_tilelang_hard-shape_seed=42/failed/layout_inference/failed_calls_main(f0)__f0()_81ef544bdc543bdd.json,81ef544bdc543bdd,tilelang,layout_inference,布局编译失败候选，待缩减,no available layout；代表2ffa308929b8d63e冷缓存复现且无transpose；其他记录仍需排查布局约束/支持范围,2,float32,"(12936, 1040, 952)","(32, 32, 8)",958a2a5f77007191ffbd0dccd6c770c2c1942f539de17005caa7af0506014261
results/2026.09.15-23.03_tilelang_hard-shape_seed=42/failed/layout_inference/failed_calls_main(f0)__f0()_9008cf03ac5ea38c.json,9008cf03ac5ea38c,tilelang,layout_inference,布局编译失败候选，待缩减,no available layout；代表2ffa308929b8d63e冷缓存复现且无transpose；其他记录仍需排查布局约束/支持范围,2,float16,"(8567, 1080, 15998)","(128, 128, 16)",48df7614a9b83c180ddfa4394c84708c026d7b1d1d097f9d678d3dde6669280f
results/2026.09.15-23.03_tilelang_hard-shape_seed=42/failed/layout_inference/failed_calls_main(f0)__f0()_901d6a19e5194384.json,901d6a19e5194384,tilelang,layout_inference,布局编译失败候选，待缩减,no available layout；代表2ffa308929b8d63e冷缓存复现且无transpose；其他记录仍需排查布局约束/支持范围,2,float16,"(15321, 2457, 4044)","(128, 128, 32)",d593441992a27fc542b437fa00cd1f885c34651e0e2f092de98674fd410fa03c
results/2026.09.15-23.03_tilelang_hard-shape_seed=42/failed/layout_inference/failed_calls_main(f0)__f0()_b63b766ab4e2b1ba.json,b63b766ab4e2b1ba,tilelang,layout_inference,布局编译失败候选，待缩减,no available layout；代表2ffa308929b8d63e冷缓存复现且无transpose；其他记录仍需排查布局约束/支持范围,2,float32,"(11015, 2722, 11015)","(64, 64, 32)",389e1ed15a36a14fa448c59a0294e19f309e8db1686c310f049076118f87304f
results/2026.09.15-23.03_tilelang_hard-shape_seed=42/failed/layout_inference/failed_calls_main(f0)__f0()_c0160ca0710badbf.json,c0160ca0710badbf,tilelang,layout_inference,布局编译失败候选，待缩减,no available layout；代表2ffa308929b8d63e冷缓存复现且无transpose；其他记录仍需排查布局约束/支持范围,2,float16,"(8180, 6321, 6321)","(32, 32, 128)",207353b778a45e4290153a92dd9c5938aeeb9109fda30b0bf62578fe06a13c77
results/2026.09.15-23.03_tilelang_hard-shape_seed=42/failed/layout_inference/failed_calls_main(f0)__f0()_c75ce8ebed1c79d1.json,c75ce8ebed1c79d1,tilelang,layout_inference,布局编译失败候选，待缩减,no available layout；代表2ffa308929b8d63e冷缓存复现且无transpose；其他记录仍需排查布局约束/支持范围,2,float32,"(3929, 8354, 3632)","(32, 32, 64)",b04e925fadc46ca2fbd20b3302fc5590c88c2d182324514f7708f9f052976216
results/2026.09.15-23.03_tilelang_hard-shape_seed=42/failed/layout_inference/failed_calls_main(f0)__f0()_d193614aff069911.json,d193614aff069911,tilelang,layout_inference,布局编译失败候选，待缩减,no available layout；代表2ffa308929b8d63e冷缓存复现且无transpose；其他记录仍需排查布局约束/支持范围,2,float16,"(9613, 662, 1027)","(32, 32, 128)",bd18df4179ceec3087a458492ef7c16fbc297fd006c207fd48bfbe1d6f3c7f73
results/2026.09.15-23.03_tilelang_hard-shape_seed=42/failed/layout_inference/failed_calls_main(f0)__f0()_edae669cec7beb97.json,edae669cec7beb97,tilelang,layout_inference,布局编译失败候选，待缩减,no available layout；代表2ffa308929b8d63e冷缓存复现且无transpose；其他记录仍需排查布局约束/支持范围,2,float32,"(911, 12232, 832)","(32, 32, 16)",ccef3d833106b0453975e44c9a3ad9eb320467a82c3a82a62833c3ede3c16e47
results/2026.09.15-23.03_tilelang_hard-shape_seed=42/failed/layout_inference/failed_calls_main(f0+f0)__f0()_17347cd8df34c9b0.json,17347cd8df34c9b0,tilelang,layout_inference,布局编译失败候选，待缩减,no available layout；代表2ffa308929b8d63e冷缓存复现且无transpose；其他记录仍需排查布局约束/支持范围,2,float32,"(13508, 5557, 3256)","(64, 64, 64)",71bc787c68be235f7bfce08f5337e35412bf8b2f4542c3fc4117274efec618ef
results/2026.09.15-23.03_tilelang_hard-shape_seed=42/failed/layout_inference/failed_calls_main(f0+f0)__f0()_3162d5b110c07463.json,3162d5b110c07463,tilelang,layout_inference,布局编译失败候选，待缩减,no available layout；代表2ffa308929b8d63e冷缓存复现且无transpose；其他记录仍需排查布局约束/支持范围,2,float32,"(7042, 3417, 3417)","(32, 32, 128)",28fe584309d6a58cda80f51c36b4f31d6b555e02a96fa44e35889148e2dcd142
results/2026.09.15-23.03_tilelang_hard-shape_seed=42/failed/layout_inference/failed_calls_main(f0+f0)__f0()_5715356db23cc097.json,5715356db23cc097,tilelang,layout_inference,布局编译失败候选，待缩减,no available layout；代表2ffa308929b8d63e冷缓存复现且无transpose；其他记录仍需排查布局约束/支持范围,2,float32,"(11995, 16339, 16339)","(128, 128, 8)",87637488fcfb3047ebf718789f8186a4754e6c4636b98958d540a112ab60e678
results/2026.09.15-23.03_tilelang_hard-shape_seed=42/failed/layout_inference/failed_calls_main(f0+f0)__f0()_668ac557469e3617.json,668ac557469e3617,tilelang,layout_inference,布局编译失败候选，待缩减,no available layout；代表2ffa308929b8d63e冷缓存复现且无transpose；其他记录仍需排查布局约束/支持范围,2,float16,"(3695, 8846, 8433)","(32, 32, 128)",a6b03ef6bde2f8e82439292dec2b2053a543b56ca2fe881f366d3b7d5dc48c7f
results/2026.09.15-23.03_tilelang_hard-shape_seed=42/failed/layout_inference/failed_calls_main(f0+f0)__f0()_932317cc40e95a32.json,932317cc40e95a32,tilelang,layout_inference,布局编译失败候选，待缩减,no available layout；代表2ffa308929b8d63e冷缓存复现且无transpose；其他记录仍需排查布局约束/支持范围,2,float16,"(696, 15406, 15705)","(64, 64, 16)",142ad185abbca3f2e94aabb9eb401e22565cc27a7800220ef2312ab8516f0a55
results/2026.09.15-23.03_tilelang_hard-shape_seed=42/failed/layout_inference/failed_calls_main(f0+f0)__f0()_ee994b1639fe1284.json,ee994b1639fe1284,tilelang,layout_inference,布局编译失败候选，待缩减,no available layout；代表2ffa308929b8d63e冷缓存复现且无transpose；其他记录仍需排查布局约束/支持范围,2,float16,"(11115, 8282, 4659)","(256, 256, 16)",1b83a5cedbc79f78a535866f8b28333cd2a9604cc07322a057e535170c5e09be
results/2026.09.15-23.03_tilelang_hard-shape_seed=42/failed/layout_inference/failed_calls_main(f0+f0+f0)__f0()_2505b8fc89e890f5.json,2505b8fc89e890f5,tilelang,layout_inference,布局编译失败候选，待缩减,no available layout；代表2ffa308929b8d63e冷缓存复现且无transpose；其他记录仍需排查布局约束/支持范围,2,float16,"(1178, 5747, 15755)","(32, 128, 128)",1ffc48f842506f553d5ff6f037b89cc9ec324dc77e6009873e9a50c1ff890e44
results/2026.09.15-23.03_tilelang_hard-shape_seed=42/failed/layout_inference/failed_calls_main(f0+f1)__f0()__f1(f0)_b4702df28a72b649.json,b4702df28a72b649,tilelang,layout_inference,布局编译失败候选，待缩减,no available layout；代表2ffa308929b8d63e冷缓存复现且无transpose；其他记录仍需排查布局约束/支持范围,2,float32,"(6664, 7104, 1442)","(64, 64, 16)",f36ab29b9ef6b653dcf597e1a2edba07e5e62112f411c8518d611151987900b0
results/2026.09.15-23.03_tilelang_hard-shape_seed=42/failed/layout_inference/failed_calls_main(f1)__f0()__f1(f0)_07aca22cf8a01bd8.json,07aca22cf8a01bd8,tilelang,layout_inference,布局编译失败候选，待缩减,no available layout；代表2ffa308929b8d63e冷缓存复现且无transpose；其他记录仍需排查布局约束/支持范围,2,float32,"(1622, 1622, 1639)","(64, 64, 8)",8f9ea87bc8c3badf334ad41b82d99b5776e688a62caf574b6b9cc6dfef49738f
results/2026.09.15-23.03_tilelang_hard-shape_seed=42/failed/layout_inference/failed_calls_main(f1)__f0()__f1(f0)_10c50ecdaa648d92.json,10c50ecdaa648d92,tilelang,layout_inference,布局编译失败候选，待缩减,no available layout；代表2ffa308929b8d63e冷缓存复现且无transpose；其他记录仍需排查布局约束/支持范围,2,float32,"(5125, 5156, 5125)","(32, 32, 64)",c36831ca33e208cd19caab97fe52040ae1b0e429a2dfebb5a40fdfcfc25603c2
results/2026.09.15-23.03_tilelang_hard-shape_seed=42/failed/layout_inference/failed_calls_main(f1)__f0()__f1(f0)_43424b7f0c92dfc4.json,43424b7f0c92dfc4,tilelang,layout_inference,布局编译失败候选，待缩减,no available layout；代表2ffa308929b8d63e冷缓存复现且无transpose；其他记录仍需排查布局约束/支持范围,2,float32,"(14386, 5156, 5125)","(256, 32, 16)",01871bea6a74e7067dd80a74e87ae92e09294db5add69a0055861379e5e950c9
results/2026.09.15-23.03_tilelang_hard-shape_seed=42/failed/layout_inference/failed_calls_main(f1)__f0()__f1(f0)_4e282408c946628e.json,4e282408c946628e,tilelang,layout_inference,布局编译失败候选，待缩减,no available layout；代表2ffa308929b8d63e冷缓存复现且无transpose；其他记录仍需排查布局约束/支持范围,2,float16,"(7485, 7485, 3434)","(128, 128, 16)",98bfb04fb07f5681a02d3dd44aee4ae69465e5dc402771f1fd677f01dc3f2dd2
results/2026.09.15-23.03_tilelang_hard-shape_seed=42/failed/layout_inference/failed_calls_main(f1)__f0()__f1(f0)_6408287144269138.json,6408287144269138,tilelang,layout_inference,布局编译失败候选，待缩减,no available layout；代表2ffa308929b8d63e冷缓存复现且无transpose；其他记录仍需排查布局约束/支持范围,2,float16,"(1082, 1082, 9020)","(128, 128, 32)",d00e51389e36c3b163f7e247d1960648d1177202e53f11b80ed47137b7b1550a
results/2026.09.15-23.03_tilelang_hard-shape_seed=42/failed/layout_inference/failed_calls_main(f1)__f0()__f1(f0)_71d20815985b08a5.json,71d20815985b08a5,tilelang,layout_inference,布局编译失败候选，待缩减,no available layout；代表2ffa308929b8d63e冷缓存复现且无transpose；其他记录仍需排查布局约束/支持范围,2,float16,"(12094, 7258, 7258)","(64, 64, 8)",db029b29c4a70fd2eb9ce4a124108857afbf1eff2f34869ec2aaac4f8157e8f3
results/2026.09.15-23.03_tilelang_hard-shape_seed=42/failed/layout_inference/failed_calls_main(f1)__f0()__f1(f0)_8f631c511c472e0e.json,8f631c511c472e0e,tilelang,layout_inference,布局编译失败候选，待缩减,no available layout；代表2ffa308929b8d63e冷缓存复现且无transpose；其他记录仍需排查布局约束/支持范围,2,float32,"(10729, 397, 15999)","(256, 256, 8)",245377e0e2258582528f182e046665aefbf9350ebc2fd02494b5a9bdd3da836c
results/2026.09.15-23.03_tilelang_hard-shape_seed=42/failed/layout_inference/failed_calls_main(f1)__f0()__f1(f0)_9cd5b9e8b0397b3a.json,9cd5b9e8b0397b3a,tilelang,layout_inference,布局编译失败候选，待缩减,no available layout；代表2ffa308929b8d63e冷缓存复现且无transpose；其他记录仍需排查布局约束/支持范围,2,float32,"(3632, 10459, 2339)","(64, 64, 32)",78f8ec500c688ca85e6ee8c5933068e403e85d70a48c94ff44ca238b95cdf36e
results/2026.09.15-23.03_tilelang_hard-shape_seed=42/failed/layout_inference/failed_calls_main(f1)__f0()__f1(f0)_9f35a29b8269bda2.json,9f35a29b8269bda2,tilelang,layout_inference,布局编译失败候选，待缩减,no available layout；代表2ffa308929b8d63e冷缓存复现且无transpose；其他记录仍需排查布局约束/支持范围,2,float32,"(11559, 3995, 1442)","(64, 256, 16)",6b90adca36b663bf4653f0034b4aebab05ea22afcdb352e140c2d45200a67f67
results/2026.09.15-23.03_tilelang_hard-shape_seed=42/failed/layout_inference/failed_calls_main(f1)__f0()__f1(f0)_aedd7f8056f869fa.json,aedd7f8056f869fa,tilelang,layout_inference,布局编译失败候选，待缩减,no available layout；代表2ffa308929b8d63e冷缓存复现且无transpose；其他记录仍需排查布局约束/支持范围,2,float16,"(16164, 2457, 12864)","(128, 128, 32)",e2f841b4ac095b4be3f777d40cf5959612a854cf1f1a28617a4a2e04cf992e86
results/2026.09.15-23.03_tilelang_hard-shape_seed=42/failed/layout_inference/failed_calls_main(f1)__f0()__f1(f0)_bc893bddd656ee81.json,bc893bddd656ee81,tilelang,layout_inference,布局编译失败候选，待缩减,no available layout；代表2ffa308929b8d63e冷缓存复现且无transpose；其他记录仍需排查布局约束/支持范围,2,float32,"(11372, 13470, 7487)","(128, 128, 32)",8ad9f83ccf5b16dc34ef8508c2473efbe567a6bc6e7bc74c6e0f3af9bb401aa5
results/2026.09.15-23.03_tilelang_hard-shape_seed=42/failed/layout_inference/failed_calls_main(f1)__f0()__f1(f0)_ce1d2353fbbab7cc.json,ce1d2353fbbab7cc,tilelang,layout_inference,布局编译失败候选，待缩减,no available layout；代表2ffa308929b8d63e冷缓存复现且无transpose；其他记录仍需排查布局约束/支持范围,2,float32,"(14807, 2418, 1267)","(64, 64, 8)",29f5109bdce160e260eec293ce909f1146bc3b6e550cd7e9e44ef071a6363a7c
results/2026.09.15-23.03_tilelang_hard-shape_seed=42/failed/layout_inference/failed_calls_main(f1)__f0()__f1(f0)_e372138e2660e544.json,e372138e2660e544,tilelang,layout_inference,布局编译失败候选，待缩减,no available layout；代表2ffa308929b8d63e冷缓存复现且无transpose；其他记录仍需排查布局约束/支持范围,2,float32,"(7105, 8290, 12452)","(32, 32, 16)",297d3421a26de5b43a726562521d70d2f6a91841282edceb4f57947be233585d
results/2026.09.15-23.03_tilelang_hard-shape_seed=42/failed/layout_inference/failed_calls_main(f1)__f0()__f1(f0)_ff66b6b6582e98b4.json,ff66b6b6582e98b4,tilelang,layout_inference,布局编译失败候选，待缩减,no available layout；代表2ffa308929b8d63e冷缓存复现且无transpose；其他记录仍需排查布局约束/支持范围,2,float32,"(9857, 11502, 15190)","(256, 256, 16)",a9760bc4ae3c36c7bc2218704f0ec5351a64b10f36d3cff137ebacd13c8d461d
results/2026.09.15-23.03_tilelang_hard-shape_seed=42/failed/layout_inference/failed_calls_main(f1)__f0()__f1(f0+f0)_22063c29034ba824.json,22063c29034ba824,tilelang,layout_inference,布局编译失败候选，待缩减,no available layout；代表2ffa308929b8d63e冷缓存复现且无transpose；其他记录仍需排查布局约束/支持范围,2,float32,"(15651, 16090, 2317)","(128, 128, 32)",2b3b479a20d616a0f39c2a2eb959cd75420413c9c28ec8ff2c9b8d5259ff4e00
results/2026.09.15-23.03_tilelang_hard-shape_seed=42/failed/layout_inference/failed_calls_main(f1)__f0()__f1(f0+f0)_3ed2febea3896ffe.json,3ed2febea3896ffe,tilelang,layout_inference,布局编译失败候选，待缩减,no available layout；代表2ffa308929b8d63e冷缓存复现且无transpose；其他记录仍需排查布局约束/支持范围,2,float16,"(7740, 5557, 13245)","(64, 64, 16)",f4b37b8b424bdec4843b3a3ba69c7ac23ca041cd2da7aead316beb74eeec63c8
results/2026.09.15-23.03_tilelang_hard-shape_seed=42/failed/layout_inference/failed_calls_main(f1)__f0()__f1(f0+f0)_49ff6aaac6622aaf.json,49ff6aaac6622aaf,tilelang,layout_inference,布局编译失败候选，待缩减,no available layout；代表2ffa308929b8d63e冷缓存复现且无transpose；其他记录仍需排查布局约束/支持范围,2,float32,"(11171, 11171, 9803)","(64, 64, 16)",9a5714f3837e8a1a710a7b8804712bb29f12a59646faa19e6dea2f13ecadde2e
results/2026.09.15-23.03_tilelang_hard-shape_seed=42/failed/layout_inference/failed_calls_main(f1)__f0()__f1(f0+f0)_7949ad9bd62e6e2c.json,7949ad9bd62e6e2c,tilelang,layout_inference,布局编译失败候选，待缩减,no available layout；代表2ffa308929b8d63e冷缓存复现且无transpose；其他记录仍需排查布局约束/支持范围,2,float32,"(8219, 15406, 6737)","(32, 32, 32)",153cb036581f168e980f2246d9672c72d2745fbc4a53cc0ea228db7160c85f70
results/2026.09.15-23.03_tilelang_hard-shape_seed=42/failed/layout_inference/failed_calls_main(f1)__f0()__f1(f0+f0)_79c211e5712917d0.json,79c211e5712917d0,tilelang,layout_inference,布局编译失败候选，待缩减,no available layout；代表2ffa308929b8d63e冷缓存复现且无transpose；其他记录仍需排查布局约束/支持范围,2,float16,"(7624, 9116, 7315)","(64, 64, 8)",13a9035ec28d42c14b041eb409690211ece191e7258c6525ef5342c0cd9f2606
results/2026.09.15-23.03_tilelang_hard-shape_seed=42/failed/layout_inference/failed_calls_main(f1)__f0()__f1(f0+f0)_906ed40b7a36ee7c.json,906ed40b7a36ee7c,tilelang,layout_inference,布局编译失败候选，待缩减,no available layout；代表2ffa308929b8d63e冷缓存复现且无transpose；其他记录仍需排查布局约束/支持范围,2,float16,"(15991, 2595, 14950)","(32, 32, 16)",a9c5c47bf238dfb33603dda50b07649aa1b37afb42c3e289c2607b0ec35c699a
results/2026.09.15-23.03_tilelang_hard-shape_seed=42/failed/layout_inference/failed_calls_main(f1)__f0()__f1(f0+f0)_9b29a1bfbe052c8c.json,9b29a1bfbe052c8c,tilelang,layout_inference,布局编译失败候选，待缩减,no available layout；代表2ffa308929b8d63e冷缓存复现且无transpose；其他记录仍需排查布局约束/支持范围,2,float32,"(10983, 4173, 9267)","(32, 32, 64)",577b310c14c0a95f2ea79fd6db99acca3a4e95fbc6ec9db0ce722138600201e7
results/2026.09.15-23.03_tilelang_hard-shape_seed=42/failed/layout_inference/failed_calls_main(f1)__f0()__f1(f0+f0)_a82fb928cd8eab33.json,a82fb928cd8eab33,tilelang,layout_inference,布局编译失败候选，待缩减,no available layout；代表2ffa308929b8d63e冷缓存复现且无transpose；其他记录仍需排查布局约束/支持范围,2,float32,"(6714, 1786, 4579)","(32, 32, 32)",c2b4b6f2239c460aff920ba66563983a7df2e855cec1e615a844ddb6fb1b70bc
results/2026.09.15-23.03_tilelang_hard-shape_seed=42/failed/layout_inference/failed_calls_main(f1)__f0()__f1(f0+f0)_aa20d8507d2f9723.json,aa20d8507d2f9723,tilelang,layout_inference,布局编译失败候选，待缩减,no available layout；代表2ffa308929b8d63e冷缓存复现且无transpose；其他记录仍需排查布局约束/支持范围,2,float16,"(10311, 12547, 15550)","(64, 128, 8)",af1e76433b1fe51d4eee9567de930fa45828259aaa0ca7cf7988db6cbc54b16f
results/2026.09.15-23.03_tilelang_hard-shape_seed=42/failed/layout_inference/failed_calls_main(f1+f1)__f0()__f1(f0)_199dcb8353f25091.json,199dcb8353f25091,tilelang,layout_inference,布局编译失败候选，待缩减,no available layout；代表2ffa308929b8d63e冷缓存复现且无transpose；其他记录仍需排查布局约束/支持范围,2,float16,"(12283, 16108, 9183)","(32, 32, 64)",fe4dfa806d8d39efa148d5dd40223a6740be98ccf10099388897a387bd64aed9
results/2026.09.15-23.03_tilelang_hard-shape_seed=42/failed/layout_inference/failed_calls_main(f1+f1)__f0()__f1(f0)_d7179d68169d36ba.json,d7179d68169d36ba,tilelang,layout_inference,布局编译失败候选，待缩减,no available layout；代表2ffa308929b8d63e冷缓存复现且无transpose；其他记录仍需排查布局约束/支持范围,2,float32,"(10274, 10274, 11916)","(32, 32, 128)",ccffee1fdf0f2cbc734f9b22ab6cc2621dedcea80cfa2ce5d0e494cfc5b69efa
results/2026.09.15-23.03_tilelang_hard-shape_seed=42/failed/layout_inference/failed_calls_main(f1+f1)__f0()__f1(f0+f0)_0bfb8086697de34e.json,0bfb8086697de34e,tilelang,layout_inference,布局编译失败候选，待缩减,no available layout；代表2ffa308929b8d63e冷缓存复现且无transpose；其他记录仍需排查布局约束/支持范围,2,float16,"(6099, 6099, 4132)","(32, 32, 32)",e467c2384dbaf09ad8d487f02cd237ce5926b626c9bef54d196909cf30230467
results/2026.09.15-23.03_tilelang_hard-shape_seed=42/failed/other/failed_calls_main()_08b14c05438a3131.json,08b14c05438a3131,tilelang,other,非有效目标编译器bug,10条均为probe检查器对末维stride=0的单列张量view(uint8)异常；CPU可复现,1,float16,"(33, 1, 32)","(32, 32, 32)",153edd57b8e9ccad040d451f385780e13622fb2d59155914b642ded103944b64
results/2026.09.15-23.03_tilelang_hard-shape_seed=42/failed/other/failed_calls_main()_64343366007a01a5.json,64343366007a01a5,tilelang,other,非有效目标编译器bug,10条均为probe检查器对末维stride=0的单列张量view(uint8)异常；CPU可复现,1,float16,"(32, 1, 64)","(32, 32, 32)",fd1c7e5640704f339e54272c033deb40491af1d4931712d13a81847737786fca
results/2026.09.15-23.03_tilelang_hard-shape_seed=42/failed/other/failed_calls_main()_8442a344b8930d9a.json,8442a344b8930d9a,tilelang,other,非有效目标编译器bug,10条均为probe检查器对末维stride=0的单列张量view(uint8)异常；CPU可复现,1,float16,"(65, 1, 17)","(32, 32, 32)",87ffb1cfcfbd8322f505c33f13de0ce6c9f145f4f53925081cc6a80beda296ae
results/2026.09.15-23.03_tilelang_hard-shape_seed=42/failed/other/failed_calls_main()_c4049ecca9c5f50b.json,c4049ecca9c5f50b,tilelang,other,非有效目标编译器bug,10条均为probe检查器对末维stride=0的单列张量view(uint8)异常；CPU可复现,1,float16,"(127, 1, 1)","(32, 32, 32)",e5bfa6829516da38c401d9f8d283c74da471538dbf06d3d20568d2ad6963f0b5
results/2026.09.15-23.03_tilelang_hard-shape_seed=42/failed/other/failed_calls_main()_dbb102e530b268ad.json,dbb102e530b268ad,tilelang,other,非有效目标编译器bug,10条均为probe检查器对末维stride=0的单列张量view(uint8)异常；CPU可复现,1,float32,"(16, 1, 15)","(32, 32, 32)",c66cd467a2043020d020880027f5988665ad63d7000d319062ba3d9b4e092d7b
results/2026.09.15-23.03_tilelang_hard-shape_seed=42/failed/other/failed_calls_main()_eaff4fd103e1ab15.json,eaff4fd103e1ab15,tilelang,other,非有效目标编译器bug,10条均为probe检查器对末维stride=0的单列张量view(uint8)异常；CPU可复现,1,float16,"(129, 1, 129)","(32, 32, 32)",ed33d3ed823fba0bd445c4166ab686f05368723cc272d63ed0725dd5da1f6a7b
results/2026.09.15-23.03_tilelang_hard-shape_seed=42/failed/other/failed_calls_main()_fc41309fa1774138.json,fc41309fa1774138,tilelang,other,非有效目标编译器bug,10条均为probe检查器对末维stride=0的单列张量view(uint8)异常；CPU可复现,1,float16,"(129, 1, 16)","(32, 32, 32)",2db7c96c469d951303f2cb81a4786aa703e5f577284b186db33655ac0f0acf13
results/2026.09.15-23.03_tilelang_hard-shape_seed=42/failed/segfault/failed_calls_main(f0+f1)__f0()__f1(f0)_d55f8abb84d0887d.json,d55f8abb84d0887d,tilelang,segfault,历史NVCC崩溃，待缩减,原日志明确为nvcc编译子进程segfault；非GPU kernel越界证据，非直接TileLang崩溃；本轮未重放,2,float16,"(6714, 3522, 4579)","(256, 256, 32)",50cd9f8fa6fe367ca5804c4a4c8634b3ae2d4e309a3589b0f7580c5f62b14c2c
results/2026.09.15-23.03_tilelang_hard-shape_seed=42/failed/segfault/failed_calls_main(f1)__f0()__f1(f0)_12125edd1cbbc6f2.json,12125edd1cbbc6f2,tilelang,segfault,历史NVCC崩溃，待缩减,原日志明确为nvcc编译子进程segfault；非GPU kernel越界证据，非直接TileLang崩溃；本轮未重放,2,float16,"(4328, 2722, 4929)","(256, 256, 8)",6fa4b6c5e42cb52ffe0591881587c8dc9dee6b7302d816cedf243a6c25b5fbcd
results/2026.09.15-23.03_tilelang_hard-shape_seed=42/failed/shared_memory_overflow/failed_calls_main(f0)__f0()_0cb3cbc8db861b0f.json,0cb3cbc8db861b0f,tilelang,shared_memory_overflow,非有效目标编译器bug,请求动态shared memory超过sm_89每block 99328字节限制；生成/资源预算不足,2,float16,"(10459, 11634, 15198)","(256, 256, 8)",c5cc3e1eb4143b0ae7679437859ca549a65cce2abb3509206b1aa6ab4a0c0c78
results/2026.09.15-23.03_tilelang_hard-shape_seed=42/failed/shared_memory_overflow/failed_calls_main(f0)__f0()_13263173f54c4959.json,13263173f54c4959,tilelang,shared_memory_overflow,非有效目标编译器bug,请求动态shared memory超过sm_89每block 99328字节限制；生成/资源预算不足,2,float16,"(7106, 6721, 13849)","(256, 256, 16)",12150d695a772e33478efdeac2945805e54a73b4e391c9805cfb77cd54354b2c
results/2026.09.15-23.03_tilelang_hard-shape_seed=42/failed/shared_memory_overflow/failed_calls_main(f0)__f0()_153ce75ce1b51b9b.json,153ce75ce1b51b9b,tilelang,shared_memory_overflow,非有效目标编译器bug,请求动态shared memory超过sm_89每block 99328字节限制；生成/资源预算不足,2,float16,"(6887, 14064, 4803)","(256, 256, 32)",3bc17e08e607480ed90fc17f6758c9e4344e3ff1ada5d00f071d812da33ee2cd
results/2026.09.15-23.03_tilelang_hard-shape_seed=42/failed/shared_memory_overflow/failed_calls_main(f0)__f0()_1899caffe19a4584.json,1899caffe19a4584,tilelang,shared_memory_overflow,非有效目标编译器bug,请求动态shared memory超过sm_89每block 99328字节限制；生成/资源预算不足,2,float16,"(2849, 2849, 870)","(128, 128, 16)",550b9cd9e870270a6bdd12b13ec871406a55e231fbfa8c9f0e6a0a47bd4592d5
results/2026.09.15-23.03_tilelang_hard-shape_seed=42/failed/shared_memory_overflow/failed_calls_main(f0)__f0()_18e8d89a328d4ebc.json,18e8d89a328d4ebc,tilelang,shared_memory_overflow,非有效目标编译器bug,请求动态shared memory超过sm_89每block 99328字节限制；生成/资源预算不足,2,float16,"(10975, 10209, 7527)","(128, 128, 32)",91b204f69191db03748e539ce0900a8b07e25976dbe441e378b6bb29db7d3644
results/2026.09.15-23.03_tilelang_hard-shape_seed=42/failed/shared_memory_overflow/failed_calls_main(f0)__f0()_18ec951dd93b56d4.json,18ec951dd93b56d4,tilelang,shared_memory_overflow,非有效目标编译器bug,请求动态shared memory超过sm_89每block 99328字节限制；生成/资源预算不足,2,float16,"(10594, 1795, 2017)","(256, 256, 32)",f7267e1546eb57c52db083465ba53683dfa9c5e29a65b0961b201b1db4f8d743
results/2026.09.15-23.03_tilelang_hard-shape_seed=42/failed/shared_memory_overflow/failed_calls_main(f0)__f0()_1ff24d07bd2783ad.json,1ff24d07bd2783ad,tilelang,shared_memory_overflow,非有效目标编译器bug,请求动态shared memory超过sm_89每block 99328字节限制；生成/资源预算不足,2,float16,"(5064, 251, 1374)","(128, 128, 32)",1cd059f561e6b04f1424fb3f411067f6ed8dd4e060312cd65dc9c6415b010420
results/2026.09.15-23.03_tilelang_hard-shape_seed=42/failed/shared_memory_overflow/failed_calls_main(f0)__f0()_23b2592b349742d3.json,23b2592b349742d3,tilelang,shared_memory_overflow,非有效目标编译器bug,请求动态shared memory超过sm_89每block 99328字节限制；生成/资源预算不足,2,float16,"(14073, 4659, 11115)","(128, 128, 8)",f0b198cf6cd9664f39e9e40bc761367d738347dcf5bb66a8e477ca26162296ab
results/2026.09.15-23.03_tilelang_hard-shape_seed=42/failed/shared_memory_overflow/failed_calls_main(f0)__f0()_25d003376f85e68d.json,25d003376f85e68d,tilelang,shared_memory_overflow,非有效目标编译器bug,请求动态shared memory超过sm_89每block 99328字节限制；生成/资源预算不足,2,float16,"(13433, 8120, 8120)","(256, 256, 8)",140ab5c606129349da745f37cacf01573be9acd2a21f1f15c1f43613a8908267
results/2026.09.15-23.03_tilelang_hard-shape_seed=42/failed/shared_memory_overflow/failed_calls_main(f0)__f0()_34aa76fdce9744d6.json,34aa76fdce9744d6,tilelang,shared_memory_overflow,非有效目标编译器bug,请求动态shared memory超过sm_89每block 99328字节限制；生成/资源预算不足,2,float32,"(14064, 2884, 1684)","(256, 256, 8)",a40aae731efee3ebe5f5a24910e72ae74099f7cf89413aa6c10be0eee3b5b81f
results/2026.09.15-23.03_tilelang_hard-shape_seed=42/failed/shared_memory_overflow/failed_calls_main(f0)__f0()_38dbbf5432000a60.json,38dbbf5432000a60,tilelang,shared_memory_overflow,非有效目标编译器bug,请求动态shared memory超过sm_89每block 99328字节限制；生成/资源预算不足,2,float32,"(3848, 3548, 9824)","(256, 256, 16)",970dc60ba79841a022c2b0c3ebb4670f5256be665deb718f3e2f94d4823c5889
results/2026.09.15-23.03_tilelang_hard-shape_seed=42/failed/shared_memory_overflow/failed_calls_main(f0)__f0()_40634a0187570705.json,40634a0187570705,tilelang,shared_memory_overflow,非有效目标编译器bug,请求动态shared memory超过sm_89每block 99328字节限制；生成/资源预算不足,2,float32,"(5311, 6321, 7128)","(256, 256, 16)",6ce4a1850a853a12c75c5b1b9ca4a1835dffbc8bc982f0e0edad6045cbf9e9e5
results/2026.09.15-23.03_tilelang_hard-shape_seed=42/failed/shared_memory_overflow/failed_calls_main(f0)__f0()_42cbb78db67ee671.json,42cbb78db67ee671,tilelang,shared_memory_overflow,非有效目标编译器bug,请求动态shared memory超过sm_89每block 99328字节限制；生成/资源预算不足,2,float16,"(8742, 8959, 8959)","(256, 256, 32)",89af7ff50babcbc392b361e542ffab27f5df00e62ed9a375227bbcce5f44fb49
results/2026.09.15-23.03_tilelang_hard-shape_seed=42/failed/shared_memory_overflow/failed_calls_main(f0)__f0()_430b4a7ad46f6a41.json,430b4a7ad46f6a41,tilelang,shared_memory_overflow,非有效目标编译器bug,请求动态shared memory超过sm_89每block 99328字节限制；生成/资源预算不足,2,float16,"(257, 1975, 8547)","(256, 256, 8)",5efe0ed07c212c08281f6aeeb8530065989fac078a06368afabb2ec4aef8bebc
results/2026.09.15-23.03_tilelang_hard-shape_seed=42/failed/shared_memory_overflow/failed_calls_main(f0)__f0()_4c8e9a8e33e19a1e.json,4c8e9a8e33e19a1e,tilelang,shared_memory_overflow,非有效目标编译器bug,请求动态shared memory超过sm_89每block 99328字节限制；生成/资源预算不足,2,float16,"(4576, 2321, 25)","(256, 256, 16)",b69b4e234cf5395778bab52fa67fe888c0b1e2b7aa4f8bee34995278a53a74dc
results/2026.09.15-23.03_tilelang_hard-shape_seed=42/failed/shared_memory_overflow/failed_calls_main(f0)__f0()_4f8cf566b2a89e91.json,4f8cf566b2a89e91,tilelang,shared_memory_overflow,非有效目标编译器bug,请求动态shared memory超过sm_89每block 99328字节限制；生成/资源预算不足,2,float16,"(1622, 3594, 13394)","(256, 256, 32)",46191c91cc07d91947af7926414608ca3f16bdebeb614a94572231328a402677
results/2026.09.15-23.03_tilelang_hard-shape_seed=42/failed/shared_memory_overflow/failed_calls_main(f0)__f0()_5274d44b20b37a69.json,5274d44b20b37a69,tilelang,shared_memory_overflow,非有效目标编译器bug,请求动态shared memory超过sm_89每block 99328字节限制；生成/资源预算不足,2,float32,"(14073, 11115, 8282)","(256, 256, 8)",773a11f5caf39763370b702fc31db42bb73855aa11e9cfc56fd599ac5f01e811
results/2026.09.15-23.03_tilelang_hard-shape_seed=42/failed/shared_memory_overflow/failed_calls_main(f0)__f0()_528705dc373cbc4a.json,528705dc373cbc4a,tilelang,shared_memory_overflow,非有效目标编译器bug,请求动态shared memory超过sm_89每block 99328字节限制；生成/资源预算不足,2,float16,"(16239, 9667, 11680)","(256, 256, 32)",29cb2fba59e65824e5b11b0cec65ca94d36209396e73226ff8e43170aa98e086
results/2026.09.15-23.03_tilelang_hard-shape_seed=42/failed/shared_memory_overflow/failed_calls_main(f0)__f0()_54354694b4170e74.json,54354694b4170e74,tilelang,shared_memory_overflow,非有效目标编译器bug,请求动态shared memory超过sm_89每block 99328字节限制；生成/资源预算不足,2,float32,"(10975, 1898, 1898)","(128, 128, 16)",4027cebab1b8b5a7bb54a752c381d1fe8de1164f23178daf87fef6aa2e0865cd
results/2026.09.15-23.03_tilelang_hard-shape_seed=42/failed/shared_memory_overflow/failed_calls_main(f0)__f0()_6006d895044137a7.json,6006d895044137a7,tilelang,shared_memory_overflow,非有效目标编译器bug,请求动态shared memory超过sm_89每block 99328字节限制；生成/资源预算不足,2,float16,"(7218, 15033, 8846)","(256, 256, 32)",f7c799b0fb66c4716f07aa097b153e473f234631934a9dc512f0571cc8637ae2
results/2026.09.15-23.03_tilelang_hard-shape_seed=42/failed/shared_memory_overflow/failed_calls_main(f0)__f0()_64bcd6bda7160fb8.json,64bcd6bda7160fb8,tilelang,shared_memory_overflow,非有效目标编译器bug,请求动态shared memory超过sm_89每block 99328字节限制；生成/资源预算不足,2,float16,"(1581, 812, 15852)","(256, 256, 16)",2f8506312a50ba41a9a3b8a39f6452d8a2558b817dad409df244831d2eaf98de
results/2026.09.15-23.03_tilelang_hard-shape_seed=42/failed/shared_memory_overflow/failed_calls_main(f0)__f0()_68860cd72ed064df.json,68860cd72ed064df,tilelang,shared_memory_overflow,非有效目标编译器bug,请求动态shared memory超过sm_89每block 99328字节限制；生成/资源预算不足,2,float16,"(7863, 10178, 14246)","(256, 256, 8)",147c2422d21bc5d3c624e231dd0651f96a38f55682c73cde8a2be595f2127e90
results/2026.09.15-23.03_tilelang_hard-shape_seed=42/failed/shared_memory_overflow/failed_calls_main(f0)__f0()_6a4327f538314832.json,6a4327f538314832,tilelang,shared_memory_overflow,非有效目标编译器bug,请求动态shared memory超过sm_89每block 99328字节限制；生成/资源预算不足,2,float16,"(9253, 14742, 2937)","(256, 256, 32)",b10f525eb33abe9e0ebdf3a45fe3fdcc799f4d37760946fc111768c21958f686
results/2026.09.15-23.03_tilelang_hard-shape_seed=42/failed/shared_memory_overflow/failed_calls_main(f0)__f0()_733af9a01a406f33.json,733af9a01a406f33,tilelang,shared_memory_overflow,非有效目标编译器bug,请求动态shared memory超过sm_89每block 99328字节限制；生成/资源预算不足,2,float32,"(6573, 696, 9613)","(256, 256, 8)",aab80ddfa8b4ac9cf06304c5ad8b4f45d0dad3936d981af70fa88e1759004b56
results/2026.09.15-23.03_tilelang_hard-shape_seed=42/failed/shared_memory_overflow/failed_calls_main(f0)__f0()_7bfff52e1a198ae5.json,7bfff52e1a198ae5,tilelang,shared_memory_overflow,非有效目标编译器bug,请求动态shared memory超过sm_89每block 99328字节限制；生成/资源预算不足,2,float32,"(15812, 11009, 2354)","(128, 128, 32)",60fe20f5b95daf3bec3d002cd18abed7f1187d27c58d917482f031b0d14915a6
results/2026.09.15-23.03_tilelang_hard-shape_seed=42/failed/shared_memory_overflow/failed_calls_main(f0)__f0()_7e1fcce30a914873.json,7e1fcce30a914873,tilelang,shared_memory_overflow,非有效目标编译器bug,请求动态shared memory超过sm_89每block 99328字节限制；生成/资源预算不足,2,float16,"(2457, 10594, 12555)","(128, 128, 16)",026b135666ba7acfb0bb5a40f050ade85e2d74740e81cd8d29a6c6a523a48121
results/2026.09.15-23.03_tilelang_hard-shape_seed=42/failed/shared_memory_overflow/failed_calls_main(f0)__f0()_7e88f65de994e49f.json,7e88f65de994e49f,tilelang,shared_memory_overflow,非有效目标编译器bug,请求动态shared memory超过sm_89每block 99328字节限制；生成/资源预算不足,2,float32,"(4568, 10752, 4213)","(256, 256, 8)",c554ea3977532c86aa0cd716c43a9d3cae5115ec5e5864823d5632751cbf52a7
results/2026.09.15-23.03_tilelang_hard-shape_seed=42/failed/shared_memory_overflow/failed_calls_main(f0)__f0()_807d2f87d491c18b.json,807d2f87d491c18b,tilelang,shared_memory_overflow,非有效目标编译器bug,请求动态shared memory超过sm_89每block 99328字节限制；生成/资源预算不足,2,float16,"(16184, 2599, 1570)","(256, 256, 32)",b72458ac2a4557fba703e48318d888ec87a01e2022c4c82609c949af8f608013
results/2026.09.15-23.03_tilelang_hard-shape_seed=42/failed/shared_memory_overflow/failed_calls_main(f0)__f0()_821b62d0ffff7683.json,821b62d0ffff7683,tilelang,shared_memory_overflow,非有效目标编译器bug,请求动态shared memory超过sm_89每block 99328字节限制；生成/资源预算不足,2,float32,"(1399, 7797, 9863)","(256, 256, 16)",c3d61aa735d8181c5f0927c5a2396ebb8eb0e6340930e79210b4fdba94c26eea
results/2026.09.15-23.03_tilelang_hard-shape_seed=42/failed/shared_memory_overflow/failed_calls_main(f0)__f0()_8260dc07fc456750.json,8260dc07fc456750,tilelang,shared_memory_overflow,非有效目标编译器bug,请求动态shared memory超过sm_89每block 99328字节限制；生成/资源预算不足,2,float16,"(820, 9116, 13747)","(256, 256, 32)",ea274636d005ca6d05b3acd6b894e16f9de489cfb93dd2422cd8921074db5be3
results/2026.09.15-23.03_tilelang_hard-shape_seed=42/failed/shared_memory_overflow/failed_calls_main(f0)__f0()_866d8812641e46c8.json,866d8812641e46c8,tilelang,shared_memory_overflow,非有效目标编译器bug,请求动态shared memory超过sm_89每block 99328字节限制；生成/资源预算不足,2,float16,"(12759, 1027, 696)","(256, 256, 16)",e9d2cb8404890279a2b8a2658c22299a1e7cf71b3d1d158d2ca4b8d8bfde2382
results/2026.09.15-23.03_tilelang_hard-shape_seed=42/failed/shared_memory_overflow/failed_calls_main(f0)__f0()_877a838c18399b47.json,877a838c18399b47,tilelang,shared_memory_overflow,非有效目标编译器bug,请求动态shared memory超过sm_89每block 99328字节限制；生成/资源预算不足,2,float32,"(1426, 3621, 2535)","(256, 256, 16)",da16ef6c38383067b35075e61e274bb5213f5c85ed2b567c505ce1de4830929f
results/2026.09.15-23.03_tilelang_hard-shape_seed=42/failed/shared_memory_overflow/failed_calls_main(f0)__f0()_887301b2943c72ba.json,887301b2943c72ba,tilelang,shared_memory_overflow,非有效目标编译器bug,请求动态shared memory超过sm_89每block 99328字节限制；生成/资源预算不足,2,float32,"(14543, 11916, 14820)","(256, 256, 8)",4f4e635654da979ee9a988575f48f5c0199f65126c5278236845c8bf1b857bee
results/2026.09.15-23.03_tilelang_hard-shape_seed=42/failed/shared_memory_overflow/failed_calls_main(f0)__f0()_8ab1778cbeb6d743.json,8ab1778cbeb6d743,tilelang,shared_memory_overflow,非有效目标编译器bug,请求动态shared memory超过sm_89每block 99328字节限制；生成/资源预算不足,2,float16,"(11559, 7178, 8685)","(256, 256, 32)",32596775edcdd1d23b7362bf0b76b61431832a556b3c7601fa24d8e18debed1f
results/2026.09.15-23.03_tilelang_hard-shape_seed=42/failed/shared_memory_overflow/failed_calls_main(f0)__f0()_9110928e0594b2ef.json,9110928e0594b2ef,tilelang,shared_memory_overflow,非有效目标编译器bug,请求动态shared memory超过sm_89每block 99328字节限制；生成/资源预算不足,2,float32,"(5787, 8567, 12315)","(256, 256, 8)",da00cf0f3b1da6c0b2ad9c0e06a83cd081d14ad3c0f3e25a60cc96cc58f5d211
results/2026.09.15-23.03_tilelang_hard-shape_seed=42/failed/shared_memory_overflow/failed_calls_main(f0)__f0()_920d35f94fe8f588.json,920d35f94fe8f588,tilelang,shared_memory_overflow,非有效目标编译器bug,请求动态shared memory超过sm_89每block 99328字节限制；生成/资源预算不足,2,float16,"(12315, 7485, 5444)","(256, 256, 8)",4a343eafc52151f8283d45a39f3732784639d9f7dc4df0a3f77818222b572cd5
results/2026.09.15-23.03_tilelang_hard-shape_seed=42/failed/shared_memory_overflow/failed_calls_main(f0)__f0()_939f63b07ab48096.json,939f63b07ab48096,tilelang,shared_memory_overflow,非有效目标编译器bug,请求动态shared memory超过sm_89每block 99328字节限制；生成/资源预算不足,2,float16,"(12608, 11009, 15646)","(256, 256, 8)",fcfad5195d483508129087889b60738ffb21da29788f2e60fcaa6d9e4a8d4d83
results/2026.09.15-23.03_tilelang_hard-shape_seed=42/failed/shared_memory_overflow/failed_calls_main(f0)__f0()_94ae3f5d25aedbde.json,94ae3f5d25aedbde,tilelang,shared_memory_overflow,非有效目标编译器bug,请求动态shared memory超过sm_89每block 99328字节限制；生成/资源预算不足,2,float16,"(5848, 2308, 3385)","(256, 256, 8)",6a1ade757a617e7bd2235d8b38e48419bedf55ea44635b7d9ac39dad72e30b8f
results/2026.09.15-23.03_tilelang_hard-shape_seed=42/failed/shared_memory_overflow/failed_calls_main(f0)__f0()_961fa94e6814ddf8.json,961fa94e6814ddf8,tilelang,shared_memory_overflow,非有效目标编译器bug,请求动态shared memory超过sm_89每block 99328字节限制；生成/资源预算不足,2,float16,"(16184, 3848, 566)","(256, 256, 16)",0f1c551152d045a3c1924b8b58ba6bf8fd3c9fae6df6be62f01ed5cfa83c3502
results/2026.09.15-23.03_tilelang_hard-shape_seed=42/failed/shared_memory_overflow/failed_calls_main(f0)__f0()_9c0ab4d651548650.json,9c0ab4d651548650,tilelang,shared_memory_overflow,非有效目标编译器bug,请求动态shared memory超过sm_89每block 99328字节限制；生成/资源预算不足,2,float16,"(7812, 13433, 13083)","(256, 256, 8)",5eec87433f299d043f6adbd410be41dba6b461f24b24327b7f13567733fe7228
results/2026.09.15-23.03_tilelang_hard-shape_seed=42/failed/shared_memory_overflow/failed_calls_main(f0)__f0()_a7cc9ad01d31b022.json,a7cc9ad01d31b022,tilelang,shared_memory_overflow,非有效目标编译器bug,请求动态shared memory超过sm_89每block 99328字节限制；生成/资源预算不足,2,float16,"(12232, 3435, 11851)","(256, 256, 32)",bcc9623fb8aadb6d5229fa2b4a80c9ddd55c0df35812fd3a45c6eeeb573ba512
results/2026.09.15-23.03_tilelang_hard-shape_seed=42/failed/shared_memory_overflow/failed_calls_main(f0)__f0()_a7f7497ee2d66165.json,a7f7497ee2d66165,tilelang,shared_memory_overflow,非有效目标编译器bug,请求动态shared memory超过sm_89每block 99328字节限制；生成/资源预算不足,2,float16,"(16124, 3482, 16113)","(256, 256, 16)",711e3ecf494783ec53be22b2a2054e0e1fcbfa424cae4b36b8748e0703d3bfa0
results/2026.09.15-23.03_tilelang_hard-shape_seed=42/failed/shared_memory_overflow/failed_calls_main(f0)__f0()_a965812e94abbca9.json,a965812e94abbca9,tilelang,shared_memory_overflow,非有效目标编译器bug,请求动态shared memory超过sm_89每block 99328字节限制；生成/资源预算不足,2,float32,"(748, 9824, 13548)","(128, 128, 32)",606bbb4fe01389de3eed7623b735406cff2bdc4a764b3a6146d2c116dc5cedec
results/2026.09.15-23.03_tilelang_hard-shape_seed=42/failed/shared_memory_overflow/failed_calls_main(f0)__f0()_aa419381ca630d6a.json,aa419381ca630d6a,tilelang,shared_memory_overflow,非有效目标编译器bug,请求动态shared memory超过sm_89每block 99328字节限制；生成/资源预算不足,2,float32,"(1080, 3983, 9152)","(256, 256, 16)",65d1a8b2bed76f5dc74f102364641737d73e581d5ac85c4c028ce38109415bc1
results/2026.09.15-23.03_tilelang_hard-shape_seed=42/failed/shared_memory_overflow/failed_calls_main(f0)__f0()_acb069188cc80c55.json,acb069188cc80c55,tilelang,shared_memory_overflow,非有效目标编译器bug,请求动态shared memory超过sm_89每block 99328字节限制；生成/资源预算不足,2,float32,"(3652, 1786, 2303)","(256, 256, 16)",f731c7a052cdbb2b18baaa5219bb9fe3f2959ede9b74d60e5b7ae53e5be44cb5
results/2026.09.15-23.03_tilelang_hard-shape_seed=42/failed/shared_memory_overflow/failed_calls_main(f0)__f0()_b490171e187173df.json,b490171e187173df,tilelang,shared_memory_overflow,非有效目标编译器bug,请求动态shared memory超过sm_89每block 99328字节限制；生成/资源预算不足,2,float32,"(13433, 4199, 5145)","(256, 256, 8)",6ac892deba77813a87a75d32898c9dbcce271d3420abe239b18a42f3739ee0f8
results/2026.09.15-23.03_tilelang_hard-shape_seed=42/failed/shared_memory_overflow/failed_calls_main(f0)__f0()_baabc5f37bd71694.json,baabc5f37bd71694,tilelang,shared_memory_overflow,非有效目标编译器bug,请求动态shared memory超过sm_89每block 99328字节限制；生成/资源预算不足,2,float32,"(9319, 9319, 2162)","(256, 256, 8)",acd7e40d17b0d32095997ee225e96d2b28bb002e55402cc227752222d043fd00
results/2026.09.15-23.03_tilelang_hard-shape_seed=42/failed/shared_memory_overflow/failed_calls_main(f0)__f0()_be2538c695744736.json,be2538c695744736,tilelang,shared_memory_overflow,非有效目标编译器bug,请求动态shared memory超过sm_89每block 99328字节限制；生成/资源预算不足,2,float16,"(1588, 9298, 14694)","(256, 256, 16)",7e538c0facb1da86adb1da2f831700c3a01e78495ff83dd1f1f0248981b563de
results/2026.09.15-23.03_tilelang_hard-shape_seed=42/failed/shared_memory_overflow/failed_calls_main(f0)__f0()_c1ac7681bab13b04.json,c1ac7681bab13b04,tilelang,shared_memory_overflow,非有效目标编译器bug,请求动态shared memory超过sm_89每block 99328字节限制；生成/资源预算不足,2,float32,"(4313, 10626, 2579)","(256, 256, 8)",9f38767b63cb3fe26a6a44ec9e8bf3adf923c35a2d165ce35265194cc08b10fd
results/2026.09.15-23.03_tilelang_hard-shape_seed=42/failed/shared_memory_overflow/failed_calls_main(f0)__f0()_c825050aa9a6cccf.json,c825050aa9a6cccf,tilelang,shared_memory_overflow,非有效目标编译器bug,请求动态shared memory超过sm_89每block 99328字节限制；生成/资源预算不足,2,float16,"(16340, 2871, 12168)","(256, 256, 32)",6530778d0bab8abe31a724efa2a12cc038eef07657385a6d0a268e3d370fec4b
results/2026.09.15-23.03_tilelang_hard-shape_seed=42/failed/shared_memory_overflow/failed_calls_main(f0)__f0()_cb7c56a007eea3cc.json,cb7c56a007eea3cc,tilelang,shared_memory_overflow,非有效目标编译器bug,请求动态shared memory超过sm_89每block 99328字节限制；生成/资源预算不足,2,float32,"(7527, 10454, 2978)","(256, 256, 8)",96a7440ce8fa81d1073890707e8e3c284809ddbe5483e770f0a86a5b1b8814cc
results/2026.09.15-23.03_tilelang_hard-shape_seed=42/failed/shared_memory_overflow/failed_calls_main(f0)__f0()_cf18ee123240d93d.json,cf18ee123240d93d,tilelang,shared_memory_overflow,非有效目标编译器bug,请求动态shared memory超过sm_89每block 99328字节限制；生成/资源预算不足,2,float16,"(15852, 1051, 2518)","(256, 256, 8)",8f30db7d4b1c9c15882f36b9fbf88ae875ebbd2d2b833598f38c5f2051eb2634
results/2026.09.15-23.03_tilelang_hard-shape_seed=42/failed/shared_memory_overflow/failed_calls_main(f0)__f0()_d540a52bd3ec1cd2.json,d540a52bd3ec1cd2,tilelang,shared_memory_overflow,非有效目标编译器bug,请求动态shared memory超过sm_89每block 99328字节限制；生成/资源预算不足,2,float32,"(4659, 11247, 8257)","(256, 256, 8)",dc58c641d972c0260c1e8e59ecde079a835b1b8943400e7f1d20ccadd80da38d
results/2026.09.15-23.03_tilelang_hard-shape_seed=42/failed/shared_memory_overflow/failed_calls_main(f0)__f0()_d74291b99c101d60.json,d74291b99c101d60,tilelang,shared_memory_overflow,非有效目标编译器bug,请求动态shared memory超过sm_89每block 99328字节限制；生成/资源预算不足,2,float16,"(3370, 12565, 12283)","(256, 256, 16)",56b25131c180fdfa51d3d6411ea849a1122e0e19ebf3731c6921b5e3a11f5621
results/2026.09.15-23.03_tilelang_hard-shape_seed=42/failed/shared_memory_overflow/failed_calls_main(f0)__f0()_dcd9ad79320a1a09.json,dcd9ad79320a1a09,tilelang,shared_memory_overflow,非有效目标编译器bug,请求动态shared memory超过sm_89每block 99328字节限制；生成/资源预算不足,2,float16,"(7694, 3909, 7694)","(256, 256, 16)",ad8905cc125e47d3b7fa23a70e49b00ad937515ab543a7544104a83ecfca785e
results/2026.09.15-23.03_tilelang_hard-shape_seed=42/failed/shared_memory_overflow/failed_calls_main(f0)__f0()_e9b04c011a7b960c.json,e9b04c011a7b960c,tilelang,shared_memory_overflow,非有效目标编译器bug,请求动态shared memory超过sm_89每block 99328字节限制；生成/资源预算不足,2,float32,"(7901, 12781, 15388)","(256, 256, 8)",15970f1f932b1d31b71e8b8a14457c61ee7878c5fb0bcbd7605050680309145f
results/2026.09.15-23.03_tilelang_hard-shape_seed=42/failed/shared_memory_overflow/failed_calls_main(f0)__f0()_eed62a63d979a178.json,eed62a63d979a178,tilelang,shared_memory_overflow,非有效目标编译器bug,请求动态shared memory超过sm_89每block 99328字节限制；生成/资源预算不足,2,float32,"(3383, 8541, 9239)","(256, 256, 8)",9a7fa76fbbe172dc4e121192d4e5007b37cad79b0a3ad714cd1d2d4f3ac5b5ed
results/2026.09.15-23.03_tilelang_hard-shape_seed=42/failed/shared_memory_overflow/failed_calls_main(f0)__f0()_ef3475da85766e3a.json,ef3475da85766e3a,tilelang,shared_memory_overflow,非有效目标编译器bug,请求动态shared memory超过sm_89每block 99328字节限制；生成/资源预算不足,2,float16,"(6166, 5145, 8652)","(256, 256, 8)",c8ee4130eda1cae34de23a8dc0f4a8fb4810511877f3ae297effe5124ca73827
results/2026.09.15-23.03_tilelang_hard-shape_seed=42/failed/shared_memory_overflow/failed_calls_main(f0)__f0()_f3654dd4214ca15f.json,f3654dd4214ca15f,tilelang,shared_memory_overflow,非有效目标编译器bug,请求动态shared memory超过sm_89每block 99328字节限制；生成/资源预算不足,2,float16,"(3084, 696, 3165)","(256, 256, 32)",4d04876458e501581f90314ed62727e30851ab898cd2d280c63ef52b388cfbe0
results/2026.09.15-23.03_tilelang_hard-shape_seed=42/failed/shared_memory_overflow/failed_calls_main(f0)__f0()_f55415ac5986257e.json,f55415ac5986257e,tilelang,shared_memory_overflow,非有效目标编译器bug,请求动态shared memory超过sm_89每block 99328字节限制；生成/资源预算不足,2,float32,"(10883, 16141, 3142)","(256, 256, 8)",dd0a2f3d1b8230e3d8cdba41946c52dbb12b957a84d4949a799b62b9659c95ba
results/2026.09.15-23.03_tilelang_hard-shape_seed=42/failed/shared_memory_overflow/failed_calls_main(f0+f0)__f0()_05b1bbe5404b4561.json,05b1bbe5404b4561,tilelang,shared_memory_overflow,非有效目标编译器bug,请求动态shared memory超过sm_89每block 99328字节限制；生成/资源预算不足,2,float32,"(16030, 14823, 10913)","(256, 256, 8)",4a32952147320b7bf5400135a0804eeef46dbe90340dc4e0b2965d350db18504
results/2026.09.15-23.03_tilelang_hard-shape_seed=42/failed/shared_memory_overflow/failed_calls_main(f0+f0)__f0()_05bfbe198c8cc7e2.json,05bfbe198c8cc7e2,tilelang,shared_memory_overflow,非有效目标编译器bug,请求动态shared memory超过sm_89每block 99328字节限制；生成/资源预算不足,2,float16,"(1963, 11841, 1786)","(128, 128, 32)",d15bcb49389fd90f38dc5eb4af890e60df47483866c4c2e4d2bc68577c8120d8
results/2026.09.15-23.03_tilelang_hard-shape_seed=42/failed/shared_memory_overflow/failed_calls_main(f0+f0)__f0()_071e3458585ad935.json,071e3458585ad935,tilelang,shared_memory_overflow,非有效目标编译器bug,请求动态shared memory超过sm_89每block 99328字节限制；生成/资源预算不足,2,float16,"(7258, 2141, 7258)","(128, 128, 32)",6bed30170be4201ae305c48bd00d29f95539e8546d597771d5a885925ceea466
results/2026.09.15-23.03_tilelang_hard-shape_seed=42/failed/shared_memory_overflow/failed_calls_main(f0+f0)__f0()_0ab328c5f88fd1d9.json,0ab328c5f88fd1d9,tilelang,shared_memory_overflow,非有效目标编译器bug,请求动态shared memory超过sm_89每block 99328字节限制；生成/资源预算不足,2,float16,"(14446, 1487, 7178)","(256, 256, 16)",d9fa848bb80f5a6d43e578bed0d94d5b537e683d074a670c6a6953309e24f3ec
results/2026.09.15-23.03_tilelang_hard-shape_seed=42/failed/shared_memory_overflow/failed_calls_main(f0+f0)__f0()_1af560b2430c599b.json,1af560b2430c599b,tilelang,shared_memory_overflow,非有效目标编译器bug,请求动态shared memory超过sm_89每block 99328字节限制；生成/资源预算不足,2,float16,"(11171, 11682, 10626)","(128, 128, 8)",8e62e37a27e515ae87e60dcec35949eae6b72364a1438ec79de3d00a3db0e4b1
results/2026.09.15-23.03_tilelang_hard-shape_seed=42/failed/shared_memory_overflow/failed_calls_main(f0+f0)__f0()_1bebd218ccf2352e.json,1bebd218ccf2352e,tilelang,shared_memory_overflow,非有效目标编译器bug,请求动态shared memory超过sm_89每block 99328字节限制；生成/资源预算不足,2,float32,"(8540, 1192, 4997)","(128, 128, 16)",eb123170b1e11569c4cf059a0b0ac3b0bec35eb48e2eb88b494618a2048684b3
results/2026.09.15-23.03_tilelang_hard-shape_seed=42/failed/shared_memory_overflow/failed_calls_main(f0+f0)__f0()_2f8c6193b6a337d2.json,2f8c6193b6a337d2,tilelang,shared_memory_overflow,非有效目标编译器bug,请求动态shared memory超过sm_89每block 99328字节限制；生成/资源预算不足,2,float16,"(10316, 539, 10316)","(128, 128, 32)",5d056f393f34d2c176a62e2500f12d9159b60c10ae8d59aba14f4b0c4d4bf940
results/2026.09.15-23.03_tilelang_hard-shape_seed=42/failed/shared_memory_overflow/failed_calls_main(f0+f0)__f0()_4972376cc16c55af.json,4972376cc16c55af,tilelang,shared_memory_overflow,非有效目标编译器bug,请求动态shared memory超过sm_89每block 99328字节限制；生成/资源预算不足,2,float16,"(15930, 10158, 7799)","(256, 256, 8)",e7620ce4b3373aa91681dff4060b0fc847daa9265eb7083b303a36a9235342ba
results/2026.09.15-23.03_tilelang_hard-shape_seed=42/failed/shared_memory_overflow/failed_calls_main(f0+f0)__f0()_4c3124d2354482ba.json,4c3124d2354482ba,tilelang,shared_memory_overflow,非有效目标编译器bug,请求动态shared memory超过sm_89每block 99328字节限制；生成/资源预算不足,2,float32,"(14995, 13273, 14421)","(256, 256, 8)",a1b25d0c37f2d5a6b8a05c0fa904d8fb2cc6de8273a2694ac1060b89ee3337aa
results/2026.09.15-23.03_tilelang_hard-shape_seed=42/failed/shared_memory_overflow/failed_calls_main(f0+f0)__f0()_5eca33d52d167b34.json,5eca33d52d167b34,tilelang,shared_memory_overflow,非有效目标编译器bug,请求动态shared memory超过sm_89每block 99328字节限制；生成/资源预算不足,2,float16,"(1143, 7157, 3385)","(256, 256, 32)",7d55e915c44eff7b5cca0380353141c8d960550ae2d54f8df2e669d05e971c0a
results/2026.09.15-23.03_tilelang_hard-shape_seed=42/failed/shared_memory_overflow/failed_calls_main(f0+f0)__f0()_6994fc14ca024b79.json,6994fc14ca024b79,tilelang,shared_memory_overflow,非有效目标编译器bug,请求动态shared memory超过sm_89每block 99328字节限制；生成/资源预算不足,2,float16,"(9667, 2209, 14694)","(256, 256, 8)",c4cfe8dac456d9c716e25a185c93967fb31993d5c8610afa521353afe159a406
results/2026.09.15-23.03_tilelang_hard-shape_seed=42/failed/shared_memory_overflow/failed_calls_main(f0+f0)__f0()_7cc573d1459e0b7b.json,7cc573d1459e0b7b,tilelang,shared_memory_overflow,非有效目标编译器bug,请求动态shared memory超过sm_89每block 99328字节限制；生成/资源预算不足,2,float32,"(11247, 8257, 11247)","(256, 256, 16)",faaa1a53b56606baa89e128ec36e9ad2496b4146b2c5b4a5c2896faf1c5434dd
results/2026.09.15-23.03_tilelang_hard-shape_seed=42/failed/shared_memory_overflow/failed_calls_main(f0+f0)__f0()_7eb26bcb50108984.json,7eb26bcb50108984,tilelang,shared_memory_overflow,非有效目标编译器bug,请求动态shared memory超过sm_89每block 99328字节限制；生成/资源预算不足,2,float32,"(15241, 15233, 9020)","(256, 256, 8)",0b764fd6ff6010f939df893855fc179739a0c7d64494a21871ccac0a7e42de76
results/2026.09.15-23.03_tilelang_hard-shape_seed=42/failed/shared_memory_overflow/failed_calls_main(f0+f0)__f0()_90a0f672d05d84e1.json,90a0f672d05d84e1,tilelang,shared_memory_overflow,非有效目标编译器bug,请求动态shared memory超过sm_89每block 99328字节限制；生成/资源预算不足,2,float32,"(9298, 9827, 1588)","(256, 256, 8)",80c4d8a1837db0579e7e74cc0797551b7f522c5ed82bb15adb24b09cfb3b3048
results/2026.09.15-23.03_tilelang_hard-shape_seed=42/failed/shared_memory_overflow/failed_calls_main(f0+f0)__f0()_93444f5eed7f5bea.json,93444f5eed7f5bea,tilelang,shared_memory_overflow,非有效目标编译器bug,请求动态shared memory超过sm_89每block 99328字节限制；生成/资源预算不足,2,float32,"(14919, 2321, 14299)","(256, 256, 8)",02fd98da0e8b5587208e12ffb6b8597b6fa3b84c01e4c3691e03f8d64cd5c269
results/2026.09.15-23.03_tilelang_hard-shape_seed=42/failed/shared_memory_overflow/failed_calls_main(f0+f0)__f0()_9a0b15e9bfa14a95.json,9a0b15e9bfa14a95,tilelang,shared_memory_overflow,非有效目标编译器bug,请求动态shared memory超过sm_89每block 99328字节限制；生成/资源预算不足,2,float32,"(13303, 11670, 5528)","(256, 256, 16)",a96d92cf9966125249027658a61a64720760dadb46c9bffbb77b950bec303059
results/2026.09.15-23.03_tilelang_hard-shape_seed=42/failed/shared_memory_overflow/failed_calls_main(f0+f0)__f0()_a4980dd89b3d887a.json,a4980dd89b3d887a,tilelang,shared_memory_overflow,非有效目标编译器bug,请求动态shared memory超过sm_89每block 99328字节限制；生成/资源预算不足,2,float16,"(11916, 3835, 14543)","(256, 256, 32)",27cf66376348334939315deb3dd64c4140122d04bf420dc6747fd5e387a0bd7c
results/2026.09.15-23.03_tilelang_hard-shape_seed=42/failed/shared_memory_overflow/failed_calls_main(f0+f0)__f0()_bb7d358cc436fc34.json,bb7d358cc436fc34,tilelang,shared_memory_overflow,非有效目标编译器bug,请求动态shared memory超过sm_89每block 99328字节限制；生成/资源预算不足,2,float16,"(9028, 1622, 7444)","(128, 128, 32)",d2e8c3fbba1c1bbcccf18d87a54102b1afc702de0361998e2b62b42ce3d32b78
results/2026.09.15-23.03_tilelang_hard-shape_seed=42/failed/shared_memory_overflow/failed_calls_main(f0+f0)__f0()_c01a4ea44712b0bc.json,c01a4ea44712b0bc,tilelang,shared_memory_overflow,非有效目标编译器bug,请求动态shared memory超过sm_89每block 99328字节限制；生成/资源预算不足,2,float32,"(6689, 13691, 11347)","(256, 256, 16)",2af1b8103f148a841c63003e1478173db19d922ee0a7769ff3d03babedb11fec
results/2026.09.15-23.03_tilelang_hard-shape_seed=42/failed/shared_memory_overflow/failed_calls_main(f0+f0)__f0()_cdeff7694a4d6e7e.json,cdeff7694a4d6e7e,tilelang,shared_memory_overflow,非有效目标编译器bug,请求动态shared memory超过sm_89每block 99328字节限制；生成/资源预算不足,2,float32,"(11991, 10158, 9955)","(256, 256, 8)",507b1f554059cee854e37f0a18127e6479092f710319573d743e2225dafec385
results/2026.09.15-23.03_tilelang_hard-shape_seed=42/failed/shared_memory_overflow/failed_calls_main(f0+f0)__f0()_da75f8cd47773b1e.json,da75f8cd47773b1e,tilelang,shared_memory_overflow,非有效目标编译器bug,请求动态shared memory超过sm_89每block 99328字节限制；生成/资源预算不足,2,float16,"(5835, 9957, 7487)","(128, 128, 8)",fb04df772c8223ab2470caf158f1d67334c199ef8c8ec50c61b437a2312a2621
results/2026.09.15-23.03_tilelang_hard-shape_seed=42/failed/shared_memory_overflow/failed_calls_main(f0+f0)__f0()_ded9e71384ea5fb6.json,ded9e71384ea5fb6,tilelang,shared_memory_overflow,非有效目标编译器bug,请求动态shared memory超过sm_89每block 99328字节限制；生成/资源预算不足,2,float16,"(9824, 7797, 566)","(256, 256, 16)",feb429099a693a299f8c6aa9587953700821014add0d73fd2a073b728cb19005
results/2026.09.15-23.03_tilelang_hard-shape_seed=42/failed/shared_memory_overflow/failed_calls_main(f0+f0)__f0()_e25c84e3dfa719ad.json,e25c84e3dfa719ad,tilelang,shared_memory_overflow,非有效目标编译器bug,请求动态shared memory超过sm_89每block 99328字节限制；生成/资源预算不足,2,float32,"(4943, 10459, 15550)","(256, 256, 16)",0f7d7ff835238dc3c2970a903a6320b4c7f333318b6f827c9d21e53124afbc83
results/2026.09.15-23.03_tilelang_hard-shape_seed=42/failed/shared_memory_overflow/failed_calls_main(f0+f0+f0)__f0()_73f5ecf9c129e2f8.json,73f5ecf9c129e2f8,tilelang,shared_memory_overflow,非有效目标编译器bug,请求动态shared memory超过sm_89每block 99328字节限制；生成/资源预算不足,2,float16,"(14165, 9285, 1395)","(256, 256, 16)",c6fff71e04f852ff1bbfa4d815a08825afad94c2ae16dfb6d601ef0d96e9801d
results/2026.09.15-23.03_tilelang_hard-shape_seed=42/failed/shared_memory_overflow/failed_calls_main(f0+f0+f0)__f0()_9632714adcb9b003.json,9632714adcb9b003,tilelang,shared_memory_overflow,非有效目标编译器bug,请求动态shared memory超过sm_89每block 99328字节限制；生成/资源预算不足,2,float32,"(949, 5654, 8180)","(256, 256, 8)",143e6388c3a65137d10bc989ffe8a6452e4a806be28c70b5427aed7b220dcea2
results/2026.09.15-23.03_tilelang_hard-shape_seed=42/failed/shared_memory_overflow/failed_calls_main(f0+f0+f0)__f0()_d16f211272992131.json,d16f211272992131,tilelang,shared_memory_overflow,非有效目标编译器bug,请求动态shared memory超过sm_89每block 99328字节限制；生成/资源预算不足,2,float16,"(10752, 3967, 5856)","(128, 128, 16)",02093778185313688ed8597fb0af3e802be6fbff88eb38120e6bf0bbd4a98f5b
results/2026.09.15-23.03_tilelang_hard-shape_seed=42/failed/shared_memory_overflow/failed_calls_main(f0+f0+f0)__f0()_e5fe6b442e95a49c.json,e5fe6b442e95a49c,tilelang,shared_memory_overflow,非有效目标编译器bug,请求动态shared memory超过sm_89每block 99328字节限制；生成/资源预算不足,2,float32,"(2237, 2237, 10777)","(128, 128, 8)",fa7d5a3fb9371dbdcc72f003eff8d7b53074aa9d2911779c9c1966d28378e0ef
results/2026.09.15-23.03_tilelang_hard-shape_seed=42/failed/shared_memory_overflow/failed_calls_main(f0+f0+f0+f0)__f0()_32134b8c94d48c39.json,32134b8c94d48c39,tilelang,shared_memory_overflow,非有效目标编译器bug,请求动态shared memory超过sm_89每block 99328字节限制；生成/资源预算不足,2,float32,"(10752, 4568, 4213)","(256, 256, 8)",d24c6de60b3b93b6de6f85007e99063c4c0a77ddb4d8a19f6a6886a4fca935d4
results/2026.09.15-23.03_tilelang_hard-shape_seed=42/failed/shared_memory_overflow/failed_calls_main(f0+f1)__f0()__f1(f0)_0490bca584816e4d.json,0490bca584816e4d,tilelang,shared_memory_overflow,非有效目标编译器bug,请求动态shared memory超过sm_89每block 99328字节限制；生成/资源预算不足,2,float16,"(11851, 15767, 4079)","(256, 256, 8)",b9b0afb99b5c7d7a7134434d8ab3602a4e8ec4c9344a31f51cae9c99ce421224
results/2026.09.15-23.03_tilelang_hard-shape_seed=42/failed/shared_memory_overflow/failed_calls_main(f0+f1)__f0()__f1(f0)_2749e72cae69ba45.json,2749e72cae69ba45,tilelang,shared_memory_overflow,非有效目标编译器bug,请求动态shared memory超过sm_89每block 99328字节限制；生成/资源预算不足,2,float16,"(216, 666, 666)","(256, 256, 8)",e22e2f0bd764c642cc4c4d57561f8018f81f47f0d4b1f403cab899c77abe1b6f
results/2026.09.15-23.03_tilelang_hard-shape_seed=42/failed/shared_memory_overflow/failed_calls_main(f0+f1)__f0()__f1(f0)_381fc55ee0a665a4.json,381fc55ee0a665a4,tilelang,shared_memory_overflow,非有效目标编译器bug,请求动态shared memory超过sm_89每block 99328字节限制；生成/资源预算不足,2,float32,"(7624, 14720, 6516)","(256, 256, 8)",95ec0eddb4bdfdf924aadd354c8cc34a5664512adf757a5fd20c8593a59521a7
results/2026.09.15-23.03_tilelang_hard-shape_seed=42/failed/shared_memory_overflow/failed_calls_main(f0+f1)__f0()__f1(f0)_bc3120f1eae7d83e.json,bc3120f1eae7d83e,tilelang,shared_memory_overflow,非有效目标编译器bug,请求动态shared memory超过sm_89每block 99328字节限制；生成/资源预算不足,2,float32,"(8190, 6580, 3594)","(256, 256, 8)",cb9956f5670ffe13f393d5980d26e829373a6804b76294114b372b3581f83271
results/2026.09.15-23.03_tilelang_hard-shape_seed=42/failed/shared_memory_overflow/failed_calls_main(f0+f1)__f0()__f1(f0)_d9176d5c0a222732.json,d9176d5c0a222732,tilelang,shared_memory_overflow,非有效目标编译器bug,请求动态shared memory超过sm_89每block 99328字节限制；生成/资源预算不足,2,float16,"(15033, 4642, 4642)","(256, 256, 16)",6a59251df0e2c2ae3d3a15654ef6516fbdda8610ef8bc58b07229a7455906472
results/2026.09.15-23.03_tilelang_hard-shape_seed=42/failed/shared_memory_overflow/failed_calls_main(f0+f1)__f0()__f1(f0+f0)_23ebf1b55acd665e.json,23ebf1b55acd665e,tilelang,shared_memory_overflow,非有效目标编译器bug,请求动态shared memory超过sm_89每block 99328字节限制；生成/资源预算不足,2,float16,"(1639, 13630, 3268)","(256, 256, 8)",6858a0a19f339ac0275846251f3a2b23790baab7dc74e9d1639b924e965aa28d
results/2026.09.15-23.03_tilelang_hard-shape_seed=42/failed/shared_memory_overflow/failed_calls_main(f0+f1)__f0()__f1(f0+f0)_24ba34ea595a4570.json,24ba34ea595a4570,tilelang,shared_memory_overflow,非有效目标编译器bug,请求动态shared memory超过sm_89每block 99328字节限制；生成/资源预算不足,2,float32,"(9227, 16102, 9857)","(256, 256, 8)",b1988f7f9436d5568fe58698cc931be8d3eef26de6354253495479f9f58ae3f4
results/2026.09.15-23.03_tilelang_hard-shape_seed=42/failed/shared_memory_overflow/failed_calls_main(f0+f1)__f0()__f1(f0+f0)_7cf894f98c4a4fc2.json,7cf894f98c4a4fc2,tilelang,shared_memory_overflow,非有效目标编译器bug,请求动态shared memory超过sm_89每block 99328字节限制；生成/资源预算不足,2,float32,"(11191, 6020, 13442)","(256, 256, 8)",ad80f38b4c977228c158894472bb96681fe4bf9135577c7c6cae445559b71fe8
results/2026.09.15-23.03_tilelang_hard-shape_seed=42/failed/shared_memory_overflow/failed_calls_main(f0+f1)__f0()__f1(f0+f0)_9ab1c402af0ea43f.json,9ab1c402af0ea43f,tilelang,shared_memory_overflow,非有效目标编译器bug,请求动态shared memory超过sm_89每block 99328字节限制；生成/资源预算不足,2,float16,"(662, 1027, 662)","(256, 256, 16)",b29a4dc76679dc3a81803ba7eed95ce946d8002fe5605fbb68fea5f30b30333e
results/2026.09.15-23.03_tilelang_hard-shape_seed=42/failed/shared_memory_overflow/failed_calls_main(f0+f1)__f0()__f1(f0+f0)_b9c773e910014d92.json,b9c773e910014d92,tilelang,shared_memory_overflow,非有效目标编译器bug,请求动态shared memory超过sm_89每block 99328字节限制；生成/资源预算不足,2,float32,"(5459, 13408, 13251)","(256, 256, 16)",a0640a7608467511d3f1856dc8e00626f365c223a28a971f41c9380a3eb5a568
results/2026.09.15-23.03_tilelang_hard-shape_seed=42/failed/shared_memory_overflow/failed_calls_main(f0+f1+f1)__f0()__f1(f0+f0)_8e20e9068a82d365.json,8e20e9068a82d365,tilelang,shared_memory_overflow,非有效目标编译器bug,请求动态shared memory超过sm_89每block 99328字节限制；生成/资源预算不足,2,float32,"(4313, 8742, 16340)","(256, 256, 16)",4158714fe0aedd82d66319507cbcb4de2ea72dcd0822947d6064654c7fa0b803
results/2026.09.15-23.03_tilelang_hard-shape_seed=42/failed/shared_memory_overflow/failed_calls_main(f1)__f0()__f1(f0)_0bd4cfbad2fa0bc0.json,0bd4cfbad2fa0bc0,tilelang,shared_memory_overflow,非有效目标编译器bug,请求动态shared memory超过sm_89每block 99328字节限制；生成/资源预算不足,2,float16,"(5049, 9865, 9865)","(256, 256, 32)",e4010475686a14ac1406870da24d470b753683612944005beae10d00fdc1edd3
results/2026.09.15-23.03_tilelang_hard-shape_seed=42/failed/shared_memory_overflow/failed_calls_main(f1)__f0()__f1(f0)_0da114166a2b1ac2.json,0da114166a2b1ac2,tilelang,shared_memory_overflow,非有效目标编译器bug,请求动态shared memory超过sm_89每block 99328字节限制；生成/资源预算不足,2,float16,"(7258, 4431, 9035)","(256, 256, 32)",705ebafe88043c6afbdd48162e659b2f6846dab9254423467fb7ed7549e10484
results/2026.09.15-23.03_tilelang_hard-shape_seed=42/failed/shared_memory_overflow/failed_calls_main(f1)__f0()__f1(f0)_1612b78ebbf4cf87.json,1612b78ebbf4cf87,tilelang,shared_memory_overflow,非有效目标编译器bug,请求动态shared memory超过sm_89每block 99328字节限制；生成/资源预算不足,2,float16,"(10395, 10158, 9025)","(256, 256, 32)",bd65413b6b5c141b5144affaf886f64940c196f2671884c996ccdf536b9b70e5
results/2026.09.15-23.03_tilelang_hard-shape_seed=42/failed/shared_memory_overflow/failed_calls_main(f1)__f0()__f1(f0)_168930f15b3c8f26.json,168930f15b3c8f26,tilelang,shared_memory_overflow,非有效目标编译器bug,请求动态shared memory超过sm_89每block 99328字节限制；生成/资源预算不足,2,float32,"(13826, 820, 6516)","(256, 256, 16)",3b3a466612f6cb3d93bc8f4abffa49efedeb429496fbde35212b789d58bddf1f
results/2026.09.15-23.03_tilelang_hard-shape_seed=42/failed/shared_memory_overflow/failed_calls_main(f1)__f0()__f1(f0)_1bbe7cdfcf2f11ab.json,1bbe7cdfcf2f11ab,tilelang,shared_memory_overflow,非有效目标编译器bug,请求动态shared memory超过sm_89每block 99328字节限制；生成/资源预算不足,2,float16,"(10711, 14594, 6785)","(256, 256, 8)",fbae76d6064e9729d9c06913f53c77ce63dd55b23d6eee50ca4b8c727326709b
results/2026.09.15-23.03_tilelang_hard-shape_seed=42/failed/shared_memory_overflow/failed_calls_main(f1)__f0()__f1(f0)_2589a1c6ce73156b.json,2589a1c6ce73156b,tilelang,shared_memory_overflow,非有效目标编译器bug,请求动态shared memory超过sm_89每block 99328字节限制；生成/资源预算不足,2,float16,"(2457, 15321, 956)","(256, 256, 8)",608f58d385c4d4825e47316aa2f71b2d833247ccf39434b39a7a6b3f21d7538d
results/2026.09.15-23.03_tilelang_hard-shape_seed=42/failed/shared_memory_overflow/failed_calls_main(f1)__f0()__f1(f0)_2a3a333c780ffa25.json,2a3a333c780ffa25,tilelang,shared_memory_overflow,非有效目标编译器bug,请求动态shared memory超过sm_89每block 99328字节限制；生成/资源预算不足,2,float16,"(10883, 9660, 9358)","(256, 256, 8)",c92ff8a4592fa7f71c1d337a6c624c5e50564d3701b856c3c51602b78df42989
results/2026.09.15-23.03_tilelang_hard-shape_seed=42/failed/shared_memory_overflow/failed_calls_main(f1)__f0()__f1(f0)_2bf267d4983db2cd.json,2bf267d4983db2cd,tilelang,shared_memory_overflow,非有效目标编译器bug,请求动态shared memory超过sm_89每block 99328字节限制；生成/资源预算不足,2,float32,"(6228, 5002, 4213)","(256, 256, 8)",977c416a4f960315d416365390e671b67c193a61f0f8b3bc172a87a98dad78ef
results/2026.09.15-23.03_tilelang_hard-shape_seed=42/failed/shared_memory_overflow/failed_calls_main(f1)__f0()__f1(f0)_2c1860b639b56cc0.json,2c1860b639b56cc0,tilelang,shared_memory_overflow,非有效目标编译器bug,请求动态shared memory超过sm_89每block 99328字节限制；生成/资源预算不足,2,float16,"(14739, 13508, 14838)","(256, 256, 16)",bd1e530f8ca3c4e5e960eab3edeb9bf2574fa620dab8a41357f84c76c9602907
results/2026.09.15-23.03_tilelang_hard-shape_seed=42/failed/shared_memory_overflow/failed_calls_main(f1)__f0()__f1(f0)_2d3a76c1342eaf13.json,2d3a76c1342eaf13,tilelang,shared_memory_overflow,非有效目标编译器bug,请求动态shared memory超过sm_89每block 99328字节限制；生成/资源预算不足,2,float16,"(3142, 3142, 1426)","(256, 256, 8)",9db90729edf44bf607df225957fb5457add3f3f3c00f662ed40dcfd52f168751
results/2026.09.15-23.03_tilelang_hard-shape_seed=42/failed/shared_memory_overflow/failed_calls_main(f1)__f0()__f1(f0)_388583e024a8e726.json,388583e024a8e726,tilelang,shared_memory_overflow,非有效目标编译器bug,请求动态shared memory超过sm_89每block 99328字节限制；生成/资源预算不足,2,float32,"(3614, 5835, 9957)","(256, 256, 8)",1b2e74d0352b27cada56c66bbe9183af489308169f89aad2dd3d2b6e4ececac1
results/2026.09.15-23.03_tilelang_hard-shape_seed=42/failed/shared_memory_overflow/failed_calls_main(f1)__f0()__f1(f0)_3bb6bfc22e0a9f2b.json,3bb6bfc22e0a9f2b,tilelang,shared_memory_overflow,非有效目标编译器bug,请求动态shared memory超过sm_89每block 99328字节限制；生成/资源预算不足,2,float32,"(3084, 9613, 662)","(256, 256, 16)",5d049277018597cb684a8a401e60e801bb53f61e1efe9b05eea334e971eb239e
results/2026.09.15-23.03_tilelang_hard-shape_seed=42/failed/shared_memory_overflow/failed_calls_main(f1)__f0()__f1(f0)_3eaa7da34423c249.json,3eaa7da34423c249,tilelang,shared_memory_overflow,非有效目标编译器bug,请求动态shared memory超过sm_89每block 99328字节限制；生成/资源预算不足,2,float16,"(7828, 7828, 8486)","(256, 256, 8)",ed6c1ab25c8449f40619ed075995629a5346892803a6d6922ef39b817d0f2389
results/2026.09.15-23.03_tilelang_hard-shape_seed=42/failed/shared_memory_overflow/failed_calls_main(f1)__f0()__f1(f0)_3fcf8cf973104ace.json,3fcf8cf973104ace,tilelang,shared_memory_overflow,非有效目标编译器bug,请求动态shared memory超过sm_89每block 99328字节限制；生成/资源预算不足,2,float32,"(2771, 1545, 9547)","(256, 256, 16)",376fa70f37b37390658cb7e941ea8d0c06a71008bee2358fea41c845e246baaf
results/2026.09.15-23.03_tilelang_hard-shape_seed=42/failed/shared_memory_overflow/failed_calls_main(f1)__f0()__f1(f0)_48b99eebfbe42cf0.json,48b99eebfbe42cf0,tilelang,shared_memory_overflow,非有效目标编译器bug,请求动态shared memory超过sm_89每block 99328字节限制；生成/资源预算不足,2,float32,"(1079, 9966, 8272)","(256, 256, 8)",1f1b974e441d5708ce2d797ec86bf019e77d0aba7c58b106bba9d6f40e8774c3
results/2026.09.15-23.03_tilelang_hard-shape_seed=42/failed/shared_memory_overflow/failed_calls_main(f1)__f0()__f1(f0)_52245f2e523b7a2f.json,52245f2e523b7a2f,tilelang,shared_memory_overflow,非有效目标编译器bug,请求动态shared memory超过sm_89每block 99328字节限制；生成/资源预算不足,2,float16,"(6785, 15105, 6785)","(256, 256, 8)",0b2bde1c43d87ac7940412e7299ee01f5b4705ba4169e274d086e60e194dfd50
results/2026.09.15-23.03_tilelang_hard-shape_seed=42/failed/shared_memory_overflow/failed_calls_main(f1)__f0()__f1(f0)_5aa80422cdc9d295.json,5aa80422cdc9d295,tilelang,shared_memory_overflow,非有效目标编译器bug,请求动态shared memory超过sm_89每block 99328字节限制；生成/资源预算不足,2,float16,"(4552, 1267, 11779)","(256, 256, 16)",ae23e14d64601f47e6589827d27922a50f67a6cb1672076626f12c7d887e017d
results/2026.09.15-23.03_tilelang_hard-shape_seed=42/failed/shared_memory_overflow/failed_calls_main(f1)__f0()__f1(f0)_5b040172f15e5ae3.json,5b040172f15e5ae3,tilelang,shared_memory_overflow,非有效目标编译器bug,请求动态shared memory超过sm_89每block 99328字节限制；生成/资源预算不足,2,float16,"(13979, 13979, 14594)","(256, 256, 8)",a17d2468680249d882259fd2ca373e8e3410b343313b45a440c189ef11dcd4a3
results/2026.09.15-23.03_tilelang_hard-shape_seed=42/failed/shared_memory_overflow/failed_calls_main(f1)__f0()__f1(f0)_5c868a7b127f6b33.json,5c868a7b127f6b33,tilelang,shared_memory_overflow,非有效目标编译器bug,请求动态shared memory超过sm_89每block 99328字节限制；生成/资源预算不足,2,float32,"(16045, 13173, 15674)","(256, 256, 16)",4306b63256e3637c4d561539034cfa5273c1fc9805321fbffb9939deecb4356c
results/2026.09.15-23.03_tilelang_hard-shape_seed=42/failed/shared_memory_overflow/failed_calls_main(f1)__f0()__f1(f0)_6016aa3aa23729d4.json,6016aa3aa23729d4,tilelang,shared_memory_overflow,非有效目标编译器bug,请求动态shared memory超过sm_89每block 99328字节限制；生成/资源预算不足,2,float16,"(3359, 7624, 13747)","(256, 256, 16)",0918b03afda103f8e7648b471d0fd9776ef6e74025fe23e814de9453886ccd05
results/2026.09.15-23.03_tilelang_hard-shape_seed=42/failed/shared_memory_overflow/failed_calls_main(f1)__f0()__f1(f0)_6d0c4d5990557d08.json,6d0c4d5990557d08,tilelang,shared_memory_overflow,非有效目标编译器bug,请求动态shared memory超过sm_89每block 99328字节限制；生成/资源预算不足,2,float16,"(6217, 14299, 4576)","(256, 256, 16)",edd3b3b86cceee229d638b1a2787688f7b4f321539866ff666e10361b3884e97
results/2026.09.15-23.03_tilelang_hard-shape_seed=42/failed/shared_memory_overflow/failed_calls_main(f1)__f0()__f1(f0)_7583a4f88806597d.json,7583a4f88806597d,tilelang,shared_memory_overflow,非有效目标编译器bug,请求动态shared memory超过sm_89每block 99328字节限制；生成/资源预算不足,2,float16,"(2595, 13303, 14365)","(256, 256, 32)",102155a978d2af514cf3c97afdc5d69985c14d9ffdbe82b086bff4d03b91e3cd
results/2026.09.15-23.03_tilelang_hard-shape_seed=42/failed/shared_memory_overflow/failed_calls_main(f1)__f0()__f1(f0)_8a9314e80156ba22.json,8a9314e80156ba22,tilelang,shared_memory_overflow,非有效目标编译器bug,请求动态shared memory超过sm_89每block 99328字节限制；生成/资源预算不足,2,float16,"(11495, 16313, 13446)","(256, 256, 8)",d7e272d318f1f6fd9331bfe4d617ac875201df6413063d749423261cd6edcbbc
results/2026.09.15-23.03_tilelang_hard-shape_seed=42/failed/shared_memory_overflow/failed_calls_main(f1)__f0()__f1(f0)_8bb4de644f17745b.json,8bb4de644f17745b,tilelang,shared_memory_overflow,非有效目标编译器bug,请求动态shared memory超过sm_89每block 99328字节限制；生成/资源预算不足,2,float32,"(14421, 11191, 14995)","(256, 256, 16)",26d309a0b5f65ef0d5cd2b8315a3781aab0d3fb1a7ca23aba05d6140c8550655
results/2026.09.15-23.03_tilelang_hard-shape_seed=42/failed/shared_memory_overflow/failed_calls_main(f1)__f0()__f1(f0)_8cb747cb0737fa3c.json,8cb747cb0737fa3c,tilelang,shared_memory_overflow,非有效目标编译器bug,请求动态shared memory超过sm_89每block 99328字节限制；生成/资源预算不足,2,float32,"(16187, 3145, 14100)","(256, 256, 8)",863413430232a0489e78d754e1f20d55356121467b3abdf505e7c69a42f883c5
results/2026.09.15-23.03_tilelang_hard-shape_seed=42/failed/shared_memory_overflow/failed_calls_main(f1)__f0()__f1(f0)_8cc375b4ba4d0a00.json,8cc375b4ba4d0a00,tilelang,shared_memory_overflow,非有效目标编译器bug,请求动态shared memory超过sm_89每block 99328字节限制；生成/资源预算不足,2,float32,"(1006, 8354, 2339)","(256, 256, 8)",9ffe43376f2876daa680cb56248d64792bab3e7f4c79c1a80abd3fbbedb6dd1d
results/2026.09.15-23.03_tilelang_hard-shape_seed=42/failed/shared_memory_overflow/failed_calls_main(f1)__f0()__f1(f0)_981b751a648e3cdf.json,981b751a648e3cdf,tilelang,shared_memory_overflow,非有效目标编译器bug,请求动态shared memory超过sm_89每block 99328字节限制；生成/资源预算不足,2,float16,"(2541, 13204, 6321)","(256, 256, 8)",63b546eac2b9cb5ae19947215cda9e135a63bec699b549f8841d95e1e2134377
results/2026.09.15-23.03_tilelang_hard-shape_seed=42/failed/shared_memory_overflow/failed_calls_main(f1)__f0()__f1(f0)_9e354b887c008f81.json,9e354b887c008f81,tilelang,shared_memory_overflow,非有效目标编译器bug,请求动态shared memory超过sm_89每block 99328字节限制；生成/资源预算不足,2,float32,"(5417, 539, 14073)","(256, 256, 8)",2f9df5dd1427023922b23a90d673aa415a3d779febb737ea538b287d520fdb49
results/2026.09.15-23.03_tilelang_hard-shape_seed=42/failed/shared_memory_overflow/failed_calls_main(f1)__f0()__f1(f0)_a39f054804debd52.json,a39f054804debd52,tilelang,shared_memory_overflow,非有效目标编译器bug,请求动态shared memory超过sm_89每block 99328字节限制；生成/资源预算不足,2,float16,"(2579, 4977, 1775)","(256, 256, 8)",fe0dcd662018cf0763621c735ff4732ad098ab97079b587be94f5ab62c18c935
results/2026.09.15-23.03_tilelang_hard-shape_seed=42/failed/shared_memory_overflow/failed_calls_main(f1)__f0()__f1(f0)_a635595cffeb79e7.json,a635595cffeb79e7,tilelang,shared_memory_overflow,非有效目标编译器bug,请求动态shared memory超过sm_89每block 99328字节限制；生成/资源预算不足,2,float16,"(1894, 11494, 164)","(128, 128, 32)",73515524b4eaefd99f0e8f4816fa8e5eb7d8088f16c12ea4e7e1c96fdcdb9f76
results/2026.09.15-23.03_tilelang_hard-shape_seed=42/failed/shared_memory_overflow/failed_calls_main(f1)__f0()__f1(f0)_a7c7237870dc5f08.json,a7c7237870dc5f08,tilelang,shared_memory_overflow,非有效目标编译器bug,请求动态shared memory超过sm_89每block 99328字节限制；生成/资源预算不足,2,float32,"(496, 13649, 10401)","(128, 128, 8)",25902e4cf9bd811ef4146c6df472fe1cd9c1c8d61021524299e9c531302f44d7
results/2026.09.15-23.03_tilelang_hard-shape_seed=42/failed/shared_memory_overflow/failed_calls_main(f1)__f0()__f1(f0)_ae000691e74df7e0.json,ae000691e74df7e0,tilelang,shared_memory_overflow,非有效目标编译器bug,请求动态shared memory超过sm_89每block 99328字节限制；生成/资源预算不足,2,float16,"(11995, 14845, 16326)","(256, 256, 32)",fd13842bf89e1fbaf670d7a05eed92a55ea58655ee57af98bc6d721212e2e5af
results/2026.09.15-23.03_tilelang_hard-shape_seed=42/failed/shared_memory_overflow/failed_calls_main(f1)__f0()__f1(f0)_b1c5bd41ce99492f.json,b1c5bd41ce99492f,tilelang,shared_memory_overflow,非有效目标编译器bug,请求动态shared memory超过sm_89每block 99328字节限制；生成/资源预算不足,2,float32,"(7571, 1442, 10054)","(256, 256, 16)",a83e828857924773d477c3b27c625bed9815fa41cbad46bbec8381b092cf2876
results/2026.09.15-23.03_tilelang_hard-shape_seed=42/failed/shared_memory_overflow/failed_calls_main(f1)__f0()__f1(f0)_b765abb8614ab0d1.json,b765abb8614ab0d1,tilelang,shared_memory_overflow,非有效目标编译器bug,请求动态shared memory超过sm_89每block 99328字节限制；生成/资源预算不足,2,float16,"(7636, 6737, 7636)","(256, 256, 8)",f140b6ff5fabdd182dc9ab483d182c877e7e08ff4986a38b27f01cc4ccdd19b2
results/2026.09.15-23.03_tilelang_hard-shape_seed=42/failed/shared_memory_overflow/failed_calls_main(f1)__f0()__f1(f0)_b7c227179b8cd5a7.json,b7c227179b8cd5a7,tilelang,shared_memory_overflow,非有效目标编译器bug,请求动态shared memory超过sm_89每block 99328字节限制；生成/资源预算不足,2,float16,"(10913, 14355, 14823)","(256, 256, 32)",935bf30c169a23756b59ca55b1ff078a0133b89592bd51600c8a469369e8df4b
results/2026.09.15-23.03_tilelang_hard-shape_seed=42/failed/shared_memory_overflow/failed_calls_main(f1)__f0()__f1(f0)_c2663ec28da43823.json,c2663ec28da43823,tilelang,shared_memory_overflow,非有效目标编译器bug,请求动态shared memory超过sm_89每block 99328字节限制；生成/资源预算不足,2,float32,"(8580, 10047, 9168)","(256, 256, 8)",5ec08836975552a883e93d4a1e70385f840c13f6d01a6b12c39e364cac68295d
results/2026.09.15-23.03_tilelang_hard-shape_seed=42/failed/shared_memory_overflow/failed_calls_main(f1)__f0()__f1(f0)_c98d73816d091c6c.json,c98d73816d091c6c,tilelang,shared_memory_overflow,非有效目标编译器bug,请求动态shared memory超过sm_89每block 99328字节限制；生成/资源预算不足,2,float16,"(16035, 370, 812)","(256, 256, 8)",28dd4ec50c744ea23705225e67303f6a1cf015f6aecb4f3f0e1b9292648608b7
results/2026.09.15-23.03_tilelang_hard-shape_seed=42/failed/shared_memory_overflow/failed_calls_main(f1)__f0()__f1(f0)_d1aee3f8fd626289.json,d1aee3f8fd626289,tilelang,shared_memory_overflow,非有效目标编译器bug,请求动态shared memory超过sm_89每block 99328字节限制；生成/资源预算不足,2,float16,"(8486, 8486, 14995)","(256, 256, 32)",ce3fae9d3c4cb3a0c840aa15b42b4be033cb2110b4cf1d3ec966f5b3e0815532
results/2026.09.15-23.03_tilelang_hard-shape_seed=42/failed/shared_memory_overflow/failed_calls_main(f1)__f0()__f1(f0)_d1fae49b1db8118d.json,d1fae49b1db8118d,tilelang,shared_memory_overflow,非有效目标编译器bug,请求动态shared memory超过sm_89每block 99328字节限制；生成/资源预算不足,2,float16,"(15388, 16290, 5125)","(256, 256, 32)",88e30f0435888a6356a27dbfc3f3cd0f80c4fdb2a2050210c936e76b26e26758
results/2026.09.15-23.03_tilelang_hard-shape_seed=42/failed/shared_memory_overflow/failed_calls_main(f1)__f0()__f1(f0)_d75a8e389b5c7e6c.json,d75a8e389b5c7e6c,tilelang,shared_memory_overflow,非有效目标编译器bug,请求动态shared memory超过sm_89每block 99328字节限制；生成/资源预算不足,2,float32,"(3717, 4896, 7246)","(256, 256, 8)",6948df08fc7f66f6585039f608d1c55a4f6224ee0b4df473fc1dd86283376740
results/2026.09.15-23.03_tilelang_hard-shape_seed=42/failed/shared_memory_overflow/failed_calls_main(f1)__f0()__f1(f0)_d8dac27bc2854ccc.json,d8dac27bc2854ccc,tilelang,shared_memory_overflow,非有效目标编译器bug,请求动态shared memory超过sm_89每block 99328字节限制；生成/资源预算不足,2,float32,"(9868, 15942, 11555)","(256, 256, 8)",5d7404ea223e6387fd23226ceba67386192f3a2973df3b62e32a7c437d878011
results/2026.09.15-23.03_tilelang_hard-shape_seed=42/failed/shared_memory_overflow/failed_calls_main(f1)__f0()__f1(f0)_d9d98e3dfde5803d.json,d9d98e3dfde5803d,tilelang,shared_memory_overflow,非有效目标编译器bug,请求动态shared memory超过sm_89每block 99328字节限制；生成/资源预算不足,2,float32,"(7809, 3436, 10886)","(256, 256, 16)",4e792135a8457dc94c62a4cff5fb548ce384ea5a7dc9385f6fb64cea17795ad0
results/2026.09.15-23.03_tilelang_hard-shape_seed=42/failed/shared_memory_overflow/failed_calls_main(f1)__f0()__f1(f0)_db08f9b40f78942b.json,db08f9b40f78942b,tilelang,shared_memory_overflow,非有效目标编译器bug,请求动态shared memory超过sm_89每block 99328字节限制；生成/资源预算不足,2,float16,"(4328, 5257, 14496)","(256, 256, 32)",7a2a21e5cb1d76daf16cc38f2e273edd6445cec8cab7c9430438f539552993a2
results/2026.09.15-23.03_tilelang_hard-shape_seed=42/failed/shared_memory_overflow/failed_calls_main(f1)__f0()__f1(f0)_e6bbb1e17913cc2c.json,e6bbb1e17913cc2c,tilelang,shared_memory_overflow,非有效目标编译器bug,请求动态shared memory超过sm_89每block 99328字节限制；生成/资源预算不足,2,float16,"(2303, 5935, 1786)","(256, 256, 32)",7e580d8accbe087b45be0b155beb532cf0270412e8038fd4b07190b2959b40d7
results/2026.09.15-23.03_tilelang_hard-shape_seed=42/failed/shared_memory_overflow/failed_calls_main(f1)__f0()__f1(f0)_eadbc9433bd78bd8.json,eadbc9433bd78bd8,tilelang,shared_memory_overflow,非有效目标编译器bug,请求动态shared memory超过sm_89每block 99328字节限制；生成/资源预算不足,2,float16,"(3778, 5411, 13706)","(256, 256, 16)",62480c2c9fee699052bdc81f4aa76e62f22e2bd2321e6a5dced1656e28e04f35
results/2026.09.15-23.03_tilelang_hard-shape_seed=42/failed/shared_memory_overflow/failed_calls_main(f1)__f0()__f1(f0)_f1f83ec0010ee724.json,f1f83ec0010ee724,tilelang,shared_memory_overflow,非有效目标编译器bug,请求动态shared memory超过sm_89每block 99328字节限制；生成/资源预算不足,2,float16,"(1276, 15324, 840)","(256, 256, 8)",40683d5862201019a1ef4a9c3c81f14fb523eb4f7fa300d56c083811592fb962
results/2026.09.15-23.03_tilelang_hard-shape_seed=42/failed/shared_memory_overflow/failed_calls_main(f1)__f0()__f1(f0)_f6845be42be1449b.json,f6845be42be1449b,tilelang,shared_memory_overflow,非有效目标编译器bug,请求动态shared memory超过sm_89每block 99328字节限制；生成/资源预算不足,2,float32,"(15474, 8453, 7779)","(256, 256, 8)",3c40f8eac317b3c040f6f7328110f93e4a5f58a563c681ec4c23f1ce6770b6ae
results/2026.09.15-23.03_tilelang_hard-shape_seed=42/failed/shared_memory_overflow/failed_calls_main(f1)__f0()__f1(f0)_fb438a80a90b805e.json,fb438a80a90b805e,tilelang,shared_memory_overflow,非有效目标编译器bug,请求动态shared memory超过sm_89每block 99328字节限制；生成/资源预算不足,2,float32,"(1622, 7175, 7444)","(256, 256, 8)",02ed5e3b4d7e8c2c448ada042a1606af105ffd3e9054425d8293e737d12e7835
results/2026.09.15-23.03_tilelang_hard-shape_seed=42/failed/shared_memory_overflow/failed_calls_main(f1)__f0()__f1(f0)_fd2745bafb2f4592.json,fd2745bafb2f4592,tilelang,shared_memory_overflow,非有效目标编译器bug,请求动态shared memory超过sm_89每block 99328字节限制；生成/资源预算不足,2,float16,"(323, 3652, 1309)","(256, 256, 32)",c8faeeb94fa7d1c608ec40201cee236870c73308cfc35e840d3b1969db2ff232
results/2026.09.15-23.03_tilelang_hard-shape_seed=42/failed/shared_memory_overflow/failed_calls_main(f1)__f0()__f1(f0+f0)_033ad43eb2cf2c35.json,033ad43eb2cf2c35,tilelang,shared_memory_overflow,非有效目标编译器bug,请求动态shared memory超过sm_89每block 99328字节限制；生成/资源预算不足,2,float32,"(2635, 1082, 16030)","(256, 256, 16)",e6bb0dc5dc8de81b3d9414fa0c42b184601a18144c7a6b919238402ac14d6c93
results/2026.09.15-23.03_tilelang_hard-shape_seed=42/failed/shared_memory_overflow/failed_calls_main(f1)__f0()__f1(f0+f0)_2c5b17bcdb7cc221.json,2c5b17bcdb7cc221,tilelang,shared_memory_overflow,非有效目标编译器bug,请求动态shared memory超过sm_89每block 99328字节限制；生成/资源预算不足,2,float16,"(12452, 14100, 6941)","(256, 256, 32)",d784a78f785f26dea3fae32ef94ac801fb708b4e271bfac72c5a7d870d27173f
results/2026.09.15-23.03_tilelang_hard-shape_seed=42/failed/shared_memory_overflow/failed_calls_main(f1)__f0()__f1(f0+f0)_30e892597584619c.json,30e892597584619c,tilelang,shared_memory_overflow,非有效目标编译器bug,请求动态shared memory超过sm_89每block 99328字节限制；生成/资源预算不足,2,float32,"(15040, 4473, 7527)","(128, 128, 16)",e00ffb865eed5570bd69b6194ac55a62e13bab1cb643cfce968715daeb738891
results/2026.09.15-23.03_tilelang_hard-shape_seed=42/failed/shared_memory_overflow/failed_calls_main(f1)__f0()__f1(f0+f0)_401aa46a086e3a35.json,401aa46a086e3a35,tilelang,shared_memory_overflow,非有效目标编译器bug,请求动态shared memory超过sm_89每block 99328字节限制；生成/资源预算不足,2,float16,"(5444, 1080, 8567)","(256, 256, 8)",1a91767da9914672e45c96d5ffeccd7f94e75317f0a750d4332f1dd7542538cd
results/2026.09.15-23.03_tilelang_hard-shape_seed=42/failed/shared_memory_overflow/failed_calls_main(f1)__f0()__f1(f0+f0)_42218641f974d47d.json,42218641f974d47d,tilelang,shared_memory_overflow,非有效目标编译器bug,请求动态shared memory超过sm_89每block 99328字节限制；生成/资源预算不足,2,float16,"(16011, 6833, 6833)","(128, 128, 32)",0a3e9e40eabb879ca55c657fa5cb45703416a8b5665937ecb3a14848dd28aa7d
results/2026.09.15-23.03_tilelang_hard-shape_seed=42/failed/shared_memory_overflow/failed_calls_main(f1)__f0()__f1(f0+f0)_5a0f33ef343beb1f.json,5a0f33ef343beb1f,tilelang,shared_memory_overflow,非有效目标编译器bug,请求动态shared memory超过sm_89每block 99328字节限制；生成/资源预算不足,2,float32,"(12759, 696, 12614)","(256, 256, 16)",6565ac796fb3c38349938276adb760168eb362735ac5a7ac13f3c963907e2486
results/2026.09.15-23.03_tilelang_hard-shape_seed=42/failed/shared_memory_overflow/failed_calls_main(f1)__f0()__f1(f0+f0)_5bf0b23ab2b2b7dd.json,5bf0b23ab2b2b7dd,tilelang,shared_memory_overflow,非有效目标编译器bug,请求动态shared memory超过sm_89每block 99328字节限制；生成/资源预算不足,2,float32,"(7352, 1174, 5836)","(256, 256, 16)",8f762fe4f12046f38ca89c4906a8e40318a6d9faf00db1fd9c0daa2bb97a23b9
results/2026.09.15-23.03_tilelang_hard-shape_seed=42/failed/shared_memory_overflow/failed_calls_main(f1)__f0()__f1(f0+f0)_6be597f0aec92ab9.json,6be597f0aec92ab9,tilelang,shared_memory_overflow,非有效目标编译器bug,请求动态shared memory超过sm_89每block 99328字节限制；生成/资源预算不足,2,float32,"(16339, 16339, 11635)","(256, 256, 16)",f7f7c694d95220f523c3d62df659165742a2c0e6b286fa34a74346d8e9d454de
results/2026.09.15-23.03_tilelang_hard-shape_seed=42/failed/shared_memory_overflow/failed_calls_main(f1)__f0()__f1(f0+f0)_80bc499982af4ddd.json,80bc499982af4ddd,tilelang,shared_memory_overflow,非有效目标编译器bug,请求动态shared memory超过sm_89每block 99328字节限制；生成/资源预算不足,2,float32,"(6664, 3995, 7104)","(256, 256, 16)",85d4a6a83c2412b900af3d38edd5ac76b5c3ba557a409bb5b567a84684700c1c
results/2026.09.15-23.03_tilelang_hard-shape_seed=42/failed/shared_memory_overflow/failed_calls_main(f1)__f0()__f1(f0+f0)_9577eae42ccb8aa5.json,9577eae42ccb8aa5,tilelang,shared_memory_overflow,非有效目标编译器bug,请求动态shared memory超过sm_89每block 99328字节限制；生成/资源预算不足,2,float32,"(3071, 3649, 4573)","(256, 256, 16)",a18ad9c00592865b66eca1894ae98ee8f53c9e5155e0fbf66f858abf53fa6b84
results/2026.09.15-23.03_tilelang_hard-shape_seed=42/failed/shared_memory_overflow/failed_calls_main(f1)__f0()__f1(f0+f0)_c8ede87cc3948000.json,c8ede87cc3948000,tilelang,shared_memory_overflow,非有效目标编译器bug,请求动态shared memory超过sm_89每block 99328字节限制；生成/资源预算不足,2,float32,"(12848, 7903, 7175)","(256, 256, 16)",cf3577fc10f496c7cf267f8e5f447fce8ed74bf1dfcfcbfdb2cee7ad32d17335
results/2026.09.15-23.03_tilelang_hard-shape_seed=42/failed/shared_memory_overflow/failed_calls_main(f1)__f0()__f1(f0+f0)_ecf20950dae2d6d7.json,ecf20950dae2d6d7,tilelang,shared_memory_overflow,非有效目标编译器bug,请求动态shared memory超过sm_89每block 99328字节限制；生成/资源预算不足,2,float16,"(956, 15999, 4176)","(256, 256, 32)",492f2642cb04e79f1076c870fda280aed8e7bbdb7c54a24ed49d494461d99a71
results/2026.09.15-23.03_tilelang_hard-shape_seed=42/failed/shared_memory_overflow/failed_calls_main(f1)__f0()__f1(f0+f0)_eda460836b9dc02a.json,eda460836b9dc02a,tilelang,shared_memory_overflow,非有效目标编译器bug,请求动态shared memory超过sm_89每block 99328字节限制；生成/资源预算不足,2,float16,"(13356, 5035, 14807)","(256, 256, 32)",dd3b0a75ee5651b0d60067338a64928fb1715d4822cdac660e41972dfb1482b3
results/2026.09.15-23.03_tilelang_hard-shape_seed=42/failed/shared_memory_overflow/failed_calls_main(f1)__f0()__f1(f0+f0)_f74b234c0e6c0110.json,f74b234c0e6c0110,tilelang,shared_memory_overflow,非有效目标编译器bug,请求动态shared memory超过sm_89每block 99328字节限制；生成/资源预算不足,2,float32,"(10283, 1040, 15852)","(256, 256, 16)",9f37c5c1b64b57f6058dc3ddd6a0fad428e65a0d40aea3bae6c34656f82beaf0
results/2026.09.15-23.03_tilelang_hard-shape_seed=42/failed/shared_memory_overflow/failed_calls_main(f1)__f0()__f1(f0+f0)_fdf2bb5e461711c3.json,fdf2bb5e461711c3,tilelang,shared_memory_overflow,非有效目标编译器bug,请求动态shared memory超过sm_89每block 99328字节限制；生成/资源预算不足,2,float32,"(7178, 11559, 1442)","(128, 128, 32)",4b20bf351677c7160377793a70f11d2ff48477bbf35196e9aebd175e2c51b4b2
results/2026.09.15-23.03_tilelang_hard-shape_seed=42/failed/shared_memory_overflow/failed_calls_main(f1)__f0()__f1(f0+f0+f0)_c2f3ddc3d92b807c.json,c2f3ddc3d92b807c,tilelang,shared_memory_overflow,非有效目标编译器bug,请求动态shared memory超过sm_89每block 99328字节限制；生成/资源预算不足,2,float16,"(10178, 8714, 1426)","(256, 256, 16)",3adea7cab551efac0d00b4d15a848b9c4ef2c978d9bf4634855b55efb7864737
results/2026.09.15-23.03_tilelang_hard-shape_seed=42/failed/shared_memory_overflow/failed_calls_main(f1+f1)__f0()__f1(f0)_1333ef6f9d3bf79a.json,1333ef6f9d3bf79a,tilelang,shared_memory_overflow,非有效目标编译器bug,请求动态shared memory超过sm_89每block 99328字节限制；生成/资源预算不足,2,float16,"(7157, 5831, 8212)","(256, 256, 8)",d648c2a1755e7ebc55c04d2f0291de207ebffd2aa046a2fe61d21d7a47cf4850
results/2026.09.15-23.03_tilelang_hard-shape_seed=42/failed/shared_memory_overflow/failed_calls_main(f1+f1)__f0()__f1(f0)_35ff3813f4ae07bc.json,35ff3813f4ae07bc,tilelang,shared_memory_overflow,非有效目标编译器bug,请求动态shared memory超过sm_89每block 99328字节限制；生成/资源预算不足,2,float16,"(13747, 7165, 870)","(256, 256, 8)",d3e71a9f1b40577dc078ee82611fea5d84d536867fd700f5b5f6da76e7126837
results/2026.09.15-23.03_tilelang_hard-shape_seed=42/failed/shared_memory_overflow/failed_calls_main(f1+f1)__f0()__f1(f0)_5521b8fa42ee15f9.json,5521b8fa42ee15f9,tilelang,shared_memory_overflow,非有效目标编译器bug,请求动态shared memory超过sm_89每block 99328字节限制；生成/资源预算不足,2,float32,"(13897, 1082, 3028)","(256, 256, 16)",3b5437723bd65f4be15e980f19201d53f1ab11cfd202a1ea2ea00160bd1d7021
results/2026.09.15-23.03_tilelang_hard-shape_seed=42/failed/shared_memory_overflow/failed_calls_main(f1+f1)__f0()__f1(f0)_6dd5a6b4819bc8ce.json,6dd5a6b4819bc8ce,tilelang,shared_memory_overflow,非有效目标编译器bug,请求动态shared memory超过sm_89每block 99328字节限制；生成/资源预算不足,2,float16,"(8308, 8433, 15942)","(256, 256, 8)",dd412b223a31e410a36db6dcae78f97826bd14573350de6c6df9372882b55b37
results/2026.09.15-23.03_tilelang_hard-shape_seed=42/failed/shared_memory_overflow/failed_calls_main(f1+f1)__f0()__f1(f0)_d459fd441d3772fe.json,d459fd441d3772fe,tilelang,shared_memory_overflow,非有效目标编译器bug,请求动态shared memory超过sm_89每block 99328字节限制；生成/资源预算不足,2,float32,"(14823, 14355, 15233)","(256, 256, 16)",5c59b052ecba677c2af6e0cf0d6e1f2fd177d26477ccef51d95c7ef1fa3dc1d8
results/2026.09.15-23.03_tilelang_hard-shape_seed=42/failed/shared_memory_overflow/failed_calls_main(f1+f1)__f0()__f1(f0)_ee52596c702e1178.json,ee52596c702e1178,tilelang,shared_memory_overflow,非有效目标编译器bug,请求动态shared memory超过sm_89每block 99328字节限制；生成/资源预算不足,2,float16,"(6256, 2354, 2268)","(256, 256, 32)",fae92c100ea42744155aab7a795b404dbde0c3f46b9b5f5644b4240c7f3986e9
results/2026.09.15-23.03_tilelang_hard-shape_seed=42/failed/shared_memory_overflow/failed_calls_main(f1+f1)__f0()__f1(f0+f0)_2a9f5f50e132e54c.json,2a9f5f50e132e54c,tilelang,shared_memory_overflow,非有效目标编译器bug,请求动态shared memory超过sm_89每block 99328字节限制；生成/资源预算不足,2,float16,"(4007, 2379, 9442)","(256, 256, 16)",c36bb3f0cdbd25ac060b9e12ace3a82877ceeb2cb5c0914854724197600e973f
results/2026.09.15-23.03_tilelang_hard-shape_seed=42/failed/shared_memory_overflow/failed_calls_main(f1+f1)__f0()__f1(f0+f0)_6f502e2f290c5f95.json,6f502e2f290c5f95,tilelang,shared_memory_overflow,非有效目标编译器bug,请求动态shared memory超过sm_89每block 99328字节限制；生成/资源预算不足,2,float16,"(11959, 11779, 4552)","(256, 256, 32)",3f40a4a032b34c106cd7383d7f569a62ad3fdf97da20e7578591bc17e820219f
results/2026.09.15-23.03_tilelang_hard-shape_seed=42/failed/shared_memory_overflow/failed_calls_main(f1+f1)__f0()__f1(f0+f0)_b5de2f4c51d03f4d.json,b5de2f4c51d03f4d,tilelang,shared_memory_overflow,非有效目标编译器bug,请求动态shared memory超过sm_89每block 99328字节限制；生成/资源预算不足,2,float32,"(7740, 13508, 13245)","(256, 256, 16)",d0f564304e4937eb599b8952e6ae830ec0f2522832ee068735ef0e0c20297dd1
results/2026.09.15-23.03_tilelang_hard-shape_seed=42/failed/timeout/failed_calls_main(f0)__f0()_25ffa8a87395ac83.json,25ffa8a87395ac83,tilelang,timeout,超时证据不足,历史Region日志只有Execution timed out，不能区分编译慢、参考慢、资源压力和kernel hang,2,float16,"(15651, 6066, 13548)","(128, 128, 16)",2fa69a43fd58a0100b7ed341c5816fb40f492d453cf7722770ed96415a8bcae2
results/2026.09.15-23.03_tilelang_hard-shape_seed=42/failed/timeout/failed_calls_main(f0)__f0()_4c2a65cdb433fea8.json,4c2a65cdb433fea8,tilelang,timeout,超时证据不足,历史Region日志只有Execution timed out，不能区分编译慢、参考慢、资源压力和kernel hang,2,float32,"(5985, 6887, 13732)","(256, 256, 16)",435459e1033653fd8f5c8f6a96baeaf93dce360113e5dadae03eaa8522b5f6b5
results/2026.09.15-23.03_tilelang_hard-shape_seed=42/failed/timeout/failed_calls_main(f0)__f0()_5ff6630f0c87b665.json,5ff6630f0c87b665,tilelang,timeout,超时证据不足,历史Region日志只有Execution timed out，不能区分编译慢、参考慢、资源压力和kernel hang,2,float16,"(13043, 10983, 11637)","(256, 256, 8)",4d6dc2048f7a7666cd30b84cda9924ca37a1cd2984e69719b4a99ad7a8cc0743
results/2026.09.15-23.03_tilelang_hard-shape_seed=42/failed/timeout/failed_calls_main(f0)__f0()_68ece6ee70eb024c.json,68ece6ee70eb024c,tilelang,timeout,超时证据不足,历史Region日志只有Execution timed out，不能区分编译慢、参考慢、资源压力和kernel hang,2,float16,"(1345, 1309, 9083)","(256, 256, 8)",bfd2313a691d7b315c7cc1a9f5a7ce560997282054c45e33f8317049eadcb773
results/2026.09.15-23.03_tilelang_hard-shape_seed=42/failed/timeout/failed_calls_main(f0)__f0()_7c320d0e72a3fedf.json,7c320d0e72a3fedf,tilelang,timeout,超时证据不足,历史Region日志只有Execution timed out，不能区分编译慢、参考慢、资源压力和kernel hang,2,float16,"(13049, 4646, 4646)","(256, 256, 8)",7c290c4b57f35385b7bb83545abf6f71e1768131cfa72f368e4db5df3e3bdf6c
results/2026.09.15-23.03_tilelang_hard-shape_seed=42/failed/timeout/failed_calls_main(f0)__f0()_7e66b3a36d8c9494.json,7e66b3a36d8c9494,tilelang,timeout,超时证据不足,历史Region日志只有Execution timed out，不能区分编译慢、参考慢、资源压力和kernel hang,2,float16,"(11524, 3574, 10158)","(256, 256, 16)",2f3d4f689bbadfd29d773bed3bc61ffd22f447b36f10ecd61a93ecfa14135478
results/2026.09.15-23.03_tilelang_hard-shape_seed=42/failed/timeout/failed_calls_main(f0)__f0()_a6514ed6dcb6ae56.json,a6514ed6dcb6ae56,tilelang,timeout,超时证据不足,历史Region日志只有Execution timed out，不能区分编译慢、参考慢、资源压力和kernel hang,2,float32,"(12848, 8190, 6580)","(128, 128, 32)",3a191c20792b5f7a6b6eb52effba751936b99d81205e7f6bee8947425d111984
results/2026.09.15-23.03_tilelang_hard-shape_seed=42/failed/timeout/failed_calls_main(f0)__f0()_d4056c3a7353f52a.json,d4056c3a7353f52a,tilelang,timeout,超时证据不足,历史Region日志只有Execution timed out，不能区分编译慢、参考慢、资源压力和kernel hang,2,float32,"(4173, 2222, 9267)","(256, 256, 16)",5cbb54c46a0a2c8b5e7813e6dcb374d597fb52e235ce48fbee2903496c58bd18
results/2026.09.15-23.03_tilelang_hard-shape_seed=42/failed/timeout/failed_calls_main(f0)__f0()_d648cfe5911df840.json,d648cfe5911df840,tilelang,timeout,超时证据不足,历史Region日志只有Execution timed out，不能区分编译慢、参考慢、资源压力和kernel hang,2,float16,"(7352, 15324, 14072)","(32, 32, 16)",3572ad50b89b86925e33635d8e0109b590f98c816b77f105a8867effad405305
results/2026.09.15-23.03_tilelang_hard-shape_seed=42/failed/timeout/failed_calls_main(f0)__f0()_fcf579cabd612691.json,fcf579cabd612691,tilelang,timeout,超时证据不足,历史Region日志只有Execution timed out，不能区分编译慢、参考慢、资源压力和kernel hang,2,float32,"(14919, 4576, 164)","(256, 256, 16)",807ae730a32704b20fc6e96dad097c0182e8fd84123197ce43474ccf09ba6ac8
results/2026.09.15-23.03_tilelang_hard-shape_seed=42/failed/timeout/failed_calls_main(f0+f0)__f0()_0ecb2b3968c4c2fe.json,0ecb2b3968c4c2fe,tilelang,timeout,超时证据不足,历史Region日志只有Execution timed out，不能区分编译慢、参考慢、资源压力和kernel hang,2,float32,"(1027, 1027, 8219)","(256, 256, 16)",6e54730b1de7aec2796c6886d1d6130fb52130faac958840e4dd2b4c55c50b0b
results/2026.09.15-23.03_tilelang_hard-shape_seed=42/failed/timeout/failed_calls_main(f0+f0)__f0()_1242afdac64cfec4.json,1242afdac64cfec4,tilelang,timeout,超时证据不足,历史Region日志只有Execution timed out，不能区分编译慢、参考慢、资源压力和kernel hang,2,float16,"(7104, 14317, 15263)","(128, 128, 16)",4c7b6071c404e95a2f8d944ed884256094e71e828a589f7c02d9481770568ef8
results/2026.09.15-23.03_tilelang_hard-shape_seed=42/failed/timeout/failed_calls_main(f0+f0)__f0()_191a55bf79fb5407.json,191a55bf79fb5407,tilelang,timeout,超时证据不足,历史Region日志只有Execution timed out，不能区分编译慢、参考慢、资源压力和kernel hang,2,float16,"(9865, 7365, 11984)","(256, 256, 16)",b6539cd77a00774474d06cf8b8065381105ee46ae3b1c32caf1863aeb5d3383b
results/2026.09.15-23.03_tilelang_hard-shape_seed=42/failed/timeout/failed_calls_main(f0+f0)__f0()_2bc0cf560fab04c9.json,2bc0cf560fab04c9,tilelang,timeout,超时证据不足,历史Region日志只有Execution timed out，不能区分编译慢、参考慢、资源压力和kernel hang,2,float32,"(7526, 7539, 8695)","(256, 256, 16)",7dd3129bd441ef112e27e3bba9454d4f27ea31d73618256029195937f3f3c81b
results/2026.09.15-23.03_tilelang_hard-shape_seed=42/failed/timeout/failed_calls_main(f0+f0)__f0()_4675145cce91212a.json,4675145cce91212a,tilelang,timeout,超时证据不足,历史Region日志只有Execution timed out，不能区分编译慢、参考慢、资源压力和kernel hang,2,float32,"(5774, 15296, 15296)","(256, 256, 16)",bd49eb0399eb88d46dd92a9fe3a4ab14b2bdb5262666ac98660283a85941d168
results/2026.09.15-23.03_tilelang_hard-shape_seed=42/failed/timeout/failed_calls_main(f0+f0)__f0()_56b52ed8c08325b5.json,56b52ed8c08325b5,tilelang,timeout,超时证据不足,历史Region日志只有Execution timed out，不能区分编译慢、参考慢、资源压力和kernel hang,2,float32,"(10161, 3967, 11561)","(256, 256, 16)",2db7dd8c9858edd3bb3a509b66b747c3b4e1bd94346f724fb2e9cb21a6630bc3
results/2026.09.15-23.03_tilelang_hard-shape_seed=42/failed/timeout/failed_calls_main(f0+f0+f1)__f0()__f1(f0+f0)_a32b0ad8681874b0.json,a32b0ad8681874b0,tilelang,timeout,超时证据不足,历史Region日志只有Execution timed out，不能区分编译慢、参考慢、资源压力和kernel hang,2,float32,"(7740, 3256, 80)","(256, 256, 16)",aa5fbbe9c3c4ef97914346584840925e78e75c9a3d7678de0e04206d08101c60
results/2026.09.15-23.03_tilelang_hard-shape_seed=42/failed/timeout/failed_calls_main(f0+f1)__f0()__f1(f0)_0e744e4c95c0555c.json,0e744e4c95c0555c,tilelang,timeout,超时证据不足,历史Region日志只有Execution timed out，不能区分编译慢、参考慢、资源压力和kernel hang,2,float16,"(11359, 15474, 11991)","(32, 32, 32)",13c6a9f4f81d311c552af8d17b23f523aa1c9b7d577aaea6c63634c19632002c
results/2026.09.15-23.03_tilelang_hard-shape_seed=42/failed/timeout/failed_calls_main(f0+f1)__f0()__f1(f0)_13bdccec2a97e9bc.json,13bdccec2a97e9bc,tilelang,timeout,超时证据不足,历史Region日志只有Execution timed out，不能区分编译慢、参考慢、资源压力和kernel hang,2,float16,"(6737, 662, 6573)","(256, 256, 16)",54673674cb19474fe2b0c4b4dfaba343ac8dcf2cc44665de3aae53cdac71678e
results/2026.09.15-23.03_tilelang_hard-shape_seed=42/failed/timeout/failed_calls_main(f0+f1)__f0()__f1(f0)_51d8ac15a826c3ef.json,51d8ac15a826c3ef,tilelang,timeout,超时证据不足,历史Region日志只有Execution timed out，不能区分编译慢、参考慢、资源压力和kernel hang,2,float32,"(10660, 780, 780)","(256, 256, 16)",d76666aaba58f1f64c7120be581214199905e275fac6fed5438fba7606e67030
results/2026.09.15-23.03_tilelang_hard-shape_seed=42/failed/timeout/failed_calls_main(f0+f1+f1)__f0()__f1(f0)_10de6dabe7173b16.json,10de6dabe7173b16,tilelang,timeout,超时证据不足,历史Region日志只有Execution timed out，不能区分编译慢、参考慢、资源压力和kernel hang,2,float16,"(1038, 242, 11494)","(256, 256, 8)",d74ea54b6ebd389eb3b6c6ccf159e2b2199961299f8133103ab5ac2bf52ec8ab
results/2026.09.15-23.03_tilelang_hard-shape_seed=42/failed/timeout/failed_calls_main(f1)__f0()__f1(f0)_3ab6242af8eeca3c.json,3ab6242af8eeca3c,tilelang,timeout,超时证据不足,历史Region日志只有Execution timed out，不能区分编译慢、参考慢、资源压力和kernel hang,2,float16,"(14820, 3835, 8471)","(256, 256, 8)",e87c2e843118dbe5d2a6e6bb5c345e3e5f994a4b89d0da54555033de5b4cec23
results/2026.09.15-23.03_tilelang_hard-shape_seed=42/failed/timeout/failed_calls_main(f1)__f0()__f1(f0)_6925a05b82dbf38a.json,6925a05b82dbf38a,tilelang,timeout,超时证据不足,历史Region日志只有Execution timed out，不能区分编译慢、参考慢、资源压力和kernel hang,2,float32,"(14723, 8580, 1850)","(256, 256, 8)",abbd4b6fe4b0a9215b7c93c963b2d761cd1cee239251e282d42e9aa7d05a18c4
results/2026.09.15-23.03_tilelang_hard-shape_seed=42/failed/timeout/failed_calls_main(f1)__f0()__f1(f0)_69356642f5d73bdc.json,69356642f5d73bdc,tilelang,timeout,超时证据不足,历史Region日志只有Execution timed out，不能区分编译慢、参考慢、资源压力和kernel hang,2,float16,"(15872, 15872, 15033)","(128, 128, 16)",8ce5597b05f5af8908b9054db55291b908a60c4849061ad8e5397b6a9df7b50b
results/2026.09.15-23.03_tilelang_hard-shape_seed=42/failed/timeout/failed_calls_main(f1)__f0()__f1(f0)_b8223fb06f279d77.json,b8223fb06f279d77,tilelang,timeout,超时证据不足,历史Region日志只有Execution timed out，不能区分编译慢、参考慢、资源压力和kernel hang,2,float32,"(11015, 9235, 4929)","(256, 64, 8)",403abb3e58856515658f8d08d5e470ada1186c839333dd7473597c683f728c43
results/2026.09.15-23.03_tilelang_hard-shape_seed=42/failed/timeout/failed_calls_main(f1)__f0()__f1(f0)_e4a56df58a9f725f.json,e4a56df58a9f725f,tilelang,timeout,超时证据不足,历史Region日志只有Execution timed out，不能区分编译慢、参考慢、资源压力和kernel hang,2,float32,"(9966, 9966, 10167)","(256, 128, 32)",0e1d29ec08f78a9d9765a8a85dbd34c33fc9ba9189803093d54421e2cb87720a
results/2026.09.15-23.03_tilelang_hard-shape_seed=42/failed/timeout/failed_calls_main(f1)__f0()__f1(f0)_f8a1062b7c1bc052.json,f8a1062b7c1bc052,tilelang,timeout,超时证据不足,历史Region日志只有Execution timed out，不能区分编译慢、参考慢、资源压力和kernel hang,2,float16,"(11372, 15024, 293)","(256, 256, 8)",abb17b92f75fdc6e1e573a8d7001e797e4347aba4e4501ca0b02e5cc8f5cd4a3
results/2026.09.15-23.03_tilelang_hard-shape_seed=42/failed/timeout/failed_calls_main(f1)__f0()__f1(f0+f0)_0692be7587d66265.json,0692be7587d66265,tilelang,timeout,超时证据不足,历史Region日志只有Execution timed out，不能区分编译慢、参考慢、资源压力和kernel hang,2,float16,"(8547, 12265, 13588)","(256, 256, 16)",4c572323280a2716a00bef1780839c0d9fe4c9413cd968ef0dcbb5274e6c433e
results/2026.09.15-23.03_tilelang_hard-shape_seed=42/failed/timeout/failed_calls_main(f1)__f0()__f1(f0+f0)_6c38c23097bd8a2e.json,6c38c23097bd8a2e,tilelang,timeout,超时证据不足,历史Region日志只有Execution timed out，不能区分编译慢、参考慢、资源压力和kernel hang,2,float16,"(662, 12759, 15705)","(256, 256, 16)",54eec04a8e26ba965023218efacf4145cd9d78bbf491a91d7b9b64da2ede9777
results/2026.09.15-23.03_tilelang_hard-shape_seed=42/failed/timeout/failed_calls_main(f1)__f0()__f1(f0+f0)_838898f0857fb01f.json,838898f0857fb01f,tilelang,timeout,超时证据不足,历史Region日志只有Execution timed out，不能区分编译慢、参考慢、资源压力和kernel hang,2,float16,"(8272, 6833, 10167)","(256, 256, 8)",00b33690089fa4709427905fdb0922b010bd29ca4fab8dd8427d6b50b17394c6
results/2026.09.15-23.03_tilelang_hard-shape_seed=42/failed/timeout/failed_calls_main(f1)__f0()__f1(f0+f0)_ca876c0f875979e9.json,ca876c0f875979e9,tilelang,timeout,超时证据不足,历史Region日志只有Execution timed out，不能区分编译慢、参考慢、资源压力和kernel hang,2,float16,"(8274, 14024, 9253)","(256, 256, 8)",1c9ef00e5c264c9a0cae540f8695e19e6fd4d0d17143b31d1486c7e3780a076e
results/2026.09.15-23.03_tilelang_hard-shape_seed=42/failed/timeout/failed_calls_main(f1)__f0()__f1(f0+f0+f0)_6561c74c6e7fc8d8.json,6561c74c6e7fc8d8,tilelang,timeout,超时证据不足,历史Region日志只有Execution timed out，不能区分编译慢、参考慢、资源压力和kernel hang,2,float16,"(6313, 10227, 2209)","(256, 256, 16)",5566615e2de3b46b01d237954aa9d0c872c860f511ddeb90b1813af7926b6193
results/2026.09.15-23.03_tilelang_hard-shape_seed=42/failed/timeout/failed_calls_main(f1+f1)__f0()__f1(f0)_648913a6695ada4d.json,648913a6695ada4d,tilelang,timeout,超时证据不足,历史Region日志只有Execution timed out，不能区分编译慢、参考慢、资源压力和kernel hang,2,float32,"(6213, 12864, 5774)","(256, 256, 16)",62ad4231e71cc36b43d3606c8fd52c16dbafa6ac65aeb0734da74096f794892a
results/2026.09.15-23.03_tilelang_hard-shape_seed=42/failed/timeout/failed_calls_main(f1+f1)__f0()__f1(f0)_d9f42af526f0d073.json,d9f42af526f0d073,tilelang,timeout,超时证据不足,历史Region日志只有Execution timed out，不能区分编译慢、参考慢、资源压力和kernel hang,2,float16,"(820, 7224, 7165)","(256, 256, 32)",30fbe9949c01b3b28e395f76c5222aa412bf59a7aad322225bd6d85c4641e9a0
results/2026.09.15-23.03_tilelang_hard-shape_seed=42/failed/wrong_result/failed_calls_main(f0)__f0()_055c239e143106bb.json,055c239e143106bb,tilelang,wrong_result,K=8已知错误机制候选,与已确认K=8布局/列重复机制同配置；不能因block_K=8判非法，也不能未经缩减把全部219条算独立bug,2,float16,"(13394, 8190, 7903)","(256, 128, 8)",ce4e3d5f934ab97b783d55c5563e30485eb992994f5a44593f4d105166e488d1
results/2026.09.15-23.03_tilelang_hard-shape_seed=42/failed/wrong_result/failed_calls_main(f0)__f0()_07f6aeec1c29ebec.json,07f6aeec1c29ebec,tilelang,wrong_result,K=8已知错误机制候选,与已确认K=8布局/列重复机制同配置；不能因block_K=8判非法，也不能未经缩减把全部219条算独立bug,2,float16,"(5747, 8652, 1178)","(16, 64, 8)",22dcf5293d94159507ad4c033138d824e266eab890b9351ed210727bd8444b23
results/2026.09.15-23.03_tilelang_hard-shape_seed=42/failed/wrong_result/failed_calls_main(f0)__f0()_0a9fa14e29dfe4e1.json,0a9fa14e29dfe4e1,tilelang,wrong_result,K=8已知错误机制候选,与已确认K=8布局/列重复机制同配置；不能因block_K=8判非法，也不能未经缩减把全部219条算独立bug,2,float16,"(8025, 870, 9116)","(128, 128, 8)",474be672a459a73774dd491dcac2c9af9d03deb0f2cd6f8a3d7d0e2319ef6472
results/2026.09.15-23.03_tilelang_hard-shape_seed=42/failed/wrong_result/failed_calls_main(f0)__f0()_0cdf43686476beef.json,0cdf43686476beef,tilelang,wrong_result,待确认,需要逐条缩减及独立语义验证,2,float32,"(7526, 6256, 16270)","(64, 64, 8)",c0f70527d115671f68cfd7a92e983d52c77277bb1c2d8baa96ff7adfbcf74670
results/2026.09.15-23.03_tilelang_hard-shape_seed=42/failed/wrong_result/failed_calls_main(f0)__f0()_0fb8b47ad25d5019.json,0fb8b47ad25d5019,tilelang,wrong_result,K=8已知错误机制候选,与已确认K=8布局/列重复机制同配置；不能因block_K=8判非法，也不能未经缩减把全部219条算独立bug,2,float16,"(7128, 7128, 15173)","(32, 32, 8)",f6cde0fd9dc5fd99a65cd411dd5b9f2a6f5d35f26b4eea767d051e6f09dcdebf
results/2026.09.15-23.03_tilelang_hard-shape_seed=42/failed/wrong_result/failed_calls_main(f0)__f0()_111b0202c76250dc.json,111b0202c76250dc,tilelang,wrong_result,K=8已知错误机制候选,与已确认K=8布局/列重复机制同配置；不能因block_K=8判非法，也不能未经缩减把全部219条算独立bug,2,float16,"(16187, 15472, 13729)","(256, 256, 8)",4c2b98828c65be782b5f4b0dfef17087ed421d0151a351f08c785ee87ef020b3
results/2026.09.15-23.03_tilelang_hard-shape_seed=42/failed/wrong_result/failed_calls_main(f0)__f0()_122467af756a9fe3.json,122467af756a9fe3,tilelang,wrong_result,待确认,需要逐条缩减及独立语义验证,2,float32,"(7385, 11075, 13073)","(32, 32, 16)",e30ec9c24aaf7fabe8dd88678677d5421b775fca62a7160bedea657762917177
results/2026.09.15-23.03_tilelang_hard-shape_seed=42/failed/wrong_result/failed_calls_main(f0)__f0()_14018f17e50740a4.json,14018f17e50740a4,tilelang,wrong_result,待确认,需要逐条缩减及独立语义验证,2,float32,"(5787, 8567, 3842)","(64, 64, 16)",6d0ac08b9714b648ec2f421c6629c1d375867511a9f179ab1801c52b8bfb8f9c
results/2026.09.15-23.03_tilelang_hard-shape_seed=42/failed/wrong_result/failed_calls_main(f0)__f0()_144802be67392384.json,144802be67392384,tilelang,wrong_result,K=8已知错误机制候选,与已确认K=8布局/列重复机制同配置；不能因block_K=8判非法，也不能未经缩减把全部219条算独立bug,2,float16,"(10463, 16326, 6826)","(64, 64, 8)",ff9409822e8da66f4a929ca6ccbeaf6826bcf94e52415f03c99a4b7c26d9bc28
results/2026.09.15-23.03_tilelang_hard-shape_seed=42/failed/wrong_result/failed_calls_main(f0)__f0()_1505ea5b9369b55d.json,1505ea5b9369b55d,tilelang,wrong_result,待确认,需要逐条缩减及独立语义验证,2,float16,"(2209, 10080, 12592)","(32, 128, 8)",d2f795ef526a7930bfd44a1cb222a6c0c228a198d50591f08270925dd11a7df3
results/2026.09.15-23.03_tilelang_hard-shape_seed=42/failed/wrong_result/failed_calls_main(f0)__f0()_16ae6bd6ef03fd05.json,16ae6bd6ef03fd05,tilelang,wrong_result,K=8已知错误机制候选,与已确认K=8布局/列重复机制同配置；不能因block_K=8判非法，也不能未经缩减把全部219条算独立bug,2,float16,"(2999, 15368, 3842)","(64, 64, 8)",65183e1bc7ac5cf3dc14779f4a7cc549710b7098e01be7fbb83f83ca27378001
results/2026.09.15-23.03_tilelang_hard-shape_seed=42/failed/wrong_result/failed_calls_main(f0)__f0()_1a5a015f4cc31355.json,1a5a015f4cc31355,tilelang,wrong_result,待确认,需要逐条缩减及独立语义验证,2,float32,"(14807, 2829, 805)","(32, 32, 8)",2fa42dbac2e518e448c5f33cefc3f36656d7fedcdf5759777620a9bf58ac37be
results/2026.09.15-23.03_tilelang_hard-shape_seed=42/failed/wrong_result/failed_calls_main(f0)__f0()_1b6b9529b1e015fe.json,1b6b9529b1e015fe,tilelang,wrong_result,待确认,需要逐条缩减及独立语义验证,2,float32,"(5876, 12684, 13502)","(64, 32, 64)",41f70c30f555f73d643d58796bb7f9b6d25bfe6f17e196fcb6d8c3170c84900e
results/2026.09.15-23.03_tilelang_hard-shape_seed=42/failed/wrong_result/failed_calls_main(f0)__f0()_1bfbc0d4fb161cd2.json,1bfbc0d4fb161cd2,tilelang,wrong_result,K=8已知错误机制候选,与已确认K=8布局/列重复机制同配置；不能因block_K=8判非法，也不能未经缩减把全部219条算独立bug,2,float16,"(15178, 7694, 8619)","(64, 256, 8)",04d80a22f9177951296ff3ae810a1978209d634ec389a470bed2ccba7b4a9992
results/2026.09.15-23.03_tilelang_hard-shape_seed=42/failed/wrong_result/failed_calls_main(f0)__f0()_1c59eb7fbc0236d4.json,1c59eb7fbc0236d4,tilelang,wrong_result,待确认,需要逐条缩减及独立语义验证,2,float32,"(5985, 4803, 4803)","(128, 128, 8)",baf4cb4da3b5ede0b26840848bc37508f165ae28839947d6837a39480b420b31
results/2026.09.15-23.03_tilelang_hard-shape_seed=42/failed/wrong_result/failed_calls_main(f0)__f0()_1d1b7a9bd746a9f0.json,1d1b7a9bd746a9f0,tilelang,wrong_result,待确认,需要逐条缩减及独立语义验证,2,float16,"(11666, 10054, 1487)","(256, 16, 32)",b7c90ed43d074c797571e071d04368726e624e40696276ab3055250b5bf9961d
results/2026.09.15-23.03_tilelang_hard-shape_seed=42/failed/wrong_result/failed_calls_main(f0)__f0()_2042ab8942675b44.json,2042ab8942675b44,tilelang,wrong_result,待确认,需要逐条缩减及独立语义验证,2,float32,"(1080, 5787, 5444)","(32, 32, 8)",540f402eef3ec91c2ab467f7b4b56024bb05a1508ffe5a9d357ae80631b950b2
results/2026.09.15-23.03_tilelang_hard-shape_seed=42/failed/wrong_result/failed_calls_main(f0)__f0()_25820a0447e04281.json,25820a0447e04281,tilelang,wrong_result,待确认,需要逐条缩减及独立语义验证,2,float32,"(12276, 6785, 4123)","(32, 32, 64)",25751da66f9f311658aa3b79a811d84e30bf26f5ea6139f1c9cb05bf81a83f67
results/2026.09.15-23.03_tilelang_hard-shape_seed=42/failed/wrong_result/failed_calls_main(f0)__f0()_26a1dcaa2b2b86c2.json,26a1dcaa2b2b86c2,tilelang,wrong_result,待确认,需要逐条缩减及独立语义验证,2,float16,"(12864, 13491, 2457)","(128, 16, 128)",30f954995f688b53ac635fcc8b75fb9fcc0962042d7148a92506c61fb171937b
results/2026.09.15-23.03_tilelang_hard-shape_seed=42/failed/wrong_result/failed_calls_main(f0)__f0()_26f23f897c4681c1.json,26f23f897c4681c1,tilelang,wrong_result,待确认,需要逐条缩减及独立语义验证,2,float16,"(10283, 10283, 10777)","(256, 256, 8)",5b1c36678f264a75d453a8d6221a15d8ca3e290c274535003ac8fc0d4965818e
results/2026.09.15-23.03_tilelang_hard-shape_seed=42/failed/wrong_result/failed_calls_main(f0)__f0()_2981d0fd32085365.json,2981d0fd32085365,tilelang,wrong_result,待确认,需要逐条缩减及独立语义验证,2,float32,"(9152, 9152, 9152)","(32, 32, 32)",9ef6474f6bab76598816906bbd5f2838a68a7a1f40c6daf4d40f537b5a214d20
results/2026.09.15-23.03_tilelang_hard-shape_seed=42/failed/wrong_result/failed_calls_main(f0)__f0()_2bf53a0099ec65cb.json,2bf53a0099ec65cb,tilelang,wrong_result,待确认,需要逐条缩减及独立语义验证,2,float32,"(1029, 11971, 1683)","(64, 64, 8)",57b377c26d406064b1a4766f02a3d28f71dc9f230c77079ff300cca6da592201
results/2026.09.15-23.03_tilelang_hard-shape_seed=42/failed/wrong_result/failed_calls_main(f0)__f0()_2cb7ac52547ec06a.json,2cb7ac52547ec06a,tilelang,wrong_result,K=8已知错误机制候选,与已确认K=8布局/列重复机制同配置；不能因block_K=8判非法，也不能未经缩减把全部219条算独立bug,2,float16,"(10038, 10038, 13548)","(64, 16, 8)",1a627272e5491eb0bc31e4a549ac665d20e7ac6b0ed9cdc69d7bc3e328a937bf
results/2026.09.15-23.03_tilelang_hard-shape_seed=42/failed/wrong_result/failed_calls_main(f0)__f0()_2d2e292423d2c825.json,2d2e292423d2c825,tilelang,wrong_result,待确认,需要逐条缩减及独立语义验证,2,float32,"(13732, 5051, 1684)","(128, 128, 8)",f65b1921c7d77dcb38544430fc2de7146b18cedd81d557adbf10db347dcb504c
results/2026.09.15-23.03_tilelang_hard-shape_seed=42/failed/wrong_result/failed_calls_main(f0)__f0()_301610204518115d.json,301610204518115d,tilelang,wrong_result,待确认,需要逐条缩减及独立语义验证,2,float32,"(9298, 16239, 14694)","(128, 128, 16)",6d81940db267e32667823cbc5e0f6b86cf557b7ec261c3ad96a87b185c08f550
results/2026.09.15-23.03_tilelang_hard-shape_seed=42/failed/wrong_result/failed_calls_main(f0)__f0()_303a6587982b9821.json,303a6587982b9821,tilelang,wrong_result,K=8已知错误机制候选,与已确认K=8布局/列重复机制同配置；不能因block_K=8判非法，也不能未经缩减把全部219条算独立bug,2,float16,"(2321, 1038, 1038)","(128, 128, 8)",c7ab7f7cf26370b14325e32ee85ee64e040c3f8b551b350417dd321737eef8e3
results/2026.09.15-23.03_tilelang_hard-shape_seed=42/failed/wrong_result/failed_calls_main(f0)__f0()_319ff5a3a2236c0e.json,319ff5a3a2236c0e,tilelang,wrong_result,待确认,需要逐条缩减及独立语义验证,2,float32,"(4268, 5976, 5976)","(256, 256, 8)",6b9574056b7673ea5782ec85e809afbbd08af7d607aea46ec6becc19a4df23e1
results/2026.09.15-23.03_tilelang_hard-shape_seed=42/failed/wrong_result/failed_calls_main(f0)__f0()_36689479855ff74b.json,36689479855ff74b,tilelang,wrong_result,待确认,需要逐条缩减及独立语义验证,2,float16,"(3165, 1027, 3589)","(128, 128, 64)",3cfc35e7e49012217e6c371abfa45f12d10f4d15f79ab69a0b6266c7dd282857
results/2026.09.15-23.03_tilelang_hard-shape_seed=42/failed/wrong_result/failed_calls_main(f0)__f0()_3754776b86d8e690.json,3754776b86d8e690,tilelang,wrong_result,待确认,需要逐条缩减及独立语义验证,2,float32,"(780, 10660, 15253)","(32, 32, 64)",e2b4095d88251a1bcbb4049583848ad8dd991afd2b896da60265a0a1bd0ac89b
results/2026.09.15-23.03_tilelang_hard-shape_seed=42/failed/wrong_result/failed_calls_main(f0)__f0()_37ea32b20840eafc.json,37ea32b20840eafc,tilelang,wrong_result,待确认,需要逐条缩减及独立语义验证,2,float32,"(3830, 12791, 4132)","(64, 64, 64)",37fe2561f0984e322205792b5885b306767e88d292d77ce5cdbda224fd5de993
results/2026.09.15-23.03_tilelang_hard-shape_seed=42/failed/wrong_result/failed_calls_main(f0)__f0()_381f715e1ebac921.json,381f715e1ebac921,tilelang,wrong_result,待确认,需要逐条缩减及独立语义验证,2,float16,"(5835, 4651, 12113)","(32, 32, 32)",bfa28a1eaa4efe20957619b154175ebb5d215a1bae052110ab7d228eeb1da3dd
results/2026.09.15-23.03_tilelang_hard-shape_seed=42/failed/wrong_result/failed_calls_main(f0)__f0()_3b485051fcebcad4.json,3b485051fcebcad4,tilelang,wrong_result,待确认,需要逐条缩减及独立语义验证,2,float32,"(4304, 5257, 4929)","(128, 128, 8)",1dfd040cee53f3b1645c5c89766f7ab945d88a48e5ec8e9d0ae415027797e745
results/2026.09.15-23.03_tilelang_hard-shape_seed=42/failed/wrong_result/failed_calls_main(f0)__f0()_3c82e3af78d97ded.json,3c82e3af78d97ded,tilelang,wrong_result,待确认,需要逐条缩减及独立语义验证,2,float32,"(1683, 1174, 13649)","(128, 128, 8)",bfdc442c55d64039726fe90073ba5dc3ad0f4cfe161f1fb10ff1f5bee00e62c7
results/2026.09.15-23.03_tilelang_hard-shape_seed=42/failed/wrong_result/failed_calls_main(f0)__f0()_3c8ed343bf72f118.json,3c8ed343bf72f118,tilelang,wrong_result,待确认,需要逐条缩减及独立语义验证,2,float32,"(2058, 8142, 6923)","(256, 128, 32)",84d6384cd6e7bbdf5e8e012305770b45110a74069a7de77de5a21fff6881851a
results/2026.09.15-23.03_tilelang_hard-shape_seed=42/failed/wrong_result/failed_calls_main(f0)__f0()_3eb7a39aad776a58.json,3eb7a39aad776a58,tilelang,wrong_result,待确认,需要逐条缩减及独立语义验证,2,float32,"(10315, 11991, 11524)","(32, 32, 128)",8358ba89dde1fb748eb81c7d20a4b90fae2c8d41af071e25184495f6c23738a5
results/2026.09.15-23.03_tilelang_hard-shape_seed=42/failed/wrong_result/failed_calls_main(f0)__f0()_3faf8f0b7c6e82bf.json,3faf8f0b7c6e82bf,tilelang,wrong_result,K=8已知错误机制候选,与已确认K=8布局/列重复机制同配置；不能因block_K=8判非法，也不能未经缩减把全部219条算独立bug,2,float16,"(7268, 1338, 12293)","(32, 256, 8)",3168da52390a3320f5b0023c60edd3250d4a356e894368fd7eaa646cfba2b862
results/2026.09.15-23.03_tilelang_hard-shape_seed=42/failed/wrong_result/failed_calls_main(f0)__f0()_3fea2ee43a1a9628.json,3fea2ee43a1a9628,tilelang,wrong_result,待确认,需要逐条缩减及独立语义验证,2,float32,"(3436, 10886, 459)","(32, 32, 16)",d0b8dc69dbc7e6296ff2d6bafa0528de4d96a5aa961f524036d0df280eaacb12
results/2026.09.15-23.03_tilelang_hard-shape_seed=42/failed/wrong_result/failed_calls_main(f0)__f0()_4008d00229c5f835.json,4008d00229c5f835,tilelang,wrong_result,待确认,需要逐条缩减及独立语义验证,2,float16,"(14273, 13916, 13916)","(64, 128, 128)",19d60025ac5279f6bd651a9f82352d8dc7e004e5021afa3bcd46116c5d1145cb
results/2026.09.15-23.03_tilelang_hard-shape_seed=42/failed/wrong_result/failed_calls_main(f0)__f0()_40a2468965d8f175.json,40a2468965d8f175,tilelang,wrong_result,待确认,需要逐条缩减及独立语义验证,2,float32,"(4642, 8433, 9868)","(256, 16, 16)",41447a569db905293a42156ed393621bce255798f256046816bb200195341052
results/2026.09.15-23.03_tilelang_hard-shape_seed=42/failed/wrong_result/failed_calls_main(f0)__f0()_43ee97dc23afb6cd.json,43ee97dc23afb6cd,tilelang,wrong_result,待确认,需要逐条缩减及独立语义验证,2,float16,"(12315, 12315, 8567)","(32, 32, 8)",19a1a01715ac19f28f8ccf78fc7376e326c72b2682f99dade3d061cd4f7f487c
results/2026.09.15-23.03_tilelang_hard-shape_seed=42/failed/wrong_result/failed_calls_main(f0)__f0()_45c1a8a7bc4911aa.json,45c1a8a7bc4911aa,tilelang,wrong_result,待确认,需要逐条缩减及独立语义验证,2,float16,"(1678, 15406, 7636)","(32, 32, 64)",db34b85cfa7477cc37c39728aa579ccbd0ed2f62deaee66e4589df6c9c499980
results/2026.09.15-23.03_tilelang_hard-shape_seed=42/failed/wrong_result/failed_calls_main(f0)__f0()_45eeef4eb85cf4b6.json,45eeef4eb85cf4b6,tilelang,wrong_result,待确认,需要逐条缩减及独立语义验证,2,float32,"(4313, 2579, 9803)","(32, 32, 128)",116ce2b192a8a43c6668826746953202f2823a7a38b08cf701d855330a22eca6
results/2026.09.15-23.03_tilelang_hard-shape_seed=42/failed/wrong_result/failed_calls_main(f0)__f0()_46fa705e1608ab3a.json,46fa705e1608ab3a,tilelang,wrong_result,待确认,需要逐条缩减及独立语义验证,2,float32,"(13588, 1592, 2357)","(128, 128, 8)",a6b820680adc09fb692b4a57b9312329453b636b53896b4e66c4d5ebf904ccbc
results/2026.09.15-23.03_tilelang_hard-shape_seed=42/failed/wrong_result/failed_calls_main(f0)__f0()_4914fb44edbd08ae.json,4914fb44edbd08ae,tilelang,wrong_result,待确认,需要逐条缩减及独立语义验证,2,float16,"(9235, 9665, 4929)","(64, 64, 64)",92e895e7aa3c5b30be7ba1c330f1079f4e00f8dd130d0d8bfd81a399b02e629d
results/2026.09.15-23.03_tilelang_hard-shape_seed=42/failed/wrong_result/failed_calls_main(f0)__f0()_4c3e8b437257a8cb.json,4c3e8b437257a8cb,tilelang,wrong_result,K=8已知错误机制候选,与已确认K=8布局/列重复机制同配置；不能因block_K=8判非法，也不能未经缩减把全部219条算独立bug,2,float16,"(5227, 5444, 5444)","(128, 128, 8)",565f887f740f433469445f130ef3fd750f1249763ada6da7de10bf7f0fb9ac8a
results/2026.09.15-23.03_tilelang_hard-shape_seed=42/failed/wrong_result/failed_calls_main(f0)__f0()_4ec1ea027597ae13.json,4ec1ea027597ae13,tilelang,wrong_result,待确认,需要逐条缩减及独立语义验证,2,float16,"(7864, 10671, 4997)","(32, 32, 32)",788a76c36851ebd5db8e82c6ac8bb2faa113fd8c7fac351de5e0eeb40d83d1e7
results/2026.09.15-23.03_tilelang_hard-shape_seed=42/failed/wrong_result/failed_calls_main(f0)__f0()_529f93f7cf051c93.json,529f93f7cf051c93,tilelang,wrong_result,待确认,需要逐条缩减及独立语义验证,2,float32,"(8454, 6942, 14421)","(16, 128, 8)",d41aab483f49345e00ca7deb0f7ca0b96eb0786513ecf914f1eb903f2600f11a
results/2026.09.15-23.03_tilelang_hard-shape_seed=42/failed/wrong_result/failed_calls_main(f0)__f0()_538e3fd47a4f3626.json,538e3fd47a4f3626,tilelang,wrong_result,待确认,需要逐条缩减及独立语义验证,2,float32,"(6596, 15105, 14026)","(16, 64, 32)",0cc7b59b166e21aaf64dcd47be438934a59559821bd3c4dae312a74aaccead02
results/2026.09.15-23.03_tilelang_hard-shape_seed=42/failed/wrong_result/failed_calls_main(f0)__f0()_53a0c0f86cc9962e.json,53a0c0f86cc9962e,tilelang,wrong_result,待确认,需要逐条缩减及独立语义验证,2,float32,"(14770, 15705, 11023)","(32, 32, 128)",f638b1d23cc81cacd5a460d0aee32f8d2dee59358fcdd51101e292e63d946dbb
results/2026.09.15-23.03_tilelang_hard-shape_seed=42/failed/wrong_result/failed_calls_main(f0)__f0()_5682e6a2a909a131.json,5682e6a2a909a131,tilelang,wrong_result,K=8已知错误机制候选,与已确认K=8布局/列重复机制同配置；不能因block_K=8判非法，也不能未经缩减把全部219条算独立bug,2,float16,"(7224, 13747, 3649)","(128, 128, 8)",4d62c60cea482ec33d61f80d92bc4520286268bf3c3f3c8f38931a7c68b8386d
results/2026.09.15-23.03_tilelang_hard-shape_seed=42/failed/wrong_result/failed_calls_main(f0)__f0()_583fd71ed0984b5c.json,583fd71ed0984b5c,tilelang,wrong_result,K=8已知错误机制候选,与已确认K=8布局/列重复机制同配置；不能因block_K=8判非法，也不能未经缩减把全部219条算独立bug,2,float16,"(8142, 8142, 16377)","(128, 256, 8)",0915b42fe3d66768a9d459ea7173bd4e4b42b840d661878ffce96720f316a681
results/2026.09.15-23.03_tilelang_hard-shape_seed=42/failed/wrong_result/failed_calls_main(f0)__f0()_589b2b7813df057d.json,589b2b7813df057d,tilelang,wrong_result,待确认,需要逐条缩减及独立语义验证,2,float32,"(7258, 9712, 15388)","(16, 64, 32)",ad22856ab7163cafd57debcba75d892b2d76edb3d0cb422b7b9d7785e08cb2c5
results/2026.09.15-23.03_tilelang_hard-shape_seed=42/failed/wrong_result/failed_calls_main(f0)__f0()_65847772df48c383.json,65847772df48c383,tilelang,wrong_result,待确认,需要逐条缩减及独立语义验证,2,float32,"(6516, 3649, 13747)","(128, 128, 32)",6ef550f232ff60a253cfb07a85f636c4c639631fc5073e60df7dce0c1785d0ef
results/2026.09.15-23.03_tilelang_hard-shape_seed=42/failed/wrong_result/failed_calls_main(f0)__f0()_6978e4fc1caef21f.json,6978e4fc1caef21f,tilelang,wrong_result,待确认,需要逐条缩减及独立语义验证,2,float16,"(13032, 12140, 3621)","(128, 32, 32)",f218f6aa8414cf23fd5ec13db4b14ae881442a36de22715ec008521f2f835ff4
results/2026.09.15-23.03_tilelang_hard-shape_seed=42/failed/wrong_result/failed_calls_main(f0)__f0()_6a6499eb6a822871.json,6a6499eb6a822871,tilelang,wrong_result,待确认,需要逐条缩减及独立语义验证,2,float32,"(14421, 11191, 12959)","(128, 16, 8)",e76fa25ad7509e71a51db149a752844c6c58e41b97f0ce43a29ce070a7a8902b
results/2026.09.15-23.03_tilelang_hard-shape_seed=42/failed/wrong_result/failed_calls_main(f0)__f0()_6a7e5d3801310d35.json,6a7e5d3801310d35,tilelang,wrong_result,K=8已知错误机制候选,与已确认K=8布局/列重复机制同配置；不能因block_K=8判非法，也不能未经缩减把全部219条算独立bug,2,float16,"(293, 5835, 5835)","(128, 128, 8)",e0b2042b18d6db64800ab97c78bdce3ab6d15cf4c08dfc6123c107981b1adefc
results/2026.09.15-23.03_tilelang_hard-shape_seed=42/failed/wrong_result/failed_calls_main(f0)__f0()_6aa0e01cfd4896b8.json,6aa0e01cfd4896b8,tilelang,wrong_result,待确认,需要逐条缩减及独立语义验证,2,float16,"(1399, 2184, 9824)","(128, 128, 32)",6f0ebf845cb09499f793ed2a9be4f4103c6789890ef806571c8ee8028ae96af5
results/2026.09.15-23.03_tilelang_hard-shape_seed=42/failed/wrong_result/failed_calls_main(f0)__f0()_6b742b77f7a13474.json,6b742b77f7a13474,tilelang,wrong_result,待确认,需要逐条缩减及独立语义验证,2,float16,"(9868, 4642, 15033)","(64, 64, 32)",5846229b25be7d58837abd4df8e6fe3a6c873cfd93f1ede8ae71cf5c4bd65a71
results/2026.09.15-23.03_tilelang_hard-shape_seed=42/failed/wrong_result/failed_calls_main(f0)__f0()_6de03c9c8c0f1bc0.json,6de03c9c8c0f1bc0,tilelang,wrong_result,待确认,需要逐条缩减及独立语义验证,2,float32,"(3145, 12328, 7694)","(128, 128, 32)",8e6c62162d4270edd24789477aaf8bf1687fb97116cbea1abed0c7cb48a63521
results/2026.09.15-23.03_tilelang_hard-shape_seed=42/failed/wrong_result/failed_calls_main(f0)__f0()_6eac092bd6b4e636.json,6eac092bd6b4e636,tilelang,wrong_result,待确认,需要逐条缩减及独立语义验证,2,float16,"(1507, 13649, 1683)","(128, 32, 128)",85011f9eb9f7ec285a8eeb4a4b2a44bcf1193a97a60189809b101025b3d00347
results/2026.09.15-23.03_tilelang_hard-shape_seed=42/failed/wrong_result/failed_calls_main(f0)__f0()_702687deb7e9e7a0.json,702687deb7e9e7a0,tilelang,wrong_result,待确认,需要逐条缩减及独立语义验证,2,float16,"(14080, 2599, 2658)","(32, 32, 32)",78acdc0eaa2179e46f13b9e1baa2019902af38b06e4f25f425f1472c389e05b4
results/2026.09.15-23.03_tilelang_hard-shape_seed=42/failed/wrong_result/failed_calls_main(f0)__f0()_74a163135071471d.json,74a163135071471d,tilelang,wrong_result,待确认,需要逐条缩减及独立语义验证,2,float32,"(8088, 4431, 2141)","(64, 32, 8)",684ce6ea76e3573a667442ab5e5df16d1f588a5373e5d89e4568f07e8e0cbe54
results/2026.09.15-23.03_tilelang_hard-shape_seed=42/failed/wrong_result/failed_calls_main(f0)__f0()_7bdba836a4f1c8c9.json,7bdba836a4f1c8c9,tilelang,wrong_result,待确认,需要逐条缩减及独立语义验证,2,float16,"(11634, 3929, 12301)","(16, 128, 64)",fccd9ccb9ded2101cb2d291ccaf65778275edf39f0b16b7a81f292c6fadb8b72
results/2026.09.15-23.03_tilelang_hard-shape_seed=42/failed/wrong_result/failed_calls_main(f0)__f0()_7ce92034c64cecd6.json,7ce92034c64cecd6,tilelang,wrong_result,待确认,需要逐条缩减及独立语义验证,2,float32,"(12355, 8471, 10974)","(128, 128, 32)",7d3c2df2698d1dbbc3cd23c9b11e7de870c01878b6a51052d8726f6bfa967d45
results/2026.09.15-23.03_tilelang_hard-shape_seed=42/failed/wrong_result/failed_calls_main(f0)__f0()_8236143068789cf0.json,8236143068789cf0,tilelang,wrong_result,待确认,需要逐条缩减及独立语义验证,2,float32,"(6576, 2275, 7157)","(32, 32, 32)",9209b61d3a8c11ad393dc9c9ed737af6b9db767c317012ce82e13f55bc7808ee
results/2026.09.15-23.03_tilelang_hard-shape_seed=42/failed/wrong_result/failed_calls_main(f0)__f0()_82e4df2eee3cac4a.json,82e4df2eee3cac4a,tilelang,wrong_result,待确认,需要逐条缩减及独立语义验证,2,float16,"(7812, 8120, 8120)","(16, 256, 64)",7eddb47293c2c7aa90d5c1eb8cf62422f74b7430830f8fc1328eec24080d0d96
results/2026.09.15-23.03_tilelang_hard-shape_seed=42/failed/wrong_result/failed_calls_main(f0)__f0()_833c5fd27368f689.json,833c5fd27368f689,tilelang,wrong_result,待确认,需要逐条缩减及独立语义验证,2,float16,"(13398, 11359, 10315)","(64, 64, 64)",2f5649b7bd585ad2dd58f7aa4e23dfa8520dfab818447f156cb8e893e03b1371
results/2026.09.15-23.03_tilelang_hard-shape_seed=42/failed/wrong_result/failed_calls_main(f0)__f0()_8721a23d7804a544.json,8721a23d7804a544,tilelang,wrong_result,待确认,需要逐条缩减及独立语义验证,2,float16,"(6549, 4552, 10093)","(256, 128, 16)",6984a4199ce6aff6a1f739edc329a28e3f112aa97d6c9cfef539642b6a562788
results/2026.09.15-23.03_tilelang_hard-shape_seed=42/failed/wrong_result/failed_calls_main(f0)__f0()_89ceabcc68c0162d.json,89ceabcc68c0162d,tilelang,wrong_result,待确认,需要逐条缩减及独立语义验证,2,float32,"(2318, 13729, 14100)","(32, 32, 64)",4a2696f6ad070f128153d49d0883c304af6c7ec989c37c9449085cf8efc158f1
results/2026.09.15-23.03_tilelang_hard-shape_seed=42/failed/wrong_result/failed_calls_main(f0)__f0()_8b4ad7c3faede830.json,8b4ad7c3faede830,tilelang,wrong_result,待确认,需要逐条缩减及独立语义验证,2,float32,"(1082, 11971, 11971)","(32, 16, 32)",7c91f82b2df2ad1d30732f8be67cbf6dfefa22f3a187e6aee97bab7217b9a5f2
results/2026.09.15-23.03_tilelang_hard-shape_seed=42/failed/wrong_result/failed_calls_main(f0)__f0()_8c553eb7e53b0a23.json,8c553eb7e53b0a23,tilelang,wrong_result,K=8已知错误机制候选,与已确认K=8布局/列重复机制同配置；不能因block_K=8判非法，也不能未经缩减把全部219条算独立bug,2,float16,"(5346, 2418, 805)","(32, 32, 8)",9d47f4aacacf5d9c14b17091091038a87baf2edc4ee9f160b945870442cbf40a
results/2026.09.15-23.03_tilelang_hard-shape_seed=42/failed/wrong_result/failed_calls_main(f0)__f0()_8d7e664c52f55f8f.json,8d7e664c52f55f8f,tilelang,wrong_result,待确认,需要逐条缩减及独立语义验证,2,float32,"(10161, 3706, 6228)","(32, 256, 32)",6e77f38bab193a923c2e273ba06494abcb795bb04dd219b67a9448dda67dd3e2
results/2026.09.15-23.03_tilelang_hard-shape_seed=42/failed/wrong_result/failed_calls_main(f0)__f0()_91f8db8efa1eda8f.json,91f8db8efa1eda8f,tilelang,wrong_result,待确认,需要逐条缩减及独立语义验证,2,float16,"(14687, 805, 1193)","(64, 64, 64)",0cd027aed5a96f35697342405dd75e325e49a91f64cc80fe86b9c87cbb6261ec
results/2026.09.15-23.03_tilelang_hard-shape_seed=42/failed/wrong_result/failed_calls_main(f0)__f0()_96749f68b2913bd7.json,96749f68b2913bd7,tilelang,wrong_result,待确认,需要逐条缩减及独立语义验证,2,float16,"(14739, 14838, 9738)","(128, 64, 32)",664b9d0280917a89646650a6c499ddca084b8d7635cfcb3a376c02962bb5307b
results/2026.09.15-23.03_tilelang_hard-shape_seed=42/failed/wrong_result/failed_calls_main(f0)__f0()_98bd77b76be5df67.json,98bd77b76be5df67,tilelang,wrong_result,K=8已知错误机制候选,与已确认K=8布局/列重复机制同配置；不能因block_K=8判非法，也不能未经缩减把全部219条算独立bug,2,float16,"(961, 1588, 3705)","(64, 64, 8)",3bcc45acf62c0fa75318732b6cd6bec64fa34291c5845fa76ead1b829190e23c
results/2026.09.15-23.03_tilelang_hard-shape_seed=42/failed/wrong_result/failed_calls_main(f0)__f0()_9d73525c335735ea.json,9d73525c335735ea,tilelang,wrong_result,待确认,需要逐条缩减及独立语义验证,2,float32,"(5125, 13373, 5125)","(256, 16, 32)",4f0375af17476983d47651dd73db40fec367c869eb67f938cd5b5ca5431699aa
results/2026.09.15-23.03_tilelang_hard-shape_seed=42/failed/wrong_result/failed_calls_main(f0)__f0()_9e0c7424556fa29f.json,9e0c7424556fa29f,tilelang,wrong_result,待确认,需要逐条缩减及独立语义验证,2,float32,"(3417, 4803, 1993)","(64, 64, 16)",80951ba9031c49e5a92c7b0e1a5e98b7eae387d04925bbbeb7a4ec6eebb5cea8
results/2026.09.15-23.03_tilelang_hard-shape_seed=42/failed/wrong_result/failed_calls_main(f0)__f0()_9e6adecb8c02e7de.json,9e6adecb8c02e7de,tilelang,wrong_result,待确认,需要逐条缩减及独立语义验证,2,float32,"(9285, 14165, 1395)","(64, 64, 32)",4cadd54d27721c4042d498bfdddfd0ceb1204ead01f31bd704901ba7f65d109d
results/2026.09.15-23.03_tilelang_hard-shape_seed=42/failed/wrong_result/failed_calls_main(f0)__f0()_9f2e839bb1127c33.json,9f2e839bb1127c33,tilelang,wrong_result,待确认,需要逐条缩减及独立语义验证,2,float16,"(1006, 12301, 10459)","(256, 128, 32)",f7e509a9bd049433f05aa817fa3d7f53d940ad814d919d70db77f747b874bc48
results/2026.09.15-23.03_tilelang_hard-shape_seed=42/failed/wrong_result/failed_calls_main(f0)__f0()_9f4545a2cb6577ee.json,9f4545a2cb6577ee,tilelang,wrong_result,待确认,需要逐条缩减及独立语义验证,2,float32,"(2875, 4304, 11015)","(16, 64, 8)",e5d8afd11cb3bf37c992f8db4bb7bc8155d22c85106e8b3bea21ad90d6952806
results/2026.09.15-23.03_tilelang_hard-shape_seed=42/failed/wrong_result/failed_calls_main(f0)__f0()_a0959c2ea7628d3c.json,a0959c2ea7628d3c,tilelang,wrong_result,待确认,需要逐条缩减及独立语义验证,2,float16,"(15005, 1639, 14891)","(64, 64, 128)",207c098abca4b902926b0399070bb09bb88fd7741ebc61a07d7839ac7a6538f3
results/2026.09.15-23.03_tilelang_hard-shape_seed=42/failed/wrong_result/failed_calls_main(f0)__f0()_a3293b913e29c75e.json,a3293b913e29c75e,tilelang,wrong_result,待确认,需要逐条缩减及独立语义验证,2,float32,"(6099, 15991, 13303)","(64, 64, 8)",8c97bac2c3cb6ec094064cbd3716b09311b24a23e6f8c0eaa8b0c5f4828ac417
results/2026.09.15-23.03_tilelang_hard-shape_seed=42/failed/wrong_result/failed_calls_main(f0)__f0()_a99a5e6c7c590bb2.json,a99a5e6c7c590bb2,tilelang,wrong_result,K=8已知错误机制候选,与已确认K=8布局/列重复机制同配置；不能因block_K=8判非法，也不能未经缩减把全部219条算独立bug,2,float16,"(10399, 3436, 459)","(32, 32, 8)",d666b683b8e4b270cc736ebee0892e521ecbae92d59d0be594cc484d0d10d234
results/2026.09.15-23.03_tilelang_hard-shape_seed=42/failed/wrong_result/failed_calls_main(f0)__f0()_ab879916195dad24.json,ab879916195dad24,tilelang,wrong_result,K=8已知错误机制候选,与已确认K=8布局/列重复机制同配置；不能因block_K=8判非法，也不能未经缩减把全部219条算独立bug,2,float16,"(3876, 15198, 15550)","(128, 256, 8)",67df27d288a31efcf8b285794437d7169477520a858e621b191618d816599956
results/2026.09.15-23.03_tilelang_hard-shape_seed=42/failed/wrong_result/failed_calls_main(f0)__f0()_ac5a546e5bb9fe12.json,ac5a546e5bb9fe12,tilelang,wrong_result,K=8已知错误机制候选,与已确认K=8布局/列重复机制同配置；不能因block_K=8判非法，也不能未经缩减把全部219条算独立bug,2,float16,"(9025, 15474, 10315)","(128, 128, 8)",ed9e7f9bd27b2b74874b37818d9f32ac803777db220501684e8e935dbe0b6d07
results/2026.09.15-23.03_tilelang_hard-shape_seed=42/failed/wrong_result/failed_calls_main(f0)__f0()_ad5b286a612d8442.json,ad5b286a612d8442,tilelang,wrong_result,待确认,需要逐条缩减及独立语义验证,2,float16,"(4573, 7624, 13826)","(128, 128, 64)",1e16f90e9386ceb0f41fbcc96811985f92a28be594e002a79e511a83baa14824
results/2026.09.15-23.03_tilelang_hard-shape_seed=42/failed/wrong_result/failed_calls_main(f0)__f0()_aecd8a04c2f1d8d1.json,aecd8a04c2f1d8d1,tilelang,wrong_result,待确认,需要逐条缩减及独立语义验证,2,float16,"(7042, 5048, 1993)","(128, 128, 32)",ccb79e39d9c27187826b211bf22825a325aae0d4c1c15ef474dda5ad985192fd
results/2026.09.15-23.03_tilelang_hard-shape_seed=42/failed/wrong_result/failed_calls_main(f0)__f0()_b049822feed213f8.json,b049822feed213f8,tilelang,wrong_result,待确认,需要逐条缩减及独立语义验证,2,float16,"(14317, 8685, 10054)","(64, 128, 16)",9e7db43705b1686dc6d570650e842c15523f4ce1025c9a8af9259b61186288b8
results/2026.09.15-23.03_tilelang_hard-shape_seed=42/failed/wrong_result/failed_calls_main(f0)__f0()_b4301462bda4e7b1.json,b4301462bda4e7b1,tilelang,wrong_result,待确认,需要逐条缩减及独立语义验证,2,float32,"(13446, 15033, 7218)","(64, 64, 32)",e0a02a664741fcd80a1c82c247833cfa6aaa87c4ea8f5a59b5596e1a4b8272d0
results/2026.09.15-23.03_tilelang_hard-shape_seed=42/failed/wrong_result/failed_calls_main(f0)__f0()_b5949711af9b2f40.json,b5949711af9b2f40,tilelang,wrong_result,K=8已知错误机制候选,与已确认K=8布局/列重复机制同配置；不能因block_K=8判非法，也不能未经缩减把全部219条算独立bug,2,float16,"(11555, 445, 13446)","(128, 128, 8)",af4fe3bfaf91ed75907e3af8665642e5d515581ac34ae1800fea28b719cc326e
results/2026.09.15-23.03_tilelang_hard-shape_seed=42/failed/wrong_result/failed_calls_main(f0)__f0()_b5c762a19d9c1c93.json,b5c762a19d9c1c93,tilelang,wrong_result,待确认,需要逐条缩减及独立语义验证,2,float32,"(13508, 80, 6923)","(128, 16, 8)",c1123df0d8711c702b998b96b5a90951a1ed2e6ad6a3d08c2bb0f104040a76b5
results/2026.09.15-23.03_tilelang_hard-shape_seed=42/failed/wrong_result/failed_calls_main(f0)__f0()_b6a9d3a3678548f8.json,b6a9d3a3678548f8,tilelang,wrong_result,待确认,需要逐条缩减及独立语义验证,2,float32,"(8471, 10690, 11916)","(32, 32, 64)",55f06976d0d2efee40f517e8610d5a091c3de657ed09e5bf174783a99f2819aa
results/2026.09.15-23.03_tilelang_hard-shape_seed=42/failed/wrong_result/failed_calls_main(f0)__f0()_ba00850c62bc0813.json,ba00850c62bc0813,tilelang,wrong_result,待确认,需要逐条缩减及独立语义验证,2,float16,"(11627, 6936, 15519)","(32, 64, 32)",aadbc00a793899e7c2dbf792716f157b796f84a4e852172f7ffae9ba12d86091
results/2026.09.15-23.03_tilelang_hard-shape_seed=42/failed/wrong_result/failed_calls_main(f0)__f0()_ba9389998335c2ac.json,ba9389998335c2ac,tilelang,wrong_result,待确认,需要逐条缩减及独立语义验证,2,float32,"(2658, 2599, 8275)","(64, 128, 16)",1e02a1c07874df4b7d4b4e4da36e8280b34016b6c3c71535104e64d3f84c190a
results/2026.09.15-23.03_tilelang_hard-shape_seed=42/failed/wrong_result/failed_calls_main(f0)__f0()_bada031d78feda1c.json,bada031d78feda1c,tilelang,wrong_result,待确认,需要逐条缩减及独立语义验证,2,float16,"(2303, 1963, 6714)","(16, 32, 8)",3bc46617c7a8c10fb6cabe8e5a9c15e7a0a475b75d275c0d51a3d83a3a9684fd
results/2026.09.15-23.03_tilelang_hard-shape_seed=42/failed/wrong_result/failed_calls_main(f0)__f0()_bed64aaac58ad4aa.json,bed64aaac58ad4aa,tilelang,wrong_result,待确认,需要逐条缩减及独立语义验证,2,float32,"(1376, 9547, 2423)","(32, 32, 128)",16160e618a903054170d6e1982ca0857cc5a6d12246c277bcf055ec642a8824f
results/2026.09.15-23.03_tilelang_hard-shape_seed=42/failed/wrong_result/failed_calls_main(f0)__f0()_bf56e49f1bc64932.json,bf56e49f1bc64932,tilelang,wrong_result,待确认,需要逐条缩减及独立语义验证,2,float16,"(3122, 1338, 13557)","(64, 64, 64)",9de59f5a6b756f4fab432c5930a50861c88d553e9608fc3b9b26eeb4e8fee02a
results/2026.09.15-23.03_tilelang_hard-shape_seed=42/failed/wrong_result/failed_calls_main(f0)__f0()_c034b3620e6562ca.json,c034b3620e6562ca,tilelang,wrong_result,待确认,需要逐条缩减及独立语义验证,2,float32,"(6228, 5856, 11561)","(32, 32, 64)",c21ea569c582ee65bbea03ec82eb7b27118277fb2db5ba78df82161938ec8f3c
results/2026.09.15-23.03_tilelang_hard-shape_seed=42/failed/wrong_result/failed_calls_main(f0)__f0()_c3751c06c7437f8a.json,c3751c06c7437f8a,tilelang,wrong_result,待确认,需要逐条缩减及独立语义验证,2,float32,"(2722, 2457, 3264)","(64, 64, 16)",7d4ef13b80a3450b03b4e12a22274a924109759b666fc4f53c8daed80647995f
results/2026.09.15-23.03_tilelang_hard-shape_seed=42/failed/wrong_result/failed_calls_main(f0)__f0()_c5bf657d99a0bfaa.json,c5bf657d99a0bfaa,tilelang,wrong_result,待确认,需要逐条缩减及独立语义验证,2,float32,"(2209, 3705, 10080)","(128, 128, 16)",d2046483f66b21dcf80b70fe01c798c5729375997832faac6674852656e8e112
results/2026.09.15-23.03_tilelang_hard-shape_seed=42/failed/wrong_result/failed_calls_main(f0)__f0()_c73dc9a63c5e4b7c.json,c73dc9a63c5e4b7c,tilelang,wrong_result,待确认,需要逐条缩减及独立语义验证,2,float32,"(12094, 7651, 7258)","(32, 32, 128)",3bd7264deef571cdb75745737ccc1d97160cd396585cf6a0b4edb16d59dfda2d
results/2026.09.15-23.03_tilelang_hard-shape_seed=42/failed/wrong_result/failed_calls_main(f0)__f0()_c8a49f02086bd77a.json,c8a49f02086bd77a,tilelang,wrong_result,待确认,需要逐条缩减及独立语义验证,2,float32,"(10886, 16044, 16044)","(32, 32, 16)",89e6455eb571c4a2164a6054e15c2ca7ad2b5c3c18ac0f0763e328d501a42029
results/2026.09.15-23.03_tilelang_hard-shape_seed=42/failed/wrong_result/failed_calls_main(f0)__f0()_cd0de061b50a1bc5.json,cd0de061b50a1bc5,tilelang,wrong_result,待确认,需要逐条缩减及独立语义验证,2,float32,"(2937, 10605, 7128)","(16, 64, 32)",265b009137922d7b9b40024d943c219281f7df43d67dab26e0e96db7eb91fa50
results/2026.09.15-23.03_tilelang_hard-shape_seed=42/failed/wrong_result/failed_calls_main(f0)__f0()_d00e97fa11fce26b.json,d00e97fa11fce26b,tilelang,wrong_result,待确认,需要逐条缩减及独立语义验证,2,float32,"(11495, 4642, 9868)","(32, 32, 32)",3edf1711c3c8186c1314eb0de17df956b8b7646c200b0397445b88ce3097a79a
results/2026.09.15-23.03_tilelang_hard-shape_seed=42/failed/wrong_result/failed_calls_main(f0)__f0()_d2dc627b3647912f.json,d2dc627b3647912f,tilelang,wrong_result,K=8已知错误机制候选,与已确认K=8布局/列重复机制同配置；不能因block_K=8判非法，也不能未经缩减把全部219条算独立bug,2,float16,"(4576, 11494, 4576)","(64, 64, 8)",516bac3d309dbb1bb044daba23c54fd80d77555e46bad4a9160eaf2df21153b3
results/2026.09.15-23.03_tilelang_hard-shape_seed=42/failed/wrong_result/failed_calls_main(f0)__f0()_d598d19d6ce12819.json,d598d19d6ce12819,tilelang,wrong_result,待确认,需要逐条缩减及独立语义验证,2,float32,"(7526, 1404, 15511)","(256, 256, 8)",7c8e1410fde267cbb77ffa6521409541f9a6c9996a36e489879226b2b7c0b71b
results/2026.09.15-23.03_tilelang_hard-shape_seed=42/failed/wrong_result/failed_calls_main(f0)__f0()_d71005eb86b64312.json,d71005eb86b64312,tilelang,wrong_result,待确认,需要逐条缩减及独立语义验证,2,float16,"(2579, 1715, 12199)","(32, 32, 64)",34b941fc8f7db038483f7689d360bacc0e7f4d293e2971b767e8286d17b96fed
results/2026.09.15-23.03_tilelang_hard-shape_seed=42/failed/wrong_result/failed_calls_main(f0)__f0()_dc8f5e95c5c91091.json,dc8f5e95c5c91091,tilelang,wrong_result,K=8已知错误机制候选,与已确认K=8布局/列重复机制同配置；不能因block_K=8判非法，也不能未经缩减把全部219条算独立bug,2,float16,"(7224, 7165, 3359)","(128, 32, 8)",57f318cddadb76e58ce974e24406da4daed3bc59fb77d1731f8e4d7f8c1f86c3
results/2026.09.15-23.03_tilelang_hard-shape_seed=42/failed/wrong_result/failed_calls_main(f0)__f0()_dca485a941c966ed.json,dca485a941c966ed,tilelang,wrong_result,待确认,需要逐条缩减及独立语义验证,2,float32,"(4991, 9803, 2334)","(64, 16, 64)",f147b356c9ec15dd4ca3cb696e316859c722ee6ae8d0a3dca930f20f379b5625
results/2026.09.15-23.03_tilelang_hard-shape_seed=42/failed/wrong_result/failed_calls_main(f0)__f0()_dca5bb3144b19f7e.json,dca5bb3144b19f7e,tilelang,wrong_result,待确认,需要逐条缩减及独立语义验证,2,float32,"(6975, 4646, 3953)","(32, 32, 8)",ea86163d740f37456e4ff03ea65a259b664ae8165ce1811eb1387b753bfea823
results/2026.09.15-23.03_tilelang_hard-shape_seed=42/failed/wrong_result/failed_calls_main(f0)__f0()_e2b36325f4543f28.json,e2b36325f4543f28,tilelang,wrong_result,待确认,需要逐条缩减及独立语义验证,2,float16,"(6157, 13408, 780)","(256, 256, 8)",93e5655ab1dae5662d1f253f6fb94841d76b4267b6f9b55434b2a38cae854158
results/2026.09.15-23.03_tilelang_hard-shape_seed=42/failed/wrong_result/failed_calls_main(f0)__f0()_e34c586b8848a5f0.json,e34c586b8848a5f0,tilelang,wrong_result,待确认,需要逐条缩减及独立语义验证,2,float16,"(8906, 7268, 3682)","(64, 64, 64)",3059072e3d20fdc5a537fa4c47140cf6a3bcbe74861e4a7cb9580d196bf37d9d
results/2026.09.15-23.03_tilelang_hard-shape_seed=42/failed/wrong_result/failed_calls_main(f0)__f0()_e42e4087885c3c3c.json,e42e4087885c3c3c,tilelang,wrong_result,K=8已知错误机制候选,与已确认K=8布局/列重复机制同配置；不能因block_K=8判非法，也不能未经缩减把全部219条算独立bug,2,float16,"(3682, 7178, 12293)","(32, 32, 8)",3d483ba2661a9d5f8766252f08259e6ab9995da23c75ad4d04177c0a8ef6d9b4
results/2026.09.15-23.03_tilelang_hard-shape_seed=42/failed/wrong_result/failed_calls_main(f0)__f0()_e4e604a5419e89b7.json,e4e604a5419e89b7,tilelang,wrong_result,待确认,需要逐条缩减及独立语义验证,2,float32,"(11634, 4943, 10311)","(32, 32, 16)",ac0b82ab35521c8d0dc3a30c91c034117727436928c6865c5321d60259074aea
results/2026.09.15-23.03_tilelang_hard-shape_seed=42/failed/wrong_result/failed_calls_main(f0)__f0()_e84531a10c26f10d.json,e84531a10c26f10d,tilelang,wrong_result,待确认,需要逐条缩减及独立语义验证,2,float16,"(12283, 9517, 14723)","(32, 32, 128)",1291ee1018a468c4ee67fd190b573591ee372ca9b03e00e393f7677f3dfe1c4a
results/2026.09.15-23.03_tilelang_hard-shape_seed=42/failed/wrong_result/failed_calls_main(f0)__f0()_e99b8f451eb6953c.json,e99b8f451eb6953c,tilelang,wrong_result,待确认,需要逐条缩减及独立语义验证,2,float16,"(14273, 8088, 7651)","(32, 32, 32)",e11ce8ff2acee7278f74e5f2a044b7ce6a6f1f49209b060bb2be96aaf3d2e72b
results/2026.09.15-23.03_tilelang_hard-shape_seed=42/failed/wrong_result/failed_calls_main(f0)__f0()_e9a2b29ffe9f55ce.json,e9a2b29ffe9f55ce,tilelang,wrong_result,K=8已知错误机制候选,与已确认K=8布局/列重复机制同配置；不能因block_K=8判非法，也不能未经缩减把全部219条算独立bug,2,float16,"(7157, 6576, 4715)","(64, 256, 8)",8f9bc9be6304c218d7e867444980a3b27c0a81ab2c7d60269a17f43d728ebe6c
results/2026.09.15-23.03_tilelang_hard-shape_seed=42/failed/wrong_result/failed_calls_main(f0)__f0()_eac1f9a30470c073.json,eac1f9a30470c073,tilelang,wrong_result,待确认,需要逐条缩减及独立语义验证,2,float16,"(5121, 8742, 8959)","(256, 16, 16)",8cbabebfa3ac9010bcd884f8df05dd640382180b95841c2a4b7d00712a3bf778
results/2026.09.15-23.03_tilelang_hard-shape_seed=42/failed/wrong_result/failed_calls_main(f0)__f0()_ebe983272a6481ad.json,ebe983272a6481ad,tilelang,wrong_result,待确认,需要逐条缩减及独立语义验证,2,float32,"(6582, 15198, 6582)","(128, 32, 64)",f979be862b725f36898a821310b7b766e4c8fa3fe07c936d27b86458908eb905
results/2026.09.15-23.03_tilelang_hard-shape_seed=42/failed/wrong_result/failed_calls_main(f0)__f0()_ec56dcf4a2ed10bf.json,ec56dcf4a2ed10bf,tilelang,wrong_result,待确认,需要逐条缩减及独立语义验证,2,float32,"(3084, 3165, 14770)","(32, 32, 64)",0e2f8fccceb05fe726957a0354adecca279e1ec76074935410a9ff5abf99e06e
results/2026.09.15-23.03_tilelang_hard-shape_seed=42/failed/wrong_result/failed_calls_main(f0)__f0()_ef17df9196c3ce6a.json,ef17df9196c3ce6a,tilelang,wrong_result,待确认,需要逐条缩减及独立语义验证,2,float32,"(1571, 16173, 2864)","(16, 128, 16)",1bf06b138635ccd2082cca74479b6c00da69fc47234b9a2e48cfe85f91e9ab03
results/2026.09.15-23.03_tilelang_hard-shape_seed=42/failed/wrong_result/failed_calls_main(f0)__f0()_f26033438736d48c.json,f26033438736d48c,tilelang,wrong_result,待确认,需要逐条缩减及独立语义验证,2,float16,"(1092, 10414, 5835)","(32, 128, 32)",cf57352b840f41e012b6801b5260641247724e4ed4430e7cea9d1fc0b33a42da
results/2026.09.15-23.03_tilelang_hard-shape_seed=42/failed/wrong_result/failed_calls_main(f0)__f0()_f2a43e483cfc83c2.json,f2a43e483cfc83c2,tilelang,wrong_result,待确认,需要逐条缩减及独立语义验证,2,float32,"(1203, 6887, 5985)","(32, 32, 32)",7837851ebe42d23b02b9dca7110b128390ea7db73f4f63a1d0b93f9b8807e01f
results/2026.09.15-23.03_tilelang_hard-shape_seed=42/failed/wrong_result/failed_calls_main(f0)__f0()_f83bed1fc4fc733b.json,f83bed1fc4fc733b,tilelang,wrong_result,待确认,需要逐条缩减及独立语义验证,2,float32,"(9035, 13916, 15388)","(128, 16, 64)",4593328ae6a827b5eaf17c0bbe7d7773ade64e9cef34be34a7bf51059a07e741
results/2026.09.15-23.03_tilelang_hard-shape_seed=42/failed/wrong_result/failed_calls_main(f0)__f0()_fe33e001978522a0.json,fe33e001978522a0,tilelang,wrong_result,待确认,需要逐条缩减及独立语义验证,2,float16,"(14683, 5367, 7651)","(64, 64, 16)",e01faf99f2440df106a9044c80ffc07a3cfc9a376ffd019a76ce92e282783266
results/2026.09.15-23.03_tilelang_hard-shape_seed=42/failed/wrong_result/failed_calls_main(f0)__f0()_ff946d3a3ca493db.json,ff946d3a3ca493db,tilelang,wrong_result,待确认,需要逐条缩减及独立语义验证,2,float16,"(9267, 3514, 2222)","(64, 64, 16)",36618ae22a795261d49c3f35e0e2e0e9c1d8e9963f5f2f55e050d5af4cf78713
results/2026.09.15-23.03_tilelang_hard-shape_seed=42/failed/wrong_result/failed_calls_main(f0+f0)__f0()_0774545e5c174f14.json,0774545e5c174f14,tilelang,wrong_result,待确认,需要逐条缩减及独立语义验证,2,float32,"(12975, 14837, 5206)","(64, 32, 32)",5da1a91b4fa14cfc8e9dc5aef1d53acf307b7c935ed469495fd29a95eacbe8a8
results/2026.09.15-23.03_tilelang_hard-shape_seed=42/failed/wrong_result/failed_calls_main(f0+f0)__f0()_09bf5e9fcdc57202.json,09bf5e9fcdc57202,tilelang,wrong_result,待确认,需要逐条缩减及独立语义验证,2,float16,"(7934, 15241, 3028)","(64, 64, 128)",464025d59b8a11dd844e360943ca3eba1e635513ad4d2ba8157245cd90e23166
results/2026.09.15-23.03_tilelang_hard-shape_seed=42/failed/wrong_result/failed_calls_main(f0+f0)__f0()_0abd545bc05275fc.json,0abd545bc05275fc,tilelang,wrong_result,待确认,需要逐条缩减及独立语义验证,2,float32,"(12563, 4409, 2535)","(128, 128, 32)",4c5fc1162100f038e1c858d447d7f0c0a37dd457509a189ff01c079fd3dc7e5d
results/2026.09.15-23.03_tilelang_hard-shape_seed=42/failed/wrong_result/failed_calls_main(f0+f0)__f0()_1182372649ef9126.json,1182372649ef9126,tilelang,wrong_result,待确认,需要逐条缩减及独立语义验证,2,float32,"(14365, 7006, 257)","(64, 64, 16)",7f083f8f55534b57623c88278979a4cbe6f556053f2a167ea945d32ef262c48e
results/2026.09.15-23.03_tilelang_hard-shape_seed=42/failed/wrong_result/failed_calls_main(f0+f0)__f0()_15cff34d8ced8308.json,15cff34d8ced8308,tilelang,wrong_result,K=8已知错误机制候选,与已确认K=8布局/列重复机制同配置；不能因block_K=8判非法，也不能未经缩减把全部219条算独立bug,2,float16,"(15884, 4260, 9547)","(64, 64, 8)",444bfdd98341175e9d9416af585d1792d1e6e18ebab17af25ffa8980d182f67a
results/2026.09.15-23.03_tilelang_hard-shape_seed=42/failed/wrong_result/failed_calls_main(f0+f0)__f0()_184fbf2173b93e82.json,184fbf2173b93e82,tilelang,wrong_result,待确认,需要逐条缩减及独立语义验证,2,float32,"(2501, 11360, 3907)","(32, 32, 8)",624177b3d26316ebad580e02c35e16928ee6574d593e89f9c18dfc11dc942ade
results/2026.09.15-23.03_tilelang_hard-shape_seed=42/failed/wrong_result/failed_calls_main(f0+f0)__f0()_28f42fc06cd5a925.json,28f42fc06cd5a925,tilelang,wrong_result,待确认,需要逐条缩减及独立语义验证,2,float16,"(15651, 10038, 3548)","(32, 32, 128)",4b5a355d5ca57e78cc11ded801d206888571ed012d6e459fe15c61260501d5b0
results/2026.09.15-23.03_tilelang_hard-shape_seed=42/failed/wrong_result/failed_calls_main(f0+f0)__f0()_30cc34808a2268c7.json,30cc34808a2268c7,tilelang,wrong_result,待确认,需要逐条缩减及独立语义验证,2,float32,"(9362, 4016, 11115)","(32, 32, 128)",303c7c22ef5f95ef35ef6e03b4e2548314373ff67584dc4fb6feaaab90a4fcce
results/2026.09.15-23.03_tilelang_hard-shape_seed=42/failed/wrong_result/failed_calls_main(f0+f0)__f0()_3529c5adaf9388e8.json,3529c5adaf9388e8,tilelang,wrong_result,待确认,需要逐条缩减及独立语义验证,2,float16,"(15310, 11115, 5417)","(32, 32, 32)",5f2a230012eeeee6daadc236d0b1a719e00952c9e273085cc77e5d8061ba8f54
results/2026.09.15-23.03_tilelang_hard-shape_seed=42/failed/wrong_result/failed_calls_main(f0+f0)__f0()_39e6dab7d27e10ef.json,39e6dab7d27e10ef,tilelang,wrong_result,待确认,需要逐条缩减及独立语义验证,2,float32,"(383, 15421, 15421)","(32, 32, 16)",dff252e5832f7cbb2be5ea6572ef9c150e75015b7648f70b35af918136e23035
results/2026.09.15-23.03_tilelang_hard-shape_seed=42/failed/wrong_result/failed_calls_main(f0+f0)__f0()_3ac684419b6d97b4.json,3ac684419b6d97b4,tilelang,wrong_result,K=8已知错误机制候选,与已确认K=8布局/列重复机制同配置；不能因block_K=8判非法，也不能未经缩减把全部219条算独立bug,2,float16,"(7812, 10414, 12113)","(32, 256, 8)",c7df26978fef271ff3dc01a12b173561de653a795f17240bd4d0ada5b6d35fcd
results/2026.09.15-23.03_tilelang_hard-shape_seed=42/failed/wrong_result/failed_calls_main(f0+f0)__f0()_50634f0106ee36e6.json,50634f0106ee36e6,tilelang,wrong_result,待确认,需要逐条缩减及独立语义验证,2,float16,"(10167, 16011, 14110)","(64, 64, 64)",4a915ffab09d22fc96abf0271e2873081e2cc51b5991946acee65c1e6a9d90fc
results/2026.09.15-23.03_tilelang_hard-shape_seed=42/failed/wrong_result/failed_calls_main(f0+f0)__f0()_52e25e9ddc651593.json,52e25e9ddc651593,tilelang,wrong_result,待确认,需要逐条缩减及独立语义验证,2,float32,"(2222, 13043, 15767)","(32, 32, 16)",55c7f51deac85222617ccd971b8e9ba51d6ca6c471e8c19de58536c3946bd76d
results/2026.09.15-23.03_tilelang_hard-shape_seed=42/failed/wrong_result/failed_calls_main(f0+f0)__f0()_619e78f45de11b51.json,619e78f45de11b51,tilelang,wrong_result,待确认,需要逐条缩减及独立语义验证,2,float32,"(3594, 5206, 5078)","(64, 64, 8)",7068f54a447a6508bb6d620c3dbd1b651807500efe085d1d3d996a482e6a6fcf
results/2026.09.15-23.03_tilelang_hard-shape_seed=42/failed/wrong_result/failed_calls_main(f0+f0)__f0()_63047cf850e855a9.json,63047cf850e855a9,tilelang,wrong_result,待确认,需要逐条缩减及独立语义验证,2,float16,"(4044, 12555, 11547)","(32, 32, 64)",474c506c18b89e4ee55e9587fdac9c7386a1042b80927158ea3c81715d49cdb0
results/2026.09.15-23.03_tilelang_hard-shape_seed=42/failed/wrong_result/failed_calls_main(f0+f0)__f0()_6f17eae3e6c1ad4a.json,6f17eae3e6c1ad4a,tilelang,wrong_result,待确认,需要逐条缩减及独立语义验证,2,float32,"(905, 12232, 832)","(64, 16, 8)",03f06ef2bca2942fd70db59b653bb3d5b7d462c55a7260fb00c74a6368eb52e1
results/2026.09.15-23.03_tilelang_hard-shape_seed=42/failed/wrong_result/failed_calls_main(f0+f0)__f0()_712b43fd672bed6a.json,712b43fd672bed6a,tilelang,wrong_result,待确认,需要逐条缩减及独立语义验证,2,float16,"(9025, 3574, 7779)","(128, 128, 32)",72badd06c058659312e4cd916ec77c557717c0d36f2b72fb3e204b968f9bc046
results/2026.09.15-23.03_tilelang_hard-shape_seed=42/failed/wrong_result/failed_calls_main(f0+f0)__f0()_788ef03b59fa5f46.json,788ef03b59fa5f46,tilelang,wrong_result,待确认,需要逐条缩减及独立语义验证,2,float32,"(7444, 11193, 8190)","(32, 32, 16)",2eb6d1eb1c735044502dc33e3212909060494acf26ee12c63a37f775fd6fe3af
results/2026.09.15-23.03_tilelang_hard-shape_seed=42/failed/wrong_result/failed_calls_main(f0+f0)__f0()_83bc08bcc43083d8.json,83bc08bcc43083d8,tilelang,wrong_result,待确认,需要逐条缩减及独立语义验证,2,float32,"(12848, 12975, 3594)","(64, 64, 16)",63b2aece79e71a763b59020cd3b5c2a1588da4d783be1e0c87c952b91b2b8502
results/2026.09.15-23.03_tilelang_hard-shape_seed=42/failed/wrong_result/failed_calls_main(f0+f0)__f0()_8a2122632181f73c.json,8a2122632181f73c,tilelang,wrong_result,K=8已知错误机制候选,与已确认K=8布局/列重复机制同配置；不能因block_K=8判非法，也不能未经缩减把全部219条算独立bug,2,float16,"(14837, 9028, 5078)","(32, 64, 8)",54520fd21f4a573bb10112eadc9584140fe687b2c86a888b95a37c5f5c86717e
results/2026.09.15-23.03_tilelang_hard-shape_seed=42/failed/wrong_result/failed_calls_main(f0+f0)__f0()_957d5b6fc832aab7.json,957d5b6fc832aab7,tilelang,wrong_result,待确认,需要逐条缩减及独立语义验证,2,float32,"(15033, 8846, 10936)","(32, 32, 8)",73b47853599915b8030c93c8c9c42bf02bf75006317b5ac574eab520c21b9b2b
results/2026.09.15-23.03_tilelang_hard-shape_seed=42/failed/wrong_result/failed_calls_main(f0+f0)__f0()_9c93f9e3d73e3c5a.json,9c93f9e3d73e3c5a,tilelang,wrong_result,待确认,需要逐条缩减及独立语义验证,2,float16,"(15550, 15198, 10459)","(16, 128, 32)",a24bccd7ee1fe5f645fb8d0db2f5c4b7cc5ea4e797d565025b4917b743aca6da
results/2026.09.15-23.03_tilelang_hard-shape_seed=42/failed/wrong_result/failed_calls_main(f0+f0)__f0()_9ddfc353161e4563.json,9ddfc353161e4563,tilelang,wrong_result,待确认,需要逐条缩减及独立语义验证,2,float16,"(12864, 2457, 9665)","(16, 128, 32)",d3c90999aad1ae70a0b285a66766b9e88472345c8e7c04e04ef006e2625082a8
results/2026.09.15-23.03_tilelang_hard-shape_seed=42/failed/wrong_result/failed_calls_main(f0+f0)__f0()_a1926832e41d0a02.json,a1926832e41d0a02,tilelang,wrong_result,待确认,需要逐条缩减及独立语义验证,2,float16,"(14355, 6896, 12712)","(32, 64, 16)",7130845a2a3d5e835e779b409ca8d7a3881a0ceee005ee42d752ead534e49c9e
results/2026.09.15-23.03_tilelang_hard-shape_seed=42/failed/wrong_result/failed_calls_main(f0+f0)__f0()_a59f5609c682ea23.json,a59f5609c682ea23,tilelang,wrong_result,待确认,需要逐条缩减及独立语义验证,2,float16,"(13083, 7428, 7812)","(128, 128, 16)",a275ba7f7ea491bcbf69ebf134a039ee08e859a3c84f9b873b47dd5647fbdd5c
results/2026.09.15-23.03_tilelang_hard-shape_seed=42/failed/wrong_result/failed_calls_main(f0+f0)__f0()_a6d8df2e60ed20e3.json,a6d8df2e60ed20e3,tilelang,wrong_result,待确认,需要逐条缩减及独立语义验证,2,float32,"(11023, 8219, 15406)","(32, 32, 8)",a1c503b2934ace44aa5b50a8b5a850d45ce9b38b4573af5309ae95c319712868
results/2026.09.15-23.03_tilelang_hard-shape_seed=42/failed/wrong_result/failed_calls_main(f0+f0)__f0()_ab901e20f88831e0.json,ab901e20f88831e0,tilelang,wrong_result,待确认,需要逐条缩减及独立语义验证,2,float32,"(4007, 9035, 9035)","(32, 32, 64)",72cf2d43b229e9060f6dbbae279f45247832e5a826f692ade72dcad791757efc
results/2026.09.15-23.03_tilelang_hard-shape_seed=42/failed/wrong_result/failed_calls_main(f0+f0)__f0()_afa32cd6a3f34d43.json,afa32cd6a3f34d43,tilelang,wrong_result,待确认,需要逐条缩减及独立语义验证,2,float32,"(13350, 7175, 5078)","(64, 64, 32)",e603702ab631a624be51183750a01f9e7ffb1d67085e44a56852e65a2814065a
results/2026.09.15-23.03_tilelang_hard-shape_seed=42/failed/wrong_result/failed_calls_main(f0+f0)__f0()_b36d8d8229c7f693.json,b36d8d8229c7f693,tilelang,wrong_result,待确认,需要逐条缩减及独立语义验证,2,float32,"(952, 5560, 12936)","(32, 32, 128)",c717e7e5b6abe05685a81d0d01597952c4b1b44299c4ec3c97719afeeed71f86
results/2026.09.15-23.03_tilelang_hard-shape_seed=42/failed/wrong_result/failed_calls_main(f0+f0)__f0()_b7bcd55f5bc78579.json,b7bcd55f5bc78579,tilelang,wrong_result,K=8已知错误机制候选,与已确认K=8布局/列重复机制同配置；不能因block_K=8判非法，也不能未经缩减把全部219条算独立bug,2,float16,"(7083, 1570, 13216)","(128, 256, 8)",1ddbf6872969265f1b091b9e2b63d9da0510bd57fb66ba30114f8b2f21785b57
results/2026.09.15-23.03_tilelang_hard-shape_seed=42/failed/wrong_result/failed_calls_main(f0+f0)__f0()_bb4ae8b6fd995b56.json,bb4ae8b6fd995b56,tilelang,wrong_result,待确认,需要逐条缩减及独立语义验证,2,float32,"(4579, 3522, 3143)","(32, 32, 32)",4f1f9161e23be79cdb612a4a6257497df211ca877ee5db2ebe39af47fce7b89c
results/2026.09.15-23.03_tilelang_hard-shape_seed=42/failed/wrong_result/failed_calls_main(f0+f0)__f0()_bbf60eabc6e040b6.json,bbf60eabc6e040b6,tilelang,wrong_result,K=8已知错误机制候选,与已确认K=8布局/列重复机制同配置；不能因block_K=8判非法，也不能未经缩减把全部219条算独立bug,2,float16,"(12452, 11977, 3145)","(64, 64, 8)",67c228c723221d2b0dd0af0c121b5b49b23e028d9d1a0093222b2ac2e256ae5a
results/2026.09.15-23.03_tilelang_hard-shape_seed=42/failed/wrong_result/failed_calls_main(f0+f0)__f0()_c0ebb6c6eae725ef.json,c0ebb6c6eae725ef,tilelang,wrong_result,待确认,需要逐条缩减及独立语义验证,2,float16,"(7526, 10858, 6256)","(64, 64, 32)",0a8292ccbb162f0611b3c636df9da3cf5c8f8c5bb81b6766e905fb95d68557b6
results/2026.09.15-23.03_tilelang_hard-shape_seed=42/failed/wrong_result/failed_calls_main(f0+f0)__f0()_c9b101ba28b48db8.json,c9b101ba28b48db8,tilelang,wrong_result,待确认,需要逐条缩减及独立语义验证,2,float16,"(8212, 5831, 4715)","(64, 64, 16)",2c1d2800f5fd2eb9d96b3e7cd873ee1be4cf7c743cfe7759eac3b4b1fb5bb716
results/2026.09.15-23.03_tilelang_hard-shape_seed=42/failed/wrong_result/failed_calls_main(f0+f0)__f0()_d66632854a10167a.json,d66632854a10167a,tilelang,wrong_result,待确认,需要逐条缩减及独立语义验证,2,float16,"(11542, 4213, 5856)","(64, 64, 16)",270f86998499a2d7e376f638f3820639346a0ae5499c3ca1acbf02995094b240
results/2026.09.15-23.03_tilelang_hard-shape_seed=42/failed/wrong_result/failed_calls_main(f0+f0)__f0()_d68f6991c903fbfe.json,d68f6991c903fbfe,tilelang,wrong_result,待确认,需要逐条缩减及独立语义验证,2,float32,"(3188, 15421, 11026)","(128, 128, 8)",9f15a9b2df8e587d2949284f1e76d233aac39c09d1bf21b40d321659bee58c13
results/2026.09.15-23.03_tilelang_hard-shape_seed=42/failed/wrong_result/failed_calls_main(f0+f0)__f0()_e7ea09f99e1100ab.json,e7ea09f99e1100ab,tilelang,wrong_result,待确认,需要逐条缩减及独立语义验证,2,float32,"(7864, 10671, 7864)","(64, 16, 16)",7148fd388d4f9f0da748b2ff25c15c11798c953bfdd02754490939fac6f29906
results/2026.09.15-23.03_tilelang_hard-shape_seed=42/failed/wrong_result/failed_calls_main(f0+f0)__f0()_e84d68c934ef046e.json,e84d68c934ef046e,tilelang,wrong_result,K=8已知错误机制候选,与已确认K=8布局/列重复机制同配置；不能因block_K=8判非法，也不能未经缩减把全部219条算独立bug,2,float16,"(1006, 1006, 2339)","(32, 256, 8)",ff1db74e928e351848453fd9a0709c55f674384df423758101f4b4fd863acb83
results/2026.09.15-23.03_tilelang_hard-shape_seed=42/failed/wrong_result/failed_calls_main(f0+f0)__f0()_e919fe763c5f1a8b.json,e919fe763c5f1a8b,tilelang,wrong_result,待确认,需要逐条缩减及独立语义验证,2,float32,"(1234, 5063, 13732)","(16, 64, 8)",2cd0073f5d6b5f2a63af4f07fe26a1db5d0ce8f32e3d35d47f4f1f2d14631184
results/2026.09.15-23.03_tilelang_hard-shape_seed=42/failed/wrong_result/failed_calls_main(f0+f0)__f0()_ec46eaafa9c921b1.json,ec46eaafa9c921b1,tilelang,wrong_result,待确认,需要逐条缩减及独立语义验证,2,float32,"(10315, 14828, 15930)","(64, 32, 32)",299057033742eac6ca5ada92d295f0f16b5d905b4844ffa4fefc7aa58e158ced
results/2026.09.15-23.03_tilelang_hard-shape_seed=42/failed/wrong_result/failed_calls_main(f0+f0)__f0()_fa9f4bd4fe60023e.json,fa9f4bd4fe60023e,tilelang,wrong_result,K=8已知错误机制候选,与已确认K=8布局/列重复机制同配置；不能因block_K=8判非法，也不能未经缩减把全部219条算独立bug,2,float16,"(9803, 10626, 1715)","(16, 128, 8)",af101d530bc84e7f29824bdbdfc0fd8205929adde2528490bf5689b5c9b59abb
results/2026.09.15-23.03_tilelang_hard-shape_seed=42/failed/wrong_result/failed_calls_main(f0+f0)__f0()_fd7f557aa000047f.json,fd7f557aa000047f,tilelang,wrong_result,K=8已知错误机制候选,与已确认K=8布局/列重复机制同配置；不能因block_K=8判非法，也不能未经缩减把全部219条算独立bug,2,float16,"(12140, 3621, 13263)","(256, 64, 8)",06dc61f1e1c256c3e1eb0309684de2f6e79989534cce6b86356914c412a7afa5
results/2026.09.15-23.03_tilelang_hard-shape_seed=42/failed/wrong_result/failed_calls_main(f0+f0+f0)__f0()_076d5f49c4b158fc.json,076d5f49c4b158fc,tilelang,wrong_result,待确认,需要逐条缩减及独立语义验证,2,float32,"(11984, 14110, 16011)","(256, 128, 8)",1d7122e754ca02b50a7f4083e3a3fa04a6cb27acb6b11616ea176b89698d7a2a
results/2026.09.15-23.03_tilelang_hard-shape_seed=42/failed/wrong_result/failed_calls_main(f0+f0+f0)__f0()_1a0125681dc62251.json,1a0125681dc62251,tilelang,wrong_result,待确认,需要逐条缩减及独立语义验证,2,float16,"(1683, 3917, 14072)","(64, 64, 64)",69b0d72cb31d8f326e0bbcd0daa2838057e3e8fd9bb976833e281b30ee8500fb
results/2026.09.15-23.03_tilelang_hard-shape_seed=42/failed/wrong_result/failed_calls_main(f0+f0+f0)__f0()_2125038ce44543c1.json,2125038ce44543c1,tilelang,wrong_result,待确认,需要逐条缩减及独立语义验证,2,float16,"(15321, 4176, 8615)","(32, 64, 64)",8c7484f4d8d71cf655c91da7e2e2dc75b1381bc8f4302c96471909e7c6552a34
results/2026.09.15-23.03_tilelang_hard-shape_seed=42/failed/wrong_result/failed_calls_main(f0+f0+f0)__f0()_346a087fa952da3c.json,346a087fa952da3c,tilelang,wrong_result,待确认,需要逐条缩减及独立语义验证,2,float16,"(11026, 15253, 5876)","(32, 32, 32)",c45065a48e99b8e2fcc5ad27c353ef948012c5188a39072833c3bad9e99ae4bb
results/2026.09.15-23.03_tilelang_hard-shape_seed=42/failed/wrong_result/failed_calls_main(f0+f0+f0)__f0()_4a2ea09cf936a0cc.json,4a2ea09cf936a0cc,tilelang,wrong_result,待确认,需要逐条缩减及独立语义验证,2,float32,"(2017, 8615, 4044)","(16, 64, 8)",d64cf1a8091b27ff9ee7101d643cdfd5f1098052ee80282dc69fa8440f071a03
results/2026.09.15-23.03_tilelang_hard-shape_seed=42/failed/wrong_result/failed_calls_main(f0+f0+f0)__f0()_628bf9d6a7f598e0.json,628bf9d6a7f598e0,tilelang,wrong_result,待确认,需要逐条缩减及独立语义验证,2,float32,"(4896, 10316, 4659)","(32, 32, 32)",ac9fb4fb1a7857f0716e3434d8596835df4d64468a0a511ea05b954fdb66ab1c
results/2026.09.15-23.03_tilelang_hard-shape_seed=42/failed/wrong_result/failed_calls_main(f0+f0+f0)__f0()_7e882cac88101a7e.json,7e882cac88101a7e,tilelang,wrong_result,待确认,需要逐条缩减及独立语义验证,2,float32,"(6053, 7797, 3548)","(256, 128, 8)",3aba29de42fc6e2767d5eae6ff1646b98b7fdf78c40fc4c0999aad76c29e7307
results/2026.09.15-23.03_tilelang_hard-shape_seed=42/failed/wrong_result/failed_calls_main(f0+f0+f0)__f0()_9c7041529e56d456.json,9c7041529e56d456,tilelang,wrong_result,待确认,需要逐条缩减及独立语义验证,2,float16,"(7428, 7428, 4651)","(16, 256, 32)",cc162376decfd96d1edb1e0160fee6b1995e829054ccb73d207a739411a2b903
results/2026.09.15-23.03_tilelang_hard-shape_seed=42/failed/wrong_result/failed_calls_main(f0+f0+f0)__f0()_b5a29e8ead56b6c2.json,b5a29e8ead56b6c2,tilelang,wrong_result,待确认,需要逐条缩减及独立语义验证,2,float32,"(12622, 1679, 14995)","(128, 128, 32)",6617a27bdb768c29e316bcaa42334112804e2397f28dca0941a401203d1620c0
results/2026.09.15-23.03_tilelang_hard-shape_seed=42/failed/wrong_result/failed_calls_main(f0+f0+f0)__f0()_c77a4074dde1faa3.json,c77a4074dde1faa3,tilelang,wrong_result,K=8已知错误机制候选,与已确认K=8布局/列重复机制同配置；不能因block_K=8判非法，也不能未经缩减把全部219条算独立bug,2,float16,"(16164, 12864, 9235)","(64, 64, 8)",b6859eecb5c239b9cc51dd32a703c7c9bb65de3238b8bcafda603fdd07649c4d
results/2026.09.15-23.03_tilelang_hard-shape_seed=42/failed/wrong_result/failed_calls_main(f0+f0+f0)__f0()_d6ded6a32880df80.json,d6ded6a32880df80,tilelang,wrong_result,待确认,需要逐条缩减及独立语义验证,2,float16,"(5206, 1622, 3594)","(32, 32, 64)",74265cd05c25a70e0a92c3b8760435c2b9330884820dcb30458e6011ce9f9e67
results/2026.09.15-23.03_tilelang_hard-shape_seed=42/failed/wrong_result/failed_calls_main(f0+f0+f1)__f0()__f1(f0+f0)_9373971f6a36451a.json,9373971f6a36451a,tilelang,wrong_result,待确认,需要逐条缩减及独立语义验证,2,float16,"(13032, 10883, 8714)","(32, 16, 32)",3188627a5dd7462b1d91a326458ae684a2794fef55304ffba6c8966bf52e1d03
results/2026.09.15-23.03_tilelang_hard-shape_seed=42/failed/wrong_result/failed_calls_main(f0+f1)__f0()__f1(f0)_072b3002db7ab197.json,072b3002db7ab197,tilelang,wrong_result,待确认,需要逐条缩减及独立语义验证,2,float32,"(3953, 548, 12565)","(32, 32, 8)",3ce6bf97fe43546d87ea9131418583813d612ae55abe8e0b5a020d85059ebf9a
results/2026.09.15-23.03_tilelang_hard-shape_seed=42/failed/wrong_result/failed_calls_main(f0+f1)__f0()__f1(f0)_4320e4e2332454ea.json,4320e4e2332454ea,tilelang,wrong_result,待确认,需要逐条缩减及独立语义验证,2,float16,"(2237, 10777, 1040)","(256, 32, 32)",a336f85cbba49c236ef0520e2c5a27d530b27615b4b483a8c095be62adcd1cf6
results/2026.09.15-23.03_tilelang_hard-shape_seed=42/failed/wrong_result/failed_calls_main(f0+f1)__f0()__f1(f0)_4fc78293b99e4015.json,4fc78293b99e4015,tilelang,wrong_result,待确认,需要逐条缩减及独立语义验证,2,float16,"(5115, 10316, 9362)","(128, 256, 16)",d0f01bd8d104a8f5c6d8b74c7cdf22c62c558a62476f0c07c932b48019d3b9e2
results/2026.09.15-23.03_tilelang_hard-shape_seed=42/failed/wrong_result/failed_calls_main(f0+f1)__f0()__f1(f0)_50adc2c6a8fd21ce.json,50adc2c6a8fd21ce,tilelang,wrong_result,待确认,需要逐条缩减及独立语义验证,2,float32,"(1082, 1174, 1683)","(128, 32, 8)",1021093a624d41db164ff5a94b6cee398e07bda594cfec9a1c605bd21f62181e
results/2026.09.15-23.03_tilelang_hard-shape_seed=42/failed/wrong_result/failed_calls_main(f0+f1)__f0()__f1(f0)_6bcf46f817bc707e.json,6bcf46f817bc707e,tilelang,wrong_result,待确认,需要逐条缩减及独立语义验证,2,float32,"(16340, 11682, 8959)","(32, 32, 16)",a264fd5bed9bafbee5501d5cc18226400b5dcf0f7a6e343294d9eb85eb754e3d
results/2026.09.15-23.03_tilelang_hard-shape_seed=42/failed/wrong_result/failed_calls_main(f0+f1)__f0()__f1(f0)_7afd42c6f513bf13.json,7afd42c6f513bf13,tilelang,wrong_result,待确认,需要逐条缩减及独立语义验证,2,float16,"(13732, 14064, 5051)","(32, 32, 128)",83135a7349bf514c3ea1969ec922823bbfb67a051a0581b3179ec0b54c5ffbe7
results/2026.09.15-23.03_tilelang_hard-shape_seed=42/failed/wrong_result/failed_calls_main(f0+f1)__f0()__f1(f0)_a5fc86dd76cd5d17.json,a5fc86dd76cd5d17,tilelang,wrong_result,K=8已知错误机制候选,与已确认K=8布局/列重复机制同配置；不能因block_K=8判非法，也不能未经缩减把全部219条算独立bug,2,float16,"(15296, 5774, 2875)","(16, 64, 8)",2593a5804f07c8ab009835e1dd7b88b0b579da0c21525f04da9ba82bf77ab297
results/2026.09.15-23.03_tilelang_hard-shape_seed=42/failed/wrong_result/failed_calls_main(f0+f1)__f0()__f1(f0)_df308fe9676964ec.json,df308fe9676964ec,tilelang,wrong_result,待确认,需要逐条缩减及独立语义验证,2,float16,"(12684, 383, 8541)","(16, 32, 8)",4905e2fd6d61c807c4e8641092a4b539da033aa7e95fcd40e00880f7d7118120
results/2026.09.15-23.03_tilelang_hard-shape_seed=42/failed/wrong_result/failed_calls_main(f0+f1)__f0()__f1(f0)_fa2902fb14cec203.json,fa2902fb14cec203,tilelang,wrong_result,待确认,需要逐条缩减及独立语义验证,2,float16,"(14694, 961, 10080)","(32, 128, 64)",28a2557dee5fa067836f56dc7fb10824e0895ab4eeb2cb2271347b3ecf7d8606
results/2026.09.15-23.03_tilelang_hard-shape_seed=42/failed/wrong_result/failed_calls_main(f0+f1)__f0()__f1(f0+f0)_c74ae74d802eb119.json,c74ae74d802eb119,tilelang,wrong_result,待确认,需要逐条缩减及独立语义验证,2,float16,"(15884, 11360, 2423)","(32, 128, 128)",97f411f4eace35bdfac2b19ee2cd4ead6ac82a8208baae76e1c9ef98d0a56abd
results/2026.09.15-23.03_tilelang_hard-shape_seed=42/failed/wrong_result/failed_calls_main(f0+f1+f1)__f0()__f1(f0)_414032a0e5b9fdc7.json,414032a0e5b9fdc7,tilelang,wrong_result,待确认,需要逐条缩减及独立语义验证,2,float32,"(1080, 5787, 7485)","(32, 32, 64)",0e58943142c9ac783c6e2a1d401137dfa16b9483397f6e7af6ac416a09cee401
results/2026.09.15-23.03_tilelang_hard-shape_seed=42/failed/wrong_result/failed_calls_main(f0+f1+f1)__f0()__f1(f0)_65395d427a780123.json,65395d427a780123,tilelang,wrong_result,待确认,需要逐条缩减及独立语义验证,2,float32,"(4176, 2457, 10594)","(32, 32, 8)",3b84b58faddcd634be40908b139d8e25d3641c21e7e1036b5b92e6fc5acd53bc
results/2026.09.15-23.03_tilelang_hard-shape_seed=42/failed/wrong_result/failed_calls_main(f1)__f0()__f1(f0)_0687feeeff24aa85.json,0687feeeff24aa85,tilelang,wrong_result,待确认,需要逐条缩减及独立语义验证,2,float16,"(13508, 9738, 8142)","(32, 128, 32)",b4dcf108b540354b1b0bccb4dfa5aebe5cca8f7b8ad0524e62b84be67a433066
results/2026.09.15-23.03_tilelang_hard-shape_seed=42/failed/wrong_result/failed_calls_main(f1)__f0()__f1(f0)_07a4a1d7686f453b.json,07a4a1d7686f453b,tilelang,wrong_result,待确认,需要逐条缩减及独立语义验证,2,float16,"(14694, 9827, 11978)","(32, 16, 16)",621cc968f57edaeffa5daed22c06e42ebfefc3a251d9c2ce77a34b82a8a0126b
results/2026.09.15-23.03_tilelang_hard-shape_seed=42/failed/wrong_result/failed_calls_main(f1)__f0()__f1(f0)_0fd9f4dae669baad.json,0fd9f4dae669baad,tilelang,wrong_result,K=8已知错误机制候选,与已确认K=8布局/列重复机制同配置；不能因block_K=8判非法，也不能未经缩减把全部219条算独立bug,2,float16,"(566, 15651, 12198)","(128, 128, 8)",89a80ff74dfffa06a741e348804b020401c73a35a4ea9993f348e04d84a4e9e3
results/2026.09.15-23.03_tilelang_hard-shape_seed=42/failed/wrong_result/failed_calls_main(f1)__f0()__f1(f0)_12083d53fe90e735.json,12083d53fe90e735,tilelang,wrong_result,K=8已知错误机制候选,与已确认K=8布局/列重复机制同配置；不能因block_K=8判非法，也不能未经缩减把全部219条算独立bug,2,float16,"(7218, 11561, 4997)","(64, 64, 8)",73cb886f40a90a892cfa0fa8920604e5d37ec65c3699e266a67545d537c643dd
results/2026.09.15-23.03_tilelang_hard-shape_seed=42/failed/wrong_result/failed_calls_main(f1)__f0()__f1(f0)_13aeb169ee5ebc32.json,13aeb169ee5ebc32,tilelang,wrong_result,待确认,需要逐条缩减及独立语义验证,2,float32,"(4719, 4719, 8486)","(32, 32, 8)",cd611c975d678ccc2f796b3bf0bd56760ded353e5e5daa65f152c1823a7528cf
results/2026.09.15-23.03_tilelang_hard-shape_seed=42/failed/wrong_result/failed_calls_main(f1)__f0()__f1(f0)_140535d90dbdf13d.json,140535d90dbdf13d,tilelang,wrong_result,待确认,需要逐条缩减及独立语义验证,2,float16,"(14470, 4715, 8212)","(32, 32, 64)",02651d2c84a32b7860d3dc97a382bbcfa27fd20bfdd0b4017b11e55bed7c735c
results/2026.09.15-23.03_tilelang_hard-shape_seed=42/failed/wrong_result/failed_calls_main(f1)__f0()__f1(f0)_14b26f5829a8abed.json,14b26f5829a8abed,tilelang,wrong_result,待确认,需要逐条缩减及独立语义验证,2,float32,"(1374, 14594, 13979)","(64, 64, 32)",ac390377d6be720a37f332189afa0210d18233b581a5edc7d358450baece6c07
results/2026.09.15-23.03_tilelang_hard-shape_seed=42/failed/wrong_result/failed_calls_main(f1)__f0()__f1(f0)_1606a1d2261ce00d.json,1606a1d2261ce00d,tilelang,wrong_result,待确认,需要逐条缩减及独立语义验证,2,float16,"(256, 7812, 8652)","(256, 32, 16)",cc332f38b66f856f8c798c543624d62c512ec487613cf42cfdb27ac7a19cf8a9
results/2026.09.15-23.03_tilelang_hard-shape_seed=42/failed/wrong_result/failed_calls_main(f1)__f0()__f1(f0)_18a5d9cad45636aa.json,18a5d9cad45636aa,tilelang,wrong_result,待确认,需要逐条缩减及独立语义验证,2,float16,"(1850, 1338, 2225)","(128, 16, 16)",15cfe33e5ae829993013778d5a93804b1bf66169bf4213c5ccf451bdd04db39a
results/2026.09.15-23.03_tilelang_hard-shape_seed=42/failed/wrong_result/failed_calls_main(f1)__f0()__f1(f0)_19c5682cec484a44.json,19c5682cec484a44,tilelang,wrong_result,K=8已知错误机制候选,与已确认K=8布局/列重复机制同配置；不能因block_K=8判非法，也不能未经缩减把全部219条算独立bug,2,float16,"(4575, 2039, 3028)","(16, 256, 8)",3e63a3236fda0eb731f4f49827ec9df8dd04e30f7b5e110fb546d948c86e0017
results/2026.09.15-23.03_tilelang_hard-shape_seed=42/failed/wrong_result/failed_calls_main(f1)__f0()__f1(f0)_1c01697e295967cd.json,1c01697e295967cd,tilelang,wrong_result,待确认,需要逐条缩减及独立语义验证,2,float16,"(1678, 12759, 3589)","(256, 256, 32)",b5e68cdb1520154ebac3e95c9e538380172599d04d223a25818ab3eba01c6d21
results/2026.09.15-23.03_tilelang_hard-shape_seed=42/failed/wrong_result/failed_calls_main(f1)__f0()__f1(f0)_1c7f134fc7513773.json,1c7f134fc7513773,tilelang,wrong_result,待确认,需要逐条缩减及独立语义验证,2,float32,"(7864, 5856, 7864)","(64, 64, 32)",37b18402edb23f496663562dc8a22cb05c75f90dc8dd4c12ff5774218265a919
results/2026.09.15-23.03_tilelang_hard-shape_seed=42/failed/wrong_result/failed_calls_main(f1)__f0()__f1(f0)_1e977892c5df659e.json,1e977892c5df659e,tilelang,wrong_result,待确认,需要逐条缩减及独立语义验证,2,float32,"(11841, 13870, 13870)","(32, 32, 16)",387b459399afb9a1b96c1070c2aa6dd71a0b31d444d8b240766aed16dd91e67f
results/2026.09.15-23.03_tilelang_hard-shape_seed=42/failed/wrong_result/failed_calls_main(f1)__f0()__f1(f0)_1eee1eb61a9c6a7b.json,1eee1eb61a9c6a7b,tilelang,wrong_result,待确认,需要逐条缩减及独立语义验证,2,float32,"(4715, 3482, 14437)","(64, 32, 64)",e5f3c723ceaf4acdaad1850897e93999e6d592836e7a686b9784be4f38affe64
results/2026.09.15-23.03_tilelang_hard-shape_seed=42/failed/wrong_result/failed_calls_main(f1)__f0()__f1(f0)_205035944b3fa2be.json,205035944b3fa2be,tilelang,wrong_result,K=8已知错误机制候选,与已确认K=8布局/列重复机制同配置；不能因block_K=8判非法，也不能未经缩减把全部219条算独立bug,2,float16,"(1080, 9152, 3434)","(128, 128, 8)",4b5b34be634d4a577f634b2324169256663d3dd5f44ed3f6365d7663ed182526
results/2026.09.15-23.03_tilelang_hard-shape_seed=42/failed/wrong_result/failed_calls_main(f1)__f0()__f1(f0)_257ef2ec80cf6af9.json,257ef2ec80cf6af9,tilelang,wrong_result,待确认,需要逐条缩减及独立语义验证,2,float32,"(10047, 8906, 9168)","(64, 64, 16)",13b20974b1ae1b9654453037007a863db21c0687e9756d3f0850eefe3f91e5e3
results/2026.09.15-23.03_tilelang_hard-shape_seed=42/failed/wrong_result/failed_calls_main(f1)__f0()__f1(f0)_27769e8543d23264.json,27769e8543d23264,tilelang,wrong_result,待确认,需要逐条缩减及独立语义验证,2,float16,"(7779, 8453, 9955)","(64, 64, 128)",bdb1103f49e193c2654eacbf4c6f9bf199f0b2b8e85c333e1309d8330663b7c7
results/2026.09.15-23.03_tilelang_hard-shape_seed=42/failed/wrong_result/failed_calls_main(f1)__f0()__f1(f0)_288df279b412e4da.json,288df279b412e4da,tilelang,wrong_result,待确认,需要逐条缩减及独立语义验证,2,float32,"(14421, 2116, 2116)","(128, 64, 8)",2c93ccc3b24a20bf0675b461679a28fc79198801afcaf7ba73ca83491cb4b138
results/2026.09.15-23.03_tilelang_hard-shape_seed=42/failed/wrong_result/failed_calls_main(f1)__f0()__f1(f0)_296d05fb521ae334.json,296d05fb521ae334,tilelang,wrong_result,待确认,需要逐条缩减及独立语义验证,2,float32,"(6053, 9863, 16184)","(128, 256, 16)",b92abfbbc5b849ac8c191f78cf59d4b5eeb0c57081cd9e6e91745262532b233a
results/2026.09.15-23.03_tilelang_hard-shape_seed=42/failed/wrong_result/failed_calls_main(f1)__f0()__f1(f0)_2a034528a6db585d.json,2a034528a6db585d,tilelang,wrong_result,待确认,需要逐条缩减及独立语义验证,2,float16,"(3848, 3848, 6066)","(128, 32, 32)",8ae820845d937ca9bcad02264f5792726dd9300a438092040fb5d331d8e1e402
results/2026.09.15-23.03_tilelang_hard-shape_seed=42/failed/wrong_result/failed_calls_main(f1)__f0()__f1(f0)_2bb7a6b54ebef366.json,2bb7a6b54ebef366,tilelang,wrong_result,K=8已知错误机制候选,与已确认K=8布局/列重复机制同配置；不能因block_K=8判非法，也不能未经缩减把全部219条算独立bug,2,float16,"(911, 4173, 12386)","(32, 128, 8)",b2efd9e2f63499ede15eeb1ed6c505412712eff01a2d253baada995d79837bc6
results/2026.09.15-23.03_tilelang_hard-shape_seed=42/failed/wrong_result/failed_calls_main(f1)__f0()__f1(f0)_2c041d413349b371.json,2c041d413349b371,tilelang,wrong_result,待确认,需要逐条缩减及独立语义验证,2,float16,"(13156, 1027, 12614)","(32, 32, 64)",badb3247ffa433d57540f7e3eac50bb42f42667a956282f0544fbc09767d8b88
results/2026.09.15-23.03_tilelang_hard-shape_seed=42/failed/wrong_result/failed_calls_main(f1)__f0()__f1(f0)_304732d9e66c82b9.json,304732d9e66c82b9,tilelang,wrong_result,待确认,需要逐条缩减及独立语义验证,2,float32,"(14837, 13350, 7903)","(128, 256, 16)",9a8ad4d12639671df752ef4bfb9020ce622ab4e3850131ac23642666c03fc444
results/2026.09.15-23.03_tilelang_hard-shape_seed=42/failed/wrong_result/failed_calls_main(f1)__f0()__f1(f0)_3201b53fff812e20.json,3201b53fff812e20,tilelang,wrong_result,待确认,需要逐条缩减及独立语义验证,2,float16,"(10395, 14828, 9025)","(256, 128, 64)",541e2e9e0a46ef784d74676a0ed79b60a8e7b5f9a5e105d215a28314173cc770
results/2026.09.15-23.03_tilelang_hard-shape_seed=42/failed/wrong_result/failed_calls_main(f1)__f0()__f1(f0)_3555412a58bcdec9.json,3555412a58bcdec9,tilelang,wrong_result,待确认,需要逐条缩减及独立语义验证,2,float32,"(8453, 4509, 15474)","(64, 256, 8)",2d427ab2871dba120d0bb1fa4d16252a7ce979778019fdcc5e9de309b66203aa
results/2026.09.15-23.03_tilelang_hard-shape_seed=42/failed/wrong_result/failed_calls_main(f1)__f0()__f1(f0)_371b38e52096d784.json,371b38e52096d784,tilelang,wrong_result,待确认,需要逐条缩减及独立语义验证,2,float16,"(7083, 5124, 8785)","(128, 64, 128)",f6776f03ac59e009712f456831705afab6596253835c59203b7b75253d9849e1
results/2026.09.15-23.03_tilelang_hard-shape_seed=42/failed/wrong_result/failed_calls_main(f1)__f0()__f1(f0)_375635b5203ff352.json,375635b5203ff352,tilelang,wrong_result,待确认,需要逐条缩减及独立语义验证,2,float16,"(3929, 12547, 15863)","(128, 128, 16)",796348d45d3676d131aade87898798d8415b4a8899a76c507ac7aa5ccf0cbccb
results/2026.09.15-23.03_tilelang_hard-shape_seed=42/failed/wrong_result/failed_calls_main(f1)__f0()__f1(f0)_3a42aed97b912943.json,3a42aed97b912943,tilelang,wrong_result,待确认,需要逐条缩减及独立语义验证,2,float32,"(12183, 12227, 1013)","(32, 256, 8)",b7da2f4c280dbdc973379114826f8bfe8064236f4c714cf9a7e85386f78a93c3
results/2026.09.15-23.03_tilelang_hard-shape_seed=42/failed/wrong_result/failed_calls_main(f1)__f0()__f1(f0)_3f1c9de998da3f23.json,3f1c9de998da3f23,tilelang,wrong_result,K=8已知错误机制候选,与已确认K=8布局/列重复机制同配置；不能因block_K=8判非法，也不能未经缩减把全部219条算独立bug,2,float16,"(9227, 1079, 15190)","(128, 16, 8)",49705b3f4c8989e07fb2906efd0ecfdc340170ac06863a1d8ab76c30d684e48f
results/2026.09.15-23.03_tilelang_hard-shape_seed=42/failed/wrong_result/failed_calls_main(f1)__f0()__f1(f0)_3f6a6d3e9355b0fa.json,3f6a6d3e9355b0fa,tilelang,wrong_result,K=8已知错误机制候选,与已确认K=8布局/列重复机制同配置；不能因block_K=8判非法，也不能未经缩减把全部219条算独立bug,2,float16,"(7694, 8290, 13729)","(64, 128, 8)",6d0e595d134902ade72abd019780264d53806b73bf84ff25765efb76f12f6ed7
results/2026.09.15-23.03_tilelang_hard-shape_seed=42/failed/wrong_result/failed_calls_main(f1)__f0()__f1(f0)_41979a20c15b4be8.json,41979a20c15b4be8,tilelang,wrong_result,待确认,需要逐条缩减及独立语义验证,2,float32,"(6833, 8272, 16102)","(256, 128, 8)",131c80dd2d96b1c159e15de024a27c123e8c46739c2eb5043e628a6a55460add
results/2026.09.15-23.03_tilelang_hard-shape_seed=42/failed/wrong_result/failed_calls_main(f1)__f0()__f1(f0)_465291190025c3ff.json,465291190025c3ff,tilelang,wrong_result,K=8已知错误机制候选,与已确认K=8布局/列重复机制同配置；不能因block_K=8判非法，也不能未经缩减把全部219条算独立bug,2,float16,"(2599, 2599, 178)","(64, 256, 8)",333b3937695c83d7e6c249deb2a3d999abd54f9b0d97207bf809b2f0486a3081
results/2026.09.15-23.03_tilelang_hard-shape_seed=42/failed/wrong_result/failed_calls_main(f1)__f0()__f1(f0)_4dbaa71c544e8cbd.json,4dbaa71c544e8cbd,tilelang,wrong_result,K=8已知错误机制候选,与已确认K=8布局/列重复机制同配置；不能因block_K=8判非法，也不能未经缩减把全部219条算独立bug,2,float16,"(5002, 3365, 5132)","(128, 128, 8)",20431a3d636aec689925e0ab41dbe67105e9ff02c0d6588e6dde36cf78e818f4
results/2026.09.15-23.03_tilelang_hard-shape_seed=42/failed/wrong_result/failed_calls_main(f1)__f0()__f1(f0)_5112419dde24646f.json,5112419dde24646f,tilelang,wrong_result,待确认,需要逐条缩减及独立语义验证,2,float32,"(14509, 840, 1174)","(32, 32, 8)",29d1616eee560fe547a5d4f6d96acc2eaf074e5f579bd53226d26c1d330b2bb9
results/2026.09.15-23.03_tilelang_hard-shape_seed=42/failed/wrong_result/failed_calls_main(f1)__f0()__f1(f0)_514c4b4b8a7e55af.json,514c4b4b8a7e55af,tilelang,wrong_result,待确认,需要逐条缩减及独立语义验证,2,float32,"(11851, 9267, 3435)","(16, 64, 128)",fe88283c27dddb522217d669168b01bc0d66aa0ef6265fea1330073ed09bb3f5
results/2026.09.15-23.03_tilelang_hard-shape_seed=42/failed/wrong_result/failed_calls_main(f1)__f0()__f1(f0)_53bdcdb478ae2ee1.json,53bdcdb478ae2ee1,tilelang,wrong_result,待确认,需要逐条缩减及独立语义验证,2,float32,"(15329, 5125, 5976)","(128, 32, 8)",ebe443b06dc1566c2741d6563892d550ed977a1063220124bd189975f7686a15
results/2026.09.15-23.03_tilelang_hard-shape_seed=42/failed/wrong_result/failed_calls_main(f1)__f0()__f1(f0)_5f06f1da9359e6d5.json,5f06f1da9359e6d5,tilelang,wrong_result,待确认,需要逐条缩减及独立语义验证,2,float32,"(4304, 2722, 3274)","(32, 32, 8)",a33b8ccfd1a4fd12800b97e5533ba67a82d6e4757281994f01da45035d2d8443
results/2026.09.15-23.03_tilelang_hard-shape_seed=42/failed/wrong_result/failed_calls_main(f1)__f0()__f1(f0)_66d89a45b557e770.json,66d89a45b557e770,tilelang,wrong_result,待确认,需要逐条缩减及独立语义验证,2,float16,"(7352, 7352, 1569)","(32, 32, 64)",d45d3013b178538367639da4517868c40390e971abcd28b0ad833d816cb7c1bd
results/2026.09.15-23.03_tilelang_hard-shape_seed=42/failed/wrong_result/failed_calls_main(f1)__f0()__f1(f0)_6bfaa806d699cb61.json,6bfaa806d699cb61,tilelang,wrong_result,待确认,需要逐条缩减及独立语义验证,2,float16,"(3704, 5591, 8275)","(32, 32, 8)",0721e20d4a43dec56f2a9b05e4d697d3d4856023f0f5d1de18b4f5a184c03f7d
results/2026.09.15-23.03_tilelang_hard-shape_seed=42/failed/wrong_result/failed_calls_main(f1)__f0()__f1(f0)_6ceaf1e514345cc6.json,6ceaf1e514345cc6,tilelang,wrong_result,待确认,需要逐条缩减及独立语义验证,2,float32,"(1051, 2518, 12936)","(16, 32, 32)",538cc2e421dd770d04bdfd0d3369e3a0384d317405071107f626783107e8e902
results/2026.09.15-23.03_tilelang_hard-shape_seed=42/failed/wrong_result/failed_calls_main(f1)__f0()__f1(f0)_75e2f00088b714c7.json,75e2f00088b714c7,tilelang,wrong_result,待确认,需要逐条缩减及独立语义验证,2,float32,"(5557, 8945, 80)","(64, 64, 16)",713d2d12f794972e4134833cb50ea61d1edf6f22faef7d194d1da487ba2132ee
results/2026.09.15-23.03_tilelang_hard-shape_seed=42/failed/wrong_result/failed_calls_main(f1)__f0()__f1(f0)_77ba463457965e3b.json,77ba463457965e3b,tilelang,wrong_result,待确认,需要逐条缩减及独立语义验证,2,float32,"(12265, 1975, 6099)","(32, 32, 8)",3b0c299e2fe744cd16525fdf19877011a5dee3fb1027050b6edcc44fdd146df7
results/2026.09.15-23.03_tilelang_hard-shape_seed=42/failed/wrong_result/failed_calls_main(f1)__f0()__f1(f0)_781dd58cb679a6bf.json,781dd58cb679a6bf,tilelang,wrong_result,待确认,需要逐条缩减及独立语义验证,2,float32,"(4509, 14828, 11991)","(64, 32, 32)",7151ac42d3952f7129fe7f768793847f518a937f9666ae60b496c5e7981ab3b2
results/2026.09.15-23.03_tilelang_hard-shape_seed=42/failed/wrong_result/failed_calls_main(f1)__f0()__f1(f0)_7c36a4eb4b07b6d1.json,7c36a4eb4b07b6d1,tilelang,wrong_result,待确认,需要逐条缩减及独立语义验证,2,float16,"(1507, 1029, 496)","(64, 64, 128)",3ccbac028df1b30dea4821c8d653f7ae5b230e567b32efe6883e3e58f4f09cbc
results/2026.09.15-23.03_tilelang_hard-shape_seed=42/failed/wrong_result/failed_calls_main(f1)__f0()__f1(f0)_7f1aa8b43e235258.json,7f1aa8b43e235258,tilelang,wrong_result,待确认,需要逐条缩减及独立语义验证,2,float16,"(3846, 3846, 4123)","(32, 32, 8)",b6247f8fb261dceeff6ea21e622843aa8be4b8b03b9d6585a03e5af2d47e6025
results/2026.09.15-23.03_tilelang_hard-shape_seed=42/failed/wrong_result/failed_calls_main(f1)__f0()__f1(f0)_835d1e447e89b6b3.json,835d1e447e89b6b3,tilelang,wrong_result,待确认,需要逐条缩减及独立语义验证,2,float16,"(11495, 13446, 11705)","(128, 128, 32)",65b8a3deb845b9c65728dbc3a0ce78eb52390fde28244d5e908e39d1e1048030
results/2026.09.15-23.03_tilelang_hard-shape_seed=42/failed/wrong_result/failed_calls_main(f1)__f0()__f1(f0)_83de1eac823c2e0c.json,83de1eac823c2e0c,tilelang,wrong_result,待确认,需要逐条缩减及独立语义验证,2,float16,"(8796, 3143, 1963)","(16, 64, 64)",4406898070db2863c965cbcf7b9d5b8fe8f924d9522676087bcaa20aea56a23a
results/2026.09.15-23.03_tilelang_hard-shape_seed=42/failed/wrong_result/failed_calls_main(f1)__f0()__f1(f0)_851f654ace86baf7.json,851f654ace86baf7,tilelang,wrong_result,待确认,需要逐条缩减及独立语义验证,2,float32,"(14496, 2722, 2875)","(128, 128, 16)",7a38e8817e8a98e52418e5c6c84e2b3c8c5f32069523407ab96697e97fce8028
results/2026.09.15-23.03_tilelang_hard-shape_seed=42/failed/wrong_result/failed_calls_main(f1)__f0()__f1(f0)_873b8c5f7fd05553.json,873b8c5f7fd05553,tilelang,wrong_result,待确认,需要逐条缩减及独立语义验证,2,float32,"(7828, 13273, 1044)","(128, 256, 8)",2809bf8415f9aecf29d674b929efa6fe5f2ada8f1f8c30dbf5187417a491f4d5
results/2026.09.15-23.03_tilelang_hard-shape_seed=42/failed/wrong_result/failed_calls_main(f1)__f0()__f1(f0)_894b0e4b90c4b96c.json,894b0e4b90c4b96c,tilelang,wrong_result,K=8已知错误机制候选,与已确认K=8布局/列重复机制同配置；不能因block_K=8判非法，也不能未经缩减把全部219条算独立bug,2,float16,"(10311, 15550, 3632)","(128, 128, 8)",a988754b64eefcb1b300cb08b4c18f9a4c6de9faf5231f1da15b689bd5f47fd4
results/2026.09.15-23.03_tilelang_hard-shape_seed=42/failed/wrong_result/failed_calls_main(f1)__f0()__f1(f0)_8ac7511236d3b2fc.json,8ac7511236d3b2fc,tilelang,wrong_result,待确认,需要逐条缩减及独立语义验证,2,float16,"(6664, 7571, 5176)","(64, 64, 8)",4fc46d948325eba1206d74eaff0ae62ce8ca6d936e221fdff7af2a0479e1965f
results/2026.09.15-23.03_tilelang_hard-shape_seed=42/failed/wrong_result/failed_calls_main(f1)__f0()__f1(f0)_8bd6ad95d9762d48.json,8bd6ad95d9762d48,tilelang,wrong_result,待确认,需要逐条缩减及独立语义验证,2,float16,"(7165, 2849, 7165)","(128, 16, 64)",59213d4c22b87d85b0e7938716c2001347cd474363b47920b9324b96795a9a54
results/2026.09.15-23.03_tilelang_hard-shape_seed=42/failed/wrong_result/failed_calls_main(f1)__f0()__f1(f0)_8d84a8757072c8bf.json,8d84a8757072c8bf,tilelang,wrong_result,K=8已知错误机制候选,与已确认K=8布局/列重复机制同配置；不能因block_K=8判非法，也不能未经缩减把全部219条算独立bug,2,float16,"(1679, 8486, 1679)","(128, 128, 8)",8c5c5e801d66f0aa0182a792ca1ee5c6b4d6384a1ebf63f5f944ed7faf405981
results/2026.09.15-23.03_tilelang_hard-shape_seed=42/failed/wrong_result/failed_calls_main(f1)__f0()__f1(f0)_964886fce5b2446a.json,964886fce5b2446a,tilelang,wrong_result,待确认,需要逐条缩减及独立语义验证,2,float32,"(12759, 14770, 3165)","(32, 32, 128)",93a76092cc5a7ebc0cb4d729cbe1f309893ffae576fcffcb32fc22c2aa46581d
results/2026.09.15-23.03_tilelang_hard-shape_seed=42/failed/wrong_result/failed_calls_main(f1)__f0()__f1(f0)_98ec4236d0ee5af8.json,98ec4236d0ee5af8,tilelang,wrong_result,待确认,需要逐条缩减及独立语义验证,2,float32,"(1963, 13870, 5935)","(256, 16, 32)",b6d4faf0ab7501353ac9e2395592ef2c2c652ad12af495d0fc2e3fbd52de275d
results/2026.09.15-23.03_tilelang_hard-shape_seed=42/failed/wrong_result/failed_calls_main(f1)__f0()__f1(f0)_a81c2f2111fdcd04.json,a81c2f2111fdcd04,tilelang,wrong_result,待确认,需要逐条缩减及独立语义验证,2,float32,"(12113, 13083, 4651)","(64, 64, 8)",09ed5539049eca598e761d26d8b8264dc06c896d1fcab84bcafe1baa4dcad7ac
results/2026.09.15-23.03_tilelang_hard-shape_seed=42/failed/wrong_result/failed_calls_main(f1)__f0()__f1(f0)_ad18d2e3cc1fa11d.json,ad18d2e3cc1fa11d,tilelang,wrong_result,待确认,需要逐条缩减及独立语义验证,2,float16,"(3122, 8181, 8580)","(256, 128, 64)",f2dd8f5056c3b47ae3002b9cd9b4e6f680260b6a78dc9e8d295620d5cfb83597
results/2026.09.15-23.03_tilelang_hard-shape_seed=42/failed/wrong_result/failed_calls_main(f1)__f0()__f1(f0)_b06b464c3f4c1fe0.json,b06b464c3f4c1fe0,tilelang,wrong_result,K=8已知错误机制候选,与已确认K=8布局/列重复机制同配置；不能因block_K=8判非法，也不能未经缩减把全部219条算独立bug,2,float16,"(4268, 14340, 14999)","(16, 128, 8)",8513a4359be7de75e238fcdcf8866edae407260d24593fb057fd31c64660433a
results/2026.09.15-23.03_tilelang_hard-shape_seed=42/failed/wrong_result/failed_calls_main(f1)__f0()__f1(f0)_b1a9bd2c41291e4c.json,b1a9bd2c41291e4c,tilelang,wrong_result,待确认,需要逐条缩减及独立语义验证,2,float32,"(13032, 2535, 14246)","(64, 64, 16)",43a607d8452a0a26eb7a3aaaf6f858fa0b6d04305da9f6a80da13901cb1c2905
results/2026.09.15-23.03_tilelang_hard-shape_seed=42/failed/wrong_result/failed_calls_main(f1)__f0()__f1(f0)_b1f388c952e583ff.json,b1f388c952e583ff,tilelang,wrong_result,待确认,需要逐条缩减及独立语义验证,2,float16,"(2184, 16184, 1399)","(64, 64, 128)",5cc36f94270523a6e0145e7364420b4f8e3657d686028f33fb6bcf3651a45d0d
results/2026.09.15-23.03_tilelang_hard-shape_seed=42/failed/wrong_result/failed_calls_main(f1)__f0()__f1(f0)_b58bbe5c6482f0b1.json,b58bbe5c6482f0b1,tilelang,wrong_result,待确认,需要逐条缩减及独立语义验证,2,float32,"(2154, 12315, 1080)","(64, 32, 32)",998124c641e0b4324f5145ee362be7fd855a01bce7a64ec1fd5212d9476f5aca
results/2026.09.15-23.03_tilelang_hard-shape_seed=42/failed/wrong_result/failed_calls_main(f1)__f0()__f1(f0)_b9d8f05b596fa30d.json,b9d8f05b596fa30d,tilelang,wrong_result,待确认,需要逐条缩减及独立语义验证,2,float32,"(15651, 6053, 9863)","(128, 128, 8)",820a2d4959178b263e1ffafc2488c1e49da79a5ce54c76ef6e6b8ca279d5fe20
results/2026.09.15-23.03_tilelang_hard-shape_seed=42/failed/wrong_result/failed_calls_main(f1)__f0()__f1(f0)_bf1e354a2b804114.json,bf1e354a2b804114,tilelang,wrong_result,待确认,需要逐条缩减及独立语义验证,2,float16,"(4082, 548, 4646)","(64, 64, 8)",db4175cb8398782bcda141bf62da38ad6bd4b9423e7eb528434bcf7b60549642
results/2026.09.15-23.03_tilelang_hard-shape_seed=42/failed/wrong_result/failed_calls_main(f1)__f0()__f1(f0)_c47d5abf0d3db37b.json,c47d5abf0d3db37b,tilelang,wrong_result,待确认,需要逐条缩减及独立语义验证,2,float32,"(3365, 5002, 10161)","(128, 128, 8)",c4bd532d5fe0b40881668d755a43545a93677434ebf4cf5ee56c1db715416498
results/2026.09.15-23.03_tilelang_hard-shape_seed=42/failed/wrong_result/failed_calls_main(f1)__f0()__f1(f0)_c62b7236f13a2baf.json,c62b7236f13a2baf,tilelang,wrong_result,待确认,需要逐条缩减及独立语义验证,2,float32,"(12848, 7903, 7903)","(64, 64, 32)",61c0c0cb0a3a521a0661769c72837af98b5098a157478f828bcd7fd498318050
results/2026.09.15-23.03_tilelang_hard-shape_seed=42/failed/wrong_result/failed_calls_main(f1)__f0()__f1(f0)_c63b8bce0f5ab137.json,c63b8bce0f5ab137,tilelang,wrong_result,待确认,需要逐条缩减及独立语义验证,2,float32,"(15781, 14110, 9857)","(128, 128, 16)",e031c50aa8d6eb75e79c4d8827366b6f86347f15a7b2f338975f61b93a7ba07d
results/2026.09.15-23.03_tilelang_hard-shape_seed=42/failed/wrong_result/failed_calls_main(f1)__f0()__f1(f0)_c833659c81756ca3.json,c833659c81756ca3,tilelang,wrong_result,待确认,需要逐条缩减及独立语义验证,2,float32,"(6321, 8468, 14024)","(32, 32, 32)",2dc1579924abf702421538b875024b0988e27483a8c5d7aa2463b64d4f81ab51
results/2026.09.15-23.03_tilelang_hard-shape_seed=42/failed/wrong_result/failed_calls_main(f1)__f0()__f1(f0)_c87161721f0dea78.json,c87161721f0dea78,tilelang,wrong_result,待确认,需要逐条缩减及独立语义验证,2,float16,"(8471, 4713, 10274)","(16, 128, 32)",2c0f8da094d681112cecc3915fd0441352a0c9a1bb951df2491e69dd34e77d97
results/2026.09.15-23.03_tilelang_hard-shape_seed=42/failed/wrong_result/failed_calls_main(f1)__f0()__f1(f0)_c906043cfbbec5a6.json,c906043cfbbec5a6,tilelang,wrong_result,待确认,需要逐条缩减及独立语义验证,2,float16,"(14419, 4007, 14607)","(64, 64, 16)",d80194fa98d13a4013e2a9f2da0ac76ead10ca8638f448e49960522e5e83e8d9
results/2026.09.15-23.03_tilelang_hard-shape_seed=42/failed/wrong_result/failed_calls_main(f1)__f0()__f1(f0)_caa75d14742f4255.json,caa75d14742f4255,tilelang,wrong_result,待确认,需要逐条缩减及独立语义验证,2,float32,"(9013, 7165, 8025)","(32, 32, 32)",bbe37e41d353050cc8f4d4d3ec94780db169c9c51cf541b4a0e5edec669f54b7
results/2026.09.15-23.03_tilelang_hard-shape_seed=42/failed/wrong_result/failed_calls_main(f1)__f0()__f1(f0)_cdb3ec67ec45c06f.json,cdb3ec67ec45c06f,tilelang,wrong_result,待确认,需要逐条缩减及独立语义验证,2,float32,"(956, 15999, 15321)","(32, 256, 16)",c8ee25733111c2ed05655ff1bfc2ece977ccfe6a0a63ac6d6bd88bfe69e846eb
results/2026.09.15-23.03_tilelang_hard-shape_seed=42/failed/wrong_result/failed_calls_main(f1)__f0()__f1(f0)_cfd34b7ea9461951.json,cfd34b7ea9461951,tilelang,wrong_result,待确认,需要逐条缩减及独立语义验证,2,float32,"(6582, 10459, 4943)","(32, 32, 64)",317a8bfa60947ed2c038e89db4bdba5787c5affa9a9bdced4afd15d07b7e260c
results/2026.09.15-23.03_tilelang_hard-shape_seed=42/failed/wrong_result/failed_calls_main(f1)__f0()__f1(f0)_d00722dcd0809244.json,d00722dcd0809244,tilelang,wrong_result,K=8已知错误机制候选,与已确认K=8布局/列重复机制同配置；不能因block_K=8判非法，也不能未经缩减把全部219条算独立bug,2,float16,"(6209, 8181, 3705)","(128, 64, 8)",2b58e82b6455ec5ecf2e000741e99515a4ff4182062420b1b4ea2e81ec3505e1
results/2026.09.15-23.03_tilelang_hard-shape_seed=42/failed/wrong_result/failed_calls_main(f1)__f0()__f1(f0)_d4450671e5963402.json,d4450671e5963402,tilelang,wrong_result,待确认,需要逐条缩减及独立语义验证,2,float16,"(12866, 3554, 5848)","(128, 16, 32)",1905891d223e080b2c5d33a46655c5b04f4a0655c8f7b919033114bb14f9cb8e
results/2026.09.15-23.03_tilelang_hard-shape_seed=42/failed/wrong_result/failed_calls_main(f1)__f0()__f1(f0)_d784a9abf4ccb6de.json,d784a9abf4ccb6de,tilelang,wrong_result,待确认,需要逐条缩减及独立语义验证,2,float32,"(9824, 10038, 7797)","(128, 128, 16)",c7009b90be81e8d86b2845c2e1c87e2ca662472dfb1985bd3fead6b9ee2e1666
results/2026.09.15-23.03_tilelang_hard-shape_seed=42/failed/wrong_result/failed_calls_main(f1)__f0()__f1(f0)_d927614d45acd18f.json,d927614d45acd18f,tilelang,wrong_result,待确认,需要逐条缩减及独立语义验证,2,float32,"(12557, 5125, 13373)","(32, 32, 128)",2e3c8bcc1899daaa155c2332758b02ef0da9e73b250ba58c1275deef8d53d6d2
results/2026.09.15-23.03_tilelang_hard-shape_seed=42/failed/wrong_result/failed_calls_main(f1)__f0()__f1(f0)_d9c8e69dbabbbb24.json,d9c8e69dbabbbb24,tilelang,wrong_result,待确认,需要逐条缩减及独立语义验证,2,float32,"(11360, 15884, 1639)","(32, 32, 16)",18a1514c9a2d43e36317689c42d2c4b3995a48cb004ac93a33f2a763e6dc19f6
results/2026.09.15-23.03_tilelang_hard-shape_seed=42/failed/wrong_result/failed_calls_main(f1)__f0()__f1(f0)_de29e5346129595e.json,de29e5346129595e,tilelang,wrong_result,K=8已知错误机制候选,与已确认K=8布局/列重复机制同配置；不能因block_K=8判非法，也不能未经缩减把全部219条算独立bug,2,float16,"(9235, 13491, 9235)","(128, 128, 8)",e67cab141fe2c7233db29d3ae02e65fb4982c257cace07847c3fa05391ceb65c
results/2026.09.15-23.03_tilelang_hard-shape_seed=42/failed/wrong_result/failed_calls_main(f1)__f0()__f1(f0)_e23de984d87958c9.json,e23de984d87958c9,tilelang,wrong_result,K=8已知错误机制候选,与已确认K=8布局/列重复机制同配置；不能因block_K=8判非法，也不能未经缩减把全部219条算独立bug,2,float16,"(305, 9824, 6066)","(256, 256, 8)",5cfb6f0446e5002ccefbe0930ef8a972e82bd0c09624a21cc1bf6ba468f50e11
results/2026.09.15-23.03_tilelang_hard-shape_seed=42/failed/wrong_result/failed_calls_main(f1)__f0()__f1(f0)_e76aa0d65ca4253c.json,e76aa0d65ca4253c,tilelang,wrong_result,待确认,需要逐条缩减及独立语义验证,2,float32,"(8486, 1044, 7828)","(128, 256, 16)",b79eaf63eb189a741a32628afc5c4857d3d80d50abd1ea56bc95bf79054450bc
results/2026.09.15-23.03_tilelang_hard-shape_seed=42/failed/wrong_result/failed_calls_main(f1)__f0()__f1(f0)_f2d2c7b6eabb97d5.json,f2d2c7b6eabb97d5,tilelang,wrong_result,待确认,需要逐条缩减及独立语义验证,2,float16,"(6061, 3256, 6923)","(128, 128, 16)",14b73466c3e5c45c499447b699406d2bc3a99706ee8a92c6f22d2f34baffb79a
results/2026.09.15-23.03_tilelang_hard-shape_seed=42/failed/wrong_result/failed_calls_main(f1)__f0()__f1(f0)_f95c7be26aca699f.json,f95c7be26aca699f,tilelang,wrong_result,待确认,需要逐条缩减及独立语义验证,2,float16,"(4715, 5831, 12866)","(32, 32, 16)",637264c7e8d2874408c38336d96139d0ff43d31644ca776ed9c788fdd8436635
results/2026.09.15-23.03_tilelang_hard-shape_seed=42/failed/wrong_result/failed_calls_main(f1)__f0()__f1(f0)_ff552f24644967d4.json,ff552f24644967d4,tilelang,wrong_result,待确认,需要逐条缩减及独立语义验证,2,float16,"(2629, 6941, 6941)","(64, 64, 8)",686d89d8e159d2d525db4f0120de8bc36d0239590ea98c2a2c80f172bde6a388
results/2026.09.15-23.03_tilelang_hard-shape_seed=42/failed/wrong_result/failed_calls_main(f1)__f0()__f1(f0+f0)_03a3a5039038ebc8.json,03a3a5039038ebc8,tilelang,wrong_result,待确认,需要逐条缩减及独立语义验证,2,float16,"(12140, 9660, 5234)","(256, 32, 32)",c08e5943f1bcb7659c9a472215999c09519f49241a6f4d5516dbda794534a709
results/2026.09.15-23.03_tilelang_hard-shape_seed=42/failed/wrong_result/failed_calls_main(f1)__f0()__f1(f0+f0)_10af303ce249c882.json,10af303ce249c882,tilelang,wrong_result,K=8已知错误机制候选,与已确认K=8布局/列重复机制同配置；不能因block_K=8判非法，也不能未经缩减把全部219条算独立bug,2,float16,"(3548, 7797, 6066)","(64, 64, 8)",9f6248048e72ccd0a21f9141d1d1d2bc3f8eec796f8f01a568214efff4d07b74
results/2026.09.15-23.03_tilelang_hard-shape_seed=42/failed/wrong_result/failed_calls_main(f1)__f0()__f1(f0+f0)_225bbeff5356dbd8.json,225bbeff5356dbd8,tilelang,wrong_result,待确认,需要逐条缩减及独立语义验证,2,float16,"(3652, 6714, 3143)","(32, 128, 16)",a93cc1dac97bb0206e9383a7439f4b469e13e34d891d778399b38552dc62ab9c
results/2026.09.15-23.03_tilelang_hard-shape_seed=42/failed/wrong_result/failed_calls_main(f1)__f0()__f1(f0+f0)_354ab81693450411.json,354ab81693450411,tilelang,wrong_result,待确认,需要逐条缩减及独立语义验证,2,float16,"(2937, 8180, 6321)","(32, 32, 64)",8d356c11aeed407e69ac96c6fc554c525116556d8594fb788206e071d140c0cd
results/2026.09.15-23.03_tilelang_hard-shape_seed=42/failed/wrong_result/failed_calls_main(f1)__f0()__f1(f0+f0)_362ed3e87b1f3383.json,362ed3e87b1f3383,tilelang,wrong_result,待确认,需要逐条缩减及独立语义验证,2,float32,"(15253, 15253, 3188)","(32, 32, 64)",f9d6c48cdda178bdc90bf974172d5c34b36d8f13745cf025c163f67a2c1286b4
results/2026.09.15-23.03_tilelang_hard-shape_seed=42/failed/wrong_result/failed_calls_main(f1)__f0()__f1(f0+f0)_38a7e315b900a5a3.json,38a7e315b900a5a3,tilelang,wrong_result,待确认,需要逐条缩减及独立语义验证,2,float32,"(16290, 7901, 15388)","(64, 32, 128)",59919eca72aab2633d50cc03a76d900965c0f42a6a89bef4ed929e2a6a7ccb96
results/2026.09.15-23.03_tilelang_hard-shape_seed=42/failed/wrong_result/failed_calls_main(f1)__f0()__f1(f0+f0)_398d11c22bdbbbc5.json,398d11c22bdbbbc5,tilelang,wrong_result,待确认,需要逐条缩减及独立语义验证,2,float32,"(3928, 7684, 7352)","(32, 256, 8)",e2df1ec91b4875288ac4871da9b221dbb371a0cffb972cdda0f8d80be4561897
results/2026.09.15-23.03_tilelang_hard-shape_seed=42/failed/wrong_result/failed_calls_main(f1)__f0()__f1(f0+f0)_39e39c1aec1b4fdd.json,39e39c1aec1b4fdd,tilelang,wrong_result,待确认,需要逐条缩减及独立语义验证,2,float32,"(8674, 7464, 3436)","(32, 32, 128)",a8379485f8b2576bfda8d9f0b46f07160141a4bfaaf3b479a79efe0c15167a4d
results/2026.09.15-23.03_tilelang_hard-shape_seed=42/failed/wrong_result/failed_calls_main(f1)__f0()__f1(f0+f0)_4d344e92ff7e1aff.json,4d344e92ff7e1aff,tilelang,wrong_result,待确认,需要逐条缩减及独立语义验证,2,float32,"(12386, 12386, 7478)","(64, 64, 64)",6f7007918db540e4594a596e0f19fcc2c3fb323c669c55123f32692cfb03286d
results/2026.09.15-23.03_tilelang_hard-shape_seed=42/failed/wrong_result/failed_calls_main(f1)__f0()__f1(f0+f0)_622c633c5d35aedf.json,622c633c5d35aedf,tilelang,wrong_result,待确认,需要逐条缩减及独立语义验证,2,float16,"(16124, 3385, 16113)","(64, 16, 128)",6165a449609994bc411307927d24d77bc808024ba3304f9f532bb32232e223f8
results/2026.09.15-23.03_tilelang_hard-shape_seed=42/failed/wrong_result/failed_calls_main(f1)__f0()__f1(f0+f0)_66a8ffcd5e712791.json,66a8ffcd5e712791,tilelang,wrong_result,待确认,需要逐条缩减及独立语义验证,2,float16,"(13691, 14162, 10886)","(64, 64, 16)",0dada5abbef369cbf62843ba9d9d0a3cbb4d83c079a643c08c1b2d54113f9c8d
results/2026.09.15-23.03_tilelang_hard-shape_seed=42/failed/wrong_result/failed_calls_main(f1)__f0()__f1(f0+f0)_6c232b6a53ccabb0.json,6c232b6a53ccabb0,tilelang,wrong_result,待确认,需要逐条缩减及独立语义验证,2,float32,"(1051, 1040, 952)","(64, 64, 32)",0fb3b5c0944d65238831be5488935ec774b0bd18c8c001907c4fcdd7ff31f393
results/2026.09.15-23.03_tilelang_hard-shape_seed=42/failed/wrong_result/failed_calls_main(f1)__f0()__f1(f0+f0)_8517ef5fc1a071ea.json,8517ef5fc1a071ea,tilelang,wrong_result,待确认,需要逐条缩减及独立语义验证,2,float32,"(5049, 16011, 9857)","(64, 64, 32)",7001cd472ec90a88b55960747fad8117420bdc127a55a4d1270d380c3ec90a27
results/2026.09.15-23.03_tilelang_hard-shape_seed=42/failed/wrong_result/failed_calls_main(f1)__f0()__f1(f0+f0)_8c13293cfb5ee746.json,8c13293cfb5ee746,tilelang,wrong_result,待确认,需要逐条缩减及独立语义验证,2,float32,"(4176, 12564, 15737)","(32, 32, 32)",d87bd475ade725013f936e86de95410717edd663cebf52ff8497063d11bdcf39
results/2026.09.15-23.03_tilelang_hard-shape_seed=42/failed/wrong_result/failed_calls_main(f1)__f0()__f1(f0+f0)_93f55999d7a77ca7.json,93f55999d7a77ca7,tilelang,wrong_result,K=8已知错误机制候选,与已确认K=8布局/列重复机制同配置；不能因block_K=8判非法，也不能未经缩减把全部219条算独立bug,2,float16,"(5305, 5835, 2474)","(128, 128, 8)",9b64bcc55a6b990f523d72071bb398605981d76959607051deebe179ebaa2cd2
results/2026.09.15-23.03_tilelang_hard-shape_seed=42/failed/wrong_result/failed_calls_main(f1)__f0()__f1(f0+f0)_95531add30e4a68e.json,95531add30e4a68e,tilelang,wrong_result,待确认,需要逐条缩减及独立语义验证,2,float32,"(2321, 14299, 1894)","(64, 64, 32)",75ea258d0ddd726b02be60fca88bd8d8daa81136d26f8361a97cb9272515ac0e
results/2026.09.15-23.03_tilelang_hard-shape_seed=42/failed/wrong_result/failed_calls_main(f1)__f0()__f1(f0+f0)_c6d72e90c9386481.json,c6d72e90c9386481,tilelang,wrong_result,待确认,需要逐条缩减及独立语义验证,2,float32,"(12936, 8763, 10284)","(64, 64, 64)",7f9117b93d379b28932165a23750d93b37debcddecd56e956d2ffb3ddfa311d6
results/2026.09.15-23.03_tilelang_hard-shape_seed=42/failed/wrong_result/failed_calls_main(f1)__f0()__f1(f0+f0)_c7111eff509bb53a.json,c7111eff509bb53a,tilelang,wrong_result,K=8已知错误机制候选,与已确认K=8布局/列重复机制同配置；不能因block_K=8判非法，也不能未经缩减把全部219条算独立bug,2,float16,"(12183, 37, 9431)","(32, 32, 8)",623e425df40a581bc6ddffd645fe7bae74c3a0a4dbd371c2a81245d8ded298ec
results/2026.09.15-23.03_tilelang_hard-shape_seed=42/failed/wrong_result/failed_calls_main(f1)__f0()__f1(f0+f0)_d33e68123f1491bf.json,d33e68123f1491bf,tilelang,wrong_result,待确认,需要逐条缩减及独立语义验证,2,float16,"(8796, 9089, 2303)","(64, 64, 16)",08581710652f52753978b0ed1f0436047a8ced198147a5dc255502d6fa55c4ea
results/2026.09.15-23.03_tilelang_hard-shape_seed=42/failed/wrong_result/failed_calls_main(f1)__f0()__f1(f0+f0)_d9bda8e0890ff98f.json,d9bda8e0890ff98f,tilelang,wrong_result,待确认,需要逐条缩减及独立语义验证,2,float32,"(5305, 3858, 11677)","(32, 256, 32)",f51b602c56c66a91f7664c089075b4cecfdd7e79336dc56a3aa2c5ba03db1f81
results/2026.09.15-23.03_tilelang_hard-shape_seed=42/failed/wrong_result/failed_calls_main(f1)__f0()__f1(f0+f0)_ee4af5ad265bd2d9.json,ee4af5ad265bd2d9,tilelang,wrong_result,待确认,需要逐条缩减及独立语义验证,2,float16,"(12555, 4176, 15321)","(16, 256, 32)",7feb557a47167aa6ba6913c8ca7df5d546049e20d60ea11c39ba4b60858eee01
results/2026.09.15-23.03_tilelang_hard-shape_seed=42/failed/wrong_result/failed_calls_main(f1)__f0()__f1(f0+f0)_efff1733392e0b0f.json,efff1733392e0b0f,tilelang,wrong_result,待确认,需要逐条缩减及独立语义验证,2,float32,"(8468, 8468, 4110)","(64, 64, 8)",13030b3d16d1d16c2734f76fc0fac65282bfe97a11e79ae8731fc0896c2cb528
results/2026.09.15-23.03_tilelang_hard-shape_seed=42/failed/wrong_result/failed_calls_main(f1)__f0()__f1(f0+f0)_f5247c2b25aa297f.json,f5247c2b25aa297f,tilelang,wrong_result,待确认,需要逐条缩减及独立语义验证,2,float16,"(6166, 8120, 9973)","(32, 32, 8)",558d04dcac8a207ebba5990ebd68aea2b9ca56e8ff0caf51a42db524a1c810b0
results/2026.09.15-23.03_tilelang_hard-shape_seed=42/failed/wrong_result/failed_calls_main(f1)__f0()__f1(f0+f0)_fe098c0ecef89034.json,fe098c0ecef89034,tilelang,wrong_result,K=8已知错误机制候选,与已确认K=8布局/列重复机制同配置；不能因block_K=8判非法，也不能未经缩减把全部219条算独立bug,2,float16,"(10690, 11290, 10274)","(128, 128, 8)",7aa63a2811a37ee29c5e61fcdabbce91d6948ea008a1990908895ed222122cd3
results/2026.09.15-23.03_tilelang_hard-shape_seed=42/failed/wrong_result/failed_calls_main(f1)__f0()__f1(f0+f0+f0)_1ae6df00aa996750.json,1ae6df00aa996750,tilelang,wrong_result,K=8已知错误机制候选,与已确认K=8布局/列重复机制同配置；不能因block_K=8判非法，也不能未经缩减把全部219条算独立bug,2,float16,"(15263, 11559, 8685)","(128, 128, 8)",905e30196adccb3dddcef578c7825bbf5a4a64ad76d5b050e196e9aa8c815314
results/2026.09.15-23.03_tilelang_hard-shape_seed=42/failed/wrong_result/failed_calls_main(f1)__f0()__f1(f0+f0+f0)_42d4730250e27e88.json,42d4730250e27e88,tilelang,wrong_result,K=8已知错误机制候选,与已确认K=8布局/列重复机制同配置；不能因block_K=8判非法，也不能未经缩减把全部219条算独立bug,2,float16,"(15511, 2354, 5411)","(32, 32, 8)",85d8be4b033f2f8e086d47997dbfe3ad0cdddd5fef8868ba72d90bad5ac9bd45
results/2026.09.15-23.03_tilelang_hard-shape_seed=42/failed/wrong_result/failed_calls_main(f1)__f0()__f1(f0+f0+f0)_546eebae3adc1c4f.json,546eebae3adc1c4f,tilelang,wrong_result,待确认,需要逐条缩减及独立语义验证,2,float32,"(7724, 1545, 1622)","(64, 128, 16)",af07061c7c121467e104c76f63fd61bfc17b49e681db941f98c4279e52fe9cd9
results/2026.09.15-23.03_tilelang_hard-shape_seed=42/failed/wrong_result/failed_calls_main(f1)__f0()__f1(f0+f0+f0)_7220b953a2fd28b5.json,7220b953a2fd28b5,tilelang,wrong_result,待确认,需要逐条缩减及独立语义验证,2,float32,"(13356, 6549, 10093)","(32, 32, 16)",046933a6783a1b3a0de4377fbedb2915e28930396e711db87ee72c6cc2089df8
results/2026.09.15-23.03_tilelang_hard-shape_seed=42/failed/wrong_result/failed_calls_main(f1)__f0()__f1(f0+f0+f0)_890ff440839aaa78.json,890ff440839aaa78,tilelang,wrong_result,待确认,需要逐条缩减及独立语义验证,2,float32,"(9973, 7428, 10414)","(64, 32, 16)",d2dc7bf54f7594799de679cfd2a5b2a77a4d45ee6e8405a168e85bf7682995c8
results/2026.09.15-23.03_tilelang_hard-shape_seed=42/failed/wrong_result/failed_calls_main(f1)__f0()__f1(f0+f0+f0)_f8e3807a867b3a2b.json,f8e3807a867b3a2b,tilelang,wrong_result,待确认,需要逐条缩减及独立语义验证,2,float16,"(2176, 7165, 11635)","(32, 32, 16)",4beca371bbfb05d68d8b6d6be54adf1fc256bd3c4efb572c0923006585781d33
results/2026.09.15-23.03_tilelang_hard-shape_seed=42/failed/wrong_result/failed_calls_main(f1+f0+f1)__f0()__f1(f0)_7290830b5c5725a8.json,7290830b5c5725a8,tilelang,wrong_result,K=8已知错误机制候选,与已确认K=8布局/列重复机制同配置；不能因block_K=8判非法，也不能未经缩减把全部219条算独立bug,2,float16,"(13394, 14518, 9987)","(32, 32, 8)",18be376ee4aaf9311f80ae3748bb2b172a4795b82c93b68568d5fc210cea43a0
results/2026.09.15-23.03_tilelang_hard-shape_seed=42/failed/wrong_result/failed_calls_main(f1+f0+f1)__f0()__f1(f0)_c4338a617c826fd1.json,c4338a617c826fd1,tilelang,wrong_result,待确认,需要逐条缩减及独立语义验证,2,float16,"(6576, 14470, 5848)","(64, 64, 16)",a001aa6d33f1d73e7457e289f2cb4003abec87e79d800b74aeba33de76a917b0
results/2026.09.15-23.03_tilelang_hard-shape_seed=42/failed/wrong_result/failed_calls_main(f1+f1)__f0()__f1(f0)_4b8a2fe283b6a5cc.json,4b8a2fe283b6a5cc,tilelang,wrong_result,待确认,需要逐条缩减及独立语义验证,2,float32,"(9362, 14073, 3717)","(128, 64, 32)",e7d7836bb58dd34d72acd5967d057ddf261a463dfcde4c6c9ec7bfc7d49ff3c3
results/2026.09.15-23.03_tilelang_hard-shape_seed=42/failed/wrong_result/failed_calls_main(f1+f1)__f0()__f1(f0)_50211426894332d1.json,50211426894332d1,tilelang,wrong_result,待确认,需要逐条缩减及独立语义验证,2,float32,"(13373, 13373, 12829)","(128, 128, 32)",9fdfd23f15e3bb004fe1e4b47f91e6664fd5c573508f8c72cc583856103e8363
results/2026.09.15-23.03_tilelang_hard-shape_seed=42/failed/wrong_result/failed_calls_main(f1+f1)__f0()__f1(f0)_6ecff17eb3e2cb53.json,6ecff17eb3e2cb53,tilelang,wrong_result,待确认,需要逐条缩减及独立语义验证,2,float32,"(14072, 10401, 15324)","(32, 32, 64)",d26d069b75401f091d0f7c4f60491259e49312c2b17894149295e6b5e03ff694
results/2026.09.15-23.03_tilelang_hard-shape_seed=42/failed/wrong_result/failed_calls_main(f1+f1)__f0()__f1(f0)_73673d0192eed507.json,73673d0192eed507,tilelang,wrong_result,待确认,需要逐条缩减及独立语义验证,2,float32,"(15755, 7428, 1092)","(128, 128, 8)",13010cb8dd9ff596ea8c04dbdecf729863ac9f83ead34aab12e032d9c777c612
results/2026.09.15-23.03_tilelang_hard-shape_seed=42/failed/wrong_result/failed_calls_main(f1+f1)__f0()__f1(f0)_73860cb1a553fdce.json,73860cb1a553fdce,tilelang,wrong_result,待确认,需要逐条缩减及独立语义验证,2,float32,"(15942, 11555, 680)","(16, 128, 16)",7858cfa44d02ad9a4a5782d4ab2f2881fc0cd5acce86dd4bd242156f217da9da
results/2026.09.15-23.03_tilelang_hard-shape_seed=42/failed/wrong_result/failed_calls_main(f1+f1)__f0()__f1(f0)_a37fc068a7401528.json,a37fc068a7401528,tilelang,wrong_result,待确认,需要逐条缩减及独立语义验证,2,float32,"(7539, 5048, 1234)","(32, 16, 32)",d32ce6e8e27610e0c666c51004cc6ee5294cd3dbfb35bb9c5cef932080631797
results/2026.09.15-23.03_tilelang_hard-shape_seed=42/failed/wrong_result/failed_calls_main(f1+f1)__f0()__f1(f0)_a93c8cdf131df794.json,a93c8cdf131df794,tilelang,wrong_result,待确认,需要逐条缩减及独立语义验证,2,float16,"(7651, 5367, 7651)","(32, 64, 32)",f46424d26a1c54278ec9674a2ffcc02c15bb0ff6e262de8aad21f45c28a32ff4
results/2026.09.15-23.03_tilelang_hard-shape_seed=42/failed/wrong_result/failed_calls_main(f1+f1)__f0()__f1(f0)_bae4630899f64e20.json,bae4630899f64e20,tilelang,wrong_result,待确认,需要逐条缩减及独立语义验证,2,float32,"(14421, 8486, 4719)","(256, 16, 8)",343b1b9fdbaf3fd63011493e0791dcd1d7b64ee24bea1b38891ab8e28e3a2075
results/2026.09.15-23.03_tilelang_hard-shape_seed=42/failed/wrong_result/failed_calls_main(f1+f1)__f0()__f1(f0)_bb65ac1f6d72473a.json,bb65ac1f6d72473a,tilelang,wrong_result,待确认,需要逐条缩减及独立语义验证,2,float16,"(9603, 15388, 5156)","(32, 32, 32)",21efb4b8c971d2de3f6231ecc8380d0ba9f494c9e7b4849ccecf575bb4825359
results/2026.09.15-23.03_tilelang_hard-shape_seed=42/failed/wrong_result/failed_calls_main(f1+f1)__f0()__f1(f0)_c650663b4c60ce71.json,c650663b4c60ce71,tilelang,wrong_result,待确认,需要逐条缩减及独立语义验证,2,float16,"(4896, 11247, 15310)","(64, 64, 64)",edf904aea3512dd51c1bf87fbbb263177a160263281d6f54188c066110c48600
results/2026.09.15-23.03_tilelang_hard-shape_seed=42/failed/wrong_result/failed_calls_main(f1+f1)__f0()__f1(f0)_ff646fe00cc8025f.json,ff646fe00cc8025f,tilelang,wrong_result,K=8已知错误机制候选,与已确认K=8布局/列重复机制同配置；不能因block_K=8判非法，也不能未经缩减把全部219条算独立bug,2,float16,"(14317, 7104, 6664)","(32, 32, 8)",69e5b0f408c8a1f70932f63af1a475e8a1e4464082eeae5177a96369edaf559c
results/2026.09.15-23.03_tilelang_hard-shape_seed=42/failed/wrong_result/failed_calls_main(f1+f1)__f0()__f1(f0+f0)_e90437ee879959ed.json,e90437ee879959ed,tilelang,wrong_result,待确认,需要逐条缩减及独立语义验证,2,float32,"(13897, 2039, 13648)","(64, 64, 32)",3f231c282cf1d009bdbf5dd67831738dde655d0edabeb63a1c5b624c0d63fb1b
results/2026.09.15-23.03_tilelang_hard-shape_seed=42/failed/wrong_result/failed_calls_main(f1+f1)__f0()__f1(f0+f0+f0)_b489e1d49794007c.json,b489e1d49794007c,tilelang,wrong_result,待确认,需要逐条缩减及独立语义验证,2,float32,"(16326, 5249, 3901)","(128, 16, 16)",bf471e502861f75ddec1a4d717d1cbe9f5c8eccf3babe2a0f18fb3426d02f6e2
results/2026.09.16-18.10_tilelang_easy-shape_seed=42/failed/dtype_mismatch/failed_calls_main(f0)__f0()_31330927374d3593.json,31330927374d3593,tilelang,dtype_mismatch,已确认缺陷机制，同类记录,源码 dtype 与输入匹配；frontend cache 未纳入全局 dtype；三步缓存对照已确认机制，未逐条重放489条,3,float32,"(16384, 8, 16)","(16, 32, 32)",204654e1cd0c80fa5b33e5cf0c873634599bde3a2cf16589f1ef2debcf1c163a
results/2026.09.16-18.10_tilelang_easy-shape_seed=42/failed/dtype_mismatch/failed_calls_main(f0)__f0()_3145e81a80300e63.json,3145e81a80300e63,tilelang,dtype_mismatch,已确认缺陷机制，同类记录,源码 dtype 与输入匹配；frontend cache 未纳入全局 dtype；三步缓存对照已确认机制，未逐条重放489条,3,float16,"(16, 1, 2)","(128, 128, 8)",6fbeef9265a767a3ae54984c202fc3d120b306d7ccaafe68103409249450ee99
results/2026.09.16-18.10_tilelang_easy-shape_seed=42/failed/dtype_mismatch/failed_calls_main(f0)__f0()_523131f5cdcfebd6.json,523131f5cdcfebd6,tilelang,dtype_mismatch,已确认缺陷机制，同类记录,源码 dtype 与输入匹配；frontend cache 未纳入全局 dtype；三步缓存对照已确认机制，未逐条重放489条,3,float16,"(32, 8, 256)","(128, 128, 16)",d59dd9d76f54953b55f8dac0a96fd3bc6c3e1f7ebe3895f5aa7480bf25059928
results/2026.09.16-18.10_tilelang_easy-shape_seed=42/failed/dtype_mismatch/failed_calls_main(f0)__f0()_5d03b4fe212ed20e.json,5d03b4fe212ed20e,tilelang,dtype_mismatch,已确认缺陷机制，同类记录,源码 dtype 与输入匹配；frontend cache 未纳入全局 dtype；三步缓存对照已确认机制，未逐条重放489条,3,float16,"(1024, 1, 1)","(16, 256, 16)",4f81f14efa9c3475bd2cd088f8ff6a99c93fdb51f6127819e21a4d9c9714fd04
results/2026.09.16-18.10_tilelang_easy-shape_seed=42/failed/dtype_mismatch/failed_calls_main(f0)__f0()_665063de0a1722f8.json,665063de0a1722f8,tilelang,dtype_mismatch,已确认缺陷机制，同类记录,源码 dtype 与输入匹配；frontend cache 未纳入全局 dtype；三步缓存对照已确认机制，未逐条重放489条,3,float32,"(2048, 2048, 1024)","(256, 64, 16)",f8e918b289d85c3046e92489988f6beb2674d86006b2435d05f478d8a140df22
results/2026.09.16-18.10_tilelang_easy-shape_seed=42/failed/dtype_mismatch/failed_calls_main(f0)__f0()_6d8d2b0c439364ef.json,6d8d2b0c439364ef,tilelang,dtype_mismatch,已确认缺陷机制，同类记录,源码 dtype 与输入匹配；frontend cache 未纳入全局 dtype；三步缓存对照已确认机制，未逐条重放489条,3,float32,"(2, 16384, 16)","(256, 32, 16)",da49efe41ddb50d6c9747ee9c3025d70d3318ef5f4778f20172d06f6b922eb73
results/2026.09.16-18.10_tilelang_easy-shape_seed=42/failed/dtype_mismatch/failed_calls_main(f0)__f0()_7395b18a7cbb3b1d.json,7395b18a7cbb3b1d,tilelang,dtype_mismatch,已确认缺陷机制，同类记录,源码 dtype 与输入匹配；frontend cache 未纳入全局 dtype；三步缓存对照已确认机制，未逐条重放489条,3,float32,"(4, 4, 1)","(64, 32, 8)",56e659fa63d3a955969e9977ffbdc4b92f234c2823a4e93fa5d6e8eb0d62f7c5
results/2026.09.16-18.10_tilelang_easy-shape_seed=42/failed/dtype_mismatch/failed_calls_main(f0)__f0()_8b472a8fbd9ec0ff.json,8b472a8fbd9ec0ff,tilelang,dtype_mismatch,已确认缺陷机制，同类记录,源码 dtype 与输入匹配；frontend cache 未纳入全局 dtype；三步缓存对照已确认机制，未逐条重放489条,3,float16,"(2, 2048, 2)","(64, 128, 8)",00b218d206879444cfebef550cd0728e54a3ba1afce1108524de1600fabd8b18
results/2026.09.16-18.10_tilelang_easy-shape_seed=42/failed/dtype_mismatch/failed_calls_main(f0)__f0()_9509a61e328117b2.json,9509a61e328117b2,tilelang,dtype_mismatch,已确认缺陷机制，同类记录,源码 dtype 与输入匹配；frontend cache 未纳入全局 dtype；三步缓存对照已确认机制，未逐条重放489条,3,float32,"(4, 4, 1)","(64, 32, 8)",c9b4397abf406961cda9631fb3a6b9f07d0d7044a85af093bc18b0ea8f26f760
results/2026.09.16-18.10_tilelang_easy-shape_seed=42/failed/dtype_mismatch/failed_calls_main(f0)__f0()_a126bfe5add9fc65.json,a126bfe5add9fc65,tilelang,dtype_mismatch,已确认缺陷机制，同类记录,源码 dtype 与输入匹配；frontend cache 未纳入全局 dtype；三步缓存对照已确认机制，未逐条重放489条,3,float16,"(512, 2, 16)","(32, 64, 16)",a0c142086d8bfb69640d81b7b147b54f8bae074c0b6e561631e4c1a5a146bdb9
results/2026.09.16-18.10_tilelang_easy-shape_seed=42/failed/dtype_mismatch/failed_calls_main(f0)__f0()_a45071ce098c7f20.json,a45071ce098c7f20,tilelang,dtype_mismatch,已确认缺陷机制，同类记录,源码 dtype 与输入匹配；frontend cache 未纳入全局 dtype；三步缓存对照已确认机制，未逐条重放489条,3,float32,"(1, 1024, 256)","(64, 64, 8)",d5880783ff7d8b011f28ab7043e3fb539a180772444be1ece62669968e795905
results/2026.09.16-18.10_tilelang_easy-shape_seed=42/failed/dtype_mismatch/failed_calls_main(f0)__f0()_afb1bbb8c62d4e62.json,afb1bbb8c62d4e62,tilelang,dtype_mismatch,已确认缺陷机制，同类记录,源码 dtype 与输入匹配；frontend cache 未纳入全局 dtype；三步缓存对照已确认机制，未逐条重放489条,3,float32,"(2048, 8, 2)","(64, 16, 8)",a4cb42380ce6cd609f8b2ba815a95ef33f973e11e5e0f340b3f4e82aecc6c8ba
results/2026.09.16-18.10_tilelang_easy-shape_seed=42/failed/dtype_mismatch/failed_calls_main(f0)__f0()_b66971ff087beacb.json,b66971ff087beacb,tilelang,dtype_mismatch,已确认缺陷机制，同类记录,源码 dtype 与输入匹配；frontend cache 未纳入全局 dtype；三步缓存对照已确认机制，未逐条重放489条,3,float16,"(2, 2, 16384)","(32, 128, 8)",bb0920032a828ac07dc59f5b0f1846c42679fd6077fb141fd72ac66a153c6beb
results/2026.09.16-18.10_tilelang_easy-shape_seed=42/failed/dtype_mismatch/failed_calls_main(f0)__f0()_bbf2322afdbdce28.json,bbf2322afdbdce28,tilelang,dtype_mismatch,已确认缺陷机制，同类记录,源码 dtype 与输入匹配；frontend cache 未纳入全局 dtype；三步缓存对照已确认机制，未逐条重放489条,3,float32,"(256, 256, 128)","(64, 128, 64)",a872189452ced342c75e8b036c6f59f03835f051c2158ddf16f1b05890b5ba32
results/2026.09.16-18.10_tilelang_easy-shape_seed=42/failed/dtype_mismatch/failed_calls_main(f0)__f0()_c127133293178aa5.json,c127133293178aa5,tilelang,dtype_mismatch,已确认缺陷机制，同类记录,源码 dtype 与输入匹配；frontend cache 未纳入全局 dtype；三步缓存对照已确认机制，未逐条重放489条,3,float16,"(2048, 4, 16)","(64, 16, 128)",e5b7ae9a1679e56aeaae92ba8e3d33eea5e7a12f6ac04e9b3caa4154e2743fa6
results/2026.09.16-18.10_tilelang_easy-shape_seed=42/failed/dtype_mismatch/failed_calls_main(f0)__f0()_de95c9cf5f7f68a7.json,de95c9cf5f7f68a7,tilelang,dtype_mismatch,已确认缺陷机制，同类记录,源码 dtype 与输入匹配；frontend cache 未纳入全局 dtype；三步缓存对照已确认机制，未逐条重放489条,3,float32,"(16, 128, 16384)","(64, 64, 8)",a40933db0523aa5ba6bc3f05fecca9111be629c994354e4a4eb5a709c47d627e
results/2026.09.16-18.10_tilelang_easy-shape_seed=42/failed/dtype_mismatch/failed_calls_main(f0+f0)__f0()_0df894161d658cfe.json,0df894161d658cfe,tilelang,dtype_mismatch,已确认缺陷机制，同类记录,源码 dtype 与输入匹配；frontend cache 未纳入全局 dtype；三步缓存对照已确认机制，未逐条重放489条,3,float32,"(4096, 64, 2)","(32, 32, 64)",3a45d9bbb4685569c0bce0249c91d45cfee997a450f377dbb0c3667201d58abe
results/2026.09.16-18.10_tilelang_easy-shape_seed=42/failed/dtype_mismatch/failed_calls_main(f0+f0)__f0()_146cdcc804a75179.json,146cdcc804a75179,tilelang,dtype_mismatch,已确认缺陷机制，同类记录,源码 dtype 与输入匹配；frontend cache 未纳入全局 dtype；三步缓存对照已确认机制，未逐条重放489条,3,float32,"(2, 8, 1)","(32, 32, 8)",1ee87e254eb16f8332f531f43fcf2be5ea6fedb43a3fd356e9ee89f135416731
results/2026.09.16-18.10_tilelang_easy-shape_seed=42/failed/dtype_mismatch/failed_calls_main(f0+f0+f0)__f0()_5402418ee7b17914.json,5402418ee7b17914,tilelang,dtype_mismatch,已确认缺陷机制，同类记录,源码 dtype 与输入匹配；frontend cache 未纳入全局 dtype；三步缓存对照已确认机制，未逐条重放489条,3,float32,"(2048, 512, 2)","(256, 64, 32)",1e9ce712921d7544eb63a607032de9dfb124d4f71b10dedb534e25fb9b929ed0
results/2026.09.16-18.10_tilelang_easy-shape_seed=42/failed/dtype_mismatch/failed_calls_main(f0+f0+f0)__f0()_9bc6ffb38ee93501.json,9bc6ffb38ee93501,tilelang,dtype_mismatch,已确认缺陷机制，同类记录,源码 dtype 与输入匹配；frontend cache 未纳入全局 dtype；三步缓存对照已确认机制，未逐条重放489条,3,float16,"(16384, 4, 16384)","(32, 32, 16)",8fe99a2c97d351a857448be168707056a0444b703bdd39d3acb86c9c6e0d53b1
results/2026.09.16-18.10_tilelang_easy-shape_seed=42/failed/dtype_mismatch/failed_calls_main(f0+f0+f0)__f0()_f1d558288d045306.json,f1d558288d045306,tilelang,dtype_mismatch,已确认缺陷机制，同类记录,源码 dtype 与输入匹配；frontend cache 未纳入全局 dtype；三步缓存对照已确认机制，未逐条重放489条,3,float16,"(256, 32, 1)","(64, 128, 64)",be84928cf5571b42626a84166af9d10faf5b9c730f5e08057496e567c02390fe
results/2026.09.16-18.10_tilelang_easy-shape_seed=42/failed/dtype_mismatch/failed_calls_main(f0+f1)__f0()__f1(f0)_15475bae29937d6a.json,15475bae29937d6a,tilelang,dtype_mismatch,已确认缺陷机制，同类记录,源码 dtype 与输入匹配；frontend cache 未纳入全局 dtype；三步缓存对照已确认机制，未逐条重放489条,3,float32,"(4096, 32, 16)","(128, 128, 16)",d00b6a81128de4854e1d95049a3d631fd2db3a016c24d872d3f0b63fa56fd20d
results/2026.09.16-18.10_tilelang_easy-shape_seed=42/failed/dtype_mismatch/failed_calls_main(f0+f1)__f0()__f1(f0)_35abb792299778e1.json,35abb792299778e1,tilelang,dtype_mismatch,已确认缺陷机制，同类记录,源码 dtype 与输入匹配；frontend cache 未纳入全局 dtype；三步缓存对照已确认机制，未逐条重放489条,3,float16,"(1, 1, 2)","(64, 64, 16)",cda9827d3378b07074bd0f5d126e613ce933dc94ac4165f9e3fa1312a9acb48e
results/2026.09.16-18.10_tilelang_easy-shape_seed=42/failed/dtype_mismatch/failed_calls_main(f0+f1)__f0()__f1(f0)_61f6fcbaa6740475.json,61f6fcbaa6740475,tilelang,dtype_mismatch,已确认缺陷机制，同类记录,源码 dtype 与输入匹配；frontend cache 未纳入全局 dtype；三步缓存对照已确认机制，未逐条重放489条,3,float16,"(2, 2, 16384)","(128, 128, 32)",9d7932561540301232a2a6d59f62b1c58487f2b38094dda1a1f7b9f1735fbe38
results/2026.09.16-18.10_tilelang_easy-shape_seed=42/failed/dtype_mismatch/failed_calls_main(f0+f1)__f0()__f1(f0)_75c4c860ba3c10e6.json,75c4c860ba3c10e6,tilelang,dtype_mismatch,已确认缺陷机制，同类记录,源码 dtype 与输入匹配；frontend cache 未纳入全局 dtype；三步缓存对照已确认机制，未逐条重放489条,3,float16,"(16384, 2, 128)","(64, 64, 16)",b63e021bfdc9ea0018564b51472e57158045e45a64afb1023fed3454240f4437
results/2026.09.16-18.10_tilelang_easy-shape_seed=42/failed/dtype_mismatch/failed_calls_main(f1)__f0()__f1(f0)_0bbde405ffe841ec.json,0bbde405ffe841ec,tilelang,dtype_mismatch,已确认缺陷机制，同类记录,源码 dtype 与输入匹配；frontend cache 未纳入全局 dtype；三步缓存对照已确认机制，未逐条重放489条,3,float32,"(1024, 1, 1024)","(32, 64, 8)",ef219cbed7104ba2fb96a3b18ca217232cebbd2b5ba019b545a6016c8166aaa8
results/2026.09.16-18.10_tilelang_easy-shape_seed=42/failed/dtype_mismatch/failed_calls_main(f1)__f0()__f1(f0)_16a359382e7ffa16.json,16a359382e7ffa16,tilelang,dtype_mismatch,已确认缺陷机制，同类记录,源码 dtype 与输入匹配；frontend cache 未纳入全局 dtype；三步缓存对照已确认机制，未逐条重放489条,3,float16,"(2048, 1, 8)","(16, 32, 32)",d847c64829331565d5c7e768c67f6f7891b5788a510cfdf641ac23ea5c5d1600
results/2026.09.16-18.10_tilelang_easy-shape_seed=42/failed/dtype_mismatch/failed_calls_main(f1)__f0()__f1(f0)_17f8703ecf298424.json,17f8703ecf298424,tilelang,dtype_mismatch,已确认缺陷机制，同类记录,源码 dtype 与输入匹配；frontend cache 未纳入全局 dtype；三步缓存对照已确认机制，未逐条重放489条,3,float16,"(2, 1, 1)","(256, 64, 8)",6e4bbb03ce74d2f4dbac298a34d7880b9b962b2140521d414702af9ad2795714
results/2026.09.16-18.10_tilelang_easy-shape_seed=42/failed/dtype_mismatch/failed_calls_main(f1)__f0()__f1(f0)_1c5913edd1a36059.json,1c5913edd1a36059,tilelang,dtype_mismatch,已确认缺陷机制，同类记录,源码 dtype 与输入匹配；frontend cache 未纳入全局 dtype；三步缓存对照已确认机制，未逐条重放489条,3,float32,"(1024, 2048, 128)","(32, 32, 8)",546559aae6a2c80c19cc19b24a12d543fab511c3ab8e500a149f0e45360598e7
results/2026.09.16-18.10_tilelang_easy-shape_seed=42/failed/dtype_mismatch/failed_calls_main(f1)__f0()__f1(f0)_248a604b24b7e406.json,248a604b24b7e406,tilelang,dtype_mismatch,已确认缺陷机制，同类记录,源码 dtype 与输入匹配；frontend cache 未纳入全局 dtype；三步缓存对照已确认机制，未逐条重放489条,3,float16,"(16, 2, 8)","(16, 64, 8)",b506e217fcc87b862385498a6546ecb19b6fef37fd8d40de6fe1987f7efec948
results/2026.09.16-18.10_tilelang_easy-shape_seed=42/failed/dtype_mismatch/failed_calls_main(f1)__f0()__f1(f0)_28407e74edb09405.json,28407e74edb09405,tilelang,dtype_mismatch,已确认缺陷机制，同类记录,源码 dtype 与输入匹配；frontend cache 未纳入全局 dtype；三步缓存对照已确认机制，未逐条重放489条,3,float16,"(2048, 4, 2)","(128, 128, 32)",a2121d7b63de97e6c8aa009443ef827ca419197002f837f177296a72d7fee738
results/2026.09.16-18.10_tilelang_easy-shape_seed=42/failed/dtype_mismatch/failed_calls_main(f1)__f0()__f1(f0)_2872840c217e5020.json,2872840c217e5020,tilelang,dtype_mismatch,已确认缺陷机制，同类记录,源码 dtype 与输入匹配；frontend cache 未纳入全局 dtype；三步缓存对照已确认机制，未逐条重放489条,3,float32,"(32, 1, 32)","(64, 64, 8)",825bc8c5aaafa19f9e443218b8ce4cb986d260b553b176d4d5bbea6ee21188d9
results/2026.09.16-18.10_tilelang_easy-shape_seed=42/failed/dtype_mismatch/failed_calls_main(f1)__f0()__f1(f0)_33aa9a86fbb81a8e.json,33aa9a86fbb81a8e,tilelang,dtype_mismatch,已确认缺陷机制，同类记录,源码 dtype 与输入匹配；frontend cache 未纳入全局 dtype；三步缓存对照已确认机制，未逐条重放489条,3,float16,"(2, 4, 8)","(32, 64, 32)",d7ea19a64d1fb07363d73fa0b77105d5f80a656b07f556c02cd28ae36c2da38c
results/2026.09.16-18.10_tilelang_easy-shape_seed=42/failed/dtype_mismatch/failed_calls_main(f1)__f0()__f1(f0)_388ea75700501d43.json,388ea75700501d43,tilelang,dtype_mismatch,已确认缺陷机制，同类记录,源码 dtype 与输入匹配；frontend cache 未纳入全局 dtype；三步缓存对照已确认机制，未逐条重放489条,3,float16,"(1024, 8, 1)","(128, 64, 8)",627d52f0c2fd6888d19514c097ca50c8e715b5b8618ca932dbf2e6f5be49d565
results/2026.09.16-18.10_tilelang_easy-shape_seed=42/failed/dtype_mismatch/failed_calls_main(f1)__f0()__f1(f0)_42ce9d65807ea3d7.json,42ce9d65807ea3d7,tilelang,dtype_mismatch,已确认缺陷机制，同类记录,源码 dtype 与输入匹配；frontend cache 未纳入全局 dtype；三步缓存对照已确认机制，未逐条重放489条,3,float32,"(512, 2048, 32)","(16, 256, 8)",ac0ce5524ea152fe721c394b360e01e821032274700853ad91c3d4ddf98b0569
results/2026.09.16-18.10_tilelang_easy-shape_seed=42/failed/dtype_mismatch/failed_calls_main(f1)__f0()__f1(f0)_721d50ed964646cf.json,721d50ed964646cf,tilelang,dtype_mismatch,已确认缺陷机制，同类记录,源码 dtype 与输入匹配；frontend cache 未纳入全局 dtype；三步缓存对照已确认机制，未逐条重放489条,3,float32,"(1, 1, 256)","(128, 128, 16)",0067fc79900351e64383ef686c56564733b47418b45da5a31903f361cc1da231
results/2026.09.16-18.10_tilelang_easy-shape_seed=42/failed/dtype_mismatch/failed_calls_main(f1)__f0()__f1(f0)_789f0e2e19d1d378.json,789f0e2e19d1d378,tilelang,dtype_mismatch,已确认缺陷机制，同类记录,源码 dtype 与输入匹配；frontend cache 未纳入全局 dtype；三步缓存对照已确认机制，未逐条重放489条,3,float16,"(1024, 512, 8)","(32, 32, 64)",229fbad01f7bb99c2c9120ec407a4f0266ee4922916b603cd6e43e351a73c172
results/2026.09.16-18.10_tilelang_easy-shape_seed=42/failed/dtype_mismatch/failed_calls_main(f1)__f0()__f1(f0)_7ea11987d5d39637.json,7ea11987d5d39637,tilelang,dtype_mismatch,已确认缺陷机制，同类记录,源码 dtype 与输入匹配；frontend cache 未纳入全局 dtype；三步缓存对照已确认机制，未逐条重放489条,3,float16,"(2048, 2048, 2)","(64, 64, 32)",da301da4333a60f71e7a089fbfd9aaaacaea23b74e2d2b368a8baa172d27f21b
results/2026.09.16-18.10_tilelang_easy-shape_seed=42/failed/dtype_mismatch/failed_calls_main(f1)__f0()__f1(f0)_8732ea5cf794ce16.json,8732ea5cf794ce16,tilelang,dtype_mismatch,已确认缺陷机制，同类记录,源码 dtype 与输入匹配；frontend cache 未纳入全局 dtype；三步缓存对照已确认机制，未逐条重放489条,3,float16,"(128, 1, 32)","(32, 32, 64)",003fa76081ee015a39fbb8cfbf2192aa6d3b3d3cfaedbe880e6248dd77c789e3
results/2026.09.16-18.10_tilelang_easy-shape_seed=42/failed/dtype_mismatch/failed_calls_main(f1)__f0()__f1(f0)_a731c5488803aac9.json,a731c5488803aac9,tilelang,dtype_mismatch,已确认缺陷机制，同类记录,源码 dtype 与输入匹配；frontend cache 未纳入全局 dtype；三步缓存对照已确认机制，未逐条重放489条,3,float16,"(4, 16384, 2)","(16, 64, 128)",eaa8b42a6e185710ddbdc0c654267f6e6f775e76a429594945b28d4217503135
results/2026.09.16-18.10_tilelang_easy-shape_seed=42/failed/dtype_mismatch/failed_calls_main(f1)__f0()__f1(f0)_bd4cdda5b38646e0.json,bd4cdda5b38646e0,tilelang,dtype_mismatch,已确认缺陷机制，同类记录,源码 dtype 与输入匹配；frontend cache 未纳入全局 dtype；三步缓存对照已确认机制，未逐条重放489条,3,float16,"(16384, 2, 2)","(32, 32, 32)",17549e5a7093fbcef0d92239d0a654c8641f32977e00d6cc0c03544f0713ad25
results/2026.09.16-18.10_tilelang_easy-shape_seed=42/failed/dtype_mismatch/failed_calls_main(f1)__f0()__f1(f0)_c8234d2d11d373f7.json,c8234d2d11d373f7,tilelang,dtype_mismatch,已确认缺陷机制，同类记录,源码 dtype 与输入匹配；frontend cache 未纳入全局 dtype；三步缓存对照已确认机制，未逐条重放489条,3,float32,"(256, 4096, 8)","(128, 128, 8)",3e11037b39154614dd4f8f0561a7c20271d46d6f2ed0d4c23669d287a75403b9
results/2026.09.16-18.10_tilelang_easy-shape_seed=42/failed/dtype_mismatch/failed_calls_main(f1)__f0()__f1(f0)_cebadd9bc6250f38.json,cebadd9bc6250f38,tilelang,dtype_mismatch,已确认缺陷机制，同类记录,源码 dtype 与输入匹配；frontend cache 未纳入全局 dtype；三步缓存对照已确认机制，未逐条重放489条,3,float16,"(16, 4, 16384)","(128, 256, 16)",c4d181158d728d376422392a287e2e339ff35a27804c3cf1c5e9393d3711f04f
results/2026.09.16-18.10_tilelang_easy-shape_seed=42/failed/dtype_mismatch/failed_calls_main(f1)__f0()__f1(f0)_d215e9289deb35fb.json,d215e9289deb35fb,tilelang,dtype_mismatch,已确认缺陷机制，同类记录,源码 dtype 与输入匹配；frontend cache 未纳入全局 dtype；三步缓存对照已确认机制，未逐条重放489条,3,float32,"(1, 16384, 1)","(128, 16, 32)",97bf9c909e1ee9876fe312af433ae8434f1093839dbff6eb31ee3bfa53d185e7
results/2026.09.16-18.10_tilelang_easy-shape_seed=42/failed/dtype_mismatch/failed_calls_main(f1)__f0()__f1(f0)_d5187496ec6aa912.json,d5187496ec6aa912,tilelang,dtype_mismatch,已确认缺陷机制，同类记录,源码 dtype 与输入匹配；frontend cache 未纳入全局 dtype；三步缓存对照已确认机制，未逐条重放489条,3,float32,"(16, 64, 4)","(256, 256, 8)",6be7a913862cfd8d8602e7e0a627edb5e080af09fe35e65a95ca9199545ba508
results/2026.09.16-18.10_tilelang_easy-shape_seed=42/failed/dtype_mismatch/failed_calls_main(f1)__f0()__f1(f0)_d66319695ba76e0f.json,d66319695ba76e0f,tilelang,dtype_mismatch,已确认缺陷机制，同类记录,源码 dtype 与输入匹配；frontend cache 未纳入全局 dtype；三步缓存对照已确认机制，未逐条重放489条,3,float16,"(32, 16, 1)","(16, 128, 8)",a6c7165d65c5e179cff2e67d20470be6ecce4681a3e069c92d434e0f764e4639
results/2026.09.16-18.10_tilelang_easy-shape_seed=42/failed/dtype_mismatch/failed_calls_main(f1)__f0()__f1(f0+f0)_205747dce46ea786.json,205747dce46ea786,tilelang,dtype_mismatch,已确认缺陷机制，同类记录,源码 dtype 与输入匹配；frontend cache 未纳入全局 dtype；三步缓存对照已确认机制，未逐条重放489条,3,float16,"(256, 4, 8)","(256, 256, 8)",4953f1d81b097c0423baa0709b77cd1cd20d4bc1905e7ddc5465f3b61c254ec4
results/2026.09.16-18.10_tilelang_easy-shape_seed=42/failed/dtype_mismatch/failed_calls_main(f1)__f0()__f1(f0+f0)_8225f85486a55162.json,8225f85486a55162,tilelang,dtype_mismatch,已确认缺陷机制，同类记录,源码 dtype 与输入匹配；frontend cache 未纳入全局 dtype；三步缓存对照已确认机制，未逐条重放489条,3,float16,"(256, 4, 8)","(256, 256, 8)",e5b5b9f3bc2ca4802a895c31e14dff09bcbafb53ff12c1e9fab622131b9e6ee5
results/2026.09.16-18.10_tilelang_easy-shape_seed=42/failed/dtype_mismatch/failed_calls_main(f1)__f0()__f1(f0+f0)_be67e0dab5f0266a.json,be67e0dab5f0266a,tilelang,dtype_mismatch,已确认缺陷机制，同类记录,源码 dtype 与输入匹配；frontend cache 未纳入全局 dtype；三步缓存对照已确认机制，未逐条重放489条,3,float32,"(16, 2, 4096)","(16, 64, 32)",6940b8f43fde5e8a31d08d6bdfffab3650de2c476820e2e391aa36eb56689695
results/2026.09.16-18.10_tilelang_easy-shape_seed=42/failed/dtype_mismatch/failed_calls_main(f1)__f0()__f1(f0+f0)_c402603f5a1626b8.json,c402603f5a1626b8,tilelang,dtype_mismatch,已确认缺陷机制，同类记录,源码 dtype 与输入匹配；frontend cache 未纳入全局 dtype；三步缓存对照已确认机制，未逐条重放489条,3,float16,"(2, 4, 2048)","(64, 64, 8)",874716f053a0b100520739ede4c9f708e41563346ccf17e933640683dc8263a4
results/2026.09.16-18.10_tilelang_easy-shape_seed=42/failed/dtype_mismatch/failed_calls_main(f1+f1)__f0()__f1(f0)_5a4653436bef2a29.json,5a4653436bef2a29,tilelang,dtype_mismatch,已确认缺陷机制，同类记录,源码 dtype 与输入匹配；frontend cache 未纳入全局 dtype；三步缓存对照已确认机制，未逐条重放489条,3,float16,"(2048, 1, 2048)","(64, 64, 16)",9a73ecd5f7fbfb14f0661230acab1f46840965df327191ae5dffb4106855c8a3
results/2026.09.16-18.10_tilelang_easy-shape_seed=42/failed/dtype_mismatch/failed_calls_main(f1+f1)__f0()__f1(f0)_803bc49aa8cac13f.json,803bc49aa8cac13f,tilelang,dtype_mismatch,已确认缺陷机制，同类记录,源码 dtype 与输入匹配；frontend cache 未纳入全局 dtype；三步缓存对照已确认机制，未逐条重放489条,3,float16,"(16, 512, 2)","(32, 16, 64)",fc979f2cf9d9e0453af6bc2aaeaa95deea5b1ea807c8ddfd4ed1a75f82bf884d
results/2026.09.16-18.10_tilelang_easy-shape_seed=42/failed/layout_inference/failed_calls_main(f0)__f0()_4eb276d51b2ea75a.json,4eb276d51b2ea75a,tilelang,layout_inference,布局编译失败候选，待缩减,no available layout；代表2ffa308929b8d63e冷缓存复现且无transpose；其他记录仍需排查布局约束/支持范围,3,float16,"(4096, 512, 32)","(32, 32, 16)",800ae079814bf972a8b5c04d49dbe4058f3fb859065b72eef50fa3cadd6644fb
results/2026.09.16-18.10_tilelang_easy-shape_seed=42/failed/layout_inference/failed_calls_main(f0)__f0()_7a83d9f1f46641a3.json,7a83d9f1f46641a3,tilelang,layout_inference,布局编译失败候选，待缩减,no available layout；代表2ffa308929b8d63e冷缓存复现且无transpose；其他记录仍需排查布局约束/支持范围,3,float32,"(16384, 4, 16384)","(32, 32, 32)",9b098b2faf0184a03415db685c4c3522ac431d84d8e99f387d2c0b98a469013d
results/2026.09.16-18.10_tilelang_easy-shape_seed=42/failed/layout_inference/failed_calls_main(f0)__f0()_aadec7b904cb3f5f.json,aadec7b904cb3f5f,tilelang,layout_inference,布局编译失败候选，待缩减,no available layout；代表2ffa308929b8d63e冷缓存复现且无transpose；其他记录仍需排查布局约束/支持范围,3,float16,"(16384, 256, 256)","(32, 32, 8)",62352f6881e59e267b9f9a444b245a210f1411c3ede311e225e57adfdb6fc454
results/2026.09.16-18.10_tilelang_easy-shape_seed=42/failed/layout_inference/failed_calls_main(f1)__f0()__f1(f0)_018564d13f7c5c69.json,018564d13f7c5c69,tilelang,layout_inference,布局编译失败候选，待缩减,no available layout；代表2ffa308929b8d63e冷缓存复现且无transpose；其他记录仍需排查布局约束/支持范围,3,float16,"(4096, 16, 4)","(128, 128, 16)",d1dcb00d95e2d4f893cce60d93da317ac5386f8b98a1fd882e4a8adaf191604e
results/2026.09.16-18.10_tilelang_easy-shape_seed=42/failed/layout_inference/failed_calls_main(f1)__f0()__f1(f0)_0dc5f2515b671133.json,0dc5f2515b671133,tilelang,layout_inference,布局编译失败候选，待缩减,no available layout；代表2ffa308929b8d63e冷缓存复现且无transpose；其他记录仍需排查布局约束/支持范围,3,float32,"(128, 512, 16)","(32, 32, 16)",c145d17f55c0b1dade4b60f474aca2d12c2c0a248eeb5d7ad67856ad607c938c
results/2026.09.16-18.10_tilelang_easy-shape_seed=42/failed/ptx_async_boundary/failed_calls_main(f0+f0)__f0()_a193907b6f03a45c.json,a193907b6f03a45c,tilelang,ptx_async_boundary,已确认缺陷机制，同类记录,49条均为fp16、N=1或K=1，普通T.copy自动生成非法2字节cp.async；代表6ffb52d51060569a已复现,3,float16,"(16, 128, 1)","(128, 32, 32)",7207f15264a2f47d9061b7eb1e32b1d722604c084178f6ab1929cbd5a896eec9
results/2026.09.16-18.10_tilelang_easy-shape_seed=42/failed/ptx_async_boundary/failed_calls_main(f0+f1)__f0()__f1(f0)_4834498c90cb70d7.json,4834498c90cb70d7,tilelang,ptx_async_boundary,已确认缺陷机制，同类记录,49条均为fp16、N=1或K=1，普通T.copy自动生成非法2字节cp.async；代表6ffb52d51060569a已复现,3,float16,"(1, 1, 8)","(64, 32, 8)",3b77ad301885d1d5d78e425499d48b0994eb323fab8772ec4a4ad1a19be4c1b8
results/2026.09.16-18.10_tilelang_easy-shape_seed=42/failed/ptx_async_boundary/failed_calls_main(f1)__f0()__f1(f0)_6e2e2213509f2a7b.json,6e2e2213509f2a7b,tilelang,ptx_async_boundary,已确认缺陷机制，同类记录,49条均为fp16、N=1或K=1，普通T.copy自动生成非法2字节cp.async；代表6ffb52d51060569a已复现,3,float16,"(256, 512, 1)","(32, 64, 128)",da6c1752493d468a3480d97f31dc42020669b947f265d6de3166ecdf08af7224
results/2026.09.16-18.10_tilelang_easy-shape_seed=42/failed/ptx_async_boundary/failed_calls_main(f1)__f0()__f1(f0)_e27866d3ea3af75a.json,e27866d3ea3af75a,tilelang,ptx_async_boundary,已确认缺陷机制，同类记录,49条均为fp16、N=1或K=1，普通T.copy自动生成非法2字节cp.async；代表6ffb52d51060569a已复现,3,float16,"(1, 2, 1)","(128, 128, 8)",86d2102115236a05c8cacbdfb1e4458bb53cc261748ca185aa722fd7ffbd5cd6
results/2026.09.16-18.10_tilelang_easy-shape_seed=42/failed/ptx_async_boundary/failed_calls_main(f1)__f0()__f1(f0+f0)_695e7b24e518b961.json,695e7b24e518b961,tilelang,ptx_async_boundary,已确认缺陷机制，同类记录,49条均为fp16、N=1或K=1，普通T.copy自动生成非法2字节cp.async；代表6ffb52d51060569a已复现,3,float16,"(1, 1, 16)","(32, 32, 32)",fc77e9cbdb63b0979b64ae5afa59504eba680445ac378e48336d37e0d6a1836d
results/2026.09.16-18.10_tilelang_easy-shape_seed=42/failed/shared_memory_overflow/failed_calls_main(f0)__f0()_24eeb7b765bbc2a9.json,24eeb7b765bbc2a9,tilelang,shared_memory_overflow,非有效目标编译器bug,请求动态shared memory超过sm_89每block 99328字节限制；生成/资源预算不足,3,float32,"(512, 512, 16)","(256, 256, 16)",d3a383151602d5ddacdd5fa58c34bc399a43149c9e7adbffea08400ef9d8698d
results/2026.09.16-18.10_tilelang_easy-shape_seed=42/failed/shared_memory_overflow/failed_calls_main(f0)__f0()_27c8ad13cd272e7e.json,27c8ad13cd272e7e,tilelang,shared_memory_overflow,非有效目标编译器bug,请求动态shared memory超过sm_89每block 99328字节限制；生成/资源预算不足,3,float32,"(64, 1024, 2)","(256, 256, 8)",752fac0a1531e46535105ec70ec1326dfa03e2e7340000000c8dfbbdf0b09088
results/2026.09.16-18.10_tilelang_easy-shape_seed=42/failed/shared_memory_overflow/failed_calls_main(f0)__f0()_4215143d66a2fc5a.json,4215143d66a2fc5a,tilelang,shared_memory_overflow,非有效目标编译器bug,请求动态shared memory超过sm_89每block 99328字节限制；生成/资源预算不足,3,float16,"(2, 1024, 64)","(256, 256, 32)",989103c587381a01b94001019d47b6385df235aa60c2f4351717c6d2e13f0e02
results/2026.09.16-18.10_tilelang_easy-shape_seed=42/failed/shared_memory_overflow/failed_calls_main(f0)__f0()_75cccb06e610e2c8.json,75cccb06e610e2c8,tilelang,shared_memory_overflow,非有效目标编译器bug,请求动态shared memory超过sm_89每block 99328字节限制；生成/资源预算不足,3,float32,"(2, 16384, 16384)","(256, 256, 16)",a196574f640146996891679025ed64bd926e2edffbe5f2f34d813514a12c4bc7
results/2026.09.16-18.10_tilelang_easy-shape_seed=42/failed/shared_memory_overflow/failed_calls_main(f0)__f0()_8cf8886ce43821f4.json,8cf8886ce43821f4,tilelang,shared_memory_overflow,非有效目标编译器bug,请求动态shared memory超过sm_89每block 99328字节限制；生成/资源预算不足,3,float16,"(2048, 256, 4)","(256, 256, 16)",f79fdc95c3aecb4275665573f5a76a0c80351c542c7ab066021ca8ec57062d01
results/2026.09.16-18.10_tilelang_easy-shape_seed=42/failed/shared_memory_overflow/failed_calls_main(f0+f0)__f0()_17c086991b7aea94.json,17c086991b7aea94,tilelang,shared_memory_overflow,非有效目标编译器bug,请求动态shared memory超过sm_89每block 99328字节限制；生成/资源预算不足,3,float16,"(8192, 2048, 1)","(256, 256, 8)",5ded1079f10b7dad2f0f94bc1aed66db86941972755d0b32cb0da120b335e694
results/2026.09.16-18.10_tilelang_easy-shape_seed=42/failed/shared_memory_overflow/failed_calls_main(f0+f0)__f0()_2cbcbfa31416a9af.json,2cbcbfa31416a9af,tilelang,shared_memory_overflow,非有效目标编译器bug,请求动态shared memory超过sm_89每block 99328字节限制；生成/资源预算不足,3,float32,"(64, 512, 1)","(256, 256, 8)",0e7f73fac37ea9a6d1445396e5f1f5829b4e7c6568ba88e3da799481ff30b40c
results/2026.09.16-18.10_tilelang_easy-shape_seed=42/failed/shared_memory_overflow/failed_calls_main(f0+f0)__f0()_c7cca1dcdfe860b3.json,c7cca1dcdfe860b3,tilelang,shared_memory_overflow,非有效目标编译器bug,请求动态shared memory超过sm_89每block 99328字节限制；生成/资源预算不足,3,float16,"(8, 2, 1)","(256, 256, 16)",217f19258778e9d6c6e4bfc13dad3fc0728fbe8f990abc29cf6c956696b26d0c
results/2026.09.16-18.10_tilelang_easy-shape_seed=42/failed/shared_memory_overflow/failed_calls_main(f0+f1)__f0()__f1(f0)_0ea5e83981b648df.json,0ea5e83981b648df,tilelang,shared_memory_overflow,非有效目标编译器bug,请求动态shared memory超过sm_89每block 99328字节限制；生成/资源预算不足,3,float32,"(1, 8, 8)","(256, 256, 8)",78003bd6611113e4c1d3ae71ce9a5e321b4e0ebadc74cfb928daf7e065a18ff6
results/2026.09.16-18.10_tilelang_easy-shape_seed=42/failed/shared_memory_overflow/failed_calls_main(f0+f1)__f0()__f1(f0+f0)_37e6f497c7251323.json,37e6f497c7251323,tilelang,shared_memory_overflow,非有效目标编译器bug,请求动态shared memory超过sm_89每block 99328字节限制；生成/资源预算不足,3,float32,"(1, 4096, 1)","(256, 256, 8)",c430f8b40dddf523575c2a2fd073259457fea2d180c64673cbec85d6fa2671d3
results/2026.09.16-18.10_tilelang_easy-shape_seed=42/failed/shared_memory_overflow/failed_calls_main(f1)__f0()__f1(f0)_1f2a1dcd9c217a3a.json,1f2a1dcd9c217a3a,tilelang,shared_memory_overflow,非有效目标编译器bug,请求动态shared memory超过sm_89每block 99328字节限制；生成/资源预算不足,3,float32,"(128, 2048, 16384)","(256, 256, 16)",39a7c887493ebe4761b845d944b0c9886e0603f1662bfd7b5792d51e58123f57
results/2026.09.16-18.10_tilelang_easy-shape_seed=42/failed/shared_memory_overflow/failed_calls_main(f1)__f0()__f1(f0)_41973b3f5baaf55d.json,41973b3f5baaf55d,tilelang,shared_memory_overflow,非有效目标编译器bug,请求动态shared memory超过sm_89每block 99328字节限制；生成/资源预算不足,3,float16,"(64, 16384, 256)","(256, 256, 16)",532c755e62b2882865f205e887da1f65735bbe58fe28cc347041dafc75056329
results/2026.09.16-18.10_tilelang_easy-shape_seed=42/failed/shared_memory_overflow/failed_calls_main(f1)__f0()__f1(f0)_49478c1142f33fb9.json,49478c1142f33fb9,tilelang,shared_memory_overflow,非有效目标编译器bug,请求动态shared memory超过sm_89每block 99328字节限制；生成/资源预算不足,3,float16,"(16, 256, 4)","(256, 256, 8)",e6d3ecc5d6d19a4d86856c753c46805a1c804ee9bebf901d24e0f421469097a3
results/2026.09.16-18.10_tilelang_easy-shape_seed=42/failed/shared_memory_overflow/failed_calls_main(f1)__f0()__f1(f0)_720c80e24164b8f9.json,720c80e24164b8f9,tilelang,shared_memory_overflow,非有效目标编译器bug,请求动态shared memory超过sm_89每block 99328字节限制；生成/资源预算不足,3,float16,"(512, 8192, 16)","(256, 256, 32)",990193e039b99166bc1d2957d4730b03c8326c0fb99b55e658214de5d3ad3ca1
results/2026.09.16-18.10_tilelang_easy-shape_seed=42/failed/shared_memory_overflow/failed_calls_main(f1)__f0()__f1(f0)_9d30eb6ff191110c.json,9d30eb6ff191110c,tilelang,shared_memory_overflow,非有效目标编译器bug,请求动态shared memory超过sm_89每block 99328字节限制；生成/资源预算不足,3,float16,"(16, 8, 4)","(256, 256, 16)",782a866ed194458ff830fe960fbceae52a6f88d80104fa24ae1144fc78ea9f21
results/2026.09.16-18.10_tilelang_easy-shape_seed=42/failed/shared_memory_overflow/failed_calls_main(f1)__f0()__f1(f0)_a587c70392127834.json,a587c70392127834,tilelang,shared_memory_overflow,非有效目标编译器bug,请求动态shared memory超过sm_89每block 99328字节限制；生成/资源预算不足,3,float32,"(32, 16384, 32)","(256, 256, 16)",5d552e3c736c8a34228f7db6800c51aa2e04a04ce37c24bb2853870a66db0678
results/2026.09.16-18.10_tilelang_easy-shape_seed=42/failed/shared_memory_overflow/failed_calls_main(f1)__f0()__f1(f0)_a952a71d43bdfa8c.json,a952a71d43bdfa8c,tilelang,shared_memory_overflow,非有效目标编译器bug,请求动态shared memory超过sm_89每block 99328字节限制；生成/资源预算不足,3,float16,"(1024, 256, 2)","(256, 256, 16)",ee5094ceb311a61b80c5b9495d4674734eecb67c90a16139d1cafc860111e166
results/2026.09.16-18.10_tilelang_easy-shape_seed=42/failed/shared_memory_overflow/failed_calls_main(f1)__f0()__f1(f0)_bcdda488f03e556e.json,bcdda488f03e556e,tilelang,shared_memory_overflow,非有效目标编译器bug,请求动态shared memory超过sm_89每block 99328字节限制；生成/资源预算不足,3,float16,"(4096, 4096, 32)","(256, 256, 32)",09ca714119550b3d9ced6ce9151bd7f5fa8c7b00787f4005915c367d2c9d0141
results/2026.09.16-18.10_tilelang_easy-shape_seed=42/failed/shared_memory_overflow/failed_calls_main(f1)__f0()__f1(f0+f0)_8e84d1b5b48e1ead.json,8e84d1b5b48e1ead,tilelang,shared_memory_overflow,非有效目标编译器bug,请求动态shared memory超过sm_89每block 99328字节限制；生成/资源预算不足,3,float16,"(256, 2048, 256)","(256, 256, 32)",f76d23d995fd1298f44587795a91000e6738797b4b03325bd5a03aa26922b3cc
results/2026.09.16-18.10_tilelang_easy-shape_seed=42/failed/shared_memory_overflow/failed_calls_main(f1)__f0()__f1(f0+f0+f0)_3a5e8a9c8f77d1f7.json,3a5e8a9c8f77d1f7,tilelang,shared_memory_overflow,非有效目标编译器bug,请求动态shared memory超过sm_89每block 99328字节限制；生成/资源预算不足,3,float32,"(512, 64, 64)","(256, 256, 16)",70becb7b43a8dd9c84887dd9d84afa74257848b365626f056a5c138f8a7db500
results/2026.09.16-18.10_tilelang_easy-shape_seed=42/failed/shared_memory_overflow/failed_calls_main(f1+f1)__f0()__f1(f0)_6d86ec755e5fd0e3.json,6d86ec755e5fd0e3,tilelang,shared_memory_overflow,非有效目标编译器bug,请求动态shared memory超过sm_89每block 99328字节限制；生成/资源预算不足,3,float16,"(8, 16, 2)","(256, 256, 8)",a27e494cc34cce0314726a9a2d57cb3eb8d1082804191464afe7ce3f4a1282d6
results/2026.09.16-18.10_tilelang_easy-shape_seed=42/failed/timeout/failed_calls_main(f0)__f0()_16d2c4ba96e56d7d.json,16d2c4ba96e56d7d,tilelang,timeout,超时证据不足,历史Region日志只有Execution timed out，不能区分编译慢、参考慢、资源压力和kernel hang,3,float16,"(16384, 16384, 2048)","(16, 256, 32)",76b895fcb3b23287539f2bbf25b5194170432629906b9728956525ce6a6c2d8d
results/2026.09.16-18.10_tilelang_easy-shape_seed=42/failed/timeout/failed_calls_main(f0)__f0()_a041b3c3da58bf2b.json,a041b3c3da58bf2b,tilelang,timeout,超时证据不足,历史Region日志只有Execution timed out，不能区分编译慢、参考慢、资源压力和kernel hang,3,float16,"(128, 512, 32)","(256, 256, 32)",f1a57bb24e422469b19937a502bc97a0a0afaca7c068588a9d4130841fc02fde
results/2026.09.16-18.10_tilelang_easy-shape_seed=42/failed/timeout/failed_calls_main(f0)__f0()_b4649419e43b11fd.json,b4649419e43b11fd,tilelang,timeout,超时证据不足,历史Region日志只有Execution timed out，不能区分编译慢、参考慢、资源压力和kernel hang,3,float16,"(256, 16, 1)","(256, 256, 8)",ae179eab7ab021176ae20a57259c4a2e35a18af2119524c00cb31ac14f2f3ff6
results/2026.09.16-18.10_tilelang_easy-shape_seed=42/failed/timeout/failed_calls_main(f0)__f0()_d549efa5e6635b1c.json,d549efa5e6635b1c,tilelang,timeout,超时证据不足,历史Region日志只有Execution timed out，不能区分编译慢、参考慢、资源压力和kernel hang,3,float16,"(16384, 16384, 16384)","(16, 256, 16)",b3d19bb2fe446359880d65566570cbcb21379bb4fc4d648b8bf437a302c0193b
results/2026.09.16-18.10_tilelang_easy-shape_seed=42/failed/timeout/failed_calls_main(f0+f0)__f0()_56023c8555280080.json,56023c8555280080,tilelang,timeout,超时证据不足,历史Region日志只有Execution timed out，不能区分编译慢、参考慢、资源压力和kernel hang,3,float16,"(8192, 4096, 64)","(256, 256, 32)",7ea848e1cfb2d958787c5b6a4e8fd0ac88a2c7231353fc3ca0d84ad0e66e344b
results/2026.09.16-18.10_tilelang_easy-shape_seed=42/failed/timeout/failed_calls_main(f0+f0)__f0()_6dabff98897696b2.json,6dabff98897696b2,tilelang,timeout,超时证据不足,历史Region日志只有Execution timed out，不能区分编译慢、参考慢、资源压力和kernel hang,3,float16,"(2048, 8, 16384)","(256, 256, 16)",7c3feaa779726cfd65aa405d1a2eb66cb6a3146b04a898a197477b2ecef9fc3d
results/2026.09.16-18.10_tilelang_easy-shape_seed=42/failed/timeout/failed_calls_main(f0+f0)__f0()_e6e4469107aa9372.json,e6e4469107aa9372,tilelang,timeout,超时证据不足,历史Region日志只有Execution timed out，不能区分编译慢、参考慢、资源压力和kernel hang,3,float16,"(256, 2048, 256)","(128, 256, 16)",8d99ab11de4b4398390dc1fed363f74d60e9f8205a1ddfd75a9a982cd0aabed5
results/2026.09.16-18.10_tilelang_easy-shape_seed=42/failed/timeout/failed_calls_main(f1)__f0()__f1(f0)_27f3aefbf23615de.json,27f3aefbf23615de,tilelang,timeout,超时证据不足,历史Region日志只有Execution timed out，不能区分编译慢、参考慢、资源压力和kernel hang,3,float32,"(2048, 2, 4)","(256, 256, 8)",6602f191d6705e38ecae9770e57e5fd212f000141ba95131c564458bd0f510d1
results/2026.09.16-18.10_tilelang_easy-shape_seed=42/failed/timeout/failed_calls_main(f1)__f0()__f1(f0)_76d35e599245abc9.json,76d35e599245abc9,tilelang,timeout,超时证据不足,历史Region日志只有Execution timed out，不能区分编译慢、参考慢、资源压力和kernel hang,3,float32,"(2, 2, 1024)","(256, 256, 8)",a2eaedd0a6a73267fa3819a7d93f4a8c5518345beb9cdda5ae675d7f2a033668
results/2026.09.16-18.10_tilelang_easy-shape_seed=42/failed/timeout/failed_calls_main(f1)__f0()__f1(f0)_99ab6b7da7ae77a5.json,99ab6b7da7ae77a5,tilelang,timeout,超时证据不足,历史Region日志只有Execution timed out，不能区分编译慢、参考慢、资源压力和kernel hang,3,float16,"(8192, 16384, 512)","(128, 16, 16)",ad12974ed559fb004ea87182c8831de6c257c77e95619438ccc3949c2d264d22
results/2026.09.16-18.10_tilelang_easy-shape_seed=42/failed/timeout/failed_calls_main(f1)__f0()__f1(f0+f0)_09b243966114f9eb.json,09b243966114f9eb,tilelang,timeout,超时证据不足,历史Region日志只有Execution timed out，不能区分编译慢、参考慢、资源压力和kernel hang,3,float32,"(1024, 4096, 1)","(256, 256, 16)",f9d95e3eaa28bb53854d92994ee04dbaa570c62e822a3475de44e448e1629af9
results/2026.09.16-18.10_tilelang_easy-shape_seed=42/failed/timeout/failed_calls_main(f1)__f0()__f1(f0+f0)_4a474184a76985f2.json,4a474184a76985f2,tilelang,timeout,超时证据不足,历史Region日志只有Execution timed out，不能区分编译慢、参考慢、资源压力和kernel hang,3,float32,"(4096, 512, 256)","(256, 256, 8)",cfa0705936d6c54b9fd44f93c96853012819884d93686236c24cdb487eb53b70
results/2026.09.16-18.10_tilelang_easy-shape_seed=42/failed/timeout/failed_calls_main(f1)__f0()__f1(f0+f0)_907690a44870820e.json,907690a44870820e,tilelang,timeout,超时证据不足,历史Region日志只有Execution timed out，不能区分编译慢、参考慢、资源压力和kernel hang,3,float32,"(4, 16, 4)","(128, 128, 32)",25a3263ced89c8652c75790ebf4d39d9228dc86bbf5e04faaa2c5f4db7fa351d
results/2026.09.16-18.10_tilelang_easy-shape_seed=42/failed/timeout/failed_calls_main(f1)__f0()__f1(f0+f0)_b7d4c2ee91a93bd4.json,b7d4c2ee91a93bd4,tilelang,timeout,超时证据不足,历史Region日志只有Execution timed out，不能区分编译慢、参考慢、资源压力和kernel hang,3,float16,"(64, 16, 128)","(256, 256, 16)",7bb8f6c29474a9f783a968a5b94209b7d956a4dafa2c03e9c79f6bb494b8fb06
results/2026.09.16-18.10_tilelang_easy-shape_seed=42/failed/wrong_result/failed_calls_main(f0)__f0()_119930b0d5c760cc.json,119930b0d5c760cc,tilelang,wrong_result,疑似数值不稳定，暂不报目标bug,原误差3.3；改输入scale=0.1为可精确表示的0.125后两调度、两组输入均通过；仍需逐操作误差轨迹才能最终定性,3,float32,"(128, 128, 256)","(64, 64, 8)",406d4cb386140dd570f98c9ae38b0db93a91b6b7046c308220328009292a7b63
results/2026.09.16-18.10_tilelang_easy-shape_seed=42/failed/wrong_result/failed_calls_main(f0)__f0()_174bfd4b0062a376.json,174bfd4b0062a376,tilelang,wrong_result,待确认,需要逐条缩减及独立语义验证,3,float16,"(16384, 1024, 4096)","(128, 128, 8)",1429ebc19e3489871e11441b0cde6e03cf2812436aa4960fe33e738005a440ce
results/2026.09.16-18.10_tilelang_easy-shape_seed=42/failed/wrong_result/failed_calls_main(f0)__f0()_1e06773a0a201bc2.json,1e06773a0a201bc2,tilelang,wrong_result,K=8已知错误机制候选,与已确认K=8布局/列重复机制同配置；不能因block_K=8判非法，也不能未经缩减把全部219条算独立bug,3,float16,"(1024, 64, 16384)","(64, 64, 8)",161cad9b8634d629e06ecd8bf03c621388837b72222d2fb5d2e1d0e8b6a697f5
results/2026.09.16-18.10_tilelang_easy-shape_seed=42/failed/wrong_result/failed_calls_main(f0)__f0()_2c381e898c38585d.json,2c381e898c38585d,tilelang,wrong_result,待确认,需要逐条缩减及独立语义验证,3,float16,"(32, 128, 16384)","(128, 128, 16)",cf05cf4d7d52c9cd47095d4f99f84f61be295dbb3a6fa9cd91a83ac3ef48f74e
results/2026.09.16-18.10_tilelang_easy-shape_seed=42/failed/wrong_result/failed_calls_main(f0)__f0()_3d6dee2e1aa32c7c.json,3d6dee2e1aa32c7c,tilelang,wrong_result,待确认,需要逐条缩减及独立语义验证,3,float32,"(2, 1024, 16384)","(32, 16, 8)",f4331bc332dfcbbbf6f0cff26dc7f8d22aa6b3d3ca543f19e0dbc143ae44f822
results/2026.09.16-18.10_tilelang_easy-shape_seed=42/failed/wrong_result/failed_calls_main(f0)__f0()_4ba320b47f92f697.json,4ba320b47f92f697,tilelang,wrong_result,待确认,需要逐条缩减及独立语义验证,3,float32,"(256, 16384, 512)","(16, 32, 32)",c282525c7152177de6d020baeaf4f8c85660007db1c92ddad5c0287b89bb6d09
results/2026.09.16-18.10_tilelang_easy-shape_seed=42/failed/wrong_result/failed_calls_main(f0)__f0()_4d6c5f0935cb8a28.json,4d6c5f0935cb8a28,tilelang,wrong_result,待确认,需要逐条缩减及独立语义验证,3,float32,"(512, 16384, 4)","(64, 256, 32)",5060251e72ccc810dee0cca4efccf59eb528eb200c2ef26d8e0d8c8a94143611
results/2026.09.16-18.10_tilelang_easy-shape_seed=42/failed/wrong_result/failed_calls_main(f0)__f0()_52359901b074112c.json,52359901b074112c,tilelang,wrong_result,待确认,需要逐条缩减及独立语义验证,3,float32,"(4096, 4096, 32)","(64, 128, 8)",57d1060f5f81bd6a68f14738c4de453144a0d7a8505ac45ea0b2362f4c0228a1
results/2026.09.16-18.10_tilelang_easy-shape_seed=42/failed/wrong_result/failed_calls_main(f0)__f0()_6aa2394d7b7107e3.json,6aa2394d7b7107e3,tilelang,wrong_result,K=8已知错误机制候选,与已确认K=8布局/列重复机制同配置；不能因block_K=8判非法，也不能未经缩减把全部219条算独立bug,3,float16,"(1, 256, 512)","(64, 128, 8)",3e139b9c6ced550d9bb78fff8d3f2a726caf6acf4444735e202ae1b9b5547497
results/2026.09.16-18.10_tilelang_easy-shape_seed=42/failed/wrong_result/failed_calls_main(f0)__f0()_7066e78fe1738d1a.json,7066e78fe1738d1a,tilelang,wrong_result,待确认,需要逐条缩减及独立语义验证,3,float32,"(1024, 256, 2)","(32, 32, 32)",adecd3ec1129c418800e75ea39533a4c80f4bbddc6f3ad307d54d822cc0e1c8a
results/2026.09.16-18.10_tilelang_easy-shape_seed=42/failed/wrong_result/failed_calls_main(f0)__f0()_98182abe60817c3a.json,98182abe60817c3a,tilelang,wrong_result,K=8已知错误机制候选,与已确认K=8布局/列重复机制同配置；不能因block_K=8判非法，也不能未经缩减把全部219条算独立bug,3,float16,"(4, 128, 16)","(64, 64, 8)",812a6dcf0c922f553a72071265ba98fe7b2032c0fcb820e80ef849f2696ce8a4
results/2026.09.16-18.10_tilelang_easy-shape_seed=42/failed/wrong_result/failed_calls_main(f0)__f0()_98730e144853d0d5.json,98730e144853d0d5,tilelang,wrong_result,待确认,需要逐条缩减及独立语义验证,3,float32,"(64, 4096, 2)","(64, 64, 8)",7126f3cf4eaf315bdd66206939c3408fd09439505e17e3b464b2e9f944778095
results/2026.09.16-18.10_tilelang_easy-shape_seed=42/failed/wrong_result/failed_calls_main(f0)__f0()_98abc8cc827d0696.json,98abc8cc827d0696,tilelang,wrong_result,待确认,需要逐条缩减及独立语义验证,3,float32,"(1024, 16, 2048)","(32, 32, 32)",cc9e20eb688d06fb1cce7e12ee50b71a9c5283cfae1b085ebac08fffeb75d538
results/2026.09.16-18.10_tilelang_easy-shape_seed=42/failed/wrong_result/failed_calls_main(f0)__f0()_cbd3e90b13db910b.json,cbd3e90b13db910b,tilelang,wrong_result,待确认,需要逐条缩减及独立语义验证,3,float32,"(2, 2048, 16384)","(128, 32, 8)",2cab8bc3fb42d34f26fa4fa54c8ff84bfc144ff831369f6f574579dde65322af
results/2026.09.16-18.10_tilelang_easy-shape_seed=42/failed/wrong_result/failed_calls_main(f0)__f0()_fa19b564937aa06a.json,fa19b564937aa06a,tilelang,wrong_result,待确认,需要逐条缩减及独立语义验证,3,float32,"(64, 512, 32)","(128, 128, 8)",3fa23b669a064f4fd7ba0a2b04aaea63d23a99755dd0cebf0a542c9578b0ec10
results/2026.09.16-18.10_tilelang_easy-shape_seed=42/failed/wrong_result/failed_calls_main(f0+f0)__f0()_2a94253eed703fa3.json,2a94253eed703fa3,tilelang,wrong_result,待确认,需要逐条缩减及独立语义验证,3,float32,"(1024, 128, 64)","(32, 256, 16)",455e3967f0f3353c512e71d9fa1b2f6a077cfdc7b1822e14ef7521aa520a2ea9
results/2026.09.16-18.10_tilelang_easy-shape_seed=42/failed/wrong_result/failed_calls_main(f0+f0)__f0()_4df3eaed764eaf97.json,4df3eaed764eaf97,tilelang,wrong_result,K=8已知错误机制候选,与已确认K=8布局/列重复机制同配置；不能因block_K=8判非法，也不能未经缩减把全部219条算独立bug,3,float16,"(64, 32, 16)","(64, 64, 8)",4d0cb57140eaa38aa545d6918269c5f1a04e6e444145aca87bb772711a4b0c07
results/2026.09.16-18.10_tilelang_easy-shape_seed=42/failed/wrong_result/failed_calls_main(f0+f0+f0)__f0()_a43b3bf1827d82b2.json,a43b3bf1827d82b2,tilelang,wrong_result,待确认,需要逐条缩减及独立语义验证,3,float32,"(2048, 16384, 16384)","(128, 128, 8)",e91addf131f16f41bb45206008ec8ac2d20ef89f7e9ae62cea387c865d7610bb
results/2026.09.16-18.10_tilelang_easy-shape_seed=42/failed/wrong_result/failed_calls_main(f1)__f0()__f1(f0)_0a437a75b831d2cf.json,0a437a75b831d2cf,tilelang,wrong_result,待确认,需要逐条缩减及独立语义验证,3,float32,"(1024, 16, 32)","(32, 32, 32)",d4ff73b9a1e96d856c04f1cf74d4fbdc8cd53a2bda72c7cda353aeec46b75219
results/2026.09.16-18.10_tilelang_easy-shape_seed=42/failed/wrong_result/failed_calls_main(f1)__f0()__f1(f0)_712c5ec7091c6438.json,712c5ec7091c6438,tilelang,wrong_result,K=8已知错误机制候选,与已确认K=8布局/列重复机制同配置；不能因block_K=8判非法，也不能未经缩减把全部219条算独立bug,3,float16,"(16, 16, 32)","(256, 128, 8)",8123b5da3f25110d2496639c2c078616350147f4d3b1f6598738cf3cc3636bb6
results/2026.09.16-18.10_tilelang_easy-shape_seed=42/failed/wrong_result/failed_calls_main(f1)__f0()__f1(f0)_80a643cd3e540d53.json,80a643cd3e540d53,tilelang,wrong_result,待确认,需要逐条缩减及独立语义验证,3,float32,"(16, 4096, 16384)","(32, 32, 32)",d9f9aee1f8f0084b94f27f3e45dec5b873b1768c80ee91a5d5b3d135f8e3478e
results/2026.09.16-18.10_tilelang_easy-shape_seed=42/failed/wrong_result/failed_calls_main(f1)__f0()__f1(f0)_b1293d98358d0fc7.json,b1293d98358d0fc7,tilelang,wrong_result,待确认,需要逐条缩减及独立语义验证,3,float16,"(8192, 16384, 4096)","(32, 32, 16)",f0f6870d1fac131b6227823750406d5de8d57ca5979cfc1dd9cde5f75b8870fe
results/2026.09.16-18.10_tilelang_easy-shape_seed=42/failed/wrong_result/failed_calls_main(f1)__f0()__f1(f0)_b57fbf85b7a454c2.json,b57fbf85b7a454c2,tilelang,wrong_result,待确认,需要逐条缩减及独立语义验证,3,float32,"(4096, 2048, 256)","(64, 64, 16)",7623e8d2c5a545869ac20973c941830788d0227983b8d79f52579436558f1b3e
results/2026.09.16-18.10_tilelang_easy-shape_seed=42/failed/wrong_result/failed_calls_main(f1)__f0()__f1(f0)_cbe5ff95adf9eba6.json,cbe5ff95adf9eba6,tilelang,wrong_result,待确认,需要逐条缩减及独立语义验证,3,float16,"(2, 16384, 16)","(64, 256, 64)",b17e9caef63b1f07ce9d746238ac289f418d6dbc37dcd3598fa885d17d73bedd
results/2026.09.16-18.10_tilelang_easy-shape_seed=42/failed/wrong_result/failed_calls_main(f1)__f0()__f1(f0)_cf8a84be81824f8b.json,cf8a84be81824f8b,tilelang,wrong_result,K=8已知错误机制候选,与已确认K=8布局/列重复机制同配置；不能因block_K=8判非法，也不能未经缩减把全部219条算独立bug,3,float16,"(32, 1, 1)","(128, 128, 8)",999a03c7118c9ad3159ec7ac257a0d8c903196c7f28b884083c09deb0017ff0e
results/2026.09.16-18.10_tilelang_easy-shape_seed=42/failed/wrong_result/failed_calls_main(f1)__f0()__f1(f0+f0)_17a15a105530a0ba.json,17a15a105530a0ba,tilelang,wrong_result,待确认,需要逐条缩减及独立语义验证,3,float16,"(4096, 1024, 16384)","(256, 64, 64)",ce5064882a6bba9d83b4c7ecde146cab6e78540785023d36a7b7107be9b44270
results/2026.09.16-18.10_tilelang_easy-shape_seed=42/failed/wrong_result/failed_calls_main(f1)__f0()__f1(f0+f0)_7163b84afb21082e.json,7163b84afb21082e,tilelang,wrong_result,待确认,需要逐条缩减及独立语义验证,3,float32,"(4096, 1, 256)","(16, 64, 64)",8d85a8f181714eb1a17ed7947936c305998008aa1cdfbb6f70ed6750c8cb7f6e
results/2026.09.16-18.10_tilelang_easy-shape_seed=42/failed/wrong_result/failed_calls_main(f1+f1)__f0()__f1(f0)_76196ba05b61b29c.json,76196ba05b61b29c,tilelang,wrong_result,待确认,需要逐条缩减及独立语义验证,3,float32,"(512, 4096, 256)","(32, 64, 128)",fc148370e6ab83f93fb5f0ed6cd4954e7bc9f753fe8c8a6cdb5812b65bded392
results/2026.09.16-18.10_tilelang_hard-shape_seed=42/failed/dtype_mismatch/failed_calls_main(f0)__f0()_1e595525901fc769.json,1e595525901fc769,tilelang,dtype_mismatch,已确认缺陷机制，同类记录,源码 dtype 与输入匹配；frontend cache 未纳入全局 dtype；三步缓存对照已确认机制，未逐条重放489条,3,float16,"(4324, 10044, 15008)","(16, 64, 32)",deb75465ba6a3fd96f4476d7810021e18f4150a2de5c0c9730d9085bd5eac1ea
results/2026.09.16-18.10_tilelang_hard-shape_seed=42/failed/dtype_mismatch/failed_calls_main(f0)__f0()_6a13e986034dfb4c.json,6a13e986034dfb4c,tilelang,dtype_mismatch,已确认缺陷机制，同类记录,源码 dtype 与输入匹配；frontend cache 未纳入全局 dtype；三步缓存对照已确认机制，未逐条重放489条,3,float32,"(3910, 13215, 5342)","(128, 128, 16)",84e98bd1f7f7151050ccd17a0318beab67376b151398c046394ba13a902a053c
results/2026.09.16-18.10_tilelang_hard-shape_seed=42/failed/dtype_mismatch/failed_calls_main(f0)__f0()_84aebc49f8c159e2.json,84aebc49f8c159e2,tilelang,dtype_mismatch,已确认缺陷机制，同类记录,源码 dtype 与输入匹配；frontend cache 未纳入全局 dtype；三步缓存对照已确认机制，未逐条重放489条,3,float32,"(2849, 6516, 9116)","(32, 32, 32)",34fa6cfce5de0477da2fea1c24e1ac5a65ab144af1225fe6d96c7185a3eef342
results/2026.09.16-18.10_tilelang_hard-shape_seed=42/failed/dtype_mismatch/failed_calls_main(f0)__f0()_9aae27e805cfbfed.json,9aae27e805cfbfed,tilelang,dtype_mismatch,已确认缺陷机制，同类记录,源码 dtype 与输入匹配；frontend cache 未纳入全局 dtype；三步缓存对照已确认机制，未逐条重放489条,3,float16,"(8754, 9816, 15635)","(32, 32, 64)",b33a7beb9aec34c42a9e25372026df72f5a82458758568b36399368b7ee15904
results/2026.09.16-18.10_tilelang_hard-shape_seed=42/failed/dtype_mismatch/failed_calls_main(f0)__f0()_9ab3d611a5f3640d.json,9ab3d611a5f3640d,tilelang,dtype_mismatch,已确认缺陷机制，同类记录,源码 dtype 与输入匹配；frontend cache 未纳入全局 dtype；三步缓存对照已确认机制，未逐条重放489条,3,float32,"(8025, 8025, 870)","(32, 32, 32)",3c7a74df86aa0d479ce71e0a460a2297e24c57ae72cef8bbb1fc16c3d7664596
results/2026.09.16-18.10_tilelang_hard-shape_seed=42/failed/dtype_mismatch/failed_calls_main(f0)__f0()_9b32de60f3114144.json,9b32de60f3114144,tilelang,dtype_mismatch,已确认缺陷机制，同类记录,源码 dtype 与输入匹配；frontend cache 未纳入全局 dtype；三步缓存对照已确认机制，未逐条重放489条,3,float16,"(8025, 14720, 8025)","(256, 256, 8)",5290a8e5db498b37e24b55710321a7093b612a4e71cb57d0d47e941e925335e0
results/2026.09.16-18.10_tilelang_hard-shape_seed=42/failed/dtype_mismatch/failed_calls_main(f0)__f0()_9dc2c38639d41679.json,9dc2c38639d41679,tilelang,dtype_mismatch,已确认缺陷机制，同类记录,源码 dtype 与输入匹配；frontend cache 未纳入全局 dtype；三步缓存对照已确认机制，未逐条重放489条,3,float32,"(2849, 6516, 9116)","(32, 32, 32)",4d6339d951d4c19fc67c47527d7dfce7f842e53ad05bf6e37f461fa07ca804c8
results/2026.09.16-18.10_tilelang_hard-shape_seed=42/failed/dtype_mismatch/failed_calls_main(f0)__f0()_a2198e1473f85cfd.json,a2198e1473f85cfd,tilelang,dtype_mismatch,已确认缺陷机制，同类记录,源码 dtype 与输入匹配；frontend cache 未纳入全局 dtype；三步缓存对照已确认机制，未逐条重放489条,3,float16,"(11621, 2754, 15635)","(256, 64, 16)",b048ebd8150d21e7bce6c62edec34c1b4187d7663df74c9c3853739120563cad
results/2026.09.16-18.10_tilelang_hard-shape_seed=42/failed/dtype_mismatch/failed_calls_main(f0)__f0()_b0e4a80909fb2d5d.json,b0e4a80909fb2d5d,tilelang,dtype_mismatch,已确认缺陷机制，同类记录,源码 dtype 与输入匹配；frontend cache 未纳入全局 dtype；三步缓存对照已确认机制，未逐条重放489条,3,float16,"(13826, 3071, 7315)","(128, 128, 16)",46ba8686a4f60908d2eef28dd1f474e4fe4c24a803788023d6a596a86ea952f0
results/2026.09.16-18.10_tilelang_hard-shape_seed=42/failed/dtype_mismatch/failed_calls_main(f0)__f0()_b31ac5aa4253f9e6.json,b31ac5aa4253f9e6,tilelang,dtype_mismatch,已确认缺陷机制，同类记录,源码 dtype 与输入匹配；frontend cache 未纳入全局 dtype；三步缓存对照已确认机制，未逐条重放489条,3,float16,"(7315, 3071, 4573)","(64, 64, 64)",4f4020633c6ec1aedc870fa471d8b3417b4ef7aaf1c78090dc69677db879fed1
results/2026.09.16-18.10_tilelang_hard-shape_seed=42/failed/dtype_mismatch/failed_calls_main(f0)__f0()_bef73cc26434b753.json,bef73cc26434b753,tilelang,dtype_mismatch,已确认缺陷机制，同类记录,源码 dtype 与输入匹配；frontend cache 未纳入全局 dtype；三步缓存对照已确认机制，未逐条重放489条,3,float16,"(977, 13826, 9013)","(64, 16, 16)",8713290c4f338052fd768e3fa662dd6447ac728b12e7b1808511eb3f051cc59f
results/2026.09.16-18.10_tilelang_hard-shape_seed=42/failed/dtype_mismatch/failed_calls_main(f0)__f0()_bf9e56305987d1f7.json,bf9e56305987d1f7,tilelang,dtype_mismatch,已确认缺陷机制，同类记录,源码 dtype 与输入匹配；frontend cache 未纳入全局 dtype；三步缓存对照已确认机制，未逐条重放489条,3,float16,"(977, 13826, 9013)","(64, 16, 16)",b2cef4aa73ac21624bdfede79903ac272062f1007dd43f93578e64fa7d500fcd
results/2026.09.16-18.10_tilelang_hard-shape_seed=42/failed/dtype_mismatch/failed_calls_main(f0)__f0()_c31d8e07ff730ef4.json,c31d8e07ff730ef4,tilelang,dtype_mismatch,已确认缺陷机制，同类记录,源码 dtype 与输入匹配；frontend cache 未纳入全局 dtype；三步缓存对照已确认机制，未逐条重放489条,3,float16,"(7315, 3071, 1042)","(64, 32, 128)",b5b17257f43391d106bb363efea5e0df241d1c4b536d9fa44c7f12b58628caf7
results/2026.09.16-18.10_tilelang_hard-shape_seed=42/failed/dtype_mismatch/failed_calls_main(f0)__f0()_cda633384324d77c.json,cda633384324d77c,tilelang,dtype_mismatch,已确认缺陷机制，同类记录,源码 dtype 与输入匹配；frontend cache 未纳入全局 dtype；三步缓存对照已确认机制，未逐条重放489条,3,float32,"(8366, 7040, 15970)","(32, 32, 8)",c9bcba3be852112c826ad4d3cce5675c60e6eb4dc28161a2ac7efd59c7c29e1e
results/2026.09.16-18.10_tilelang_hard-shape_seed=42/failed/dtype_mismatch/failed_calls_main(f0)__f0()_eda39925c2cba07b.json,eda39925c2cba07b,tilelang,dtype_mismatch,已确认缺陷机制，同类记录,源码 dtype 与输入匹配；frontend cache 未纳入全局 dtype；三步缓存对照已确认机制，未逐条重放489条,3,float32,"(1414, 4930, 4930)","(64, 64, 32)",a5fa120b76e16446783a5508bf17eeb3ce1d871c1a1976f326cb4b4600184067
results/2026.09.16-18.10_tilelang_hard-shape_seed=42/failed/dtype_mismatch/failed_calls_main(f0)__f0()_ef9009bb8dda5f92.json,ef9009bb8dda5f92,tilelang,dtype_mismatch,已确认缺陷机制，同类记录,源码 dtype 与输入匹配；frontend cache 未纳入全局 dtype；三步缓存对照已确认机制，未逐条重放489条,3,float16,"(7624, 3649, 2849)","(16, 64, 64)",0a1ee29704bf9f4cef22e32a08e6f6e3fdf643f9d9d26bbca40fda987ac8a1a0
results/2026.09.16-18.10_tilelang_hard-shape_seed=42/failed/dtype_mismatch/failed_calls_main(f0)__f0()_f798362f3f47890b.json,f798362f3f47890b,tilelang,dtype_mismatch,已确认缺陷机制，同类记录,源码 dtype 与输入匹配；frontend cache 未纳入全局 dtype；三步缓存对照已确认机制，未逐条重放489条,3,float16,"(11621, 5172, 5172)","(32, 32, 64)",b74b700985440b3e363c272a0886bb56ed171831c6d2a2e070158584c427fffb
results/2026.09.16-18.10_tilelang_hard-shape_seed=42/failed/dtype_mismatch/failed_calls_main(f0)__f0()_fa6492e992f01dc6.json,fa6492e992f01dc6,tilelang,dtype_mismatch,已确认缺陷机制，同类记录,源码 dtype 与输入匹配；frontend cache 未纳入全局 dtype；三步缓存对照已确认机制，未逐条重放489条,3,float32,"(4573, 4573, 3071)","(128, 16, 64)",b9b4952f32b37cface1881ad5e46623d7f7e7ee3a0ccb654cb11e7c467e531ef
results/2026.09.16-18.10_tilelang_hard-shape_seed=42/failed/dtype_mismatch/failed_calls_main(f0)__f0()_fe36ccd75b6b2d2d.json,fe36ccd75b6b2d2d,tilelang,dtype_mismatch,已确认缺陷机制，同类记录,源码 dtype 与输入匹配；frontend cache 未纳入全局 dtype；三步缓存对照已确认机制，未逐条重放489条,3,float16,"(977, 13826, 9013)","(64, 16, 16)",e29ce93c4d2dfcf8f44b9d19bd0813f1ae87f659efce9786edb3741765f6f0ed
results/2026.09.16-18.10_tilelang_hard-shape_seed=42/failed/dtype_mismatch/failed_calls_main(f0+f0)__f0()_020c738abbaface1.json,020c738abbaface1,tilelang,dtype_mismatch,已确认缺陷机制，同类记录,源码 dtype 与输入匹配；frontend cache 未纳入全局 dtype；三步缓存对照已确认机制，未逐条重放489条,3,float16,"(16374, 12849, 16374)","(64, 64, 32)",62f1349d283434277db5d2c39ffbf36e47d324f6fcca63511c0f0d2cae8e63c3
results/2026.09.16-18.10_tilelang_hard-shape_seed=42/failed/dtype_mismatch/failed_calls_main(f0+f0)__f0()_2eff71bde1b45671.json,2eff71bde1b45671,tilelang,dtype_mismatch,已确认缺陷机制，同类记录,源码 dtype 与输入匹配；frontend cache 未纳入全局 dtype；三步缓存对照已确认机制，未逐条重放489条,3,float32,"(870, 7165, 7624)","(256, 64, 8)",7c0c407a1e9d5374d5fa8b1b9f758196f5f0ee6b6e8c46161427b940cb5cd9d1
results/2026.09.16-18.10_tilelang_hard-shape_seed=42/failed/dtype_mismatch/failed_calls_main(f0+f0)__f0()_41c3f7fe33bb7ac6.json,41c3f7fe33bb7ac6,tilelang,dtype_mismatch,已确认缺陷机制，同类记录,源码 dtype 与输入匹配；frontend cache 未纳入全局 dtype；三步缓存对照已确认机制，未逐条重放489条,3,float32,"(870, 7165, 7624)","(256, 64, 8)",9ec9b80c525215ff2d8ac3171c6d058a089eca9bc695da5ba064a6e385553f5e
results/2026.09.16-18.10_tilelang_hard-shape_seed=42/failed/dtype_mismatch/failed_calls_main(f0+f0)__f0()_c30f6184e20c92bf.json,c30f6184e20c92bf,tilelang,dtype_mismatch,已确认缺陷机制，同类记录,源码 dtype 与输入匹配；frontend cache 未纳入全局 dtype；三步缓存对照已确认机制，未逐条重放489条,3,float16,"(1551, 10044, 9319)","(128, 256, 16)",0eb12ce6c603849fa4252156ac66ba302559ff6bb164418462d644bc645662e6
results/2026.09.16-18.10_tilelang_hard-shape_seed=42/failed/dtype_mismatch/failed_calls_main(f0+f0)__f0()_e959e7c8bcc30565.json,e959e7c8bcc30565,tilelang,dtype_mismatch,已确认缺陷机制，同类记录,源码 dtype 与输入匹配；frontend cache 未纳入全局 dtype；三步缓存对照已确认机制，未逐条重放489条,3,float32,"(10693, 9319, 15868)","(32, 32, 64)",a5a91b45532f672768303bedd6e2ecd3eeeb30d8acc2cd16667a4958317a5e1d
results/2026.09.16-18.10_tilelang_hard-shape_seed=42/failed/dtype_mismatch/failed_calls_main(f0+f0+f0)__f0()_5bebd435ecf98b79.json,5bebd435ecf98b79,tilelang,dtype_mismatch,已确认缺陷机制，同类记录,源码 dtype 与输入匹配；frontend cache 未纳入全局 dtype；三步缓存对照已确认机制，未逐条重放489条,3,float16,"(2790, 13877, 2754)","(64, 16, 8)",38298b877ca2e73df5e3b5670140e2485ccb91b2563b772111c2d4a3086783e6
results/2026.09.16-18.10_tilelang_hard-shape_seed=42/failed/dtype_mismatch/failed_calls_main(f0+f1)__f0()__f1(f0)_79f52374ffc15d21.json,79f52374ffc15d21,tilelang,dtype_mismatch,已确认缺陷机制，同类记录,源码 dtype 与输入匹配；frontend cache 未纳入全局 dtype；三步缓存对照已确认机制，未逐条重放489条,3,float32,"(4861, 15868, 7432)","(16, 32, 32)",40a40bd9cbb27aa893e79b531e3bf3a794453ead0b9043c4768a89d20f40cd7d
results/2026.09.16-18.10_tilelang_hard-shape_seed=42/failed/dtype_mismatch/failed_calls_main(f0+f1)__f0()__f1(f0)_d3d2a4d1e44e25fa.json,d3d2a4d1e44e25fa,tilelang,dtype_mismatch,已确认缺陷机制，同类记录,源码 dtype 与输入匹配；frontend cache 未纳入全局 dtype；三步缓存对照已确认机制，未逐条重放489条,3,float32,"(14591, 15868, 15931)","(16, 64, 16)",4122a402b7754968e9fd07edcfff8db4066dc717adf55ff6f786da004a595058
results/2026.09.16-18.10_tilelang_hard-shape_seed=42/failed/dtype_mismatch/failed_calls_main(f1)__f0()__f1(f0)_0aafbe17e3f30ce6.json,0aafbe17e3f30ce6,tilelang,dtype_mismatch,已确认缺陷机制，同类记录,源码 dtype 与输入匹配；frontend cache 未纳入全局 dtype；三步缓存对照已确认机制，未逐条重放489条,3,float32,"(14815, 13293, 15970)","(32, 32, 16)",a1a6b7d2643dba336f7fe3e87450971f86d896da0b0a00d596c8f846cb4147bf
results/2026.09.16-18.10_tilelang_hard-shape_seed=42/failed/dtype_mismatch/failed_calls_main(f1)__f0()__f1(f0)_16977d00b0141378.json,16977d00b0141378,tilelang,dtype_mismatch,已确认缺陷机制，同类记录,源码 dtype 与输入匹配；frontend cache 未纳入全局 dtype；三步缓存对照已确认机制，未逐条重放489条,3,float32,"(11093, 1060, 7402)","(64, 64, 16)",c668cb35707ed26b201b3ffbb68707cc2160d286be796995df30bab8df477714
results/2026.09.16-18.10_tilelang_hard-shape_seed=42/failed/dtype_mismatch/failed_calls_main(f1)__f0()__f1(f0)_23f951af25641cc0.json,23f951af25641cc0,tilelang,dtype_mismatch,已确认缺陷机制，同类记录,源码 dtype 与输入匹配；frontend cache 未纳入全局 dtype；三步缓存对照已确认机制，未逐条重放489条,3,float16,"(10693, 5628, 8520)","(64, 64, 32)",01dce304f268df7a6c3a8335e7bd6f3dbab0e34d71bba23e0e5b5c2a12c314d6
results/2026.09.16-18.10_tilelang_hard-shape_seed=42/failed/dtype_mismatch/failed_calls_main(f1)__f0()__f1(f0)_70af8f97d39d74bd.json,70af8f97d39d74bd,tilelang,dtype_mismatch,已确认缺陷机制，同类记录,源码 dtype 与输入匹配；frontend cache 未纳入全局 dtype；三步缓存对照已确认机制，未逐条重放489条,3,float16,"(8861, 8754, 16374)","(64, 32, 128)",98f7db5a8a514652762887164de61be3f7c371b152fa18b7d29ad6dbb0f187b6
results/2026.09.16-18.10_tilelang_hard-shape_seed=42/failed/dtype_mismatch/failed_calls_main(f1)__f0()__f1(f0)_7a25239590641c67.json,7a25239590641c67,tilelang,dtype_mismatch,已确认缺陷机制，同类记录,源码 dtype 与输入匹配；frontend cache 未纳入全局 dtype；三步缓存对照已确认机制，未逐条重放489条,3,float16,"(977, 1042, 870)","(32, 32, 8)",09a352615753f3c692a2dbe61d62e43689b3e2b0bd8aa8c5a0191de3a8f42454
results/2026.09.16-18.10_tilelang_hard-shape_seed=42/failed/dtype_mismatch/failed_calls_main(f1)__f0()__f1(f0)_7c45d2cfe2662d37.json,7c45d2cfe2662d37,tilelang,dtype_mismatch,已确认缺陷机制，同类记录,源码 dtype 与输入匹配；frontend cache 未纳入全局 dtype；三步缓存对照已确认机制，未逐条重放489条,3,float16,"(9153, 14953, 11269)","(32, 32, 32)",c4bbefea24f1aeec076eff05a07c6031e203dbbefd2ba9d51deb8039f421140d
results/2026.09.16-18.10_tilelang_hard-shape_seed=42/failed/dtype_mismatch/failed_calls_main(f1)__f0()__f1(f0)_8a9edae894560af2.json,8a9edae894560af2,tilelang,dtype_mismatch,已确认缺陷机制，同类记录,源码 dtype 与输入匹配；frontend cache 未纳入全局 dtype；三步缓存对照已确认机制，未逐条重放489条,3,float16,"(10693, 7432, 15931)","(64, 32, 16)",9fbb3dc086d64237d1847b2ef8de3e643086a32a02a26c5989915751505ddd54
results/2026.09.16-18.10_tilelang_hard-shape_seed=42/failed/dtype_mismatch/failed_calls_main(f1)__f0()__f1(f0)_ac4c7c5f0e8af299.json,ac4c7c5f0e8af299,tilelang,dtype_mismatch,已确认缺陷机制，同类记录,源码 dtype 与输入匹配；frontend cache 未纳入全局 dtype；三步缓存对照已确认机制，未逐条重放489条,3,float16,"(5628, 5628, 7432)","(32, 32, 128)",3dad322ce9f74bea44deb962e0e16de3f1de0d7928d75f3dbb680c505b70a960
results/2026.09.16-18.10_tilelang_hard-shape_seed=42/failed/dtype_mismatch/failed_calls_main(f1)__f0()__f1(f0)_c24b977fc1f31b16.json,c24b977fc1f31b16,tilelang,dtype_mismatch,已确认缺陷机制，同类记录,源码 dtype 与输入匹配；frontend cache 未纳入全局 dtype；三步缓存对照已确认机制，未逐条重放489条,3,float32,"(8025, 7165, 13747)","(128, 64, 64)",53303f831d4e5c2a939f529983ce404ca6b6fd13eb92d81bd3ed912d7e3acc5d
results/2026.09.16-18.10_tilelang_hard-shape_seed=42/failed/dtype_mismatch/failed_calls_main(f1)__f0()__f1(f0)_e6026f6b1084e800.json,e6026f6b1084e800,tilelang,dtype_mismatch,已确认缺陷机制，同类记录,源码 dtype 与输入匹配；frontend cache 未纳入全局 dtype；三步缓存对照已确认机制，未逐条重放489条,3,float32,"(7165, 3359, 9013)","(128, 64, 64)",748259432e329e3396f22149c966253706a08e41604608d06fac95b6aecaad84
results/2026.09.16-18.10_tilelang_hard-shape_seed=42/failed/dtype_mismatch/failed_calls_main(f1)__f0()__f1(f0)_f28034b13d7086b8.json,f28034b13d7086b8,tilelang,dtype_mismatch,已确认缺陷机制，同类记录,源码 dtype 与输入匹配；frontend cache 未纳入全局 dtype；三步缓存对照已确认机制，未逐条重放489条,3,float16,"(11055, 6106, 8612)","(32, 32, 64)",546f69319ff26eb47aa386d994a2b75a893ecd3ca0df3a957233ff4103d443db
results/2026.09.16-18.10_tilelang_hard-shape_seed=42/failed/dtype_mismatch/failed_calls_main(f1)__f0()__f1(f0+f0)_29ba064c74a3b53e.json,29ba064c74a3b53e,tilelang,dtype_mismatch,已确认缺陷机制，同类记录,源码 dtype 与输入匹配；frontend cache 未纳入全局 dtype；三步缓存对照已确认机制，未逐条重放489条,3,float32,"(2849, 2849, 7315)","(32, 64, 64)",65014293fb549211afc38e3039af37ef8428f26817c8e62313c8ce251b340be0
results/2026.09.16-18.10_tilelang_hard-shape_seed=42/failed/dtype_mismatch/failed_calls_main(f1)__f0()__f1(f0+f0)_8592d6a76efbf44a.json,8592d6a76efbf44a,tilelang,dtype_mismatch,已确认缺陷机制，同类记录,源码 dtype 与输入匹配；frontend cache 未纳入全局 dtype；三步缓存对照已确认机制，未逐条重放489条,3,float32,"(870, 7224, 977)","(128, 32, 32)",eced477ae7d45b4cf8a295f6cc9eaac22b8f3f8ddd14ee2dbc518ef2a6c717e3
results/2026.09.16-18.10_tilelang_hard-shape_seed=42/failed/dtype_mismatch/failed_calls_main(f1)__f0()__f1(f0+f0)_8e0a876759624516.json,8e0a876759624516,tilelang,dtype_mismatch,已确认缺陷机制，同类记录,源码 dtype 与输入匹配；frontend cache 未纳入全局 dtype；三步缓存对照已确认机制，未逐条重放489条,3,float32,"(870, 7224, 977)","(128, 32, 32)",b6c5249673f962024108203afdedcdb8fd22fcbeb7c1577aba5f59e6be46e710
results/2026.09.16-18.10_tilelang_hard-shape_seed=42/failed/dtype_mismatch/failed_calls_main(f1)__f0()__f1(f0+f0)_ac5a05e7c02c8052.json,ac5a05e7c02c8052,tilelang,dtype_mismatch,已确认缺陷机制，同类记录,源码 dtype 与输入匹配；frontend cache 未纳入全局 dtype；三步缓存对照已确认机制，未逐条重放489条,3,float32,"(11055, 15855, 9153)","(64, 64, 16)",8f0f79f721c6a01f38298715a1f3e83998633a0c9b505a094119a294965843fb
results/2026.09.16-18.10_tilelang_hard-shape_seed=42/failed/dtype_mismatch/failed_calls_main(f1)__f0()__f1(f0+f0)_edbb1f9b2ae83297.json,edbb1f9b2ae83297,tilelang,dtype_mismatch,已确认缺陷机制，同类记录,源码 dtype 与输入匹配；frontend cache 未纳入全局 dtype；三步缓存对照已确认机制，未逐条重放489条,3,float32,"(2849, 2849, 7315)","(32, 64, 64)",7a5a69bcbb887da0532b76dd5a0649c049830a11b6c52084fc70692eeaaa4d9f
results/2026.09.16-18.10_tilelang_hard-shape_seed=42/failed/gpu_oom/failed_calls_main(f0)__f0()_702ce2367a928b8c.json,702ce2367a928b8c,tilelang,gpu_oom,非有效目标编译器bug,56条全部在PyTorch参考解释器中OOM；属于oracle内存预算,3,float16,"(15925, 15985, 12017)","(64, 64, 8)",7dc3dd7b41624d6d8be60329da32cdc5830f71b8edca52854cfdd5209df9388c
results/2026.09.16-18.10_tilelang_hard-shape_seed=42/failed/gpu_oom/failed_calls_main(f0)__f0()_7ca5d7f8495d1cdc.json,7ca5d7f8495d1cdc,tilelang,gpu_oom,非有效目标编译器bug,56条全部在PyTorch参考解释器中OOM；属于oracle内存预算,3,float32,"(14414, 13293, 11052)","(128, 256, 8)",0d564c36186ef840e0b5322068dadc57f2ecdf547abeab0897880d835be66cac
results/2026.09.16-18.10_tilelang_hard-shape_seed=42/failed/gpu_oom/failed_calls_main(f0+f0)__f0()_d2fefa5978b4518b.json,d2fefa5978b4518b,tilelang,gpu_oom,非有效目标编译器bug,56条全部在PyTorch参考解释器中OOM；属于oracle内存预算,3,float32,"(14414, 14414, 15970)","(64, 32, 64)",33aa9898bde646f5bf4002ebb19ed2a79b2828d957ac4970594b5b8661959837
results/2026.09.16-18.10_tilelang_hard-shape_seed=42/failed/gpu_oom/failed_calls_main(f1)__f0()__f1(f0)_60d25242f491b402.json,60d25242f491b402,tilelang,gpu_oom,非有效目标编译器bug,56条全部在PyTorch参考解释器中OOM；属于oracle内存预算,3,float32,"(15855, 13293, 7040)","(32, 32, 128)",0e7db99b4f5fbb9f13c49e21fe81b8d2ea1ae6c26e7e7329a2570fc707903be5
results/2026.09.16-18.10_tilelang_hard-shape_seed=42/failed/gpu_oom/failed_calls_main(f1)__f0()__f1(f0)_ba52b304cd48058e.json,ba52b304cd48058e,tilelang,gpu_oom,非有效目标编译器bug,56条全部在PyTorch参考解释器中OOM；属于oracle内存预算,3,float16,"(15985, 15985, 12259)","(64, 64, 16)",e3bdbef2915e45ef24d7d91235d5d2b59388b7b568d407bb6d2b6636e2c13689
results/2026.09.16-18.10_tilelang_hard-shape_seed=42/failed/gpu_oom/failed_calls_main(f1)__f0()__f1(f0)_d664d9b9b5b38b51.json,d664d9b9b5b38b51,tilelang,gpu_oom,非有效目标编译器bug,56条全部在PyTorch参考解释器中OOM；属于oracle内存预算,3,float16,"(14720, 14720, 3649)","(32, 128, 128)",876237377e6a44edd68374ba6858730c0c79418e694b9403ebb7e6acd110c5ae
results/2026.09.16-18.10_tilelang_hard-shape_seed=42/failed/layout_inference/failed_calls_main(f0)__f0()_7e0beefb73295029.json,7e0beefb73295029,tilelang,layout_inference,布局编译失败候选，待缩减,no available layout；代表2ffa308929b8d63e冷缓存复现且无transpose；其他记录仍需排查布局约束/支持范围,3,float32,"(5172, 15184, 11621)","(64, 64, 64)",0dfbb55dd027993252c80ac7966f86f5a33834cf8e2f8e250d8e831bd115ad6c
results/2026.09.16-18.10_tilelang_hard-shape_seed=42/failed/layout_inference/failed_calls_main(f0)__f0()_c393c69d493294b6.json,c393c69d493294b6,tilelang,layout_inference,布局编译失败候选，待缩减,no available layout；代表2ffa308929b8d63e冷缓存复现且无transpose；其他记录仍需排查布局约束/支持范围,3,float16,"(3071, 7165, 13747)","(128, 128, 8)",07dec113b441a86cb8b1fd89f3bf7e8805e3c433bb166c8f50a7fe07edf43e2e
results/2026.09.16-18.10_tilelang_hard-shape_seed=42/failed/layout_inference/failed_calls_main(f0+f0)__f0()_56e6f888a421417c.json,56e6f888a421417c,tilelang,layout_inference,布局编译失败候选，待缩减,no available layout；代表2ffa308929b8d63e冷缓存复现且无transpose；其他记录仍需排查布局约束/支持范围,3,float32,"(14591, 7432, 10044)","(16, 32, 8)",c3b008bb8d2b9ac457b8acf9f5ebf353a80ee2c330f3bbb9daa112a235f12594
results/2026.09.16-18.10_tilelang_hard-shape_seed=42/failed/layout_inference/failed_calls_main(f0+f0)__f0()_86654264d71880d7.json,86654264d71880d7,tilelang,layout_inference,布局编译失败候选，待缩减,no available layout；代表2ffa308929b8d63e冷缓存复现且无transpose；其他记录仍需排查布局约束/支持范围,3,float32,"(5208, 13215, 5342)","(32, 32, 128)",b11b74b024d8bd1590ccb949c628668a00d079a12ef2d4d22cfa0aa3b20d97e2
results/2026.09.16-18.10_tilelang_hard-shape_seed=42/failed/layout_inference/failed_calls_main(f0+f1)__f0()__f1(f0)_30c6906f02aff4a3.json,30c6906f02aff4a3,tilelang,layout_inference,布局编译失败候选，待缩减,no available layout；代表2ffa308929b8d63e冷缓存复现且无transpose；其他记录仍需排查布局约束/支持范围,3,float16,"(3071, 7224, 7165)","(32, 32, 64)",c2557f66e25141998ddf65383b99e23be1c6a3b91b84c0a91a28c1804af52db6
results/2026.09.16-18.10_tilelang_hard-shape_seed=42/failed/layout_inference/failed_calls_main(f1)__f0()__f1(f0)_4bb3f5d9cfb92b15.json,4bb3f5d9cfb92b15,tilelang,layout_inference,布局编译失败候选，待缩减,no available layout；代表2ffa308929b8d63e冷缓存复现且无transpose；其他记录仍需排查布局约束/支持范围,3,float32,"(7013, 8860, 7013)","(64, 64, 32)",d28f9ba30aa683eb7b647f1be73cb456f1f9e7f88b2a3a5525c6f59aeab77439
results/2026.09.16-18.10_tilelang_hard-shape_seed=42/failed/layout_inference/failed_calls_main(f1)__f0()__f1(f0)_7e46ea040c002f49.json,7e46ea040c002f49,tilelang,layout_inference,布局编译失败候选，待缩减,no available layout；代表2ffa308929b8d63e冷缓存复现且无transpose；其他记录仍需排查布局约束/支持范围,3,float16,"(11233, 11007, 15931)","(128, 128, 8)",57f21694e37c3a368fc7b9543021db409b8e28c4c79d1f2c262fbdf86456c405
results/2026.09.16-18.10_tilelang_hard-shape_seed=42/failed/layout_inference/failed_calls_main(f1)__f0()__f1(f0)_cebd056a8415f0f3.json,cebd056a8415f0f3,tilelang,layout_inference,布局编译失败候选，待缩减,no available layout；代表2ffa308929b8d63e冷缓存复现且无transpose；其他记录仍需排查布局约束/支持范围,3,float32,"(11237, 15414, 6111)","(64, 64, 64)",98e2e837326b43c1ed743b1b40d0eb57f412b45317ab17ed78d1447284de97c9
results/2026.09.16-18.10_tilelang_hard-shape_seed=42/failed/shared_memory_overflow/failed_calls_main(f0)__f0()_0bd89510d51bd410.json,0bd89510d51bd410,tilelang,shared_memory_overflow,非有效目标编译器bug,请求动态shared memory超过sm_89每block 99328字节限制；生成/资源预算不足,3,float16,"(5628, 11007, 11233)","(256, 256, 16)",4d79000f2825d8d32a8ab89eb3df6f28abe697b04fb5c9aeb3f60abb0ea07c48
results/2026.09.16-18.10_tilelang_hard-shape_seed=42/failed/shared_memory_overflow/failed_calls_main(f0)__f0()_18832ceb13f33f4d.json,18832ceb13f33f4d,tilelang,shared_memory_overflow,非有效目标编译器bug,请求动态shared memory超过sm_89每block 99328字节限制；生成/资源预算不足,3,float32,"(1042, 870, 977)","(256, 256, 8)",0ea8bd722b6ea17ac28649253fc615902f8e28a096345f9ea259d8734ed1104f
results/2026.09.16-18.10_tilelang_hard-shape_seed=42/failed/shared_memory_overflow/failed_calls_main(f0)__f0()_6aa81d31a0f6c412.json,6aa81d31a0f6c412,tilelang,shared_memory_overflow,非有效目标编译器bug,请求动态shared memory超过sm_89每block 99328字节限制；生成/资源预算不足,3,float16,"(14851, 13293, 15855)","(256, 256, 16)",ed240c6ec64cf98e6ea06fd09995920fa2b4ef68a3b33999f78f1c19ecd32c1a
results/2026.09.16-18.10_tilelang_hard-shape_seed=42/failed/shared_memory_overflow/failed_calls_main(f0)__f0()_9e1a50a6567c4f71.json,9e1a50a6567c4f71,tilelang,shared_memory_overflow,非有效目标编译器bug,请求动态shared memory超过sm_89每block 99328字节限制；生成/资源预算不足,3,float16,"(3649, 7165, 14720)","(256, 256, 32)",bd23a90e8de789e16f604ab087be2a6f1300a697f03d82f07fd7d340a83737ae
results/2026.09.16-18.10_tilelang_hard-shape_seed=42/failed/shared_memory_overflow/failed_calls_main(f0)__f0()_9e70eed876779bf0.json,9e70eed876779bf0,tilelang,shared_memory_overflow,非有效目标编译器bug,请求动态shared memory超过sm_89每block 99328字节限制；生成/资源预算不足,3,float32,"(9442, 5628, 9965)","(256, 256, 8)",a79895dc10ccdd6085cc94c1899ee4502186ff9a8a7c9b8b3555fad4df9f5f3e
results/2026.09.16-18.10_tilelang_hard-shape_seed=42/failed/shared_memory_overflow/failed_calls_main(f0)__f0()_bc43488801d7db5b.json,bc43488801d7db5b,tilelang,shared_memory_overflow,非有效目标编译器bug,请求动态shared memory超过sm_89每block 99328字节限制；生成/资源预算不足,3,float16,"(15970, 14414, 3163)","(256, 256, 32)",5b97afe4d6c8bfe1f12cace8615d523a3914e606075acab79b7652ce32e43a3d
results/2026.09.16-18.10_tilelang_hard-shape_seed=42/failed/shared_memory_overflow/failed_calls_main(f0)__f0()_c4feca1fef1b22a5.json,c4feca1fef1b22a5,tilelang,shared_memory_overflow,非有效目标编译器bug,请求动态shared memory超过sm_89每block 99328字节限制；生成/资源预算不足,3,float32,"(14591, 15008, 13491)","(128, 128, 16)",4a4382f3eb0eb09121f0f8a904e2f55b59d52c57524314bd8fafbccffe47117e
results/2026.09.16-18.10_tilelang_hard-shape_seed=42/failed/shared_memory_overflow/failed_calls_main(f0)__f0()_d80f5fc1927e7980.json,d80f5fc1927e7980,tilelang,shared_memory_overflow,非有效目标编译器bug,请求动态shared memory超过sm_89每block 99328字节限制；生成/资源预算不足,3,float32,"(9965, 11007, 10693)","(256, 256, 8)",7ebd83a48c63c00ac5d6c6c468af82487b61a137594305ec71680604e2b1e220
results/2026.09.16-18.10_tilelang_hard-shape_seed=42/failed/shared_memory_overflow/failed_calls_main(f0)__f0()_ee897d16d660cac3.json,ee897d16d660cac3,tilelang,shared_memory_overflow,非有效目标编译器bug,请求动态shared memory超过sm_89每block 99328字节限制；生成/资源预算不足,3,float32,"(13747, 2849, 7224)","(256, 256, 8)",3330bbffa41c559d73b3a32297427d6030779b2e89985ea6fec179e0b986c0f3
results/2026.09.16-18.10_tilelang_hard-shape_seed=42/failed/shared_memory_overflow/failed_calls_main(f0)__f0()_fddff4f583b09cf4.json,fddff4f583b09cf4,tilelang,shared_memory_overflow,非有效目标编译器bug,请求动态shared memory超过sm_89每block 99328字节限制；生成/资源预算不足,3,float32,"(10693, 11572, 8520)","(256, 256, 16)",23e5f3aaf771bab0a1154a837d83e4ea4b10e25f7355a87b0240c5304b83d19e
results/2026.09.16-18.10_tilelang_hard-shape_seed=42/failed/shared_memory_overflow/failed_calls_main(f0+f0)__f0()_de1cc4b4f1639382.json,de1cc4b4f1639382,tilelang,shared_memory_overflow,非有效目标编译器bug,请求动态shared memory超过sm_89每block 99328字节限制；生成/资源预算不足,3,float16,"(11454, 15925, 4970)","(256, 256, 32)",65ca5adcef08bd6f8501f27f9b514935d52012ef05bc84beea2eeadc7fefb2d3
results/2026.09.16-18.10_tilelang_hard-shape_seed=42/failed/shared_memory_overflow/failed_calls_main(f0+f1+f1)__f0()__f1(f0+f0)_1f8838b44ab5bed8.json,1f8838b44ab5bed8,tilelang,shared_memory_overflow,非有效目标编译器bug,请求动态shared memory超过sm_89每block 99328字节限制；生成/资源预算不足,3,float32,"(9816, 15184, 2754)","(128, 128, 8)",07920eaee83c66db42526594efb317f20b397d25104282f9b6667d30dfbdc38e
results/2026.09.16-18.10_tilelang_hard-shape_seed=42/failed/shared_memory_overflow/failed_calls_main(f1)__f0()__f1(f0)_145b8c533a48e304.json,145b8c533a48e304,tilelang,shared_memory_overflow,非有效目标编译器bug,请求动态shared memory超过sm_89每block 99328字节限制；生成/资源预算不足,3,float16,"(2849, 2849, 1042)","(256, 256, 8)",46e23f0b989e9090c402cb0c106afa724e8f1af67c3f504e657168ec55774ffa
results/2026.09.16-18.10_tilelang_hard-shape_seed=42/failed/shared_memory_overflow/failed_calls_main(f1)__f0()__f1(f0)_1e4a64a2882241d7.json,1e4a64a2882241d7,tilelang,shared_memory_overflow,非有效目标编译器bug,请求动态shared memory超过sm_89每block 99328字节限制；生成/资源预算不足,3,float32,"(4809, 5342, 230)","(128, 128, 32)",ffa44af1a0dbbc95998145a65c5b8fe29ed805e3a70a9ddf04a805347d7affe1
results/2026.09.16-18.10_tilelang_hard-shape_seed=42/failed/shared_memory_overflow/failed_calls_main(f1)__f0()__f1(f0)_4a5db271df42f8e4.json,4a5db271df42f8e4,tilelang,shared_memory_overflow,非有效目标编译器bug,请求动态shared memory超过sm_89每block 99328字节限制；生成/资源预算不足,3,float32,"(12461, 4930, 13214)","(256, 256, 16)",83736a4f4f4380b6548cd0ec95a494190f46e961b564d53de9f8a809941a2102
results/2026.09.16-18.10_tilelang_hard-shape_seed=42/failed/shared_memory_overflow/failed_calls_main(f1)__f0()__f1(f0)_4f9a37f580e59e58.json,4f9a37f580e59e58,tilelang,shared_memory_overflow,非有效目标编译器bug,请求动态shared memory超过sm_89每block 99328字节限制；生成/资源预算不足,3,float32,"(8520, 11572, 11007)","(256, 256, 8)",ba53e2147bc459852c7c6fbfa646d5abf9b32fc1784cb01570e1cd7c7928db11
results/2026.09.16-18.10_tilelang_hard-shape_seed=42/failed/shared_memory_overflow/failed_calls_main(f1)__f0()__f1(f0)_5a802c57facff36d.json,5a802c57facff36d,tilelang,shared_memory_overflow,非有效目标编译器bug,请求动态shared memory超过sm_89每block 99328字节限制；生成/资源预算不足,3,float16,"(13214, 16374, 12461)","(256, 256, 16)",9475cc527e73bef4be3e2b1f05bd1222f08c403b791a4d83ed1dabd71fa6388d
results/2026.09.16-18.10_tilelang_hard-shape_seed=42/failed/shared_memory_overflow/failed_calls_main(f1)__f0()__f1(f0)_847936f024fd3f20.json,847936f024fd3f20,tilelang,shared_memory_overflow,非有效目标编译器bug,请求动态shared memory超过sm_89每block 99328字节限制；生成/资源预算不足,3,float16,"(15868, 10044, 10693)","(256, 256, 8)",2800180b7d0cde9e09c7b46e235013e325fcc04e8e0beb6eb5b5a3406b90c36f
results/2026.09.16-18.10_tilelang_hard-shape_seed=42/failed/shared_memory_overflow/failed_calls_main(f1)__f0()__f1(f0)_88d85ab51fa96e27.json,88d85ab51fa96e27,tilelang,shared_memory_overflow,非有效目标编译器bug,请求动态shared memory超过sm_89每block 99328字节限制；生成/资源预算不足,3,float32,"(15008, 10044, 1551)","(256, 256, 16)",9993337a27a9a467c585f624a2b41d00444b2ac68e5ec193ef78a72781540bbd
results/2026.09.16-18.10_tilelang_hard-shape_seed=42/failed/shared_memory_overflow/failed_calls_main(f1)__f0()__f1(f0)_bb048e8e2f9f6e97.json,bb048e8e2f9f6e97,tilelang,shared_memory_overflow,非有效目标编译器bug,请求动态shared memory超过sm_89每block 99328字节限制；生成/资源预算不足,3,float16,"(7315, 14720, 13826)","(128, 128, 64)",d64830a58e576b6d7810e0795a480e271a7b6c3e5becde3841df88f05b74c034
results/2026.09.16-18.10_tilelang_hard-shape_seed=42/failed/shared_memory_overflow/failed_calls_main(f1)__f0()__f1(f0)_f73ce263dd7f8dbc.json,f73ce263dd7f8dbc,tilelang,shared_memory_overflow,非有效目标编译器bug,请求动态shared memory超过sm_89每block 99328字节限制；生成/资源预算不足,3,float16,"(8612, 11052, 9153)","(256, 256, 16)",616c9d33d4f1783dd905c5c17a616dd07e688d025f79b2e11a7dd27c49a699ae
results/2026.09.16-18.10_tilelang_hard-shape_seed=42/failed/shared_memory_overflow/failed_calls_main(f1)__f0()__f1(f0+f0)_53f2e44f21c11d10.json,53f2e44f21c11d10,tilelang,shared_memory_overflow,非有效目标编译器bug,请求动态shared memory超过sm_89每block 99328字节限制；生成/资源预算不足,3,float16,"(11007, 4861, 15931)","(128, 128, 8)",4cd53d782992b30cdd90eff94ab75d1514b8085ac79cf7a50c54d84537743f2d
results/2026.09.16-18.10_tilelang_hard-shape_seed=42/failed/shared_memory_overflow/failed_calls_main(f1)__f0()__f1(f0+f0)_66f4ce51bae133e8.json,66f4ce51bae133e8,tilelang,shared_memory_overflow,非有效目标编译器bug,请求动态shared memory超过sm_89每block 99328字节限制；生成/资源预算不足,3,float16,"(593, 9676, 9676)","(256, 256, 8)",d621b9b408f5a9bad1729ba82c56a7ff366fb4a13f1a17ed74cd31c5e2260f05
results/2026.09.16-18.10_tilelang_hard-shape_seed=42/failed/shared_memory_overflow/failed_calls_main(f1)__f0()__f1(f0+f0)_77f1d502e2ff7d78.json,77f1d502e2ff7d78,tilelang,shared_memory_overflow,非有效目标编译器bug,请求动态shared memory超过sm_89每block 99328字节限制；生成/资源预算不足,3,float32,"(7792, 4738, 10775)","(256, 256, 16)",7ba79b8a053072fdc9f09a5fc8123f0339e47db1ccfea62e2acdd901dd6d76bc
results/2026.09.16-18.10_tilelang_hard-shape_seed=42/failed/shared_memory_overflow/failed_calls_main(f1)__f0()__f1(f0+f0)_93608c8e9a485a26.json,93608c8e9a485a26,tilelang,shared_memory_overflow,非有效目标编译器bug,请求动态shared memory超过sm_89每block 99328字节限制；生成/资源预算不足,3,float32,"(4738, 10126, 15323)","(256, 256, 16)",9eca8a3fc206c93041e5176681a2653142cbe561c62698e0361a7caafbc21571
results/2026.09.16-18.10_tilelang_hard-shape_seed=42/failed/timeout/failed_calls_main(f0)__f0()_005dcfdccc307a5c.json,005dcfdccc307a5c,tilelang,timeout,超时证据不足,历史Region日志只有Execution timed out，不能区分编译慢、参考慢、资源压力和kernel hang,3,float32,"(5628, 11572, 15931)","(32, 32, 64)",638c17ce78d630eeca4c0b9b06d6dc0e6259af8edc9bed12026d765b0fbc8ded
results/2026.09.16-18.10_tilelang_hard-shape_seed=42/failed/timeout/failed_calls_main(f0)__f0()_660d62161090fed5.json,660d62161090fed5,tilelang,timeout,超时证据不足,历史Region日志只有Execution timed out，不能区分编译慢、参考慢、资源压力和kernel hang,3,float32,"(10292, 10292, 8860)","(128, 128, 32)",93285ad3e22643914b08c4c736abf1a8e8ca9c3ee3f1d1f3e170b83b89c262fa
results/2026.09.16-18.10_tilelang_hard-shape_seed=42/failed/timeout/failed_calls_main(f0)__f0()_8dc3bd80fba6660c.json,8dc3bd80fba6660c,tilelang,timeout,超时证据不足,历史Region日志只有Execution timed out，不能区分编译慢、参考慢、资源压力和kernel hang,3,float32,"(14225, 10026, 12584)","(256, 128, 8)",88fb5c7a09f9ed5df98d215dae7f28edde35010557a591b77d8f70a38eb41b89
results/2026.09.16-18.10_tilelang_hard-shape_seed=42/failed/timeout/failed_calls_main(f0)__f0()_c932c9b38aeeb1f5.json,c932c9b38aeeb1f5,tilelang,timeout,超时证据不足,历史Region日志只有Execution timed out，不能区分编译慢、参考慢、资源压力和kernel hang,3,float16,"(5208, 1060, 3652)","(256, 256, 16)",e8d9c974cf3477d3ef94d16fc54d136a91567d9734eae48e3defd21a070c225b
results/2026.09.16-18.10_tilelang_hard-shape_seed=42/failed/timeout/failed_calls_main(f0)__f0()_faa6eb8eb578fd8e.json,faa6eb8eb578fd8e,tilelang,timeout,超时证据不足,历史Region日志只有Execution timed out，不能区分编译慢、参考慢、资源压力和kernel hang,3,float16,"(15635, 11621, 1414)","(256, 256, 8)",aad64dbdfdceffc44ba0750978687ffb8aece31def2a33ac346f5cfe708f5466
results/2026.09.16-18.10_tilelang_hard-shape_seed=42/failed/timeout/failed_calls_main(f0+f0)__f0()_009cd2195228a8e3.json,009cd2195228a8e3,tilelang,timeout,超时证据不足,历史Region日志只有Execution timed out，不能区分编译慢、参考慢、资源压力和kernel hang,3,float16,"(14414, 14414, 7040)","(128, 32, 64)",0dc4d556ded719ae2d2632210195f2228e058c51f3e1c5d7a584aff607e4c8f4
results/2026.09.16-18.10_tilelang_hard-shape_seed=42/failed/timeout/failed_calls_main(f0+f0)__f0()_50fa86a376fe510d.json,50fa86a376fe510d,tilelang,timeout,超时证据不足,历史Region日志只有Execution timed out，不能区分编译慢、参考慢、资源压力和kernel hang,3,float16,"(9116, 1042, 820)","(128, 128, 32)",fc4f4047c2a16dfb91cb5de10be961b65fbb7b5e09f2cc3c9bb667d7b2bcff4c
results/2026.09.16-18.10_tilelang_hard-shape_seed=42/failed/timeout/failed_calls_main(f0+f0)__f0()_53c98caf9ce8d5df.json,53c98caf9ce8d5df,tilelang,timeout,超时证据不足,历史Region日志只有Execution timed out，不能区分编译慢、参考慢、资源压力和kernel hang,3,float32,"(13086, 15414, 7402)","(64, 32, 128)",25d713039f6a05df5839d95ec7b8f4a5f44a9182e770a2a7f09cd48fe8435263
results/2026.09.16-18.10_tilelang_hard-shape_seed=42/failed/timeout/failed_calls_main(f0+f0)__f0()_7d181bee52b69945.json,7d181bee52b69945,tilelang,timeout,超时证据不足,历史Region日志只有Execution timed out，不能区分编译慢、参考慢、资源压力和kernel hang,3,float16,"(15985, 15323, 15323)","(256, 256, 32)",d0f6fb3ba2b2c8beeb296de5561359def770303e94025097d7cf35a47ce598e8
results/2026.09.16-18.10_tilelang_hard-shape_seed=42/failed/timeout/failed_calls_main(f0+f0)__f0()_b68939bcc51ace0a.json,b68939bcc51ace0a,tilelang,timeout,超时证据不足,历史Region日志只有Execution timed out，不能区分编译慢、参考慢、资源压力和kernel hang,3,float16,"(593, 1060, 13086)","(256, 256, 32)",c118a849e4eff4eaa1633fed5081172f78723d4e5cd4437d8973a0b33bc21794
results/2026.09.16-18.10_tilelang_hard-shape_seed=42/failed/timeout/failed_calls_main(f0+f0+f0)__f0()_b1bfc5dececc146b.json,b1bfc5dececc146b,tilelang,timeout,超时证据不足,历史Region日志只有Execution timed out，不能区分编译慢、参考慢、资源压力和kernel hang,3,float16,"(12017, 15925, 4970)","(32, 256, 64)",6a6bbd06e774b72f2bbf25522575d6a5b23020821acdfdfaad0afbb7c0d12061
results/2026.09.16-18.10_tilelang_hard-shape_seed=42/failed/timeout/failed_calls_main(f0+f0+f0)__f0()_ebaf5d61133fcd8b.json,ebaf5d61133fcd8b,tilelang,timeout,超时证据不足,历史Region日志只有Execution timed out，不能区分编译慢、参考慢、资源压力和kernel hang,3,float32,"(15323, 11454, 12219)","(128, 128, 8)",4b2f7001b57ba0a6c8cb93e5bf8d851353096f97ac61867bafe3180d09b28d03
results/2026.09.16-18.10_tilelang_hard-shape_seed=42/failed/timeout/failed_calls_main(f0+f1+f1)__f0()__f1(f0)_3d73b3abd2789b79.json,3d73b3abd2789b79,tilelang,timeout,超时证据不足,历史Region日志只有Execution timed out，不能区分编译慢、参考慢、资源压力和kernel hang,3,float16,"(8860, 9877, 10775)","(64, 64, 32)",0e1d053d6a01e9bc6c6215575961993adf415ea7b28d8ca4e30c6483e41b0e1e
results/2026.09.16-18.10_tilelang_hard-shape_seed=42/failed/timeout/failed_calls_main(f1)__f0()__f1(f0)_a21c3b347bfd5a46.json,a21c3b347bfd5a46,tilelang,timeout,超时证据不足,历史Region日志只有Execution timed out，不能区分编译慢、参考慢、资源压力和kernel hang,3,float32,"(7040, 11055, 13293)","(64, 16, 32)",44649b474f54e91a5083f76742c1a9202c1b9d3c315ba2bec4210304b307194b
results/2026.09.16-18.10_tilelang_hard-shape_seed=42/failed/timeout/failed_calls_main(f1)__f0()__f1(f0)_e4e536ef2fc81dcc.json,e4e536ef2fc81dcc,tilelang,timeout,超时证据不足,历史Region日志只有Execution timed out，不能区分编译慢、参考慢、资源压力和kernel hang,3,float16,"(15635, 15635, 12461)","(256, 16, 64)",26c8cc936d0245193a64f10d0d663fc292266d33889de267d3a0602438febf54
results/2026.09.16-18.10_tilelang_hard-shape_seed=42/failed/timeout/failed_calls_main(f1)__f0()__f1(f0)_f5440e4bb3eae2e2.json,f5440e4bb3eae2e2,tilelang,timeout,超时证据不足,历史Region日志只有Execution timed out，不能区分编译慢、参考慢、资源压力和kernel hang,3,float16,"(10693, 14591, 15931)","(256, 256, 8)",dfa2e09519cc366e812a68cb2c5d43b36134ee4504ce1257f25469b2d2aeb0ee
results/2026.09.16-18.10_tilelang_hard-shape_seed=42/failed/timeout/failed_calls_main(f1)__f0()__f1(f0+f0)_5ef99db6f22235e2.json,5ef99db6f22235e2,tilelang,timeout,超时证据不足,历史Region日志只有Execution timed out，不能区分编译慢、参考慢、资源压力和kernel hang,3,float32,"(15985, 15323, 12259)","(64, 64, 64)",762c764556b913294fc26c20fe33620d50ff478601d98ee656d23075d5d852db
results/2026.09.16-18.10_tilelang_hard-shape_seed=42/failed/timeout/failed_calls_main(f1)__f0()__f1(f0+f0+f0+f0)_41a350d016aa8c68.json,41a350d016aa8c68,tilelang,timeout,超时证据不足,历史Region日志只有Execution timed out，不能区分编译慢、参考慢、资源压力和kernel hang,3,float32,"(7224, 3071, 8025)","(256, 256, 16)",16d91720b83b7f9864887c39f10998e6bc535edef07a1ce2758b86bc989669fa
results/2026.09.16-18.10_tilelang_hard-shape_seed=42/failed/timeout/failed_calls_main(f1+f0+f1+f1)__f0()__f1(f0+f0)_3eed68d190a77320.json,3eed68d190a77320,tilelang,timeout,超时证据不足,历史Region日志只有Execution timed out，不能区分编译慢、参考慢、资源压力和kernel hang,3,float32,"(15925, 10292, 12259)","(32, 64, 32)",bdbfe17750977d3418b64c8ad6418ac4ccf63da02b878663934a707797f71d7f
results/2026.09.16-18.10_tilelang_hard-shape_seed=42/failed/timeout/failed_calls_main(f1+f1)__f0()__f1(f0)_0c506e589a52eeed.json,0c506e589a52eeed,tilelang,timeout,超时证据不足,历史Region日志只有Execution timed out，不能区分编译慢、参考慢、资源压力和kernel hang,3,float16,"(15008, 10044, 14591)","(32, 32, 8)",f5f6165b2a4b70a000eb4832ad13fb0713916edd29c88846d143f1ec978c4525
results/2026.09.16-18.10_tilelang_hard-shape_seed=42/failed/wrong_result/failed_calls_main(f0)__f0()_023dd21077907d37.json,023dd21077907d37,tilelang,wrong_result,待确认,需要逐条缩减及独立语义验证,3,float32,"(11454, 579, 4738)","(32, 32, 8)",763338fc85e54fe0c8f49729c8ffa43a78d5e4677d940520d66adc1addd27660
results/2026.09.16-18.10_tilelang_hard-shape_seed=42/failed/wrong_result/failed_calls_main(f0)__f0()_097b80d5e04bc62d.json,097b80d5e04bc62d,tilelang,wrong_result,K=8已知错误机制候选,与已确认K=8布局/列重复机制同配置；不能因block_K=8判非法，也不能未经缩减把全部219条算独立bug,3,float16,"(1542, 3910, 1542)","(32, 256, 8)",cf54db0d87e80cfb799a17e4df3cd8d7f04d17fc46907763719fcc738acc4854
results/2026.09.16-18.10_tilelang_hard-shape_seed=42/failed/wrong_result/failed_calls_main(f0)__f0()_0e0383c871b82c8a.json,0e0383c871b82c8a,tilelang,wrong_result,K=8已知错误机制候选,与已确认K=8布局/列重复机制同配置；不能因block_K=8判非法，也不能未经缩减把全部219条算独立bug,3,float16,"(7515, 12849, 12849)","(16, 256, 8)",1984ef12586bed00291a83572d1b848d7fe7901d135d8a4eb853ad19c1de2650
results/2026.09.16-18.10_tilelang_hard-shape_seed=42/failed/wrong_result/failed_calls_main(f0)__f0()_1e668ea348cae76c.json,1e668ea348cae76c,tilelang,wrong_result,待确认,需要逐条缩减及独立语义验证,3,float16,"(11219, 11269, 14953)","(64, 64, 64)",1d176bb4983c475f257ec8bcf0c35af67da5b4ccc77c929abbbb7f56b2bff7a5
results/2026.09.16-18.10_tilelang_hard-shape_seed=42/failed/wrong_result/failed_calls_main(f0)__f0()_1e85c063184246b8.json,1e85c063184246b8,tilelang,wrong_result,K=8已知错误机制候选,与已确认K=8布局/列重复机制同配置；不能因block_K=8判非法，也不能未经缩减把全部219条算独立bug,3,float16,"(7165, 6516, 820)","(128, 256, 8)",2f0a59e6b8c6dab6291be04baaba90426ffe5be73c9c25543c02808157d643f3
results/2026.09.16-18.10_tilelang_hard-shape_seed=42/failed/wrong_result/failed_calls_main(f0)__f0()_239dcc4bb44a2261.json,239dcc4bb44a2261,tilelang,wrong_result,待确认,需要逐条缩减及独立语义验证,3,float32,"(9013, 7165, 820)","(128, 16, 8)",b4ce5b4ae049e5d1b8ce357ffcb5ea23b57a22691931ea161ddd7148dbd323e4
results/2026.09.16-18.10_tilelang_hard-shape_seed=42/failed/wrong_result/failed_calls_main(f0)__f0()_35589c3397cb0c1d.json,35589c3397cb0c1d,tilelang,wrong_result,待确认,需要逐条缩减及独立语义验证,3,float32,"(13293, 8366, 6153)","(64, 64, 8)",dcfdba82eb4b0caa6c5d8e77f4595594f6a633c129ca83aac8d9a1a9ed016c5a
results/2026.09.16-18.10_tilelang_hard-shape_seed=42/failed/wrong_result/failed_calls_main(f0)__f0()_5532f5c6e6ef68d4.json,5532f5c6e6ef68d4,tilelang,wrong_result,K=8已知错误机制候选,与已确认K=8布局/列重复机制同配置；不能因block_K=8判非法，也不能未经缩减把全部219条算独立bug,3,float16,"(9442, 1551, 12187)","(64, 64, 8)",7fca85606c190bad8d1f55b08e4e4c792ea53272780d0abda89b2876cf4f0cad
results/2026.09.16-18.10_tilelang_hard-shape_seed=42/failed/wrong_result/failed_calls_main(f0)__f0()_57ab5429fa161ccf.json,57ab5429fa161ccf,tilelang,wrong_result,K=8已知错误机制候选,与已确认K=8布局/列重复机制同配置；不能因block_K=8判非法，也不能未经缩减把全部219条算独立bug,3,float16,"(7315, 7165, 14720)","(64, 128, 8)",fc84e3287fbfefef2da0c2775956f5a815cf5c8f7f3add102cab3d365aa0372c
results/2026.09.16-18.10_tilelang_hard-shape_seed=42/failed/wrong_result/failed_calls_main(f0)__f0()_716e5343a7e19738.json,716e5343a7e19738,tilelang,wrong_result,待确认,需要逐条缩减及独立语义验证,3,float16,"(7432, 15008, 7432)","(32, 32, 32)",0fc2817bf7cbf383b83b8d8b0a3e7a156532c539911ba7f1551af294ab636085
results/2026.09.16-18.10_tilelang_hard-shape_seed=42/failed/wrong_result/failed_calls_main(f0)__f0()_720a8ec065ffea68.json,720a8ec065ffea68,tilelang,wrong_result,K=8已知错误机制候选,与已确认K=8布局/列重复机制同配置；不能因block_K=8判非法，也不能未经缩减把全部219条算独立bug,3,float16,"(8520, 4324, 11233)","(32, 32, 8)",9270d6821b01d32e6fb42f07098ecd97956941fcd08ecf2704030da5380dfb03
results/2026.09.16-18.10_tilelang_hard-shape_seed=42/failed/wrong_result/failed_calls_main(f0)__f0()_8d1def112524ade6.json,8d1def112524ade6,tilelang,wrong_result,待确认,需要逐条缩减及独立语义验证,3,float16,"(4970, 3121, 10292)","(128, 128, 32)",ca460bfb807061300488c4f216f2d7f9f4248a01bd35ea5f87f723230110c778
results/2026.09.16-18.10_tilelang_hard-shape_seed=42/failed/wrong_result/failed_calls_main(f0)__f0()_9ba79e5f21c04c50.json,9ba79e5f21c04c50,tilelang,wrong_result,待确认,需要逐条缩减及独立语义验证,3,float16,"(12017, 7013, 8860)","(64, 64, 32)",4935b401226c2df25c8b11927c15eba81e0564a78d321a0c578564a772a32805
results/2026.09.16-18.10_tilelang_hard-shape_seed=42/failed/wrong_result/failed_calls_main(f0)__f0()_a7e993fe796dd940.json,a7e993fe796dd940,tilelang,wrong_result,待确认,需要逐条缩减及独立语义验证,3,float16,"(13491, 14591, 10044)","(64, 16, 8)",589699453e798d150bdb353de171506faaa38f17869a8db6b3a18d855dc244c5
results/2026.09.16-18.10_tilelang_hard-shape_seed=42/failed/wrong_result/failed_calls_main(f0)__f0()_c4fcac910d495804.json,c4fcac910d495804,tilelang,wrong_result,待确认,需要逐条缩减及独立语义验证,3,float16,"(870, 9013, 977)","(32, 128, 64)",2514bf19777da5d36588b385c166e82e7525f0d3d14d8bfe8d01f6e8dc1943cf
results/2026.09.16-18.10_tilelang_hard-shape_seed=42/failed/wrong_result/failed_calls_main(f0)__f0()_d1f657fbce0995b5.json,d1f657fbce0995b5,tilelang,wrong_result,待确认,需要逐条缩减及独立语义验证,3,float16,"(5172, 15184, 8754)","(32, 32, 32)",ded1537db3cddb08e84c0a2cb87b044509e36e3ae0d67f579c396ee339c8724f
results/2026.09.16-18.10_tilelang_hard-shape_seed=42/failed/wrong_result/failed_calls_main(f0)__f0()_e277267dbfcbad79.json,e277267dbfcbad79,tilelang,wrong_result,待确认,需要逐条缩减及独立语义验证,3,float16,"(4930, 5419, 7515)","(32, 32, 32)",51301444ab02f643ad239e209af88d9f43362a30346a522ec0c1acf4920b3dc6
results/2026.09.16-18.10_tilelang_hard-shape_seed=42/failed/wrong_result/failed_calls_main(f0)__f0()_f73a783f87c2669d.json,f73a783f87c2669d,tilelang,wrong_result,待确认,需要逐条缩减及独立语义验证,3,float32,"(15868, 15008, 10044)","(32, 64, 32)",b902891aba7a6b428f27c94c7daf620d1eb5b9849f90badd68577fb48b1b25f5
results/2026.09.16-18.10_tilelang_hard-shape_seed=42/failed/wrong_result/failed_calls_main(f0)__f0()_f7c2c0990ed44339.json,f7c2c0990ed44339,tilelang,wrong_result,待确认,需要逐条缩减及独立语义验证,3,float32,"(9676, 15414, 7402)","(64, 64, 32)",f8973c7107f04f6af5b09bbe91eee028b568cda8722aace3f1829e285e05b727
results/2026.09.16-18.10_tilelang_hard-shape_seed=42/failed/wrong_result/failed_calls_main(f0+f0)__f0()_49f50f05d49f0e04.json,49f50f05d49f0e04,tilelang,wrong_result,待确认,需要逐条缩减及独立语义验证,3,float32,"(12461, 15184, 8861)","(64, 16, 32)",c116bc587ac626aff723708724799a34575e550d42fcb28a70efdb18cbad8c28
results/2026.09.16-18.10_tilelang_hard-shape_seed=42/failed/wrong_result/failed_calls_main(f0+f0)__f0()_4dcd417ef63a2a30.json,4dcd417ef63a2a30,tilelang,wrong_result,待确认,需要逐条缩减及独立语义验证,3,float16,"(12187, 10693, 9442)","(128, 256, 64)",70796cfa00932f439408d7beddda9c076b0a939dfaf295db22fcd0a5d55fc6b8
results/2026.09.16-18.10_tilelang_hard-shape_seed=42/failed/wrong_result/failed_calls_main(f0+f0)__f0()_63d4c4293a33dfbc.json,63d4c4293a33dfbc,tilelang,wrong_result,待确认,需要逐条缩减及独立语义验证,3,float16,"(10044, 15008, 15931)","(64, 16, 16)",db809b942893380ef5eeaf4070a02bdd9f66c8c3bb54eab3efb3e525bab41634
results/2026.09.16-18.10_tilelang_hard-shape_seed=42/failed/wrong_result/failed_calls_main(f0+f0)__f0()_9591981e51f724c1.json,9591981e51f724c1,tilelang,wrong_result,待确认,需要逐条缩减及独立语义验证,3,float32,"(3910, 13215, 10275)","(64, 32, 64)",194aaeeece14dcbda7783ee14a150de0e419a97e3f572b7c39f3fb7134a89c11
results/2026.09.16-18.10_tilelang_hard-shape_seed=42/failed/wrong_result/failed_calls_main(f0+f0)__f0()_d0c6ce40d3d9ab25.json,d0c6ce40d3d9ab25,tilelang,wrong_result,待确认,需要逐条缩减及独立语义验证,3,float32,"(5628, 8520, 13491)","(32, 32, 32)",cf33121d69c95f17984ffe7f1a6a39b1f0f073ed8ca0fb9974f81bef9a93a09a
results/2026.09.16-18.10_tilelang_hard-shape_seed=42/failed/wrong_result/failed_calls_main(f0+f0)__f0()_ef070d8a7fc6209e.json,ef070d8a7fc6209e,tilelang,wrong_result,待确认,需要逐条缩减及独立语义验证,3,float32,"(10126, 10126, 12895)","(16, 64, 64)",6aa3db2b5a6c926d17bb12c4a2d4a05649d9ad17a474a91e5ed2e55eba9fbc04
results/2026.09.16-18.10_tilelang_hard-shape_seed=42/failed/wrong_result/failed_calls_main(f0+f0)__f0()_fadf380fb167929d.json,fadf380fb167929d,tilelang,wrong_result,K=8已知错误机制候选,与已确认K=8布局/列重复机制同配置；不能因block_K=8判非法，也不能未经缩减把全部219条算独立bug,3,float16,"(13491, 15008, 14591)","(32, 32, 8)",139abcb115d70ae6c65acd5b462ba87d399b3f4c1fcb996535d8bc0f6dbfa9da
results/2026.09.16-18.10_tilelang_hard-shape_seed=42/failed/wrong_result/failed_calls_main(f0+f0+f0)__f0()_437d8762491e7926.json,437d8762491e7926,tilelang,wrong_result,待确认,需要逐条缩减及独立语义验证,3,float16,"(11219, 14414, 15970)","(32, 256, 64)",2c49bf635e1927df4d201b0a1d42ad8b0a7b31ba1aeda6ffa1fcbbbdf77c6dfd
results/2026.09.16-18.10_tilelang_hard-shape_seed=42/failed/wrong_result/failed_calls_main(f0+f0+f1)__f0()__f1(f0)_5950d52e77c20d78.json,5950d52e77c20d78,tilelang,wrong_result,待确认,需要逐条缩减及独立语义验证,3,float32,"(8520, 11233, 9319)","(64, 32, 64)",7433763e6f061a0f3eb4889d15ae829f206687115bccb28a25e69f64dedead1c
results/2026.09.16-18.10_tilelang_hard-shape_seed=42/failed/wrong_result/failed_calls_main(f0+f1)__f0()__f1(f0)_a6c0b373720bd4b4.json,a6c0b373720bd4b4,tilelang,wrong_result,待确认,需要逐条缩减及独立语义验证,3,float32,"(11093, 5208, 7402)","(32, 128, 16)",72e48cec66b6110f45477669f73eb9252eab23ece8ca57da1e9cc7d84b66b4a1
results/2026.09.16-18.10_tilelang_hard-shape_seed=42/failed/wrong_result/failed_calls_main(f1)__f0()__f1(f0)_1d35349020012496.json,1d35349020012496,tilelang,wrong_result,待确认,需要逐条缩减及独立语义验证,3,float16,"(1542, 9676, 13086)","(128, 256, 16)",b1a17d439015ec571aaf2f23cc6efa26654ec65964a5b046d0669d0d2d2f62ec
results/2026.09.16-18.10_tilelang_hard-shape_seed=42/failed/wrong_result/failed_calls_main(f1)__f0()__f1(f0)_4960616c2403d08c.json,4960616c2403d08c,tilelang,wrong_result,K=8已知错误机制候选,与已确认K=8布局/列重复机制同配置；不能因block_K=8判非法，也不能未经缩减把全部219条算独立bug,3,float16,"(14720, 820, 7315)","(32, 32, 8)",6957d8c4e03104d298ebf8c34b0e2b7fa6b81074bc1f66748df33cde51520e9d
results/2026.09.16-18.10_tilelang_hard-shape_seed=42/failed/wrong_result/failed_calls_main(f1)__f0()__f1(f0)_7a0252ee0086af05.json,7a0252ee0086af05,tilelang,wrong_result,待确认,需要逐条缩减及独立语义验证,3,float16,"(9877, 12259, 579)","(32, 32, 16)",0ae4f2a82d8b8abdb10784a24566b5f050fe20dbf1089fa9d5419d515162a5e1
results/2026.09.16-18.10_tilelang_hard-shape_seed=42/failed/wrong_result/failed_calls_main(f1)__f0()__f1(f0)_92e876c9fd889d7c.json,92e876c9fd889d7c,tilelang,wrong_result,待确认,需要逐条缩减及独立语义验证,3,float32,"(1414, 12461, 13214)","(64, 64, 32)",4e7b5192b6810389b88105d3bccc7a8fa587782512504b31ec524066b18301e6
results/2026.09.16-18.10_tilelang_hard-shape_seed=42/failed/wrong_result/failed_calls_main(f1)__f0()__f1(f0)_b493ecb5871bfb85.json,b493ecb5871bfb85,tilelang,wrong_result,待确认,需要逐条缩减及独立语义验证,3,float32,"(4324, 9965, 11007)","(32, 128, 8)",5f010426f0aaaa28b5e057a8ab5dadb4aedaf6fb22afe129a2a49b394b315855
results/2026.09.16-18.10_tilelang_hard-shape_seed=42/failed/wrong_result/failed_calls_main(f1)__f0()__f1(f0)_bf9a3cf29a28919c.json,bf9a3cf29a28919c,tilelang,wrong_result,待确认,需要逐条缩减及独立语义验证,3,float32,"(5419, 12849, 4930)","(64, 64, 8)",ec41a7b87d14e0ccd25be55beda2fb508da321e9a8bd6e13e481c95ff48a4f22
results/2026.09.16-18.10_tilelang_hard-shape_seed=42/failed/wrong_result/failed_calls_main(f1)__f0()__f1(f0+f0)_188bfce688ca6292.json,188bfce688ca6292,tilelang,wrong_result,待确认,需要逐条缩减及独立语义验证,3,float32,"(2790, 12461, 5172)","(16, 64, 64)",0c04c4cc9a0cc937885adb4d5d7b9d2fc1ee322f8828610291c20d7da1ba7b1b
results/2026.09.16-18.10_tilelang_hard-shape_seed=42/failed/wrong_result/failed_calls_main(f1)__f0()__f1(f0+f0)_8cc7ddb8b722ac5e.json,8cc7ddb8b722ac5e,tilelang,wrong_result,K=8已知错误机制候选,与已确认K=8布局/列重复机制同配置；不能因block_K=8判非法，也不能未经缩减把全部219条算独立bug,3,float16,"(11273, 3121, 4738)","(32, 32, 8)",e3912d91a1f03493a8802cbbd672a4564abfeb95f362804ba5d17b660002614f
results/2026.09.16-18.10_tilelang_hard-shape_seed=42/failed/wrong_result/failed_calls_main(f1)__f0()__f1(f0+f0)_ead303d5a42ab07b.json,ead303d5a42ab07b,tilelang,wrong_result,待确认,需要逐条缩减及独立语义验证,3,float16,"(13086, 13086, 11093)","(32, 32, 16)",afbbe5bb7d3d58275308cce917f8f3d147f97f25c540920955c88accdf9aad05
results/2026.09.16-18.10_tilelang_hard-shape_seed=42/failed/wrong_result/failed_calls_main(f1)__f0()__f1(f0+f0)_f1025f436177cb8f.json,f1025f436177cb8f,tilelang,wrong_result,待确认,需要逐条缩减及独立语义验证,3,float32,"(3071, 7224, 7624)","(128, 128, 8)",ffdb468ea04e9e2a0fa1ca2ea34128de45aacff493d4b218ed90afe11658d79c
results/2026.09.16-18.10_tilelang_hard-shape_seed=42/failed/wrong_result/failed_calls_main(f1+f1)__f0()__f1(f0)_1254c663cbdd110e.json,1254c663cbdd110e,tilelang,wrong_result,待确认,需要逐条缩减及独立语义验证,3,float32,"(593, 14904, 13215)","(64, 256, 32)",96906f19c13c62a51cd520f49e81f6b67f5e764d835a6f7957feb1cb3247332a
results/2026.09.16-18.10_tilelang_hard-shape_seed=42/failed/wrong_result/failed_calls_main(f1+f1)__f0()__f1(f0)_d3c615e4ac477289.json,d3c615e4ac477289,tilelang,wrong_result,待确认,需要逐条缩减及独立语义验证,3,float32,"(3163, 15855, 9153)","(32, 256, 8)",5c905f85fb2633ad9a7db8f83d076ebad1a092b9d74a5cbf6d4ec463004c9d3c
results/2026.09.16-18.10_tilelang_hard-shape_seed=42/failed/wrong_result/failed_calls_main(f1+f1)__f0()__f1(f0+f0)_b8288084d3261ffe.json,b8288084d3261ffe,tilelang,wrong_result,待确认,需要逐条缩减及独立语义验证,3,float32,"(9116, 3071, 7224)","(64, 64, 64)",d9bcb0714ecd8a7e567489ee1aa2a31240d5e7ced405cf9f49185a58b2e9ee86
results/2026.09.17-00.09_tilelang_easy-shape_seed=42/failed/gpu_oom/failed_calls_main(f1)__f0()__f1(f0)_9c3e5561a793cab6.json,9c3e5561a793cab6,tilelang,gpu_oom,非有效目标编译器bug,56条全部在PyTorch参考解释器中OOM；属于oracle内存预算,4,float32,"(16384, 16384, 2)","(256, 256, 16)",cba499a82a819f71397f3aa2e26a1ff1e31ddc516bd311d999b801ab835245b2
results/2026.09.17-00.09_tilelang_easy-shape_seed=42/failed/layout_inference/failed_calls_main(f0)__f0()_0084bad8fdb1a20d.json,0084bad8fdb1a20d,tilelang,layout_inference,布局编译失败候选，待缩减,no available layout；代表2ffa308929b8d63e冷缓存复现且无transpose；其他记录仍需排查布局约束/支持范围,4,float32,"(2, 64, 64)","(32, 32, 16)",f587aa86bc185cc3dacfc2254504eac46a44829b311376bea2ca08373a885039
results/2026.09.17-00.09_tilelang_easy-shape_seed=42/failed/layout_inference/failed_calls_main(f0)__f0()_2ab1783c65f67ebb.json,2ab1783c65f67ebb,tilelang,layout_inference,布局编译失败候选，待缩减,no available layout；代表2ffa308929b8d63e冷缓存复现且无transpose；其他记录仍需排查布局约束/支持范围,4,float16,"(512, 4096, 1024)","(32, 64, 16)",56c3d106e1282e989b0d1a39e937e87250231374043cd6d5813b94db84f049fd
results/2026.09.17-00.09_tilelang_easy-shape_seed=42/failed/layout_inference/failed_calls_main(f0)__f0()_3f80396046eb3d42.json,3f80396046eb3d42,tilelang,layout_inference,布局编译失败候选，待缩减,no available layout；代表2ffa308929b8d63e冷缓存复现且无transpose；其他记录仍需排查布局约束/支持范围,4,float16,"(2, 128, 16384)","(256, 256, 8)",51a854d269f560c2a112d32a11f3e46f0a339bcd5af5594df8aa7864edefb26c
results/2026.09.17-00.09_tilelang_easy-shape_seed=42/failed/layout_inference/failed_calls_main(f0)__f0()_6ae0e50790a039b7.json,6ae0e50790a039b7,tilelang,layout_inference,布局编译失败候选，待缩减,no available layout；代表2ffa308929b8d63e冷缓存复现且无transpose；其他记录仍需排查布局约束/支持范围,4,float32,"(2048, 2048, 16384)","(32, 32, 64)",4594d6bde26f21283317bab2049c982ab8283e3a1f9b064d7a93a60345e2b508
results/2026.09.17-00.09_tilelang_easy-shape_seed=42/failed/layout_inference/failed_calls_main(f0)__f0()_74be7f2c386fbb15.json,74be7f2c386fbb15,tilelang,layout_inference,布局编译失败候选，待缩减,no available layout；代表2ffa308929b8d63e冷缓存复现且无transpose；其他记录仍需排查布局约束/支持范围,4,float16,"(8, 4096, 4)","(64, 64, 16)",37b0033552550f08bd16759ef9d90ee57d0566cd89340ff50e8d65b100a323bd
results/2026.09.17-00.09_tilelang_easy-shape_seed=42/failed/layout_inference/failed_calls_main(f0)__f0()_830cd87b82642a33.json,830cd87b82642a33,tilelang,layout_inference,布局编译失败候选，待缩减,no available layout；代表2ffa308929b8d63e冷缓存复现且无transpose；其他记录仍需排查布局约束/支持范围,4,float32,"(4096, 8, 8)","(64, 64, 8)",2d7c2e01ed6bc172ddc55686a5177febb1c6000b108631994b55b52f59e8d74e
results/2026.09.17-00.09_tilelang_easy-shape_seed=42/failed/layout_inference/failed_calls_main(f0)__f0()_94c4444adf4f371d.json,94c4444adf4f371d,tilelang,layout_inference,布局编译失败候选，待缩减,no available layout；代表2ffa308929b8d63e冷缓存复现且无transpose；其他记录仍需排查布局约束/支持范围,4,float16,"(64, 64, 8)","(32, 32, 16)",e91d395f8d37adc81622befe798f342141b11e6b068110e6b1ba864269bd2bb6
results/2026.09.17-00.09_tilelang_easy-shape_seed=42/failed/layout_inference/failed_calls_main(f0)__f0()_ad48ad41600848cf.json,ad48ad41600848cf,tilelang,layout_inference,布局编译失败候选，待缩减,no available layout；代表2ffa308929b8d63e冷缓存复现且无transpose；其他记录仍需排查布局约束/支持范围,4,float16,"(1024, 16384, 32)","(64, 64, 16)",12ec839338076d75ba1f6f0cfad17475e57c6e68b6fc1ebe2626560beecac4c0
results/2026.09.17-00.09_tilelang_easy-shape_seed=42/failed/layout_inference/failed_calls_main(f0)__f0()_aed808e471a1de30.json,aed808e471a1de30,tilelang,layout_inference,布局编译失败候选，待缩减,no available layout；代表2ffa308929b8d63e冷缓存复现且无transpose；其他记录仍需排查布局约束/支持范围,4,float32,"(4, 32, 1024)","(32, 32, 8)",329bd344967244f2184e925da313bfc5ed63ca53a0abe413fdf6b885119e64fc
results/2026.09.17-00.09_tilelang_easy-shape_seed=42/failed/layout_inference/failed_calls_main(f0)__f0()_b537a5dd49d761fa.json,b537a5dd49d761fa,tilelang,layout_inference,布局编译失败候选，待缩减,no available layout；代表2ffa308929b8d63e冷缓存复现且无transpose；其他记录仍需排查布局约束/支持范围,4,float32,"(16384, 512, 512)","(16, 128, 16)",afa11406632079fce6ed7765b24fb9c4af1c111495e66efd5f17bee2837e3027
results/2026.09.17-00.09_tilelang_easy-shape_seed=42/failed/layout_inference/failed_calls_main(f0)__f0()_ba574c37f0394f68.json,ba574c37f0394f68,tilelang,layout_inference,布局编译失败候选，待缩减,no available layout；代表2ffa308929b8d63e冷缓存复现且无transpose；其他记录仍需排查布局约束/支持范围,4,float32,"(512, 8192, 8192)","(32, 64, 32)",25e4297478049e8cf837c10eb706b28523fdf20dc11a21b4c700b43fa0941c37
results/2026.09.17-00.09_tilelang_easy-shape_seed=42/failed/layout_inference/failed_calls_main(f0)__f0()_bee5b6c10b4800ce.json,bee5b6c10b4800ce,tilelang,layout_inference,布局编译失败候选，待缩减,no available layout；代表2ffa308929b8d63e冷缓存复现且无transpose；其他记录仍需排查布局约束/支持范围,4,float32,"(1024, 2048, 1024)","(32, 32, 32)",99abe2ab39a9c9910db1ce5476752878ec200a5dcd61e64db8e97bfa2ec57bc2
results/2026.09.17-00.09_tilelang_easy-shape_seed=42/failed/layout_inference/failed_calls_main(f0)__f0()_bf4199d3352af7c7.json,bf4199d3352af7c7,tilelang,layout_inference,布局编译失败候选，待缩减,no available layout；代表2ffa308929b8d63e冷缓存复现且无transpose；其他记录仍需排查布局约束/支持范围,4,float16,"(4, 4, 2048)","(32, 256, 32)",633ea589a909a546fecb1795d566e4dca3655c3874410c2103a34fea031f466c
results/2026.09.17-00.09_tilelang_easy-shape_seed=42/failed/layout_inference/failed_calls_main(f0)__f0()_c54da1a885ff6f71.json,c54da1a885ff6f71,tilelang,layout_inference,布局编译失败候选，待缩减,no available layout；代表2ffa308929b8d63e冷缓存复现且无transpose；其他记录仍需排查布局约束/支持范围,4,float16,"(128, 512, 1024)","(64, 64, 32)",fb980acbb2678952c33adaba4450d8095fbb21ac0a9e9bad541b97f273cad282
results/2026.09.17-00.09_tilelang_easy-shape_seed=42/failed/layout_inference/failed_calls_main(f0)__f0()_c988c97d80442dbb.json,c988c97d80442dbb,tilelang,layout_inference,布局编译失败候选，待缩减,no available layout；代表2ffa308929b8d63e冷缓存复现且无transpose；其他记录仍需排查布局约束/支持范围,4,float32,"(128, 512, 32)","(32, 32, 16)",bbf07fa273d5dee79cc789e65f2591012375095d874f8bbf90aa2eeb5389a75c
results/2026.09.17-00.09_tilelang_easy-shape_seed=42/failed/layout_inference/failed_calls_main(f0)__f0()_e6ddc4348ce047c9.json,e6ddc4348ce047c9,tilelang,layout_inference,布局编译失败候选，待缩减,no available layout；代表2ffa308929b8d63e冷缓存复现且无transpose；其他记录仍需排查布局约束/支持范围,4,float16,"(128, 4, 8)","(64, 64, 8)",057255dd387a49d86505f61f74c990c964ac3426e5a503e48f2c1cfe3767caa4
results/2026.09.17-00.09_tilelang_easy-shape_seed=42/failed/layout_inference/failed_calls_main(f0)__f0()_fb811b5d0e95a914.json,fb811b5d0e95a914,tilelang,layout_inference,布局编译失败候选，待缩减,no available layout；代表2ffa308929b8d63e冷缓存复现且无transpose；其他记录仍需排查布局约束/支持范围,4,float16,"(64, 256, 8192)","(64, 128, 64)",6e2e7d01c4bede805d110edec261ad22c5c0ddbed50de0cd854e6075ad76a15d
results/2026.09.17-00.09_tilelang_easy-shape_seed=42/failed/layout_inference/failed_calls_main(f0+f0)__f0()_7eb426d3b7bb5723.json,7eb426d3b7bb5723,tilelang,layout_inference,布局编译失败候选，待缩减,no available layout；代表2ffa308929b8d63e冷缓存复现且无transpose；其他记录仍需排查布局约束/支持范围,4,float32,"(2048, 16384, 8192)","(32, 256, 8)",7f3514821d700c7effcf3b66718355e4834d25c75953093553e7ba7e6f08e932
results/2026.09.17-00.09_tilelang_easy-shape_seed=42/failed/layout_inference/failed_calls_main(f0+f0)__f0()_a62a88b5f7f617ce.json,a62a88b5f7f617ce,tilelang,layout_inference,布局编译失败候选，待缩减,no available layout；代表2ffa308929b8d63e冷缓存复现且无transpose；其他记录仍需排查布局约束/支持范围,4,float16,"(8, 512, 512)","(128, 128, 32)",b46fe5532a28825d1901004ebb1aab1c33013d47a1e7650b2c3e632a480f031c
results/2026.09.17-00.09_tilelang_easy-shape_seed=42/failed/layout_inference/failed_calls_main(f0+f0)__f0()_c251abc5ce29633a.json,c251abc5ce29633a,tilelang,layout_inference,布局编译失败候选，待缩减,no available layout；代表2ffa308929b8d63e冷缓存复现且无transpose；其他记录仍需排查布局约束/支持范围,4,float16,"(512, 16, 512)","(32, 16, 32)",05dc5f3d3d2b08c3f3084a3bf6912b90e11c0a700905f0316550cc8a2b9a2086
results/2026.09.17-00.09_tilelang_easy-shape_seed=42/failed/layout_inference/failed_calls_main(f0+f0+f0)__f0()_f28ea195c266e79e.json,f28ea195c266e79e,tilelang,layout_inference,布局编译失败候选，待缩减,no available layout；代表2ffa308929b8d63e冷缓存复现且无transpose；其他记录仍需排查布局约束/支持范围,4,float32,"(2048, 128, 64)","(128, 128, 32)",0a2d29e8ee8e1808de954653d0bca205a377232d215d62c104b95cfdc227d255
results/2026.09.17-00.09_tilelang_easy-shape_seed=42/failed/layout_inference/failed_calls_main(f0+f1)__f0()__f1(f0)_b815ddca90ea3764.json,b815ddca90ea3764,tilelang,layout_inference,布局编译失败候选，待缩减,no available layout；代表2ffa308929b8d63e冷缓存复现且无transpose；其他记录仍需排查布局约束/支持范围,4,float32,"(2, 2048, 1)","(128, 64, 8)",693c363e649c7d8447542ff716c83b334c6ebe1f3eb2a640a682abfecec13b98
results/2026.09.17-00.09_tilelang_easy-shape_seed=42/failed/layout_inference/failed_calls_main(f1)__f0()__f1(f0)_04cd0194c55983cd.json,04cd0194c55983cd,tilelang,layout_inference,布局编译失败候选，待缩减,no available layout；代表2ffa308929b8d63e冷缓存复现且无transpose；其他记录仍需排查布局约束/支持范围,4,float16,"(128, 128, 64)","(64, 64, 16)",ffea161b31878dc423dbb275e6ffcc321e1375fc6bcedb1b26c4dba789bbe978
results/2026.09.17-00.09_tilelang_easy-shape_seed=42/failed/layout_inference/failed_calls_main(f1)__f0()__f1(f0)_0e9144f17ed13e7d.json,0e9144f17ed13e7d,tilelang,layout_inference,布局编译失败候选，待缩减,no available layout；代表2ffa308929b8d63e冷缓存复现且无transpose；其他记录仍需排查布局约束/支持范围,4,float16,"(128, 64, 64)","(128, 16, 8)",a86da8d7214711cc2c7f8b31d3804d3552938cafb6a84f861581d873178d67b1
results/2026.09.17-00.09_tilelang_easy-shape_seed=42/failed/layout_inference/failed_calls_main(f1)__f0()__f1(f0)_3897fe8008aa581a.json,3897fe8008aa581a,tilelang,layout_inference,布局编译失败候选，待缩减,no available layout；代表2ffa308929b8d63e冷缓存复现且无transpose；其他记录仍需排查布局约束/支持范围,4,float16,"(16384, 256, 16384)","(32, 128, 32)",24d059200004143b2f89049c978f0af5601b474a1e534623e279a9f9ea5bec92
results/2026.09.17-00.09_tilelang_easy-shape_seed=42/failed/layout_inference/failed_calls_main(f1)__f0()__f1(f0)_4fe305ded310dd58.json,4fe305ded310dd58,tilelang,layout_inference,布局编译失败候选，待缩减,no available layout；代表2ffa308929b8d63e冷缓存复现且无transpose；其他记录仍需排查布局约束/支持范围,4,float32,"(8, 4096, 8)","(64, 64, 8)",518ceaf6735b2af1599aa4501a945cfea82516f5899e5aa317baeafcff86a839
results/2026.09.17-00.09_tilelang_easy-shape_seed=42/failed/layout_inference/failed_calls_main(f1)__f0()__f1(f0)_6789d73e82a1808b.json,6789d73e82a1808b,tilelang,layout_inference,布局编译失败候选，待缩减,no available layout；代表2ffa308929b8d63e冷缓存复现且无transpose；其他记录仍需排查布局约束/支持范围,4,float32,"(1, 1, 2)","(128, 128, 32)",3ebbdd3614893c9cf9dbcef5ed9e26cf1bc4127eb62b6e84ec273613905a58b0
results/2026.09.17-00.09_tilelang_easy-shape_seed=42/failed/layout_inference/failed_calls_main(f1)__f0()__f1(f0)_9652d53493cca8e2.json,9652d53493cca8e2,tilelang,layout_inference,布局编译失败候选，待缩减,no available layout；代表2ffa308929b8d63e冷缓存复现且无transpose；其他记录仍需排查布局约束/支持范围,4,float16,"(8192, 256, 64)","(32, 32, 32)",17de9e3c375293183b56a08abf4837b43083f3c56c5a34c3c8511962a45fd56a
results/2026.09.17-00.09_tilelang_easy-shape_seed=42/failed/layout_inference/failed_calls_main(f1)__f0()__f1(f0)_cdf6b1f49812ac36.json,cdf6b1f49812ac36,tilelang,layout_inference,布局编译失败候选，待缩减,no available layout；代表2ffa308929b8d63e冷缓存复现且无transpose；其他记录仍需排查布局约束/支持范围,4,float32,"(1024, 256, 256)","(16, 64, 32)",a1bd141c5e25b01e15da32b163f29d0a1b64f6536a9c8d1bd6515da42bf3d430
results/2026.09.17-00.09_tilelang_easy-shape_seed=42/failed/layout_inference/failed_calls_main(f1)__f0()__f1(f0)_dd7e54db46285f00.json,dd7e54db46285f00,tilelang,layout_inference,布局编译失败候选，待缩减,no available layout；代表2ffa308929b8d63e冷缓存复现且无transpose；其他记录仍需排查布局约束/支持范围,4,float32,"(1024, 128, 64)","(16, 32, 128)",2e0c5c1114ad7c733a890f3fc692150bb5b8240360456611c66224e66085511e
results/2026.09.17-00.09_tilelang_easy-shape_seed=42/failed/layout_inference/failed_calls_main(f1)__f0()__f1(f0+f0)_4f429cd2e7238995.json,4f429cd2e7238995,tilelang,layout_inference,布局编译失败候选，待缩减,no available layout；代表2ffa308929b8d63e冷缓存复现且无transpose；其他记录仍需排查布局约束/支持范围,4,float16,"(64, 4, 256)","(64, 32, 16)",a4372b2d6b319c764656972700880647ae945be6c7cde2aec81d63688358bed0
results/2026.09.17-00.09_tilelang_easy-shape_seed=42/failed/layout_inference/failed_calls_main(f1)__f0()__f1(f0+f0)_620a5f37fd209883.json,620a5f37fd209883,tilelang,layout_inference,布局编译失败候选，待缩减,no available layout；代表2ffa308929b8d63e冷缓存复现且无transpose；其他记录仍需排查布局约束/支持范围,4,float32,"(64, 16384, 64)","(64, 64, 8)",b7e67992c68a6f303531a7eb14407b7b906ec12893ad4ec845c8b7ede0636843
results/2026.09.17-00.09_tilelang_easy-shape_seed=42/failed/layout_inference/failed_calls_main(f1)__f0()__f1(f0+f0)_a4f6f0b5553aa2bd.json,a4f6f0b5553aa2bd,tilelang,layout_inference,布局编译失败候选，待缩减,no available layout；代表2ffa308929b8d63e冷缓存复现且无transpose；其他记录仍需排查布局约束/支持范围,4,float32,"(8, 4, 32)","(64, 16, 8)",48f13390c80704cbfdfe75d6be19c3113b851a3d4eb9f4b9cf3b6cfb79477917
results/2026.09.17-00.09_tilelang_easy-shape_seed=42/failed/layout_inference/failed_calls_main(f1)__f0()__f1(f0+f0)_d388aadc60798215.json,d388aadc60798215,tilelang,layout_inference,布局编译失败候选，待缩减,no available layout；代表2ffa308929b8d63e冷缓存复现且无transpose；其他记录仍需排查布局约束/支持范围,4,float16,"(1024, 1024, 128)","(128, 128, 32)",ad99dfec5c8704505f2d14c053afb42f40b5822ecddb38951af1cc579bc2378c
results/2026.09.17-00.09_tilelang_easy-shape_seed=42/failed/layout_inference/failed_calls_main(f1)__f0()__f1(f0+f0)_f3dda54d474a7897.json,f3dda54d474a7897,tilelang,layout_inference,布局编译失败候选，待缩减,no available layout；代表2ffa308929b8d63e冷缓存复现且无transpose；其他记录仍需排查布局约束/支持范围,4,float16,"(64, 512, 1)","(64, 64, 32)",7bdc80a696ed7cc004390e281cadfa21761facfabe5a22643bb90c2a416524d1
results/2026.09.17-00.09_tilelang_easy-shape_seed=42/failed/layout_inference/failed_calls_main(f1+f1)__f0()__f1(f0)_5793c5a025a0f912.json,5793c5a025a0f912,tilelang,layout_inference,布局编译失败候选，待缩减,no available layout；代表2ffa308929b8d63e冷缓存复现且无transpose；其他记录仍需排查布局约束/支持范围,4,float16,"(8, 4, 1)","(256, 128, 8)",e3d04d06ea7562a58870f4a91c8041ccd93388674877564cace72251cca3457f
results/2026.09.17-00.09_tilelang_easy-shape_seed=42/failed/layout_inference/failed_calls_main(f1+f1)__f0()__f1(f0)_f7b5538d4200444f.json,f7b5538d4200444f,tilelang,layout_inference,布局编译失败候选，待缩减,no available layout；代表2ffa308929b8d63e冷缓存复现且无transpose；其他记录仍需排查布局约束/支持范围,4,float32,"(1024, 32, 16)","(32, 16, 32)",6fcfc28b48ee43349a83e0a3af6d54223661fbadaa47bce4aa2c696f3a871d83
results/2026.09.17-00.09_tilelang_easy-shape_seed=42/failed/nondeterminism/failed_calls_main(f1)__f0()__f1(f0)_28f7a4c7a8eda0b4.json,28f7a4c7a8eda0b4,tilelang,nondeterminism,已复现目标编译器bug,重复执行从有限正确值变成Inf；block_K=32；shared转置前后加显式同步后2输入x2调度x20重复全部通过,4,float16,"(32, 8192, 2)","(32, 32, 32)",2b8a349c889d3a5185ddf5f1700bcfb9685e0f7750f24654e2675cddccbb6131
results/2026.09.17-00.09_tilelang_easy-shape_seed=42/failed/schedule_mismatch/failed_calls_main(f0)__f0()_f6cf3414eb4ad75a.json,f6cf3414eb4ad75a,tilelang,schedule_mismatch,K=8已知错误机制候选,与已确认K=8布局/列重复机制同配置；不能因block_K=8判非法，也不能未经缩减把全部219条算独立bug,4,float16,"(16, 256, 8192)","(32, 32, 8)",c7411a2178f545c27eae390ebe7672d0096c479b151e9829f06c4f135aa18780
results/2026.09.17-00.09_tilelang_easy-shape_seed=42/failed/schedule_mismatch/failed_calls_main(f0+f0)__f0()_58a4655bc50f2304.json,58a4655bc50f2304,tilelang,schedule_mismatch,K=8已知错误机制候选,与已确认K=8布局/列重复机制同配置；不能因block_K=8判非法，也不能未经缩减把全部219条算独立bug,4,float16,"(128, 4096, 2)","(32, 32, 8)",7cb8a4d12cef2a6d0e5fed2cb581d056c775f6842a4355df3dae081d504505d9
results/2026.09.17-00.09_tilelang_easy-shape_seed=42/failed/schedule_mismatch/failed_calls_main(f0+f0+f0)__f0()_5588902cae284167.json,5588902cae284167,tilelang,schedule_mismatch,数值容差候选，待确认,非GEMM的两个copy调度差异，绝对误差0.0068359375或0.25；需相对尺度/ULP验证,4,float32,"(16384, 128, 16384)","(256, 64, 16)",1e8b9ca641913cb8c666f2406e78657febda5bae1a2bd20f48cbd055f979c2ad
results/2026.09.17-00.09_tilelang_easy-shape_seed=42/failed/schedule_mismatch/failed_calls_main(f0+f1)__f0()__f1(f0)_5a46edabe5cbd0e6.json,5a46edabe5cbd0e6,tilelang,schedule_mismatch,K=8已知错误机制候选,与已确认K=8布局/列重复机制同配置；不能因block_K=8判非法，也不能未经缩减把全部219条算独立bug,4,float16,"(1, 256, 256)","(16, 64, 8)",e6fd10c6d6ff3379ecd7603ebca497dbf3dfb711c21132e55c2fa85a744bc105
results/2026.09.17-00.09_tilelang_easy-shape_seed=42/failed/schedule_mismatch/failed_calls_main(f1)__f0()__f1(f0)_dcdbd0bb6870fe64.json,dcdbd0bb6870fe64,tilelang,schedule_mismatch,K=8已知错误机制候选,与已确认K=8布局/列重复机制同配置；不能因block_K=8判非法，也不能未经缩减把全部219条算独立bug,4,float16,"(256, 2048, 2048)","(32, 32, 8)",dc5bfdb49475fdb5a999c87457adc120df66132d152dec9d8e3be2f72b547a46
results/2026.09.17-00.09_tilelang_easy-shape_seed=42/failed/schedule_mismatch/failed_calls_main(f1+f1)__f0()__f1(f0)_b5c2b8bb73c6097d.json,b5c2b8bb73c6097d,tilelang,schedule_mismatch,已复现目标编译器bug,schedule0精确匹配参考，schedule1第8行起错误；独立K=8整数GEMM复现列重复，源码明确支持m16n8k8,4,float16,"(16, 4, 128)","(32, 32, 8)",d90070721fc7816ceaa78f7ccd6a411da1ad98220b4511aa8b4d692aedf4a588
results/2026.09.17-00.09_tilelang_easy-shape_seed=42/failed/shared_memory_overflow/failed_calls_main(f0)__f0()_061936c26c52ba39.json,061936c26c52ba39,tilelang,shared_memory_overflow,非有效目标编译器bug,请求动态shared memory超过sm_89每block 99328字节限制；生成/资源预算不足,4,float16,"(64, 4096, 2048)","(256, 256, 32)",9cccec8a52bf70b748d5093974281fb958496cb0c89c007581e7d1cdc43659a7
results/2026.09.17-00.09_tilelang_easy-shape_seed=42/failed/shared_memory_overflow/failed_calls_main(f0)__f0()_07f22bc207280b64.json,07f22bc207280b64,tilelang,shared_memory_overflow,非有效目标编译器bug,请求动态shared memory超过sm_89每block 99328字节限制；生成/资源预算不足,4,float16,"(4096, 256, 8192)","(256, 256, 8)",2a6a207d2b309438b91e804747fa6045441e2c0f996fdfb5ec8cf8d86f700eac
results/2026.09.17-00.09_tilelang_easy-shape_seed=42/failed/shared_memory_overflow/failed_calls_main(f0)__f0()_088e736f5075e1b9.json,088e736f5075e1b9,tilelang,shared_memory_overflow,非有效目标编译器bug,请求动态shared memory超过sm_89每block 99328字节限制；生成/资源预算不足,4,float32,"(1, 2048, 4)","(256, 256, 16)",617144b1dd97310ca7e4f0877890f19c8abffcaa54eac15921db0b88cb4fcbf5
results/2026.09.17-00.09_tilelang_easy-shape_seed=42/failed/shared_memory_overflow/failed_calls_main(f0)__f0()_12262b7fca8642b6.json,12262b7fca8642b6,tilelang,shared_memory_overflow,非有效目标编译器bug,请求动态shared memory超过sm_89每block 99328字节限制；生成/资源预算不足,4,float32,"(32, 4, 128)","(256, 256, 16)",4deb077fe20642cb00de6bf8d9d3980b2f0d4d11028d0376d385aaa444ce7979
results/2026.09.17-00.09_tilelang_easy-shape_seed=42/failed/shared_memory_overflow/failed_calls_main(f0)__f0()_28817551fecc1dd2.json,28817551fecc1dd2,tilelang,shared_memory_overflow,非有效目标编译器bug,请求动态shared memory超过sm_89每block 99328字节限制；生成/资源预算不足,4,float16,"(16, 1024, 2048)","(256, 256, 16)",c0a4aadb2ddb0f31201f06821366b145eca4038b2b003253328d0c5f85a57256
results/2026.09.17-00.09_tilelang_easy-shape_seed=42/failed/shared_memory_overflow/failed_calls_main(f0)__f0()_2b201b4a200db3ac.json,2b201b4a200db3ac,tilelang,shared_memory_overflow,非有效目标编译器bug,请求动态shared memory超过sm_89每block 99328字节限制；生成/资源预算不足,4,float16,"(32, 16384, 8)","(256, 256, 8)",8be56f24f0b4ae32ada3ec984f9cf9098c6b9a43f1c496506eb5a1b4ad537f82
results/2026.09.17-00.09_tilelang_easy-shape_seed=42/failed/shared_memory_overflow/failed_calls_main(f0)__f0()_363988ccfffdc0d1.json,363988ccfffdc0d1,tilelang,shared_memory_overflow,非有效目标编译器bug,请求动态shared memory超过sm_89每block 99328字节限制；生成/资源预算不足,4,float32,"(4, 1, 1024)","(256, 256, 8)",5c01dba83498bc2f15090f318d15e1330369df7428f660c4c21f16ff5c977f57
results/2026.09.17-00.09_tilelang_easy-shape_seed=42/failed/shared_memory_overflow/failed_calls_main(f0)__f0()_3c886b82641d3233.json,3c886b82641d3233,tilelang,shared_memory_overflow,非有效目标编译器bug,请求动态shared memory超过sm_89每block 99328字节限制；生成/资源预算不足,4,float32,"(16, 8, 16)","(256, 256, 16)",839338227c5c9c9d3cedfaac494434a55c1e1524423e288afee6965462320e05
results/2026.09.17-00.09_tilelang_easy-shape_seed=42/failed/shared_memory_overflow/failed_calls_main(f0)__f0()_3ebda3fdd4586ec9.json,3ebda3fdd4586ec9,tilelang,shared_memory_overflow,非有效目标编译器bug,请求动态shared memory超过sm_89每block 99328字节限制；生成/资源预算不足,4,float32,"(64, 16, 8)","(256, 256, 16)",4520c966fe7074859259f40b39dda192063807c6ed5ff48e6ea0f1bcf38f0042
results/2026.09.17-00.09_tilelang_easy-shape_seed=42/failed/shared_memory_overflow/failed_calls_main(f0)__f0()_416877dd14752253.json,416877dd14752253,tilelang,shared_memory_overflow,非有效目标编译器bug,请求动态shared memory超过sm_89每block 99328字节限制；生成/资源预算不足,4,float16,"(4096, 2048, 4096)","(256, 256, 16)",ad5926c0781b3540b54fe2db2d7f9573c7d2f76edcade598c66204a388ba9891
results/2026.09.17-00.09_tilelang_easy-shape_seed=42/failed/shared_memory_overflow/failed_calls_main(f0)__f0()_6881c0e35b394de0.json,6881c0e35b394de0,tilelang,shared_memory_overflow,非有效目标编译器bug,请求动态shared memory超过sm_89每block 99328字节限制；生成/资源预算不足,4,float16,"(64, 64, 128)","(256, 256, 8)",548ab2f0af7c916a67e669e111412d6dbb122b7f16d05dae3569c2723a06fa46
results/2026.09.17-00.09_tilelang_easy-shape_seed=42/failed/shared_memory_overflow/failed_calls_main(f0)__f0()_7688ab0fc7a4e78f.json,7688ab0fc7a4e78f,tilelang,shared_memory_overflow,非有效目标编译器bug,请求动态shared memory超过sm_89每block 99328字节限制；生成/资源预算不足,4,float32,"(1024, 2048, 2048)","(256, 256, 16)",db58e3063288e93e8208a89c6e7b95af6ff46bae5fb817740fb276ba6df1d589
results/2026.09.17-00.09_tilelang_easy-shape_seed=42/failed/shared_memory_overflow/failed_calls_main(f0)__f0()_864986858b565836.json,864986858b565836,tilelang,shared_memory_overflow,非有效目标编译器bug,请求动态shared memory超过sm_89每block 99328字节限制；生成/资源预算不足,4,float32,"(2, 4096, 128)","(256, 256, 8)",2933b2657f03caceb63806f54f2a462b2f88ebcd9a33f34ae2d968a21e74a6b4
results/2026.09.17-00.09_tilelang_easy-shape_seed=42/failed/shared_memory_overflow/failed_calls_main(f0)__f0()_878ed3f872c39e0a.json,878ed3f872c39e0a,tilelang,shared_memory_overflow,非有效目标编译器bug,请求动态shared memory超过sm_89每block 99328字节限制；生成/资源预算不足,4,float16,"(8, 1024, 32)","(256, 256, 8)",5420790dee4866f7988edc057df77a2e1e183e50d9f70b65f01c17a444972e00
results/2026.09.17-00.09_tilelang_easy-shape_seed=42/failed/shared_memory_overflow/failed_calls_main(f0)__f0()_8bb4c75008522e5e.json,8bb4c75008522e5e,tilelang,shared_memory_overflow,非有效目标编译器bug,请求动态shared memory超过sm_89每block 99328字节限制；生成/资源预算不足,4,float16,"(4096, 512, 4096)","(256, 256, 8)",1651d9de54b83da48f1794632d81f2644eac591f75bbbff42c5d5de4a57e1f2f
results/2026.09.17-00.09_tilelang_easy-shape_seed=42/failed/shared_memory_overflow/failed_calls_main(f0)__f0()_8f1e3d7bf6f29543.json,8f1e3d7bf6f29543,tilelang,shared_memory_overflow,非有效目标编译器bug,请求动态shared memory超过sm_89每block 99328字节限制；生成/资源预算不足,4,float16,"(16, 16, 1024)","(256, 256, 8)",3622a3abcc188f85e872c0e6989e74b2200c91e7f469e4ae149835b792613ebe
results/2026.09.17-00.09_tilelang_easy-shape_seed=42/failed/shared_memory_overflow/failed_calls_main(f0)__f0()_9e932c6bdd0cf863.json,9e932c6bdd0cf863,tilelang,shared_memory_overflow,非有效目标编译器bug,请求动态shared memory超过sm_89每block 99328字节限制；生成/资源预算不足,4,float16,"(512, 4096, 1)","(256, 256, 32)",dc23c21fb0e08cfc4e56a8b2206e6bb0cee25f6eff33eb1b9466fe88c677f3e5
results/2026.09.17-00.09_tilelang_easy-shape_seed=42/failed/shared_memory_overflow/failed_calls_main(f0)__f0()_c3748c58cf09ba5f.json,c3748c58cf09ba5f,tilelang,shared_memory_overflow,非有效目标编译器bug,请求动态shared memory超过sm_89每block 99328字节限制；生成/资源预算不足,4,float32,"(16, 4096, 512)","(256, 256, 16)",03fb7a1022926e32bb574043250de1983dcba160395b3771116b72843d18efb0
results/2026.09.17-00.09_tilelang_easy-shape_seed=42/failed/shared_memory_overflow/failed_calls_main(f0)__f0()_c54a14b8db705fc6.json,c54a14b8db705fc6,tilelang,shared_memory_overflow,非有效目标编译器bug,请求动态shared memory超过sm_89每block 99328字节限制；生成/资源预算不足,4,float32,"(1, 256, 4)","(256, 256, 8)",6aadb567241800d8cd202e9bcb9fb2c6aab0c56c825ef95b57455c57157dc410
results/2026.09.17-00.09_tilelang_easy-shape_seed=42/failed/shared_memory_overflow/failed_calls_main(f0)__f0()_d880aa0a3cc24b15.json,d880aa0a3cc24b15,tilelang,shared_memory_overflow,非有效目标编译器bug,请求动态shared memory超过sm_89每block 99328字节限制；生成/资源预算不足,4,float16,"(128, 8192, 8192)","(256, 256, 32)",a1b1a3e8058ca124270244dc0d7aae40e938c686ad1ce2f5353acf66c6b8fc97
results/2026.09.17-00.09_tilelang_easy-shape_seed=42/failed/shared_memory_overflow/failed_calls_main(f0)__f0()_f7864368e0da90dc.json,f7864368e0da90dc,tilelang,shared_memory_overflow,非有效目标编译器bug,请求动态shared memory超过sm_89每block 99328字节限制；生成/资源预算不足,4,float16,"(2, 8, 64)","(256, 256, 16)",397de0d0eef6fa4a5bc65ea88094818b5a8b91dc8d99d29d1b8fb7086237f4bd
results/2026.09.17-00.09_tilelang_easy-shape_seed=42/failed/shared_memory_overflow/failed_calls_main(f0)__f0()_f96eb2bd3571242f.json,f96eb2bd3571242f,tilelang,shared_memory_overflow,非有效目标编译器bug,请求动态shared memory超过sm_89每block 99328字节限制；生成/资源预算不足,4,float32,"(2, 2, 2048)","(256, 256, 16)",4003c76c4516ee486eca70bf10d9bdb97794bb60a90c72dd8d7308f20da7058a
results/2026.09.17-00.09_tilelang_easy-shape_seed=42/failed/shared_memory_overflow/failed_calls_main(f0)__f0()_f979eaa21517bb21.json,f979eaa21517bb21,tilelang,shared_memory_overflow,非有效目标编译器bug,请求动态shared memory超过sm_89每block 99328字节限制；生成/资源预算不足,4,float32,"(8192, 8, 2048)","(256, 256, 8)",72bd18533d26bc1f4639904ffdf7aec8c544120811560f00e3e4c24b6a78e7ee
results/2026.09.17-00.09_tilelang_easy-shape_seed=42/failed/shared_memory_overflow/failed_calls_main(f0)__f0()_f9e196e4f51530f3.json,f9e196e4f51530f3,tilelang,shared_memory_overflow,非有效目标编译器bug,请求动态shared memory超过sm_89每block 99328字节限制；生成/资源预算不足,4,float16,"(32, 1, 128)","(256, 256, 32)",3414664da4b2aa26cbda23f622d1f03bf2531fec4f876a473f4dedcd1ac3619a
results/2026.09.17-00.09_tilelang_easy-shape_seed=42/failed/shared_memory_overflow/failed_calls_main(f0)__f0()_fdfc8b03c6bc334c.json,fdfc8b03c6bc334c,tilelang,shared_memory_overflow,非有效目标编译器bug,请求动态shared memory超过sm_89每block 99328字节限制；生成/资源预算不足,4,float32,"(4096, 512, 2048)","(256, 256, 8)",dc99533335824fd7fe92aa3c2853fbb3fc197d56701d650733a504caab44edc9
results/2026.09.17-00.09_tilelang_easy-shape_seed=42/failed/shared_memory_overflow/failed_calls_main(f0+f0)__f0()_0adf472c2e028f3f.json,0adf472c2e028f3f,tilelang,shared_memory_overflow,非有效目标编译器bug,请求动态shared memory超过sm_89每block 99328字节限制；生成/资源预算不足,4,float16,"(2048, 16384, 32)","(128, 128, 32)",8ebb1b56cdb408af1859369a66fbfb4ebbf11be7b0084864244cfa2781be56f2
results/2026.09.17-00.09_tilelang_easy-shape_seed=42/failed/shared_memory_overflow/failed_calls_main(f0+f0)__f0()_1611d72a454d9b12.json,1611d72a454d9b12,tilelang,shared_memory_overflow,非有效目标编译器bug,请求动态shared memory超过sm_89每block 99328字节限制；生成/资源预算不足,4,float16,"(512, 2, 2)","(256, 256, 16)",f9728529e666018c741fc031e8eb880b258e581636a3b3331ae375e3e28306d4
results/2026.09.17-00.09_tilelang_easy-shape_seed=42/failed/shared_memory_overflow/failed_calls_main(f0+f0)__f0()_2f22c3f7323e1556.json,2f22c3f7323e1556,tilelang,shared_memory_overflow,非有效目标编译器bug,请求动态shared memory超过sm_89每block 99328字节限制；生成/资源预算不足,4,float32,"(16384, 16, 4096)","(256, 256, 16)",562ad7ab6ec7e0c04d4f78f6aaf794b85133fda09701cb321a9d143110baa5f5
results/2026.09.17-00.09_tilelang_easy-shape_seed=42/failed/shared_memory_overflow/failed_calls_main(f0+f0)__f0()_32f36d31d98366c1.json,32f36d31d98366c1,tilelang,shared_memory_overflow,非有效目标编译器bug,请求动态shared memory超过sm_89每block 99328字节限制；生成/资源预算不足,4,float16,"(2048, 256, 64)","(256, 256, 16)",ac7f558f0421fa41916659b954ee7c3782631fa137323eacde23e5489eb6d70f
results/2026.09.17-00.09_tilelang_easy-shape_seed=42/failed/shared_memory_overflow/failed_calls_main(f0+f0)__f0()_570dece9e44e7192.json,570dece9e44e7192,tilelang,shared_memory_overflow,非有效目标编译器bug,请求动态shared memory超过sm_89每block 99328字节限制；生成/资源预算不足,4,float16,"(1, 256, 4)","(256, 256, 16)",2a96a02ef234eecf1faa253eeb9d92da2b2883245f240b6a2e08563c2bf72011
results/2026.09.17-00.09_tilelang_easy-shape_seed=42/failed/shared_memory_overflow/failed_calls_main(f0+f0)__f0()_67f5d8facad8ba55.json,67f5d8facad8ba55,tilelang,shared_memory_overflow,非有效目标编译器bug,请求动态shared memory超过sm_89每block 99328字节限制；生成/资源预算不足,4,float16,"(2, 4, 1024)","(256, 256, 8)",b5d6bc5d555abb67d73615b2b94850a39228402f6fdf5abfcf6559ec64752290
results/2026.09.17-00.09_tilelang_easy-shape_seed=42/failed/shared_memory_overflow/failed_calls_main(f0+f0)__f0()_7ea0296895d03431.json,7ea0296895d03431,tilelang,shared_memory_overflow,非有效目标编译器bug,请求动态shared memory超过sm_89每block 99328字节限制；生成/资源预算不足,4,float16,"(4096, 128, 128)","(256, 256, 32)",7b9aa3bce16ad328b82bf4193cbfc624e13e4343780410aad96f3a86aaa9b86e
results/2026.09.17-00.09_tilelang_easy-shape_seed=42/failed/shared_memory_overflow/failed_calls_main(f0+f0)__f0()_ce68148f58b5cfcc.json,ce68148f58b5cfcc,tilelang,shared_memory_overflow,非有效目标编译器bug,请求动态shared memory超过sm_89每block 99328字节限制；生成/资源预算不足,4,float32,"(2048, 2048, 256)","(256, 256, 8)",c42538d00fd9a90798dde738b64f7beeaaff7697171ae81f0a8957349b5700db
results/2026.09.17-00.09_tilelang_easy-shape_seed=42/failed/shared_memory_overflow/failed_calls_main(f0+f0)__f0()_d775731b49e4310a.json,d775731b49e4310a,tilelang,shared_memory_overflow,非有效目标编译器bug,请求动态shared memory超过sm_89每block 99328字节限制；生成/资源预算不足,4,float32,"(2048, 2048, 4096)","(256, 256, 8)",44854f49fe3cf17469b8b6d11c3ad430d88703e7d059a8830995f508afb2d690
results/2026.09.17-00.09_tilelang_easy-shape_seed=42/failed/shared_memory_overflow/failed_calls_main(f0+f0)__f0()_e53998dbb9965e74.json,e53998dbb9965e74,tilelang,shared_memory_overflow,非有效目标编译器bug,请求动态shared memory超过sm_89每block 99328字节限制；生成/资源预算不足,4,float16,"(64, 2, 1)","(256, 256, 8)",8894700aeb377944b6b678fd0e0bfe9d54715b5406b37c46a6d2ed91aa2a1626
results/2026.09.17-00.09_tilelang_easy-shape_seed=42/failed/shared_memory_overflow/failed_calls_main(f0+f0)__f0()_f46910ec69168128.json,f46910ec69168128,tilelang,shared_memory_overflow,非有效目标编译器bug,请求动态shared memory超过sm_89每block 99328字节限制；生成/资源预算不足,4,float32,"(1024, 16384, 4)","(256, 256, 16)",8631497344cf1bdfeae2d6a201f6dc0101447303505ca2547a8edb6c95e4a8d6
results/2026.09.17-00.09_tilelang_easy-shape_seed=42/failed/shared_memory_overflow/failed_calls_main(f0+f0+f0)__f0()_06dd94c3abec84d1.json,06dd94c3abec84d1,tilelang,shared_memory_overflow,非有效目标编译器bug,请求动态shared memory超过sm_89每block 99328字节限制；生成/资源预算不足,4,float32,"(4, 64, 4096)","(256, 256, 16)",57c967b8a68382db8a04eb96e62bc2a6b6a11421452195d2e7b434bf5e18b9c1
results/2026.09.17-00.09_tilelang_easy-shape_seed=42/failed/shared_memory_overflow/failed_calls_main(f0+f0+f0)__f0()_54ec203bc83885c7.json,54ec203bc83885c7,tilelang,shared_memory_overflow,非有效目标编译器bug,请求动态shared memory超过sm_89每block 99328字节限制；生成/资源预算不足,4,float32,"(64, 8192, 4)","(256, 256, 16)",110624121e0d34b5df962bf279c213d1a3c217d87db8112115d5c3647e237d42
results/2026.09.17-00.09_tilelang_easy-shape_seed=42/failed/shared_memory_overflow/failed_calls_main(f0+f0+f1)__f0()__f1(f0)_279ab93875361c3a.json,279ab93875361c3a,tilelang,shared_memory_overflow,非有效目标编译器bug,请求动态shared memory超过sm_89每block 99328字节限制；生成/资源预算不足,4,float16,"(1024, 2, 1024)","(256, 256, 16)",f671c5e1c6b42583adef6cf99edaf5c04c48d6499f1cb370f14937d2b2b2ddff
results/2026.09.17-00.09_tilelang_easy-shape_seed=42/failed/shared_memory_overflow/failed_calls_main(f0+f1)__f0()__f1(f0)_348988a3c30f2ef8.json,348988a3c30f2ef8,tilelang,shared_memory_overflow,非有效目标编译器bug,请求动态shared memory超过sm_89每block 99328字节限制；生成/资源预算不足,4,float16,"(512, 1, 128)","(256, 256, 16)",3d96db0af35a96e606b5fcef193f0c3eb21998504bcb56f843824cae73172c2e
results/2026.09.17-00.09_tilelang_easy-shape_seed=42/failed/shared_memory_overflow/failed_calls_main(f0+f1)__f0()__f1(f0)_8893b1ada9b64c9d.json,8893b1ada9b64c9d,tilelang,shared_memory_overflow,非有效目标编译器bug,请求动态shared memory超过sm_89每block 99328字节限制；生成/资源预算不足,4,float32,"(256, 256, 256)","(256, 256, 16)",8ac5c57aa361a12d8061f01cbfb945222889b42e74a744e5c23f2d4ca9402210
results/2026.09.17-00.09_tilelang_easy-shape_seed=42/failed/shared_memory_overflow/failed_calls_main(f1)__f0()__f1(f0)_04ff6cda7c0c1acf.json,04ff6cda7c0c1acf,tilelang,shared_memory_overflow,非有效目标编译器bug,请求动态shared memory超过sm_89每block 99328字节限制；生成/资源预算不足,4,float16,"(64, 64, 1024)","(256, 256, 16)",13590873b2d49d8810f1319541211215aa6403c0048e90d92bb7e732d4b78e4f
results/2026.09.17-00.09_tilelang_easy-shape_seed=42/failed/shared_memory_overflow/failed_calls_main(f1)__f0()__f1(f0)_06ef48cb66f4e3d6.json,06ef48cb66f4e3d6,tilelang,shared_memory_overflow,非有效目标编译器bug,请求动态shared memory超过sm_89每block 99328字节限制；生成/资源预算不足,4,float32,"(2048, 128, 16384)","(256, 256, 8)",8e7654128be5defa83375f8f7aff4ffb79afee00d1251fcfdbb5f3b9fca3db09
results/2026.09.17-00.09_tilelang_easy-shape_seed=42/failed/shared_memory_overflow/failed_calls_main(f1)__f0()__f1(f0)_1119035824a1cfc5.json,1119035824a1cfc5,tilelang,shared_memory_overflow,非有效目标编译器bug,请求动态shared memory超过sm_89每block 99328字节限制；生成/资源预算不足,4,float32,"(16384, 32, 512)","(256, 256, 16)",b74b069a10276481015ac6c20b8a571794f147b821e7f47a8d374f569924abc3
results/2026.09.17-00.09_tilelang_easy-shape_seed=42/failed/shared_memory_overflow/failed_calls_main(f1)__f0()__f1(f0)_28420e0a79af9b33.json,28420e0a79af9b33,tilelang,shared_memory_overflow,非有效目标编译器bug,请求动态shared memory超过sm_89每block 99328字节限制；生成/资源预算不足,4,float16,"(2, 16, 2)","(256, 256, 16)",6990af515819d5f6894e1310dc75e09991707bc4cbd47ebfd656f1733d18ca26
results/2026.09.17-00.09_tilelang_easy-shape_seed=42/failed/shared_memory_overflow/failed_calls_main(f1)__f0()__f1(f0)_361398e31fb07b19.json,361398e31fb07b19,tilelang,shared_memory_overflow,非有效目标编译器bug,请求动态shared memory超过sm_89每block 99328字节限制；生成/资源预算不足,4,float16,"(2048, 2048, 2048)","(256, 256, 32)",81d48c406036368306400415beb48e2bea591b547e8adea849124ab705436cdc
results/2026.09.17-00.09_tilelang_easy-shape_seed=42/failed/shared_memory_overflow/failed_calls_main(f1)__f0()__f1(f0)_477f68b00dba55be.json,477f68b00dba55be,tilelang,shared_memory_overflow,非有效目标编译器bug,请求动态shared memory超过sm_89每block 99328字节限制；生成/资源预算不足,4,float32,"(256, 4, 512)","(256, 256, 8)",fa80558f388d0d5d6b8cece89e9f28af6e28975331483c7223bb5637a7cd18b7
results/2026.09.17-00.09_tilelang_easy-shape_seed=42/failed/shared_memory_overflow/failed_calls_main(f1)__f0()__f1(f0)_5c436e2eb125f0d3.json,5c436e2eb125f0d3,tilelang,shared_memory_overflow,非有效目标编译器bug,请求动态shared memory超过sm_89每block 99328字节限制；生成/资源预算不足,4,float16,"(16384, 1, 8)","(256, 256, 32)",086f2cf7cde498a446191f3a9c2383c57ed920af005709af4ff8a86e9da60009
results/2026.09.17-00.09_tilelang_easy-shape_seed=42/failed/shared_memory_overflow/failed_calls_main(f1)__f0()__f1(f0)_62cadc6f986f9a32.json,62cadc6f986f9a32,tilelang,shared_memory_overflow,非有效目标编译器bug,请求动态shared memory超过sm_89每block 99328字节限制；生成/资源预算不足,4,float16,"(64, 4, 32)","(256, 256, 32)",30d2907397f8391d7d9a5aae8f45822cefd961dac3539ccfe8c9f83cfb2f7ca4
results/2026.09.17-00.09_tilelang_easy-shape_seed=42/failed/shared_memory_overflow/failed_calls_main(f1)__f0()__f1(f0)_87cb3da1250ceeec.json,87cb3da1250ceeec,tilelang,shared_memory_overflow,非有效目标编译器bug,请求动态shared memory超过sm_89每block 99328字节限制；生成/资源预算不足,4,float32,"(1024, 1024, 256)","(256, 256, 16)",c411e8ee5ff275659fef2cb0afa78954975bfab94cb2cea7e4e0f3d38a8f100d
results/2026.09.17-00.09_tilelang_easy-shape_seed=42/failed/shared_memory_overflow/failed_calls_main(f1)__f0()__f1(f0)_97a0a7769b027eac.json,97a0a7769b027eac,tilelang,shared_memory_overflow,非有效目标编译器bug,请求动态shared memory超过sm_89每block 99328字节限制；生成/资源预算不足,4,float32,"(8, 8192, 8)","(256, 256, 16)",67f806bc4951fac84f727783d813d4373ef7d010b9fb6be61aa2aa97dd4039f1
results/2026.09.17-00.09_tilelang_easy-shape_seed=42/failed/shared_memory_overflow/failed_calls_main(f1)__f0()__f1(f0)_a3b464538c1ad3c0.json,a3b464538c1ad3c0,tilelang,shared_memory_overflow,非有效目标编译器bug,请求动态shared memory超过sm_89每block 99328字节限制；生成/资源预算不足,4,float32,"(4096, 1, 8)","(256, 256, 8)",29491291025cfec358fd78954b67f9c8c8e0de95deeb0986e33c3740b939bbdd
results/2026.09.17-00.09_tilelang_easy-shape_seed=42/failed/shared_memory_overflow/failed_calls_main(f1)__f0()__f1(f0)_b7549271c32303f6.json,b7549271c32303f6,tilelang,shared_memory_overflow,非有效目标编译器bug,请求动态shared memory超过sm_89每block 99328字节限制；生成/资源预算不足,4,float16,"(64, 2048, 64)","(256, 256, 32)",065e37a8749359533dd1baf7fe66232c96628e06ce1ad2b5196d7376021fe5b3
results/2026.09.17-00.09_tilelang_easy-shape_seed=42/failed/shared_memory_overflow/failed_calls_main(f1)__f0()__f1(f0)_b80ab121b770af21.json,b80ab121b770af21,tilelang,shared_memory_overflow,非有效目标编译器bug,请求动态shared memory超过sm_89每block 99328字节限制；生成/资源预算不足,4,float32,"(8192, 16384, 4096)","(256, 256, 8)",f089fc275d7ddd88649a2aa458b06ed95f0c5ab349d11810466c6a4d9284be81
results/2026.09.17-00.09_tilelang_easy-shape_seed=42/failed/shared_memory_overflow/failed_calls_main(f1)__f0()__f1(f0)_b99986752b0b875a.json,b99986752b0b875a,tilelang,shared_memory_overflow,非有效目标编译器bug,请求动态shared memory超过sm_89每block 99328字节限制；生成/资源预算不足,4,float16,"(256, 256, 256)","(256, 256, 32)",023c6a9e4aa92b61355fff3da0d8e003f61f5a8cf2750e1c93309c38563df315
results/2026.09.17-00.09_tilelang_easy-shape_seed=42/failed/shared_memory_overflow/failed_calls_main(f1)__f0()__f1(f0)_bf39f959d91be963.json,bf39f959d91be963,tilelang,shared_memory_overflow,非有效目标编译器bug,请求动态shared memory超过sm_89每block 99328字节限制；生成/资源预算不足,4,float16,"(1, 8192, 16384)","(256, 256, 16)",123c11e8f2a451b4ed0de65c00670d3d28782373a5d9c2430dbeeaa6b2cf13a6
results/2026.09.17-00.09_tilelang_easy-shape_seed=42/failed/shared_memory_overflow/failed_calls_main(f1)__f0()__f1(f0)_c0c1e276aacc6496.json,c0c1e276aacc6496,tilelang,shared_memory_overflow,非有效目标编译器bug,请求动态shared memory超过sm_89每block 99328字节限制；生成/资源预算不足,4,float32,"(1024, 1024, 2)","(256, 256, 8)",3ee754404770f0d04600860415acdca9f24f31139fb1352bbec588c663046d49
results/2026.09.17-00.09_tilelang_easy-shape_seed=42/failed/shared_memory_overflow/failed_calls_main(f1)__f0()__f1(f0)_c1458d7c570ac35f.json,c1458d7c570ac35f,tilelang,shared_memory_overflow,非有效目标编译器bug,请求动态shared memory超过sm_89每block 99328字节限制；生成/资源预算不足,4,float32,"(64, 16384, 32)","(256, 256, 8)",1b5a42bd2f74f37dcb496e5f40758e4be0214d24e7d6bdee14390085ae37cc4e
results/2026.09.17-00.09_tilelang_easy-shape_seed=42/failed/shared_memory_overflow/failed_calls_main(f1)__f0()__f1(f0)_c18e568601b07c7c.json,c18e568601b07c7c,tilelang,shared_memory_overflow,非有效目标编译器bug,请求动态shared memory超过sm_89每block 99328字节限制；生成/资源预算不足,4,float16,"(256, 1024, 2)","(256, 256, 8)",a6f75ea20a2072a046a6ae374c288ea2e904e071ebcd42e35189c26f0e2e8520
results/2026.09.17-00.09_tilelang_easy-shape_seed=42/failed/shared_memory_overflow/failed_calls_main(f1)__f0()__f1(f0)_c9ab322cd5aec78b.json,c9ab322cd5aec78b,tilelang,shared_memory_overflow,非有效目标编译器bug,请求动态shared memory超过sm_89每block 99328字节限制；生成/资源预算不足,4,float16,"(512, 4096, 4)","(256, 256, 8)",a9a9c256a0c0a4fb93562109627ca51ebe4243f23705435891e92f6e11c8629b
results/2026.09.17-00.09_tilelang_easy-shape_seed=42/failed/shared_memory_overflow/failed_calls_main(f1)__f0()__f1(f0)_cf9c50dc2927cfb2.json,cf9c50dc2927cfb2,tilelang,shared_memory_overflow,非有效目标编译器bug,请求动态shared memory超过sm_89每block 99328字节限制；生成/资源预算不足,4,float32,"(16, 4, 4)","(256, 256, 8)",1e6857fd6bdee0046b866b977083b64187591bbe4c7ae727b46e9d6a9e07b1cc
results/2026.09.17-00.09_tilelang_easy-shape_seed=42/failed/shared_memory_overflow/failed_calls_main(f1)__f0()__f1(f0)_df6c37e96ef8e81d.json,df6c37e96ef8e81d,tilelang,shared_memory_overflow,非有效目标编译器bug,请求动态shared memory超过sm_89每block 99328字节限制；生成/资源预算不足,4,float16,"(128, 4096, 128)","(256, 256, 32)",77506f56480f8e6165da7055b2eb0333cdeecd09ee70a687c7db43399a2f90f6
results/2026.09.17-00.09_tilelang_easy-shape_seed=42/failed/shared_memory_overflow/failed_calls_main(f1)__f0()__f1(f0)_ebd12b0056bc4ff5.json,ebd12b0056bc4ff5,tilelang,shared_memory_overflow,非有效目标编译器bug,请求动态shared memory超过sm_89每block 99328字节限制；生成/资源预算不足,4,float16,"(128, 2048, 256)","(256, 256, 16)",1a2aa7056875057cb2b7069ec74d5dd0a5b1568b0be47d56ee310c8d57b4608a
results/2026.09.17-00.09_tilelang_easy-shape_seed=42/failed/shared_memory_overflow/failed_calls_main(f1)__f0()__f1(f0)_ed2357a1494becd0.json,ed2357a1494becd0,tilelang,shared_memory_overflow,非有效目标编译器bug,请求动态shared memory超过sm_89每block 99328字节限制；生成/资源预算不足,4,float16,"(256, 128, 16384)","(256, 256, 8)",f380197b0096aa2116cd5aea52485f4c6133098b327ea3c9aca805e2da5ed3e0
results/2026.09.17-00.09_tilelang_easy-shape_seed=42/failed/shared_memory_overflow/failed_calls_main(f1)__f0()__f1(f0)_edac6c417d11fe26.json,edac6c417d11fe26,tilelang,shared_memory_overflow,非有效目标编译器bug,请求动态shared memory超过sm_89每block 99328字节限制；生成/资源预算不足,4,float16,"(64, 2048, 128)","(256, 256, 16)",5d0ceace1a72c1b7949f25ff2b790a4b7bc3f414d94c771d3fad05ca75062719
results/2026.09.17-00.09_tilelang_easy-shape_seed=42/failed/shared_memory_overflow/failed_calls_main(f1)__f0()__f1(f0)_f8c9a09e7ad52410.json,f8c9a09e7ad52410,tilelang,shared_memory_overflow,非有效目标编译器bug,请求动态shared memory超过sm_89每block 99328字节限制；生成/资源预算不足,4,float16,"(4096, 2048, 32)","(256, 256, 32)",5d23651a01279b3b7b7cd0500118d816ef1daee3cdb010023a2ce5e1d252d2bf
results/2026.09.17-00.09_tilelang_easy-shape_seed=42/failed/shared_memory_overflow/failed_calls_main(f1)__f0()__f1(f0+f0)_09cb46fa5c3b9a33.json,09cb46fa5c3b9a33,tilelang,shared_memory_overflow,非有效目标编译器bug,请求动态shared memory超过sm_89每block 99328字节限制；生成/资源预算不足,4,float16,"(4, 1024, 512)","(256, 256, 32)",4501d5f98ad16177d01e5d38929c9b43e64711cb1c5dc1a0cdf2c8db6f68893a
results/2026.09.17-00.09_tilelang_easy-shape_seed=42/failed/shared_memory_overflow/failed_calls_main(f1)__f0()__f1(f0+f0)_597aff8fd7a95c30.json,597aff8fd7a95c30,tilelang,shared_memory_overflow,非有效目标编译器bug,请求动态shared memory超过sm_89每block 99328字节限制；生成/资源预算不足,4,float16,"(1024, 1024, 512)","(256, 256, 32)",8f57ae1655628084fb3dced88deb18a1bdf90db9b95842d0f696e520356703bb
results/2026.09.17-00.09_tilelang_easy-shape_seed=42/failed/shared_memory_overflow/failed_calls_main(f1)__f0()__f1(f0+f0)_e634aae2f05fb224.json,e634aae2f05fb224,tilelang,shared_memory_overflow,非有效目标编译器bug,请求动态shared memory超过sm_89每block 99328字节限制；生成/资源预算不足,4,float16,"(2, 128, 2)","(256, 256, 32)",45b73e25d0232487bdb21ad300e0830145c5f5b805f9e9a1814a83078e2a52dc
results/2026.09.17-00.09_tilelang_easy-shape_seed=42/failed/shared_memory_overflow/failed_calls_main(f1+f1)__f0()__f1(f0)_3bdf097c1f53772e.json,3bdf097c1f53772e,tilelang,shared_memory_overflow,非有效目标编译器bug,请求动态shared memory超过sm_89每block 99328字节限制；生成/资源预算不足,4,float32,"(64, 8192, 64)","(256, 256, 16)",40946cfe43f5bea14e731b73a87b3a64c7faff501b518f2ef08c63d4ed56c37f
results/2026.09.17-00.09_tilelang_easy-shape_seed=42/failed/shared_memory_overflow/failed_calls_main(f1+f1)__f0()__f1(f0)_48cbdcc9bafcd8a7.json,48cbdcc9bafcd8a7,tilelang,shared_memory_overflow,非有效目标编译器bug,请求动态shared memory超过sm_89每block 99328字节限制；生成/资源预算不足,4,float32,"(2048, 32, 4096)","(256, 256, 16)",87ba8a7dc47a10ea8133c754c095f3e3f725dee2987df27c6863b0beaade092e
results/2026.09.17-00.09_tilelang_easy-shape_seed=42/failed/shared_memory_overflow/failed_calls_main(f1+f1)__f0()__f1(f0)_8251b6c2b55db03e.json,8251b6c2b55db03e,tilelang,shared_memory_overflow,非有效目标编译器bug,请求动态shared memory超过sm_89每block 99328字节限制；生成/资源预算不足,4,float32,"(256, 4096, 2)","(256, 256, 8)",c052b4e96b0b7946914e1bc5e3557af18bde2f853630db5cd140123799087e36
results/2026.09.17-00.09_tilelang_easy-shape_seed=42/failed/shared_memory_overflow/failed_calls_main(f1+f1)__f0()__f1(f0)_90a0e5c856ca1c03.json,90a0e5c856ca1c03,tilelang,shared_memory_overflow,非有效目标编译器bug,请求动态shared memory超过sm_89每block 99328字节限制；生成/资源预算不足,4,float32,"(2, 1024, 8)","(256, 256, 8)",e1b7eaf957af6253d4feb22300cf48d4da885c48e11199f567466cb49f3fd4a2
results/2026.09.17-00.09_tilelang_easy-shape_seed=42/failed/timeout/failed_calls_main(f0)__f0()_0a65e49feacdf5b9.json,0a65e49feacdf5b9,tilelang,timeout,超时证据不足,历史Region日志只有Execution timed out，不能区分编译慢、参考慢、资源压力和kernel hang,4,float32,"(1024, 2, 4096)","(256, 256, 8)",23c97106cfb141895dec43963918db8a8af71fdb874ff969322c35d1bb1f5149
results/2026.09.17-00.09_tilelang_easy-shape_seed=42/failed/timeout/failed_calls_main(f0)__f0()_de624e5e64c23a4a.json,de624e5e64c23a4a,tilelang,timeout,超时证据不足,历史Region日志只有Execution timed out，不能区分编译慢、参考慢、资源压力和kernel hang,4,float16,"(16384, 1024, 256)","(256, 256, 16)",98de10fa326acd806b25cb468c54dddb5a3aff5b8daab991f95df6cc527ba047
results/2026.09.17-00.09_tilelang_easy-shape_seed=42/failed/timeout/failed_calls_main(f0)__f0()_e14cdc79115d895e.json,e14cdc79115d895e,tilelang,timeout,超时证据不足,历史Region日志只有Execution timed out，不能区分编译慢、参考慢、资源压力和kernel hang,4,float16,"(4, 4, 1024)","(256, 256, 16)",ed9f9be6495e6fb5b16105544a4ba0376aa67b7ebc5b60702a51b82617c82c2d
results/2026.09.17-00.09_tilelang_easy-shape_seed=42/failed/timeout/failed_calls_main(f0)__f0()_e41175a5771a072b.json,e41175a5771a072b,tilelang,timeout,超时证据不足,历史Region日志只有Execution timed out，不能区分编译慢、参考慢、资源压力和kernel hang,4,float16,"(1, 1024, 2)","(256, 256, 32)",3efe0b9a6ee6ac02f5fe962c002ccee08ad92ba8dad52b35c36b57a68676915f
results/2026.09.17-00.09_tilelang_easy-shape_seed=42/failed/timeout/failed_calls_main(f0+f0)__f0()_134201ba40ce4612.json,134201ba40ce4612,tilelang,timeout,超时证据不足,历史Region日志只有Execution timed out，不能区分编译慢、参考慢、资源压力和kernel hang,4,float32,"(1024, 8192, 32)","(256, 256, 8)",fdb027863f9aa093edce19c411b766bc1b161384528ee6a57ac24d7823b13437
results/2026.09.17-00.09_tilelang_easy-shape_seed=42/failed/timeout/failed_calls_main(f0+f0)__f0()_7b162f2805f95d56.json,7b162f2805f95d56,tilelang,timeout,超时证据不足,历史Region日志只有Execution timed out，不能区分编译慢、参考慢、资源压力和kernel hang,4,float16,"(4096, 2, 16384)","(256, 64, 16)",c57619cf0fd3f9a47269cd5e80d0462c1a206591dd562591a6657d1942ef3c86
results/2026.09.17-00.09_tilelang_easy-shape_seed=42/failed/timeout/failed_calls_main(f1)__f0()__f1(f0)_c2033b2c11f17f3a.json,c2033b2c11f17f3a,tilelang,timeout,超时证据不足,历史Region日志只有Execution timed out，不能区分编译慢、参考慢、资源压力和kernel hang,4,float32,"(32, 2, 4)","(256, 256, 16)",48829a4035d1056c03ac1a4d20d91984d8a1d234d73f955ef0526741c647f6aa
results/2026.09.17-00.09_tilelang_easy-shape_seed=42/failed/timeout/failed_calls_main(f1+f1)__f0()__f1(f0)_5c8ac5c745426083.json,5c8ac5c745426083,tilelang,timeout,超时证据不足,历史Region日志只有Execution timed out，不能区分编译慢、参考慢、资源压力和kernel hang,4,float32,"(16384, 16384, 2048)","(16, 128, 8)",21cad46561473e239baa999a93db5bcf35ca5cbe4edd5f2493304bbd8bb5db03
results/2026.09.17-00.09_tilelang_easy-shape_seed=42/failed/timeout/failed_calls_main(f1+f1)__f0()__f1(f0)_d4f4837a0767cf7c.json,d4f4837a0767cf7c,tilelang,timeout,超时证据不足,历史Region日志只有Execution timed out，不能区分编译慢、参考慢、资源压力和kernel hang,4,float32,"(2, 8, 1)","(256, 256, 16)",acb3840cc8e4bf3cd77ff139fc0bac7f485d3f60092abe3077ce385e64309d12
results/2026.09.17-00.09_tilelang_easy-shape_seed=42/failed/timeout/failed_calls_main(f1+f1)__f0()__f1(f0+f0)_f8215bc69a434752.json,f8215bc69a434752,tilelang,timeout,超时证据不足,历史Region日志只有Execution timed out，不能区分编译慢、参考慢、资源压力和kernel hang,4,float16,"(64, 128, 32)","(32, 64, 16)",556aaae04736b2d75ed1ac391c102255f32fe290ef3f7dc719d0ac6145c1e669
results/2026.09.17-00.09_tilelang_easy-shape_seed=42/failed/wrong_result/failed_calls_main(f0)__f0()_00583c517b6b6a33.json,00583c517b6b6a33,tilelang,wrong_result,K=8已知错误机制候选,与已确认K=8布局/列重复机制同配置；不能因block_K=8判非法，也不能未经缩减把全部219条算独立bug,4,float16,"(2048, 4096, 256)","(64, 256, 8)",71ea09126a881274ccaadf3aea713bd3007bbdfebb958236a04f248aba80afc8
results/2026.09.17-00.09_tilelang_easy-shape_seed=42/failed/wrong_result/failed_calls_main(f0)__f0()_0356cfe75c49c57b.json,0356cfe75c49c57b,tilelang,wrong_result,K=8已知错误机制候选,与已确认K=8布局/列重复机制同配置；不能因block_K=8判非法，也不能未经缩减把全部219条算独立bug,4,float16,"(2, 4096, 512)","(256, 128, 8)",a8e9ba252c0dfbd0607bb2d131e0ffbb08de9e297494e16f8036913f169f3654
results/2026.09.17-00.09_tilelang_easy-shape_seed=42/failed/wrong_result/failed_calls_main(f0)__f0()_0b1c36cb61e8a709.json,0b1c36cb61e8a709,tilelang,wrong_result,待确认,需要逐条缩减及独立语义验证,4,float32,"(64, 512, 8192)","(64, 64, 64)",e48cfdea16baa456c4f1c13e9a9d681de59de4746e8f8f6b2bf34b4757b0ccec
results/2026.09.17-00.09_tilelang_easy-shape_seed=42/failed/wrong_result/failed_calls_main(f0)__f0()_1236bf7c7b334719.json,1236bf7c7b334719,tilelang,wrong_result,K=8已知错误机制候选,与已确认K=8布局/列重复机制同配置；不能因block_K=8判非法，也不能未经缩减把全部219条算独立bug,4,float16,"(2, 4096, 1024)","(256, 64, 8)",30172a2f5e6f435c74288318ae600976e66caba579e3bdaf01675aeee74e471f
results/2026.09.17-00.09_tilelang_easy-shape_seed=42/failed/wrong_result/failed_calls_main(f0)__f0()_14ec7243489bfe62.json,14ec7243489bfe62,tilelang,wrong_result,K=8已知错误机制候选,与已确认K=8布局/列重复机制同配置；不能因block_K=8判非法，也不能未经缩减把全部219条算独立bug,4,float16,"(8, 16384, 1)","(32, 128, 8)",ac82692ad4983a40434d7fff55e98e70fcf1612a42639c72fa838b9a5e70ec19
results/2026.09.17-00.09_tilelang_easy-shape_seed=42/failed/wrong_result/failed_calls_main(f0)__f0()_28abcba1776736c5.json,28abcba1776736c5,tilelang,wrong_result,待确认,需要逐条缩减及独立语义验证,4,float32,"(4096, 2048, 64)","(64, 64, 32)",1fa500756ff7f19492034fcb71a6ee17a9b6628ab6f5c98075f3de0112ef090a
results/2026.09.17-00.09_tilelang_easy-shape_seed=42/failed/wrong_result/failed_calls_main(f0)__f0()_2ff63c83a1ece223.json,2ff63c83a1ece223,tilelang,wrong_result,待确认,需要逐条缩减及独立语义验证,4,float32,"(16384, 256, 8192)","(64, 64, 32)",fc0c23c5d308e86f7ee192f6e3ef7c7fcca4de8dd449a480020a3d5260e8dc08
results/2026.09.17-00.09_tilelang_easy-shape_seed=42/failed/wrong_result/failed_calls_main(f0)__f0()_35261afe6ca67188.json,35261afe6ca67188,tilelang,wrong_result,K=8已知错误机制候选,与已确认K=8布局/列重复机制同配置；不能因block_K=8判非法，也不能未经缩减把全部219条算独立bug,4,float16,"(4096, 2048, 8)","(64, 32, 8)",6692dd8e7c616fa435d96fa791d8d4ebc4d231023e263b532ff4ffe0d6a7f95f
results/2026.09.17-00.09_tilelang_easy-shape_seed=42/failed/wrong_result/failed_calls_main(f0)__f0()_4bbd53d51338b98f.json,4bbd53d51338b98f,tilelang,wrong_result,K=8已知错误机制候选,与已确认K=8布局/列重复机制同配置；不能因block_K=8判非法，也不能未经缩减把全部219条算独立bug,4,float16,"(256, 16, 8192)","(64, 64, 8)",988dff4264f07617dbefe61e3932b81ce1b0533a284c7ba91bae260b05042847
results/2026.09.17-00.09_tilelang_easy-shape_seed=42/failed/wrong_result/failed_calls_main(f0)__f0()_604e03a6b2b74e7f.json,604e03a6b2b74e7f,tilelang,wrong_result,待确认,需要逐条缩减及独立语义验证,4,float32,"(32, 8, 128)","(32, 32, 128)",2399b7751ff45821d65c5c4a53589a2fefce9b22255f5ca9ce48db39900f10d7
results/2026.09.17-00.09_tilelang_easy-shape_seed=42/failed/wrong_result/failed_calls_main(f0)__f0()_6fb6542a00e500bc.json,6fb6542a00e500bc,tilelang,wrong_result,待确认,需要逐条缩减及独立语义验证,4,float32,"(64, 512, 256)","(256, 32, 16)",8156a3d7a66a7e8335d2dceb3fe982d3758c71bf897275c449259fdc5c0376d8
results/2026.09.17-00.09_tilelang_easy-shape_seed=42/failed/wrong_result/failed_calls_main(f0)__f0()_774421693da1b719.json,774421693da1b719,tilelang,wrong_result,待确认,需要逐条缩减及独立语义验证,4,float32,"(4096, 256, 256)","(32, 32, 32)",8b0a5cc670bb194c0f9456d0e52fb7f14f5c25f5d6fd7dd623a120c9a1545945
results/2026.09.17-00.09_tilelang_easy-shape_seed=42/failed/wrong_result/failed_calls_main(f0)__f0()_88c477559f5a4b96.json,88c477559f5a4b96,tilelang,wrong_result,K=8已知错误机制候选,与已确认K=8布局/列重复机制同配置；不能因block_K=8判非法，也不能未经缩减把全部219条算独立bug,4,float16,"(64, 512, 8192)","(64, 64, 8)",71e19a49375c009518adcdfa811bf5580310ee7d7eb64af5c7275a04032d5894
results/2026.09.17-00.09_tilelang_easy-shape_seed=42/failed/wrong_result/failed_calls_main(f0)__f0()_8ba67bcc44763c97.json,8ba67bcc44763c97,tilelang,wrong_result,待确认,需要逐条缩减及独立语义验证,4,float32,"(32, 128, 512)","(32, 32, 128)",4d5e62730fc4079634b5ea52e85ee0b159d4c18bfeb10e423dd50e18a1a8b65d
results/2026.09.17-00.09_tilelang_easy-shape_seed=42/failed/wrong_result/failed_calls_main(f0)__f0()_8e6a71564e4670c6.json,8e6a71564e4670c6,tilelang,wrong_result,K=8已知错误机制候选,与已确认K=8布局/列重复机制同配置；不能因block_K=8判非法，也不能未经缩减把全部219条算独立bug,4,float16,"(16384, 16384, 128)","(64, 64, 8)",48cf5aa7d918938c865803d6f74d864df4be11633a123b57df8cf093d42a633b
results/2026.09.17-00.09_tilelang_easy-shape_seed=42/failed/wrong_result/failed_calls_main(f0)__f0()_95f0a31cf44bd409.json,95f0a31cf44bd409,tilelang,wrong_result,待确认,需要逐条缩减及独立语义验证,4,float32,"(2, 32, 32)","(32, 256, 8)",a3cb06616e92f3b4b725b7ff1ce35cfb6842c853827ab0e4df2b80f93459ea44
results/2026.09.17-00.09_tilelang_easy-shape_seed=42/failed/wrong_result/failed_calls_main(f0)__f0()_a04efbd1d43a8932.json,a04efbd1d43a8932,tilelang,wrong_result,K=8已知错误机制候选,与已确认K=8布局/列重复机制同配置；不能因block_K=8判非法，也不能未经缩减把全部219条算独立bug,4,float16,"(32, 32, 1024)","(32, 64, 8)",7e4c400e18f94d80b5c2ef42e423e0462336553d412b8af91c132cd4e5db5148
results/2026.09.17-00.09_tilelang_easy-shape_seed=42/failed/wrong_result/failed_calls_main(f0)__f0()_a11d75e61bb0c3eb.json,a11d75e61bb0c3eb,tilelang,wrong_result,K=8已知错误机制候选,与已确认K=8布局/列重复机制同配置；不能因block_K=8判非法，也不能未经缩减把全部219条算独立bug,4,float16,"(16, 16, 4096)","(32, 64, 8)",4ab7531dc9d6b97da653c705dfd92226b296f76da6a7de1392ff4ef2c0e02e81
results/2026.09.17-00.09_tilelang_easy-shape_seed=42/failed/wrong_result/failed_calls_main(f0)__f0()_a959dd6da249d3ad.json,a959dd6da249d3ad,tilelang,wrong_result,待确认,需要逐条缩减及独立语义验证,4,float32,"(256, 4096, 4)","(64, 64, 64)",101cd6f87a80dcef14056d3c7630ba2e9feedbf60694cff3ce7007be190d5c59
results/2026.09.17-00.09_tilelang_easy-shape_seed=42/failed/wrong_result/failed_calls_main(f0)__f0()_af824fd3e99d7dc2.json,af824fd3e99d7dc2,tilelang,wrong_result,K=8已知错误机制候选,与已确认K=8布局/列重复机制同配置；不能因block_K=8判非法，也不能未经缩减把全部219条算独立bug,4,float16,"(1, 16384, 32)","(256, 32, 8)",36dd8ed5e58c8d85f851d3447eb3c4aa851ceb8966ab9ec5a211b7ec99bef53d
results/2026.09.17-00.09_tilelang_easy-shape_seed=42/failed/wrong_result/failed_calls_main(f0)__f0()_b72d7d5e6651f77b.json,b72d7d5e6651f77b,tilelang,wrong_result,待确认,需要逐条缩减及独立语义验证,4,float16,"(16384, 16384, 4096)","(64, 128, 64)",4f77651b7cb1d4f026f602e33c2059086deba5fb463a15b22c6e27d3c664d0c5
results/2026.09.17-00.09_tilelang_easy-shape_seed=42/failed/wrong_result/failed_calls_main(f0)__f0()_b7f897083ada168b.json,b7f897083ada168b,tilelang,wrong_result,待确认,需要逐条缩减及独立语义验证,4,float16,"(4096, 2, 8192)","(128, 128, 64)",6ba9629ce52718db5e6ecf20636bb671886eec171313434ed326df90d1c809ac
results/2026.09.17-00.09_tilelang_easy-shape_seed=42/failed/wrong_result/failed_calls_main(f0)__f0()_c6f65c66acaafb6f.json,c6f65c66acaafb6f,tilelang,wrong_result,非有效目标编译器bug,实际0、参考约4.56e-5，纯归一化误差放大为0.9785，缺少绝对容差,4,float32,"(4, 4, 128)","(32, 32, 32)",e0bfef627c02b17324baea620f3284d944059946b975e498a431abeb4e646f4f
results/2026.09.17-00.09_tilelang_easy-shape_seed=42/failed/wrong_result/failed_calls_main(f0)__f0()_dccba7fce285945b.json,dccba7fce285945b,tilelang,wrong_result,K=8已知错误机制候选,与已确认K=8布局/列重复机制同配置；不能因block_K=8判非法，也不能未经缩减把全部219条算独立bug,4,float16,"(1, 8192, 2)","(128, 32, 8)",0e4a326b6ae0bebdf4c13a0aec64c3ff58b8b3d06d4a40b60c3f96276bbd7d12
results/2026.09.17-00.09_tilelang_easy-shape_seed=42/failed/wrong_result/failed_calls_main(f0)__f0()_e3672973f064258b.json,e3672973f064258b,tilelang,wrong_result,待确认,需要逐条缩减及独立语义验证,4,float32,"(2, 1024, 1)","(256, 256, 8)",8c4531b7f67437adcdb55bca2c797578d1a0020ce2f6852c6a00269272fb8576
results/2026.09.17-00.09_tilelang_easy-shape_seed=42/failed/wrong_result/failed_calls_main(f0)__f0()_e5eadd4f9903296b.json,e5eadd4f9903296b,tilelang,wrong_result,待确认,需要逐条缩减及独立语义验证,4,float32,"(1024, 4096, 4)","(64, 128, 64)",ebd10702e6e4b188ef0991cb76e76acf4ecc0bc1d826a03b1fe828e8295b21eb
results/2026.09.17-00.09_tilelang_easy-shape_seed=42/failed/wrong_result/failed_calls_main(f0)__f0()_e91736d5b9520ce2.json,e91736d5b9520ce2,tilelang,wrong_result,待确认,需要逐条缩减及独立语义验证,4,float32,"(32, 8, 128)","(32, 32, 128)",2c9f41138d6819c39cfcf653a7ff32fdce3a723572099e9d9460464ad9a52901
results/2026.09.17-00.09_tilelang_easy-shape_seed=42/failed/wrong_result/failed_calls_main(f0)__f0()_f0df648bc45bd8af.json,f0df648bc45bd8af,tilelang,wrong_result,待确认,需要逐条缩减及独立语义验证,4,float32,"(64, 16, 16384)","(128, 64, 8)",db4213d478161fe0f290293c26ff0162a5d9640a0ed59dc50fc96c7298c3b309
results/2026.09.17-00.09_tilelang_easy-shape_seed=42/failed/wrong_result/failed_calls_main(f0)__f0()_f9e61ff61c364414.json,f9e61ff61c364414,tilelang,wrong_result,K=8已知错误机制候选,与已确认K=8布局/列重复机制同配置；不能因block_K=8判非法，也不能未经缩减把全部219条算独立bug,4,float16,"(4, 1024, 512)","(16, 256, 8)",d5b0da1e93f07650788d0455ed775e5b9280f128ab3301522cf94b4c6f5a32a8
results/2026.09.17-00.09_tilelang_easy-shape_seed=42/failed/wrong_result/failed_calls_main(f0)__f0()_fa63d344c688f2e1.json,fa63d344c688f2e1,tilelang,wrong_result,待确认,需要逐条缩减及独立语义验证,4,float32,"(16384, 16384, 16384)","(128, 128, 8)",ff69abecba4eaef36148f7469badda02f71a344fe1db7dba18020e54681d629e
results/2026.09.17-00.09_tilelang_easy-shape_seed=42/failed/wrong_result/failed_calls_main(f0)__f0()_faf7ff58251975c6.json,faf7ff58251975c6,tilelang,wrong_result,待确认,需要逐条缩减及独立语义验证,4,float32,"(1, 16384, 4)","(16, 256, 8)",2b6397b8c69f6b7f9192a8e81a4f7712aaadd9b51e006020e618d9955a413a62
results/2026.09.17-00.09_tilelang_easy-shape_seed=42/failed/wrong_result/failed_calls_main(f0+f0)__f0()_1e83407ddfec95b0.json,1e83407ddfec95b0,tilelang,wrong_result,K=8已知错误机制候选,与已确认K=8布局/列重复机制同配置；不能因block_K=8判非法，也不能未经缩减把全部219条算独立bug,4,float16,"(4, 16384, 8)","(128, 128, 8)",0e943ae536d2c8e9b7204f962915b86c3eee5eadf6ef90b278e0fe9eda896149
results/2026.09.17-00.09_tilelang_easy-shape_seed=42/failed/wrong_result/failed_calls_main(f0+f0)__f0()_7f21e853880a1b29.json,7f21e853880a1b29,tilelang,wrong_result,K=8已知错误机制候选,与已确认K=8布局/列重复机制同配置；不能因block_K=8判非法，也不能未经缩减把全部219条算独立bug,4,float16,"(1024, 128, 512)","(32, 32, 8)",1addab3a6a658e2bbb62939f10cf013d7f9cfcf7655142cc9cadc9ec64f32d35
results/2026.09.17-00.09_tilelang_easy-shape_seed=42/failed/wrong_result/failed_calls_main(f0+f0)__f0()_8a15132e5abb74f9.json,8a15132e5abb74f9,tilelang,wrong_result,待确认,需要逐条缩减及独立语义验证,4,float16,"(4096, 128, 4)","(64, 64, 16)",121bc162cf80dfa31931430a9721079a79e02b43616cfe86957df73e81f3cc3b
results/2026.09.17-00.09_tilelang_easy-shape_seed=42/failed/wrong_result/failed_calls_main(f0+f0)__f0()_9a4199655f0c2339.json,9a4199655f0c2339,tilelang,wrong_result,K=8已知错误机制候选,与已确认K=8布局/列重复机制同配置；不能因block_K=8判非法，也不能未经缩减把全部219条算独立bug,4,float16,"(8, 32, 4)","(128, 256, 8)",05a07bb877179adb834117b7a1278d06f0970d859b3c1ec1f323ccd81b210bb8
results/2026.09.17-00.09_tilelang_easy-shape_seed=42/failed/wrong_result/failed_calls_main(f0+f0)__f0()_c15f13c8e7fc6877.json,c15f13c8e7fc6877,tilelang,wrong_result,K=8已知错误机制候选,与已确认K=8布局/列重复机制同配置；不能因block_K=8判非法，也不能未经缩减把全部219条算独立bug,4,float16,"(1, 512, 16384)","(128, 128, 8)",3cb4dd9386ccf8f8d672dc796619a04f8a702860343140696f6b6b5c45c1aadd
results/2026.09.17-00.09_tilelang_easy-shape_seed=42/failed/wrong_result/failed_calls_main(f0+f0)__f0()_d0305aead33e1890.json,d0305aead33e1890,tilelang,wrong_result,待确认,需要逐条缩减及独立语义验证,4,float16,"(128, 16384, 8192)","(64, 64, 8)",6c0aa0b3c773f6f9ed8826cfafdaa09b53a0021f94710878fa44cc0bee2956bd
results/2026.09.17-00.09_tilelang_easy-shape_seed=42/failed/wrong_result/failed_calls_main(f0+f1)__f0()__f1(f0)_0ab6474466b448c6.json,0ab6474466b448c6,tilelang,wrong_result,待确认,需要逐条缩减及独立语义验证,4,float32,"(32, 16, 2048)","(128, 16, 16)",800b9224b81d2f8832f7d64928e0d580a0f5499895fb4f9520619d1ae59212ec
results/2026.09.17-00.09_tilelang_easy-shape_seed=42/failed/wrong_result/failed_calls_main(f0+f1)__f0()__f1(f0)_18418c1dc0e2938f.json,18418c1dc0e2938f,tilelang,wrong_result,K=8已知错误机制候选,与已确认K=8布局/列重复机制同配置；不能因block_K=8判非法，也不能未经缩减把全部219条算独立bug,4,float16,"(8192, 64, 4096)","(16, 128, 8)",e116936062734f5c1e24b141d8e51b9fce47269c3a4dd65f8755fe04e800809c
results/2026.09.17-00.09_tilelang_easy-shape_seed=42/failed/wrong_result/failed_calls_main(f0+f1)__f0()__f1(f0+f0)_23c73f27df39a2ae.json,23c73f27df39a2ae,tilelang,wrong_result,待确认,需要逐条缩减及独立语义验证,4,float16,"(256, 64, 4)","(128, 16, 8)",ec85842ab5a149976c323842116b16ce8ec94cd14f3b9e88da9863d9ee45dc2b
results/2026.09.17-00.09_tilelang_easy-shape_seed=42/failed/wrong_result/failed_calls_main(f0+f1)__f0()__f1(f0+f0)_8407027ddaa21060.json,8407027ddaa21060,tilelang,wrong_result,非有效目标编译器bug,约1.18e6的输出差0.5，固定绝对容差误报；已观测第一调度，第二调度编译超时,4,float32,"(32, 1, 4096)","(16, 256, 8)",372cf408a6e96242a180bcce6347d36aae89084d7791b9fd4e5d1f11cb383d2a
results/2026.09.17-00.09_tilelang_easy-shape_seed=42/failed/wrong_result/failed_calls_main(f1)__f0()__f1(f0)_0b9a733b9b3f88bc.json,0b9a733b9b3f88bc,tilelang,wrong_result,待确认,需要逐条缩减及独立语义验证,4,float32,"(1024, 8192, 1024)","(64, 256, 32)",f75585ee0beb2ef42d9a72a250bdebed8cb1120fcf86dc4aa492e8f8ea2475d6
results/2026.09.17-00.09_tilelang_easy-shape_seed=42/failed/wrong_result/failed_calls_main(f1)__f0()__f1(f0)_2628940f8ddb6830.json,2628940f8ddb6830,tilelang,wrong_result,待确认,需要逐条缩减及独立语义验证,4,float32,"(128, 256, 256)","(32, 16, 64)",5ccd2c3d406d823546a1648b496ec088b25de40ba9f30f854152bbaf3b583bad
results/2026.09.17-00.09_tilelang_easy-shape_seed=42/failed/wrong_result/failed_calls_main(f1)__f0()__f1(f0)_2d3a36d096d3068a.json,2d3a36d096d3068a,tilelang,wrong_result,待确认,需要逐条缩减及独立语义验证,4,float32,"(16, 256, 1024)","(16, 64, 32)",55f5dfa5da8b511de0ab636ddebcc186ad69b0b3ddecd9147ae24c3ffe6f0870
results/2026.09.17-00.09_tilelang_easy-shape_seed=42/failed/wrong_result/failed_calls_main(f1)__f0()__f1(f0)_4b6eb32801c058e6.json,4b6eb32801c058e6,tilelang,wrong_result,待确认,需要逐条缩减及独立语义验证,4,float32,"(2048, 4096, 1024)","(128, 128, 32)",a9ba1a9f777a3a3deac5915dfa32cca621970e4814edc64a616c9c0f029782cf
results/2026.09.17-00.09_tilelang_easy-shape_seed=42/failed/wrong_result/failed_calls_main(f1)__f0()__f1(f0)_5c697c9fbb401b89.json,5c697c9fbb401b89,tilelang,wrong_result,待确认,需要逐条缩减及独立语义验证,4,float32,"(8, 2048, 32)","(128, 128, 16)",89707e71b87adb135e3bd301d2ff59e9a42cff0be67d227c4a1863d9ccb5f09a
results/2026.09.17-00.09_tilelang_easy-shape_seed=42/failed/wrong_result/failed_calls_main(f1)__f0()__f1(f0)_5cc3b68e2e23bd8c.json,5cc3b68e2e23bd8c,tilelang,wrong_result,待确认,需要逐条缩减及独立语义验证,4,float32,"(512, 256, 256)","(128, 256, 32)",fe5ac06e25cf56b2f47db707a95a847b5e4dc4f8e42104856533400d0c363a61
results/2026.09.17-00.09_tilelang_easy-shape_seed=42/failed/wrong_result/failed_calls_main(f1)__f0()__f1(f0)_6e15c8da4b4efd9b.json,6e15c8da4b4efd9b,tilelang,wrong_result,K=8已知错误机制候选,与已确认K=8布局/列重复机制同配置；不能因block_K=8判非法，也不能未经缩减把全部219条算独立bug,4,float16,"(8, 32, 1024)","(64, 64, 8)",473abf8c9177297a53438de80935f673845a637686a1f9b1102a619954f1b1e5
results/2026.09.17-00.09_tilelang_easy-shape_seed=42/failed/wrong_result/failed_calls_main(f1)__f0()__f1(f0)_889bac70f4d66354.json,889bac70f4d66354,tilelang,wrong_result,K=8已知错误机制候选,与已确认K=8布局/列重复机制同配置；不能因block_K=8判非法，也不能未经缩减把全部219条算独立bug,4,float16,"(16384, 16, 8192)","(16, 64, 8)",2304142499424d937c865f7b15a2f2288a1634df68ff92608264bb0482282088
results/2026.09.17-00.09_tilelang_easy-shape_seed=42/failed/wrong_result/failed_calls_main(f1)__f0()__f1(f0)_8a0481d9d6479617.json,8a0481d9d6479617,tilelang,wrong_result,K=8已知错误机制候选,与已确认K=8布局/列重复机制同配置；不能因block_K=8判非法，也不能未经缩减把全部219条算独立bug,4,float16,"(64, 512, 1)","(256, 256, 8)",062a3d15173a4e6a42cecfc375f87d8a8f71d3c5340b405df0f04f1bcffe364c
results/2026.09.17-00.09_tilelang_easy-shape_seed=42/failed/wrong_result/failed_calls_main(f1)__f0()__f1(f0)_9cb0d85271a0c79b.json,9cb0d85271a0c79b,tilelang,wrong_result,待确认,需要逐条缩减及独立语义验证,4,float32,"(1024, 256, 512)","(128, 128, 32)",0c6edbb393c40f8b776038d80b7048faf8b28d8f41fe153e902914857cfcba0d
results/2026.09.17-00.09_tilelang_easy-shape_seed=42/failed/wrong_result/failed_calls_main(f1)__f0()__f1(f0)_a1125104763a6cb9.json,a1125104763a6cb9,tilelang,wrong_result,待确认,需要逐条缩减及独立语义验证,4,float32,"(1024, 8, 1024)","(32, 32, 8)",7a1b0c5a7017fc9443ed3d2b22900ff663cc4272021216421b9be8286420a16c
results/2026.09.17-00.09_tilelang_easy-shape_seed=42/failed/wrong_result/failed_calls_main(f1)__f0()__f1(f0)_a1babdcd01f82a30.json,a1babdcd01f82a30,tilelang,wrong_result,待确认,需要逐条缩减及独立语义验证,4,float32,"(16, 2048, 32)","(64, 64, 64)",f70ef59e6ed9d01f32cc21807a0ce7a554c1314cc192d5eb462ed9db3a81a087
results/2026.09.17-00.09_tilelang_easy-shape_seed=42/failed/wrong_result/failed_calls_main(f1)__f0()__f1(f0)_a334c4c0383c254e.json,a334c4c0383c254e,tilelang,wrong_result,K=8已知错误机制候选,与已确认K=8布局/列重复机制同配置；不能因block_K=8判非法，也不能未经缩减把全部219条算独立bug,4,float16,"(4096, 4096, 64)","(64, 256, 8)",6cea2c3885a488c75a62193432ec0fcbcd777376ae5b0d3a97ebdafd3383f1ab
results/2026.09.17-00.09_tilelang_easy-shape_seed=42/failed/wrong_result/failed_calls_main(f1)__f0()__f1(f0)_a6c549052159cf93.json,a6c549052159cf93,tilelang,wrong_result,K=8已知错误机制候选,与已确认K=8布局/列重复机制同配置；不能因block_K=8判非法，也不能未经缩减把全部219条算独立bug,4,float16,"(512, 1, 64)","(128, 128, 8)",f0f42a94798ce59d035dc90cf03ebd5bd947657a7b694296f6e03f630e0787e8
results/2026.09.17-00.09_tilelang_easy-shape_seed=42/failed/wrong_result/failed_calls_main(f1)__f0()__f1(f0)_a7305a5ee0dd102c.json,a7305a5ee0dd102c,tilelang,wrong_result,待确认,需要逐条缩减及独立语义验证,4,float32,"(64, 32, 128)","(16, 32, 8)",103e7a68ace8107e72a0419d31446edad6f638e6e26cc3f9cde52e6c6f6c4c78
results/2026.09.17-00.09_tilelang_easy-shape_seed=42/failed/wrong_result/failed_calls_main(f1)__f0()__f1(f0)_bdaadfa03705a257.json,bdaadfa03705a257,tilelang,wrong_result,K=8已知错误机制候选,与已确认K=8布局/列重复机制同配置；不能因block_K=8判非法，也不能未经缩减把全部219条算独立bug,4,float16,"(128, 8, 2)","(32, 32, 8)",70fdb3457209437ee486cb35014405a1a65954cdb19b2c521e2b432625ba9063
results/2026.09.17-00.09_tilelang_easy-shape_seed=42/failed/wrong_result/failed_calls_main(f1)__f0()__f1(f0)_c6da62a0db4e4f91.json,c6da62a0db4e4f91,tilelang,wrong_result,K=8已知错误机制候选,与已确认K=8布局/列重复机制同配置；不能因block_K=8判非法，也不能未经缩减把全部219条算独立bug,4,float16,"(256, 16384, 64)","(32, 128, 8)",84724462b69ea850f39d7bb85da7d09d5a1f41b66ca61f584e5f686c3d07c0a1
results/2026.09.17-00.09_tilelang_easy-shape_seed=42/failed/wrong_result/failed_calls_main(f1)__f0()__f1(f0)_c79a0aa31b4b9d44.json,c79a0aa31b4b9d44,tilelang,wrong_result,待确认,需要逐条缩减及独立语义验证,4,float32,"(128, 1, 64)","(64, 16, 128)",2e59115c88af84e9aca1b069d66a9b515ad4527599b7e6b9b161e8f39355eb57
results/2026.09.17-00.09_tilelang_easy-shape_seed=42/failed/wrong_result/failed_calls_main(f1)__f0()__f1(f0)_cfcf033bc528f85e.json,cfcf033bc528f85e,tilelang,wrong_result,待确认,需要逐条缩减及独立语义验证,4,float32,"(2048, 1024, 1)","(32, 256, 32)",b74824331af5f2aeddbe871aaa65552121bd4d6434a79d56b7ec282f86e5b7a4
results/2026.09.17-00.09_tilelang_easy-shape_seed=42/failed/wrong_result/failed_calls_main(f1)__f0()__f1(f0)_d1fd8d5e35b64ae9.json,d1fd8d5e35b64ae9,tilelang,wrong_result,K=8已知错误机制候选,与已确认K=8布局/列重复机制同配置；不能因block_K=8判非法，也不能未经缩减把全部219条算独立bug,4,float16,"(256, 32, 4)","(64, 64, 8)",7a0287dd57b538a822d309ae03212a67d31276791ae342def7b224c9959f50c3
results/2026.09.17-00.09_tilelang_easy-shape_seed=42/failed/wrong_result/failed_calls_main(f1)__f0()__f1(f0)_daacbbe630e7df08.json,daacbbe630e7df08,tilelang,wrong_result,K=8已知错误机制候选,与已确认K=8布局/列重复机制同配置；不能因block_K=8判非法，也不能未经缩减把全部219条算独立bug,4,float16,"(1024, 4096, 4)","(16, 128, 8)",bbc2b071889136a8cf0e6a4e89505764879787b3d59ef44faaefc6ea25540168
results/2026.09.17-00.09_tilelang_easy-shape_seed=42/failed/wrong_result/failed_calls_main(f1)__f0()__f1(f0)_de6f0987738bdc10.json,de6f0987738bdc10,tilelang,wrong_result,待确认,需要逐条缩减及独立语义验证,4,float32,"(128, 128, 16384)","(256, 64, 32)",8378ff946e57ecf59de094fff338ed028e8d7e4067ce65888aa974cb2ae96623
results/2026.09.17-00.09_tilelang_easy-shape_seed=42/failed/wrong_result/failed_calls_main(f1)__f0()__f1(f0)_ec309f969a4a5cdd.json,ec309f969a4a5cdd,tilelang,wrong_result,待确认,需要逐条缩减及独立语义验证,4,float16,"(4096, 4096, 16384)","(128, 128, 32)",f7c97ce284fee02b6867e3d0da63ffd3cecc6545ce153e786db3982a1dce36c0
results/2026.09.17-00.09_tilelang_easy-shape_seed=42/failed/wrong_result/failed_calls_main(f1)__f0()__f1(f0)_f5b61a13526ea195.json,f5b61a13526ea195,tilelang,wrong_result,待确认,需要逐条缩减及独立语义验证,4,float32,"(16384, 128, 1)","(32, 32, 128)",171b1d07423db66412108bcc978332bb95634cb4495b4f5e1aa114a6baf154b2
results/2026.09.17-00.09_tilelang_easy-shape_seed=42/failed/wrong_result/failed_calls_main(f1)__f0()__f1(f0)_ff87de799c85c2ba.json,ff87de799c85c2ba,tilelang,wrong_result,K=8已知错误机制候选,与已确认K=8布局/列重复机制同配置；不能因block_K=8判非法，也不能未经缩减把全部219条算独立bug,4,float16,"(2048, 32, 32)","(128, 128, 8)",03f170d55c2d5fbba50da54e0a3545372d7031c3303a2b332ee4ff6cc434d8a3
results/2026.09.17-00.09_tilelang_easy-shape_seed=42/failed/wrong_result/failed_calls_main(f1)__f0()__f1(f0+f0)_0a75de0b1b655d10.json,0a75de0b1b655d10,tilelang,wrong_result,待确认,需要逐条缩减及独立语义验证,4,float32,"(1024, 16384, 128)","(64, 16, 64)",cf889decf4ce2d584f07b5a171543bf3fdb544e4d914794fa8c2464634a5fa15
results/2026.09.17-00.09_tilelang_easy-shape_seed=42/failed/wrong_result/failed_calls_main(f1)__f0()__f1(f0+f0)_13374888ae27a36b.json,13374888ae27a36b,tilelang,wrong_result,K=8已知错误机制候选,与已确认K=8布局/列重复机制同配置；不能因block_K=8判非法，也不能未经缩减把全部219条算独立bug,4,float16,"(2, 4096, 1)","(64, 64, 8)",ef5e71ed81acc50738b8692137e746d2b977bdf7eb2e1ba10c2b9d0db64108ba
results/2026.09.17-00.09_tilelang_easy-shape_seed=42/failed/wrong_result/failed_calls_main(f1)__f0()__f1(f0+f0)_29d053d5a1ee750d.json,29d053d5a1ee750d,tilelang,wrong_result,K=8已知错误机制候选,与已确认K=8布局/列重复机制同配置；不能因block_K=8判非法，也不能未经缩减把全部219条算独立bug,4,float16,"(16, 512, 32)","(128, 256, 8)",ec6b6d3821d6d03e5771f5dec98b82b5902b9bfa694da2372ac496f0e776b0b1
results/2026.09.17-00.09_tilelang_easy-shape_seed=42/failed/wrong_result/failed_calls_main(f1)__f0()__f1(f0+f0)_3e0449bab7f62662.json,3e0449bab7f62662,tilelang,wrong_result,待确认,需要逐条缩减及独立语义验证,4,float32,"(256, 2048, 512)","(64, 256, 8)",5e44cc364359b802d16faa19811563b961244c7ca7b3e04bdbc689727d2012bf
results/2026.09.17-00.09_tilelang_easy-shape_seed=42/failed/wrong_result/failed_calls_main(f1)__f0()__f1(f0+f0)_4bc722055329b9bb.json,4bc722055329b9bb,tilelang,wrong_result,待确认,需要逐条缩减及独立语义验证,4,float32,"(1024, 256, 2)","(64, 64, 16)",f40bf13cb2abf4eadd4c0a78d6141891781f007ea8438fba3b26527b04d1fe97
results/2026.09.17-00.09_tilelang_easy-shape_seed=42/failed/wrong_result/failed_calls_main(f1)__f0()__f1(f0+f0)_5bb38502020ed66d.json,5bb38502020ed66d,tilelang,wrong_result,K=8已知错误机制候选,与已确认K=8布局/列重复机制同配置；不能因block_K=8判非法，也不能未经缩减把全部219条算独立bug,4,float16,"(256, 1024, 2)","(256, 128, 8)",cd5e054b092625849b11050224d0d850b3799acef02bf6a60d2b86f1e8ed5c20
results/2026.09.17-00.09_tilelang_easy-shape_seed=42/failed/wrong_result/failed_calls_main(f1)__f0()__f1(f0+f0)_7515803f847662ca.json,7515803f847662ca,tilelang,wrong_result,待确认,需要逐条缩减及独立语义验证,4,float32,"(4096, 1, 128)","(64, 16, 8)",7197a49fb218346010193f8f381d17ab29c32e6a34ac2b66b4cd5cd7fce70d89
results/2026.09.17-00.09_tilelang_easy-shape_seed=42/failed/wrong_result/failed_calls_main(f1)__f0()__f1(f0+f0)_7acca32f46973a9f.json,7acca32f46973a9f,tilelang,wrong_result,K=8已知错误机制候选,与已确认K=8布局/列重复机制同配置；不能因block_K=8判非法，也不能未经缩减把全部219条算独立bug,4,float16,"(2048, 64, 32)","(64, 64, 8)",626648bdca560ad221ac252c6422d5612f3ea8d7519d203f540a9955c6ebb59d
results/2026.09.17-00.09_tilelang_easy-shape_seed=42/failed/wrong_result/failed_calls_main(f1)__f0()__f1(f0+f0)_abd6957502db53ba.json,abd6957502db53ba,tilelang,wrong_result,K=8已知错误机制候选,与已确认K=8布局/列重复机制同配置；不能因block_K=8判非法，也不能未经缩减把全部219条算独立bug,4,float16,"(2, 256, 4096)","(128, 64, 8)",7c7c10531c1b04a86271113bfc602196ddc93c1c162e034c77a50642b208ec08
results/2026.09.17-00.09_tilelang_easy-shape_seed=42/failed/wrong_result/failed_calls_main(f1)__f0()__f1(f0+f0)_b0041731141af21e.json,b0041731141af21e,tilelang,wrong_result,待确认,需要逐条缩减及独立语义验证,4,float16,"(4096, 128, 4096)","(128, 64, 16)",2f45718cc3d6864330c09a4dda326b6b949fe268562095ff26c53fa621dc7a5c
results/2026.09.17-00.09_tilelang_easy-shape_seed=42/failed/wrong_result/failed_calls_main(f1+f1)__f0()__f1(f0)_815dea77d2ae9286.json,815dea77d2ae9286,tilelang,wrong_result,待确认,需要逐条缩减及独立语义验证,4,float32,"(2048, 1, 1024)","(256, 256, 8)",51df2c5bd40b7de61bb6026855575351a1a05c2436d63d2c6172b0b13c341e4e
results/2026.09.17-00.09_tilelang_easy-shape_seed=42/failed/wrong_result/failed_calls_main(f1+f1)__f0()__f1(f0)_f2f0711efe3e03ee.json,f2f0711efe3e03ee,tilelang,wrong_result,待确认,需要逐条缩减及独立语义验证,4,float32,"(8, 4096, 4)","(32, 32, 32)",3e3700b900ff8b1de6c86ff67121211f107a4ea33e85fc5fd3d7a9138157cf4a
results/2026.09.17-00.09_tilelang_easy-shape_seed=42/failed/wrong_result/failed_calls_main(f1+f1)__f0()__f1(f0+f0)_082fc074813caa84.json,082fc074813caa84,tilelang,wrong_result,待确认,需要逐条缩减及独立语义验证,4,float32,"(2048, 4096, 2048)","(16, 256, 16)",0799a7a4ba67922ed4c9c1709b2c7877c1e065572b7ab1d20d35eeb162cc9a45
results/2026.09.17-00.09_tilelang_hard-shape_seed=42/failed/assertion_failure/failed_calls_main(f1+f1)__f0()__f1(f0+f0)_46168fe75af99982.json,46168fe75af99982,tilelang,assertion_failure,非有效目标编译器bug,日志实际为CUDA out of memory，DSA提示被关键词分类器误认成assertion,4,float32,"(16214, 11402, 11402)","(16, 128, 8)",379e350746543c689004b8f036ba2ecd0ed65b9beeb0a82dbcf865d569cc45ff
results/2026.09.17-00.09_tilelang_hard-shape_seed=42/failed/gpu_oom/failed_calls_main(f1)__f0()__f1(f0)_6ce84d210000cd83.json,6ce84d210000cd83,tilelang,gpu_oom,非有效目标编译器bug,56条全部在PyTorch参考解释器中OOM；属于oracle内存预算,4,float32,"(14984, 14984, 14764)","(64, 64, 8)",7e4d069e42f59d2ccf45cc235711ef216dbc873b0af8219abc8d76362915ccde
results/2026.09.17-00.09_tilelang_hard-shape_seed=42/failed/layout_inference/failed_calls_main(f0)__f0()_0e83358738d22302.json,0e83358738d22302,tilelang,layout_inference,布局编译失败候选，待缩减,no available layout；代表2ffa308929b8d63e冷缓存复现且无transpose；其他记录仍需排查布局约束/支持范围,4,float16,"(13271, 12111, 6885)","(32, 64, 8)",4bb0a591a7d5545f43500fcd77f05818d1937469f294955b62d4f44a9e9e3919
results/2026.09.17-00.09_tilelang_hard-shape_seed=42/failed/layout_inference/failed_calls_main(f0)__f0()_0f3865951cf92b2e.json,0f3865951cf92b2e,tilelang,layout_inference,布局编译失败候选，待缩减,no available layout；代表2ffa308929b8d63e冷缓存复现且无transpose；其他记录仍需排查布局约束/支持范围,4,float32,"(10895, 2689, 15440)","(32, 32, 64)",236ab62137775a53957feffca54dfb9db1b4b0cdea64b2cf97e45bfd759f712c
results/2026.09.17-00.09_tilelang_hard-shape_seed=42/failed/layout_inference/failed_calls_main(f0)__f0()_2893d68d13a178ce.json,2893d68d13a178ce,tilelang,layout_inference,布局编译失败候选，待缩减,no available layout；代表2ffa308929b8d63e冷缓存复现且无transpose；其他记录仍需排查布局约束/支持范围,4,float32,"(16326, 6110, 6110)","(16, 256, 8)",5b7e88fbf961590a1094fc723bbdd002d4003da9a7b17670cb99d33a40ce7479
results/2026.09.17-00.09_tilelang_hard-shape_seed=42/failed/layout_inference/failed_calls_main(f0)__f0()_4ac6356e05ecb324.json,4ac6356e05ecb324,tilelang,layout_inference,布局编译失败候选，待缩减,no available layout；代表2ffa308929b8d63e冷缓存复现且无transpose；其他记录仍需排查布局约束/支持范围,4,float32,"(7224, 3649, 8025)","(128, 128, 16)",deea72928b3cae640e389e9d4e88825bbd367d144736b4f8014268b5dd883c74
results/2026.09.17-00.09_tilelang_hard-shape_seed=42/failed/layout_inference/failed_calls_main(f0)__f0()_5ad55132d761c86b.json,5ad55132d761c86b,tilelang,layout_inference,布局编译失败候选，待缩减,no available layout；代表2ffa308929b8d63e冷缓存复现且无transpose；其他记录仍需排查布局约束/支持范围,4,float32,"(3074, 3445, 3866)","(128, 128, 16)",e882ffa57adb59a9f0296df5674fd70ad71b4b0319dd0315728694584947195c
results/2026.09.17-00.09_tilelang_hard-shape_seed=42/failed/layout_inference/failed_calls_main(f0)__f0()_607e52546ad7f7e3.json,607e52546ad7f7e3,tilelang,layout_inference,布局编译失败候选，待缩减,no available layout；代表2ffa308929b8d63e冷缓存复现且无transpose；其他记录仍需排查布局约束/支持范围,4,float32,"(2458, 3202, 4182)","(32, 64, 64)",ac79b1406d26a593f5b92ed38270524d7e5ea949cd1392d91adb75ee28ec3cab
results/2026.09.17-00.09_tilelang_hard-shape_seed=42/failed/layout_inference/failed_calls_main(f0)__f0()_6516991f2add54c6.json,6516991f2add54c6,tilelang,layout_inference,布局编译失败候选，待缩减,no available layout；代表2ffa308929b8d63e冷缓存复现且无transpose；其他记录仍需排查布局约束/支持范围,4,float32,"(4050, 2977, 11602)","(64, 16, 32)",1fe182fab391fcb2f466fd919bea7e5d10dfd29ea63327f91305f78c6a942406
results/2026.09.17-00.09_tilelang_hard-shape_seed=42/failed/layout_inference/failed_calls_main(f0)__f0()_702b7c8442883e7b.json,702b7c8442883e7b,tilelang,layout_inference,布局编译失败候选，待缩减,no available layout；代表2ffa308929b8d63e冷缓存复现且无transpose；其他记录仍需排查布局约束/支持范围,4,float32,"(5801, 5955, 11602)","(32, 32, 64)",8a09794123d2395f2f064bedd52e0ad290075fd830d26df510091c1c669fa6ed
results/2026.09.17-00.09_tilelang_hard-shape_seed=42/failed/layout_inference/failed_calls_main(f0)__f0()_84d7574767463ed7.json,84d7574767463ed7,tilelang,layout_inference,布局编译失败候选，待缩减,no available layout；代表2ffa308929b8d63e冷缓存复现且无transpose；其他记录仍需排查布局约束/支持范围,4,float32,"(7224, 3649, 8025)","(128, 128, 16)",ba8b22211d0ce3bcc82943aa08625b686386db080d5c64a966d36610b315060c
results/2026.09.17-00.09_tilelang_hard-shape_seed=42/failed/layout_inference/failed_calls_main(f0)__f0()_bcbdd88090d3affd.json,bcbdd88090d3affd,tilelang,layout_inference,布局编译失败候选，待缩减,no available layout；代表2ffa308929b8d63e冷缓存复现且无transpose；其他记录仍需排查布局约束/支持范围,4,float16,"(1524, 3326, 2922)","(16, 128, 16)",8fbb7f79516b0085aec5085db71e0efe9d84861e3568ed98ea419a97f42d17bb
results/2026.09.17-00.09_tilelang_hard-shape_seed=42/failed/layout_inference/failed_calls_main(f0)__f0()_bfc9475834f1b785.json,bfc9475834f1b785,tilelang,layout_inference,布局编译失败候选，待缩减,no available layout；代表2ffa308929b8d63e冷缓存复现且无transpose；其他记录仍需排查布局约束/支持范围,4,float16,"(11258, 9655, 10240)","(64, 64, 32)",4909b34e59daf6962cdf413aea72be5330c3bb3ef2ee3a09339037365fdb0c7d
results/2026.09.17-00.09_tilelang_hard-shape_seed=42/failed/layout_inference/failed_calls_main(f0)__f0()_ce4a5ef9fa5a4232.json,ce4a5ef9fa5a4232,tilelang,layout_inference,布局编译失败候选，待缩减,no available layout；代表2ffa308929b8d63e冷缓存复现且无transpose；其他记录仍需排查布局约束/支持范围,4,float16,"(2242, 11383, 13358)","(32, 32, 32)",6bccee5d2fc2b3d142fc48a75ad83ad6dd4b1bef784024ec6e911f4a44580a3c
results/2026.09.17-00.09_tilelang_hard-shape_seed=42/failed/layout_inference/failed_calls_main(f0)__f0()_d2bf7a22033a9fb3.json,d2bf7a22033a9fb3,tilelang,layout_inference,布局编译失败候选，待缩减,no available layout；代表2ffa308929b8d63e冷缓存复现且无transpose；其他记录仍需排查布局约束/支持范围,4,float32,"(4786, 2566, 10264)","(32, 32, 64)",5fc7ed06cd49afa793b1db2203c701e9d5e8b8abc4ce92985728162f10e04034
results/2026.09.17-00.09_tilelang_hard-shape_seed=42/failed/layout_inference/failed_calls_main(f0)__f0()_e9a1171ec35b253e.json,e9a1171ec35b253e,tilelang,layout_inference,布局编译失败候选，待缩减,no available layout；代表2ffa308929b8d63e冷缓存复现且无transpose；其他记录仍需排查布局约束/支持范围,4,float16,"(7970, 2131, 2131)","(64, 64, 32)",5ff7ac792360ddb35cc016dd3a00c7d490b3ed76b9b9e57499a95c5c9f648167
results/2026.09.17-00.09_tilelang_hard-shape_seed=42/failed/layout_inference/failed_calls_main(f0)__f0()_f5482fdb4a81b16f.json,f5482fdb4a81b16f,tilelang,layout_inference,布局编译失败候选，待缩减,no available layout；代表2ffa308929b8d63e冷缓存复现且无transpose；其他记录仍需排查布局约束/支持范围,4,float16,"(762, 5698, 10210)","(32, 16, 128)",3fa4ed0e2b392f7effa2290381817cd8c3a4e8d99b562b48b72e9660e4c3ff28
results/2026.09.17-00.09_tilelang_hard-shape_seed=42/failed/layout_inference/failed_calls_main(f0+f0)__f0()_dd66be5b8b8e2d00.json,dd66be5b8b8e2d00,tilelang,layout_inference,布局编译失败候选，待缩减,no available layout；代表2ffa308929b8d63e冷缓存复现且无transpose；其他记录仍需排查布局约束/支持范围,4,float16,"(2390, 2109, 7964)","(32, 32, 16)",fdb60383fe35f3d9f12768c1e2b897fbe12b010c994a93107fcfb3416e6836d0
results/2026.09.17-00.09_tilelang_hard-shape_seed=42/failed/layout_inference/failed_calls_main(f0+f1)__f0()__f1(f0)_0b90352009f09565.json,0b90352009f09565,tilelang,layout_inference,布局编译失败候选，待缩减,no available layout；代表2ffa308929b8d63e冷缓存复现且无transpose；其他记录仍需排查布局约束/支持范围,4,float16,"(3392, 2570, 14738)","(128, 128, 8)",b00fe93dc5215c6d8dbc770212b5d951fcecec92d5da1ffd5f2d32f9b6a6ada0
results/2026.09.17-00.09_tilelang_hard-shape_seed=42/failed/layout_inference/failed_calls_main(f0+f1)__f0()__f1(f0)_72d8ac4475bad9fa.json,72d8ac4475bad9fa,tilelang,layout_inference,布局编译失败候选，待缩减,no available layout；代表2ffa308929b8d63e冷缓存复现且无transpose；其他记录仍需排查布局约束/支持范围,4,float16,"(15857, 1327, 1327)","(64, 256, 16)",6e7f3f345df9b545790247383fd2c5f00eb88e90d4e4cd48703d46b0f4ad80c0
results/2026.09.17-00.09_tilelang_hard-shape_seed=42/failed/layout_inference/failed_calls_main(f0+f1)__f0()__f1(f0)_cd28f5d117b981aa.json,cd28f5d117b981aa,tilelang,layout_inference,布局编译失败候选，待缩减,no available layout；代表2ffa308929b8d63e冷缓存复现且无transpose；其他记录仍需排查布局约束/支持范围,4,float16,"(16230, 3781, 3781)","(128, 16, 128)",3dd84ba10826207ca795c86cf20d7194af4dbee40c50ce82c15373cc8f4106b7
results/2026.09.17-00.09_tilelang_hard-shape_seed=42/failed/layout_inference/failed_calls_main(f1)__f0()__f1(f0)_2b926c18166eaae2.json,2b926c18166eaae2,tilelang,layout_inference,布局编译失败候选，待缩减,no available layout；代表2ffa308929b8d63e冷缓存复现且无transpose；其他记录仍需排查布局约束/支持范围,4,float32,"(3649, 1042, 3359)","(128, 64, 64)",f40ae926f2c2266f3fdaf4965c498a6649f522fa21795af29e6d063c57315256
results/2026.09.17-00.09_tilelang_hard-shape_seed=42/failed/layout_inference/failed_calls_main(f1)__f0()__f1(f0)_3434a7cd109d9b36.json,3434a7cd109d9b36,tilelang,layout_inference,布局编译失败候选，待缩减,no available layout；代表2ffa308929b8d63e冷缓存复现且无transpose；其他记录仍需排查布局约束/支持范围,4,float32,"(7165, 7624, 4573)","(64, 64, 16)",20928cbd677c0279b00a0ac5db815794a692d521c556d47d669d7e4bcfd76b3c
results/2026.09.17-00.09_tilelang_hard-shape_seed=42/failed/layout_inference/failed_calls_main(f1)__f0()__f1(f0)_3e32cf0b35cebea7.json,3e32cf0b35cebea7,tilelang,layout_inference,布局编译失败候选，待缩减,no available layout；代表2ffa308929b8d63e冷缓存复现且无transpose；其他记录仍需排查布局约束/支持范围,4,float16,"(6751, 1917, 687)","(16, 32, 64)",4edaa444f9e9f13c363aa7c9e37b70a3a23f674c9468ab9505bdfb737566badf
results/2026.09.17-00.09_tilelang_hard-shape_seed=42/failed/layout_inference/failed_calls_main(f1)__f0()__f1(f0)_4b4382d62c3a8436.json,4b4382d62c3a8436,tilelang,layout_inference,布局编译失败候选，待缩减,no available layout；代表2ffa308929b8d63e冷缓存复现且无transpose；其他记录仍需排查布局约束/支持范围,4,float16,"(13047, 13817, 3507)","(128, 128, 8)",e6805e143720a52cff4f23908ffca0ff5a80229227bcf99782a9489bd36a7d8b
results/2026.09.17-00.09_tilelang_hard-shape_seed=42/failed/layout_inference/failed_calls_main(f1)__f0()__f1(f0)_9ce0520592da7f33.json,9ce0520592da7f33,tilelang,layout_inference,布局编译失败候选，待缩减,no available layout；代表2ffa308929b8d63e冷缓存复现且无transpose；其他记录仍需排查布局约束/支持范围,4,float16,"(6947, 14738, 6947)","(32, 128, 128)",7401e4121190e36f47cbce8b840e36012743319c1f6d425314208bb0f37ef045
results/2026.09.17-00.09_tilelang_hard-shape_seed=42/failed/layout_inference/failed_calls_main(f1)__f0()__f1(f0)_a168b01a159f7095.json,a168b01a159f7095,tilelang,layout_inference,布局编译失败候选，待缩减,no available layout；代表2ffa308929b8d63e冷缓存复现且无transpose；其他记录仍需排查布局约束/支持范围,4,float16,"(3065, 3096, 2527)","(32, 16, 64)",ebc3fae13552c3156f6037243819112e86da687b093b1c9a7d3710d7a8b033cf
results/2026.09.17-00.09_tilelang_hard-shape_seed=42/failed/layout_inference/failed_calls_main(f1)__f0()__f1(f0)_d3a241a72b1a3b53.json,d3a241a72b1a3b53,tilelang,layout_inference,布局编译失败候选，待缩减,no available layout；代表2ffa308929b8d63e冷缓存复现且无transpose；其他记录仍需排查布局约束/支持范围,4,float16,"(2914, 2770, 4808)","(16, 64, 16)",4e75a111f30745ea15f8923ffca36fb92bf90a5162a4fd0afd5059d9bf3f7c33
results/2026.09.17-00.09_tilelang_hard-shape_seed=42/failed/layout_inference/failed_calls_main(f1)__f0()__f1(f0)_e10c1d47b116bf66.json,e10c1d47b116bf66,tilelang,layout_inference,布局编译失败候选，待缩减,no available layout；代表2ffa308929b8d63e冷缓存复现且无transpose；其他记录仍需排查布局约束/支持范围,4,float32,"(3156, 3607, 3156)","(64, 64, 32)",fb110049fd3d418448d555b7056022a3c96b6d1a43772ba41faa39f2253acee0
results/2026.09.17-00.09_tilelang_hard-shape_seed=42/failed/layout_inference/failed_calls_main(f1)__f0()__f1(f0)_fac2fccad462a132.json,fac2fccad462a132,tilelang,layout_inference,布局编译失败候选，待缩减,no available layout；代表2ffa308929b8d63e冷缓存复现且无transpose；其他记录仍需排查布局约束/支持范围,4,float32,"(708, 1138, 1138)","(128, 16, 64)",1cf529ac49821e2f3e7a3a830d93a277a95355984aa569193dd9f9f5b5ce968b
results/2026.09.17-00.09_tilelang_hard-shape_seed=42/failed/layout_inference/failed_calls_main(f1)__f0()__f1(f0+f0)_00085231e2f465b3.json,00085231e2f465b3,tilelang,layout_inference,布局编译失败候选，待缩减,no available layout；代表2ffa308929b8d63e冷缓存复现且无transpose；其他记录仍需排查布局约束/支持范围,4,float32,"(1917, 13519, 13519)","(128, 128, 32)",d4852ed973c64af448e1b55ceec8d41bed6062a297b3adb8ceb30cfeb64c53b6
results/2026.09.17-00.09_tilelang_hard-shape_seed=42/failed/layout_inference/failed_calls_main(f1)__f0()__f1(f0+f0)_05f908d28b5c5fa7.json,05f908d28b5c5fa7,tilelang,layout_inference,布局编译失败候选，待缩减,no available layout；代表2ffa308929b8d63e冷缓存复现且无transpose；其他记录仍需排查布局约束/支持范围,4,float32,"(2229, 7968, 13882)","(32, 32, 128)",98dc06419c60c2c28cfbdb14468be007c8765d16b91a818b0e90401c5d48671e
results/2026.09.17-00.09_tilelang_hard-shape_seed=42/failed/layout_inference/failed_calls_main(f1)__f0()__f1(f0+f0)_1ce69e4ce30deab0.json,1ce69e4ce30deab0,tilelang,layout_inference,布局编译失败候选，待缩减,no available layout；代表2ffa308929b8d63e冷缓存复现且无transpose；其他记录仍需排查布局约束/支持范围,4,float32,"(3791, 3791, 9913)","(256, 32, 32)",4b124ce2e123e151b23c24db49e27b0dc0225df439709b9a4d88e70101d11563
results/2026.09.17-00.09_tilelang_hard-shape_seed=42/failed/layout_inference/failed_calls_main(f1)__f0()__f1(f0+f0)_1d461276e85dc455.json,1d461276e85dc455,tilelang,layout_inference,布局编译失败候选，待缩减,no available layout；代表2ffa308929b8d63e冷缓存复现且无transpose；其他记录仍需排查布局约束/支持范围,4,float32,"(2812, 9372, 2812)","(64, 32, 128)",ecc5503f1a1e4ecd32e8991115ca7a9f00b9e9e3d69d62938f61bde88ac20b50
results/2026.09.17-00.09_tilelang_hard-shape_seed=42/failed/layout_inference/failed_calls_main(f1)__f0()__f1(f0+f0)_2641a3bf4084c7b6.json,2641a3bf4084c7b6,tilelang,layout_inference,布局编译失败候选，待缩减,no available layout；代表2ffa308929b8d63e冷缓存复现且无transpose；其他记录仍需排查布局约束/支持范围,4,float32,"(7345, 12367, 15975)","(32, 32, 16)",83ed7547ea68d1268fe942405271068dbbdef5745484e2f12076f6376bd87306
results/2026.09.17-00.09_tilelang_hard-shape_seed=42/failed/layout_inference/failed_calls_main(f1)__f0()__f1(f0+f0)_668d3c2ebdf4c8d7.json,668d3c2ebdf4c8d7,tilelang,layout_inference,布局编译失败候选，待缩减,no available layout；代表2ffa308929b8d63e冷缓存复现且无transpose；其他记录仍需排查布局约束/支持范围,4,float16,"(2474, 3084, 14346)","(16, 64, 16)",e3210631c51cb0d0e4e23fddc7c6021c35f96322f2c788704c1c9ac671d57dbc
results/2026.09.17-00.09_tilelang_hard-shape_seed=42/failed/layout_inference/failed_calls_main(f1)__f0()__f1(f0+f0+f0)_e68cd975f0892ba6.json,e68cd975f0892ba6,tilelang,layout_inference,布局编译失败候选，待缩减,no available layout；代表2ffa308929b8d63e冷缓存复现且无transpose；其他记录仍需排查布局约束/支持范围,4,float16,"(3426, 2654, 13705)","(64, 64, 32)",03652e80d250ae39fa7ddb884870539a2cd03bda8e2980fc5daba90d1152f0bf
results/2026.09.17-00.09_tilelang_hard-shape_seed=42/failed/other/failed_calls_main()_246543b94d8174f0.json,246543b94d8174f0,tilelang,other,非有效目标编译器bug,10条均为probe检查器对末维stride=0的单列张量view(uint8)异常；CPU可复现,1,float32,"(32, 1, 16)","(32, 32, 32)",7c5674aeb0b521947be0e1a878ae296899ccda134b8325ace36c24b78ffbc11e
results/2026.09.17-00.09_tilelang_hard-shape_seed=42/failed/other/failed_calls_main()_3ab8a52e5c21774d.json,3ab8a52e5c21774d,tilelang,other,非有效目标编译器bug,10条均为probe检查器对末维stride=0的单列张量view(uint8)异常；CPU可复现,1,float16,"(15, 1, 16)","(32, 32, 32)",89d79d8fbb86787692bed452646924100a0a74f10186ab65aff987594e4b9f50
results/2026.09.17-00.09_tilelang_hard-shape_seed=42/failed/other/failed_calls_main()_45a46b014c97e20e.json,45a46b014c97e20e,tilelang,other,非有效目标编译器bug,10条均为probe检查器对末维stride=0的单列张量view(uint8)异常；CPU可复现,1,float32,"(1, 1, 64)","(32, 32, 32)",cb71308e4c52827f1c2c7d94005574a1e197358859dd48fa7c44e00b001e9726
results/2026.09.17-00.09_tilelang_hard-shape_seed=42/failed/schedule_mismatch/failed_calls_main(f0)__f0()_52953bb4d9f21f99.json,52953bb4d9f21f99,tilelang,schedule_mismatch,K=8已知错误机制候选,与已确认K=8布局/列重复机制同配置；不能因block_K=8判非法，也不能未经缩减把全部219条算独立bug,4,float16,"(2040, 3909, 6751)","(256, 32, 8)",0a9bc258e509f055d97c61d5494b9523c8548021c52288e21df34be8be3e68b1
results/2026.09.17-00.09_tilelang_hard-shape_seed=42/failed/schedule_mismatch/failed_calls_main(f0)__f0()_85a4703eeb0dad04.json,85a4703eeb0dad04,tilelang,schedule_mismatch,K=8已知错误机制候选,与已确认K=8布局/列重复机制同配置；不能因block_K=8判非法，也不能未经缩减把全部219条算独立bug,4,float16,"(4257, 3214, 12384)","(64, 32, 8)",5cde4e71b5957bb0ddac64f045a86c91ceae2f1e64fef052b2592b6558d2ac03
results/2026.09.17-00.09_tilelang_hard-shape_seed=42/failed/schedule_mismatch/failed_calls_main(f0)__f0()_ab651abcf1d4882a.json,ab651abcf1d4882a,tilelang,schedule_mismatch,K=8已知错误机制候选,与已确认K=8布局/列重复机制同配置；不能因block_K=8判非法，也不能未经缩减把全部219条算独立bug,4,float16,"(4273, 2325, 6709)","(256, 32, 8)",8babd78b33d526a83d3b956c38ec043a0cadec0113ac06eb386ab643ac26a6ab
results/2026.09.17-00.09_tilelang_hard-shape_seed=42/failed/schedule_mismatch/failed_calls_main(f0)__f0()_d574e7b3d3fc2718.json,d574e7b3d3fc2718,tilelang,schedule_mismatch,K=8已知错误机制候选,与已确认K=8布局/列重复机制同配置；不能因block_K=8判非法，也不能未经缩减把全部219条算独立bug,4,float16,"(7369, 1467, 2527)","(32, 32, 8)",5daae638c27cce131bc0796190515c8702d245bc9eab13d38c12e8d975b34f21
results/2026.09.17-00.09_tilelang_hard-shape_seed=42/failed/schedule_mismatch/failed_calls_main(f0)__f0()_dd9b4b7423c16b98.json,dd9b4b7423c16b98,tilelang,schedule_mismatch,K=8已知错误机制候选,与已确认K=8布局/列重复机制同配置；不能因block_K=8判非法，也不能未经缩减把全部219条算独立bug,4,float16,"(13073, 5632, 12108)","(128, 32, 8)",43f69896c7404e31164438c4995d877553beaaa6370f2bf5941252978e3aaa26
results/2026.09.17-00.09_tilelang_hard-shape_seed=42/failed/schedule_mismatch/failed_calls_main(f0+f0)__f0()_6e484fff83f9672a.json,6e484fff83f9672a,tilelang,schedule_mismatch,数值容差候选，待确认,非GEMM的两个copy调度差异，绝对误差0.0068359375或0.25；需相对尺度/ULP验证,4,float16,"(2820, 1424, 9906)","(32, 32, 128)",8dc5cc2a7c56603b327056e9c16ba9fa5bacfcc67e0a14702af681f9d0cb7533
results/2026.09.17-00.09_tilelang_hard-shape_seed=42/failed/schedule_mismatch/failed_calls_main(f1)__f0()__f1(f0)_39b9f94d4982d34b.json,39b9f94d4982d34b,tilelang,schedule_mismatch,K=8已知错误机制候选,与已确认K=8布局/列重复机制同配置；不能因block_K=8判非法，也不能未经缩减把全部219条算独立bug,4,float16,"(3167, 3167, 8428)","(128, 32, 8)",841d00521a83f032bbd7ae6eb92674f0dfe9f6129b8a9980153836fbc7a5d615
results/2026.09.17-00.09_tilelang_hard-shape_seed=42/failed/schedule_mismatch/failed_calls_main(f1)__f0()__f1(f0)_9282803116a7eaf3.json,9282803116a7eaf3,tilelang,schedule_mismatch,K=8已知错误机制候选,与已确认K=8布局/列重复机制同配置；不能因block_K=8判非法，也不能未经缩减把全部219条算独立bug,4,float16,"(15666, 13268, 4586)","(32, 32, 8)",721536983deba6a9baf0171b5caae32c71131171ef64d053bfa326d175746d6b
results/2026.09.17-00.09_tilelang_hard-shape_seed=42/failed/schedule_mismatch/failed_calls_main(f1)__f0()__f1(f0)_9f2d5e934bd91dd7.json,9f2d5e934bd91dd7,tilelang,schedule_mismatch,K=8已知错误机制候选,与已确认K=8布局/列重复机制同配置；不能因block_K=8判非法，也不能未经缩减把全部219条算独立bug,4,float16,"(9551, 3481, 15290)","(32, 32, 8)",6f77124dbbc955060b1e892ad1e47a9af25a6b73004e1cec43e2788a8dffaa3a
results/2026.09.17-00.09_tilelang_hard-shape_seed=42/failed/schedule_mismatch/failed_calls_main(f1)__f0()__f1(f0)_adb4398c85f984cc.json,adb4398c85f984cc,tilelang,schedule_mismatch,K=8已知错误机制候选,与已确认K=8布局/列重复机制同配置；不能因block_K=8判非法，也不能未经缩减把全部219条算独立bug,4,float16,"(8317, 15296, 14753)","(32, 32, 8)",6cf606385264110056e301eb7257d0ac677badc5f87b3a3cd793129251375ef3
results/2026.09.17-00.09_tilelang_hard-shape_seed=42/failed/schedule_mismatch/failed_calls_main(f1)__f0()__f1(f0)_b263753fa0ffecf9.json,b263753fa0ffecf9,tilelang,schedule_mismatch,K=8已知错误机制候选,与已确认K=8布局/列重复机制同配置；不能因block_K=8判非法，也不能未经缩减把全部219条算独立bug,4,float16,"(13227, 14613, 1069)","(256, 32, 8)",793a2812b68ef0406efe7c0a36d1f360227f71fbba8ecf8587a3df898aa61571
results/2026.09.17-00.09_tilelang_hard-shape_seed=42/failed/shared_memory_overflow/failed_calls_main(f0)__f0()_052a241f723b7bf4.json,052a241f723b7bf4,tilelang,shared_memory_overflow,非有效目标编译器bug,请求动态shared memory超过sm_89每block 99328字节限制；生成/资源预算不足,4,float16,"(2128, 4257, 10724)","(256, 256, 16)",83c5c63df2c520b6f66d0a6c388a21d74e0f682bd6a14d806d342196b22daee8
results/2026.09.17-00.09_tilelang_hard-shape_seed=42/failed/shared_memory_overflow/failed_calls_main(f0)__f0()_063328d68a2eca25.json,063328d68a2eca25,tilelang,shared_memory_overflow,非有效目标编译器bug,请求动态shared memory超过sm_89每block 99328字节限制；生成/资源预算不足,4,float16,"(5231, 13882, 762)","(256, 256, 8)",8da8dc47f982494ab44e5d25055f34ff24a65ccbd2cae1d2c272f8f6a8db9043
results/2026.09.17-00.09_tilelang_hard-shape_seed=42/failed/shared_memory_overflow/failed_calls_main(f0)__f0()_0cd4f4d9d9774076.json,0cd4f4d9d9774076,tilelang,shared_memory_overflow,非有效目标编译器bug,请求动态shared memory超过sm_89每block 99328字节限制；生成/资源预算不足,4,float16,"(15305, 6465, 4720)","(256, 256, 8)",a17e66ef2c19dde3738f588bb35e1f4e12b61c8c8b414df0f3d3db3c4aa94b41
results/2026.09.17-00.09_tilelang_hard-shape_seed=42/failed/shared_memory_overflow/failed_calls_main(f0)__f0()_18c8b513c26361a5.json,18c8b513c26361a5,tilelang,shared_memory_overflow,非有效目标编译器bug,请求动态shared memory超过sm_89每block 99328字节限制；生成/资源预算不足,4,float16,"(3375, 3379, 6110)","(256, 256, 32)",eaa859b6ef203ea20a314c3fa18c068a20e5f02c579eedc0e5e5fb7747a575b2
results/2026.09.17-00.09_tilelang_hard-shape_seed=42/failed/shared_memory_overflow/failed_calls_main(f0)__f0()_255cf7364e90d64c.json,255cf7364e90d64c,tilelang,shared_memory_overflow,非有效目标编译器bug,请求动态shared memory超过sm_89每block 99328字节限制；生成/资源预算不足,4,float16,"(15112, 16337, 9372)","(256, 256, 32)",6c714411770e7f72648e4cbb94a8c113214deb98ef1a5e7fd1736eefef223b5f
results/2026.09.17-00.09_tilelang_hard-shape_seed=42/failed/shared_memory_overflow/failed_calls_main(f0)__f0()_3d3830f57b1793cf.json,3d3830f57b1793cf,tilelang,shared_memory_overflow,非有效目标编译器bug,请求动态shared memory超过sm_89每block 99328字节限制；生成/资源预算不足,4,float16,"(10617, 13226, 3156)","(256, 256, 8)",05d72a2bb177e4479f6a3f3d2366a4ff76b911e95a0536734251dc05bb41ba04
results/2026.09.17-00.09_tilelang_hard-shape_seed=42/failed/shared_memory_overflow/failed_calls_main(f0)__f0()_43f36764ad273581.json,43f36764ad273581,tilelang,shared_memory_overflow,非有效目标编译器bug,请求动态shared memory超过sm_89每block 99328字节限制；生成/资源预算不足,4,float32,"(9023, 15730, 1037)","(256, 256, 16)",8bfa0df142314d12d694ae59a6234c2945f701d0925d99716506c6ea68292162
results/2026.09.17-00.09_tilelang_hard-shape_seed=42/failed/shared_memory_overflow/failed_calls_main(f0)__f0()_6b19969a40b92e26.json,6b19969a40b92e26,tilelang,shared_memory_overflow,非有效目标编译器bug,请求动态shared memory超过sm_89每block 99328字节限制；生成/资源预算不足,4,float16,"(11565, 11565, 10240)","(256, 256, 16)",0b400ec68b16432e7a9d3677f4ce5790c292a52760eaaadf1a26d4bdd1098585
results/2026.09.17-00.09_tilelang_hard-shape_seed=42/failed/shared_memory_overflow/failed_calls_main(f0)__f0()_76b117ad0ee55e45.json,76b117ad0ee55e45,tilelang,shared_memory_overflow,非有效目标编译器bug,请求动态shared memory超过sm_89每block 99328字节限制；生成/资源预算不足,4,float32,"(12400, 13073, 12689)","(256, 256, 16)",026a000498f8b029509f12097fe1679981da080ca6fc7a40e8cc01664af02ac5
results/2026.09.17-00.09_tilelang_hard-shape_seed=42/failed/shared_memory_overflow/failed_calls_main(f0)__f0()_82ae4bffa31e9247.json,82ae4bffa31e9247,tilelang,shared_memory_overflow,非有效目标编译器bug,请求动态shared memory超过sm_89每block 99328字节限制；生成/资源预算不足,4,float16,"(3901, 13184, 13840)","(256, 256, 16)",c1bed1dec6b37699a38bec90857d684353f78c7dad997b4e5b41b924ace82f75
results/2026.09.17-00.09_tilelang_hard-shape_seed=42/failed/shared_memory_overflow/failed_calls_main(f0)__f0()_92f0af4a1d21f9b1.json,92f0af4a1d21f9b1,tilelang,shared_memory_overflow,非有效目标编译器bug,请求动态shared memory超过sm_89每block 99328字节限制；生成/资源预算不足,4,float16,"(3781, 2742, 16317)","(256, 256, 32)",611f2668dbc4e4564cab53ce3370c460e0a68b6ef4c55807dccbe4a34aa8c0ce
results/2026.09.17-00.09_tilelang_hard-shape_seed=42/failed/shared_memory_overflow/failed_calls_main(f0)__f0()_b4b9bdbe6c65568e.json,b4b9bdbe6c65568e,tilelang,shared_memory_overflow,非有效目标编译器bug,请求动态shared memory超过sm_89每block 99328字节限制；生成/资源预算不足,4,float32,"(4082, 2800, 10223)","(128, 128, 8)",9a4d5529ebe6c53c0fa109f228c15fb5161e343d1787c240562ad4c0bc418ca4
results/2026.09.17-00.09_tilelang_hard-shape_seed=42/failed/shared_memory_overflow/failed_calls_main(f0)__f0()_b9e047541bab4185.json,b9e047541bab4185,tilelang,shared_memory_overflow,非有效目标编译器bug,请求动态shared memory超过sm_89每block 99328字节限制；生成/资源预算不足,4,float16,"(3885, 3634, 321)","(128, 128, 16)",c387a94c77a535d85db486c07cc2afe0ca9722c4c3b3d4282b0939a7f536015b
results/2026.09.17-00.09_tilelang_hard-shape_seed=42/failed/shared_memory_overflow/failed_calls_main(f0)__f0()_ba0f65280df9a72e.json,ba0f65280df9a72e,tilelang,shared_memory_overflow,非有效目标编译器bug,请求动态shared memory超过sm_89每block 99328字节限制；生成/资源预算不足,4,float32,"(7624, 6516, 13747)","(256, 256, 16)",8189fbd2715fa034cdc17c8d2c82d0ccc756c0e1b8f0325192819ab0296d1f7e
results/2026.09.17-00.09_tilelang_hard-shape_seed=42/failed/shared_memory_overflow/failed_calls_main(f0)__f0()_baa3ea0a2d02a996.json,baa3ea0a2d02a996,tilelang,shared_memory_overflow,非有效目标编译器bug,请求动态shared memory超过sm_89每block 99328字节限制；生成/资源预算不足,4,float32,"(3877, 3445, 10617)","(256, 256, 16)",006d0524e9d903ef3b27edb55c6635b3a2e1e0376cb141ac51f3b5ee9b9ebad2
results/2026.09.17-00.09_tilelang_hard-shape_seed=42/failed/shared_memory_overflow/failed_calls_main(f0)__f0()_baf155552f26bbe8.json,baf155552f26bbe8,tilelang,shared_memory_overflow,非有效目标编译器bug,请求动态shared memory超过sm_89每block 99328字节限制；生成/资源预算不足,4,float16,"(9694, 13550, 8206)","(256, 256, 32)",9c26e3f2c360cc2a84fb001a7ff9904b17c3a97e400b5d69172ce0d8b83c9a09
results/2026.09.17-00.09_tilelang_hard-shape_seed=42/failed/shared_memory_overflow/failed_calls_main(f0)__f0()_bb8652650820e925.json,bb8652650820e925,tilelang,shared_memory_overflow,非有效目标编译器bug,请求动态shared memory超过sm_89每block 99328字节限制；生成/资源预算不足,4,float32,"(977, 8025, 4573)","(128, 128, 32)",b8c8d5997ebc0f13dbc08be7b66cb516e3aed671c0fff4d4e7db20ff53368ff2
results/2026.09.17-00.09_tilelang_hard-shape_seed=42/failed/shared_memory_overflow/failed_calls_main(f0)__f0()_bc10f25c2f028c96.json,bc10f25c2f028c96,tilelang,shared_memory_overflow,非有效目标编译器bug,请求动态shared memory超过sm_89每block 99328字节限制；生成/资源预算不足,4,float32,"(5928, 1408, 3809)","(256, 256, 8)",ed855daad92493f2469efd35399a0786602fb43c81c2b91f6a0908ca80a4a653
results/2026.09.17-00.09_tilelang_hard-shape_seed=42/failed/shared_memory_overflow/failed_calls_main(f0)__f0()_c286d4312b46c641.json,c286d4312b46c641,tilelang,shared_memory_overflow,非有效目标编译器bug,请求动态shared memory超过sm_89每block 99328字节限制；生成/资源预算不足,4,float16,"(3733, 2678, 10715)","(256, 256, 32)",9cfec5a99a23924e38b081ab4d9dbf46dbe664beb3ab12067b4881b7430c7edb
results/2026.09.17-00.09_tilelang_hard-shape_seed=42/failed/shared_memory_overflow/failed_calls_main(f0)__f0()_c625265524b6f6c5.json,c625265524b6f6c5,tilelang,shared_memory_overflow,非有效目标编译器bug,请求动态shared memory超过sm_89每block 99328字节限制；生成/资源预算不足,4,float16,"(6461, 16062, 4912)","(256, 256, 16)",471e9e10747e2e402a392afe2bf4d0b365c6f807dd3753c2ccae94b39ac9d8a9
results/2026.09.17-00.09_tilelang_hard-shape_seed=42/failed/shared_memory_overflow/failed_calls_main(f0)__f0()_c7e488852844c466.json,c7e488852844c466,tilelang,shared_memory_overflow,非有效目标编译器bug,请求动态shared memory超过sm_89每block 99328字节限制；生成/资源预算不足,4,float16,"(6947, 9586, 6947)","(256, 256, 16)",d42acf9a55477b747880ac04500a84af32d37884ce40af13a1427ba035a074a6
results/2026.09.17-00.09_tilelang_hard-shape_seed=42/failed/shared_memory_overflow/failed_calls_main(f0)__f0()_d1fce592d3c53d8e.json,d1fce592d3c53d8e,tilelang,shared_memory_overflow,非有效目标编译器bug,请求动态shared memory超过sm_89每block 99328字节限制；生成/资源预算不足,4,float32,"(820, 1587, 16158)","(256, 256, 16)",2d4e8c27a237d25b871020b5f144df69e071e29ae5b7739f6695ae935cfc81cb
results/2026.09.17-00.09_tilelang_hard-shape_seed=42/failed/shared_memory_overflow/failed_calls_main(f0)__f0()_e9435818f1b0a8c2.json,e9435818f1b0a8c2,tilelang,shared_memory_overflow,非有效目标编译器bug,请求动态shared memory超过sm_89每block 99328字节限制；生成/资源预算不足,4,float16,"(1679, 6152, 15666)","(256, 256, 32)",072b2b859e87630e479112249ca253ac928d2e0409c23ce20c0576563cc2d060
results/2026.09.17-00.09_tilelang_hard-shape_seed=42/failed/shared_memory_overflow/failed_calls_main(f0)__f0()_f3d37f7434eafab7.json,f3d37f7434eafab7,tilelang,shared_memory_overflow,非有效目标编译器bug,请求动态shared memory超过sm_89每block 99328字节限制；生成/资源预算不足,4,float16,"(2806, 3306, 7964)","(256, 256, 32)",a28dea56e53c780d0286a634c266561cf8dee8f82382fef401ce43b9ab87dced
results/2026.09.17-00.09_tilelang_hard-shape_seed=42/failed/shared_memory_overflow/failed_calls_main(f0+f0)__f0()_0950fc3374a7a13d.json,0950fc3374a7a13d,tilelang,shared_memory_overflow,非有效目标编译器bug,请求动态shared memory超过sm_89每block 99328字节限制；生成/资源预算不足,4,float16,"(10596, 12125, 9389)","(256, 256, 32)",e36beee9ece59e0641df4d913d1641cefb80f82444993a405f422ba56299dd2e
results/2026.09.17-00.09_tilelang_hard-shape_seed=42/failed/shared_memory_overflow/failed_calls_main(f0+f0)__f0()_46044d69b7dee7f8.json,46044d69b7dee7f8,tilelang,shared_memory_overflow,非有效目标编译器bug,请求动态shared memory超过sm_89每block 99328字节限制；生成/资源预算不足,4,float32,"(6619, 9942, 6619)","(256, 256, 16)",a149095dfebb665f3551fb6b6845fa4a867803607631438f90f7fc895aebf5ad
results/2026.09.17-00.09_tilelang_hard-shape_seed=42/failed/shared_memory_overflow/failed_calls_main(f0+f0)__f0()_4e4738e0bf9bc3dc.json,4e4738e0bf9bc3dc,tilelang,shared_memory_overflow,非有效目标编译器bug,请求动态shared memory超过sm_89每block 99328字节限制；生成/资源预算不足,4,float16,"(4084, 2891, 13226)","(256, 256, 32)",49417b06c8eb296b499a5904497557539be094d892e253427094d1016f1a53ce
results/2026.09.17-00.09_tilelang_hard-shape_seed=42/failed/shared_memory_overflow/failed_calls_main(f0+f0)__f0()_76d0860167e68eb5.json,76d0860167e68eb5,tilelang,shared_memory_overflow,非有效目标编译器bug,请求动态shared memory超过sm_89每block 99328字节限制；生成/资源预算不足,4,float32,"(9359, 8428, 5439)","(256, 256, 16)",5fcb13e557331a063ff28a9b2735ff5411829a893dbaf36650580e58afbfa2fb
results/2026.09.17-00.09_tilelang_hard-shape_seed=42/failed/shared_memory_overflow/failed_calls_main(f0+f0)__f0()_82feb7131a6d6ada.json,82feb7131a6d6ada,tilelang,shared_memory_overflow,非有效目标编译器bug,请求动态shared memory超过sm_89每block 99328字节限制；生成/资源预算不足,4,float32,"(12726, 11460, 7112)","(256, 256, 16)",08e6fddd570183c717bf9dac07c23fc8ca42816ca4024f730dec0b4ea15803e9
results/2026.09.17-00.09_tilelang_hard-shape_seed=42/failed/shared_memory_overflow/failed_calls_main(f0+f0)__f0()_8ddcc36eb8d68a3c.json,8ddcc36eb8d68a3c,tilelang,shared_memory_overflow,非有效目标编译器bug,请求动态shared memory超过sm_89每block 99328字节限制；生成/资源预算不足,4,float32,"(1870, 2406, 4912)","(256, 256, 16)",82720ffc5cded96518d127bb825437284a3bfc043baba8f743fb41e21c2f9837
results/2026.09.17-00.09_tilelang_hard-shape_seed=42/failed/shared_memory_overflow/failed_calls_main(f0+f0)__f0()_c487b71411a52d02.json,c487b71411a52d02,tilelang,shared_memory_overflow,非有效目标编译器bug,请求动态shared memory超过sm_89每block 99328字节限制；生成/资源预算不足,4,float32,"(2905, 2905, 12619)","(256, 256, 8)",8115f91ebb24c161dbace9d5e0bc6e2ec287059933ed7fa94a34c8b8559a5e45
results/2026.09.17-00.09_tilelang_hard-shape_seed=42/failed/shared_memory_overflow/failed_calls_main(f0+f0)__f0()_d151c22639980258.json,d151c22639980258,tilelang,shared_memory_overflow,非有效目标编译器bug,请求动态shared memory超过sm_89每block 99328字节限制；生成/资源预算不足,4,float16,"(2068, 6269, 4825)","(256, 256, 32)",2ec4a4dc702be2e8f350ff8ca33d0c6d32bf80958a3096337e9addaffad039b8
results/2026.09.17-00.09_tilelang_hard-shape_seed=42/failed/shared_memory_overflow/failed_calls_main(f0+f0+f0)__f0()_f264a1bb78d6eb2c.json,f264a1bb78d6eb2c,tilelang,shared_memory_overflow,非有效目标编译器bug,请求动态shared memory超过sm_89每block 99328字节限制；生成/资源预算不足,4,float32,"(6282, 14492, 11051)","(128, 128, 16)",a8cea60cdff3ba42672e9d4547ee7a780d15ba1ddaedf6edeea32214dcceb594
results/2026.09.17-00.09_tilelang_hard-shape_seed=42/failed/shared_memory_overflow/failed_calls_main(f0+f0+f0+f0)__f0()_54bbf6f149b4f807.json,54bbf6f149b4f807,tilelang,shared_memory_overflow,非有效目标编译器bug,请求动态shared memory超过sm_89每block 99328字节限制；生成/资源预算不足,4,float16,"(650, 9561, 6522)","(256, 256, 16)",f81297e1ece4471d755efbc9b8b8864651fc2b261df26a4b0d4dff95464a32c6
results/2026.09.17-00.09_tilelang_hard-shape_seed=42/failed/shared_memory_overflow/failed_calls_main(f1)__f0()__f1(f0)_060d69daa595d624.json,060d69daa595d624,tilelang,shared_memory_overflow,非有效目标编译器bug,请求动态shared memory超过sm_89每block 99328字节限制；生成/资源预算不足,4,float16,"(3154, 3626, 12749)","(256, 256, 8)",6881ab7653ed333cc937ab4e1bfa79e271ebad558af9659f483c67ab6cd76986
results/2026.09.17-00.09_tilelang_hard-shape_seed=42/failed/shared_memory_overflow/failed_calls_main(f1)__f0()__f1(f0)_0ccc7708ae661aa5.json,0ccc7708ae661aa5,tilelang,shared_memory_overflow,非有效目标编译器bug,请求动态shared memory超过sm_89每block 99328字节限制；生成/资源预算不足,4,float32,"(7165, 2849, 2849)","(256, 256, 8)",77ff317c5f0e9bb799cea2d7470e1e396d2880281cb9e5a83034e157e3db4735
results/2026.09.17-00.09_tilelang_hard-shape_seed=42/failed/shared_memory_overflow/failed_calls_main(f1)__f0()__f1(f0)_24b5077f7509c9d0.json,24b5077f7509c9d0,tilelang,shared_memory_overflow,非有效目标编译器bug,请求动态shared memory超过sm_89每block 99328字节限制；生成/资源预算不足,4,float16,"(1709, 3642, 15631)","(256, 256, 8)",5027c5e6b5508b4c2dfe045bdffb2fad1df9e42617cda0d027183ef27e34fc72
results/2026.09.17-00.09_tilelang_hard-shape_seed=42/failed/shared_memory_overflow/failed_calls_main(f1)__f0()__f1(f0)_2774c830554bed9c.json,2774c830554bed9c,tilelang,shared_memory_overflow,非有效目标编译器bug,请求动态shared memory超过sm_89每block 99328字节限制；生成/资源预算不足,4,float32,"(3449, 3449, 11565)","(256, 256, 16)",43b64e1db67c3f3cb6cfdf7edb0077edce7a4b503281505fd58b464f9be6e0a3
results/2026.09.17-00.09_tilelang_hard-shape_seed=42/failed/shared_memory_overflow/failed_calls_main(f1)__f0()__f1(f0)_2f111c3159e88088.json,2f111c3159e88088,tilelang,shared_memory_overflow,非有效目标编译器bug,请求动态shared memory超过sm_89每block 99328字节限制；生成/资源预算不足,4,float16,"(2248, 2008, 4878)","(256, 256, 32)",870263438df9fd90b530b3da3886ec0abc515faad9a006bc5a4e71922774832a
results/2026.09.17-00.09_tilelang_hard-shape_seed=42/failed/shared_memory_overflow/failed_calls_main(f1)__f0()__f1(f0)_458a1c72b1d4c889.json,458a1c72b1d4c889,tilelang,shared_memory_overflow,非有效目标编译器bug,请求动态shared memory超过sm_89每block 99328字节限制；生成/资源预算不足,4,float32,"(2977, 2691, 7712)","(256, 256, 8)",d2e1fba1e13e0ab7df07dc231c44f1d187023def4d49674d77b21e62ae353ce4
results/2026.09.17-00.09_tilelang_hard-shape_seed=42/failed/shared_memory_overflow/failed_calls_main(f1)__f0()__f1(f0)_50334521ca849d9e.json,50334521ca849d9e,tilelang,shared_memory_overflow,非有效目标编译器bug,请求动态shared memory超过sm_89每block 99328字节限制；生成/资源预算不足,4,float16,"(3082, 2741, 7938)","(256, 256, 8)",b02a6b84decb84ce03fd054e067a94e9367bd46442b3e3858715cfa2d285651a
results/2026.09.17-00.09_tilelang_hard-shape_seed=42/failed/shared_memory_overflow/failed_calls_main(f1)__f0()__f1(f0)_52e3879f2c73417b.json,52e3879f2c73417b,tilelang,shared_memory_overflow,非有效目标编译器bug,请求动态shared memory超过sm_89每block 99328字节限制；生成/资源预算不足,4,float16,"(4668, 1690, 11022)","(128, 128, 16)",b961f8f596d6f3b088ca46df9e8244fe791bd35252e7a56c3b02b761f97d3262
results/2026.09.17-00.09_tilelang_hard-shape_seed=42/failed/shared_memory_overflow/failed_calls_main(f1)__f0()__f1(f0)_7e5e19a45a5e5176.json,7e5e19a45a5e5176,tilelang,shared_memory_overflow,非有效目标编译器bug,请求动态shared memory超过sm_89每block 99328字节限制；生成/资源预算不足,4,float16,"(4065, 2318, 13817)","(256, 256, 32)",26dae8b8768c0356cd685ab6f1fb140933e2c84266fa17e18c580e0cc3124c23
results/2026.09.17-00.09_tilelang_hard-shape_seed=42/failed/shared_memory_overflow/failed_calls_main(f1)__f0()__f1(f0)_879afbedc181dfc5.json,879afbedc181dfc5,tilelang,shared_memory_overflow,非有效目标编译器bug,请求动态shared memory超过sm_89每block 99328字节限制；生成/资源预算不足,4,float32,"(5541, 2013, 15376)","(256, 256, 8)",9641363cb4310e74baab4176be8763234bfd25b587b03812d08a8999719e94b8
results/2026.09.17-00.09_tilelang_hard-shape_seed=42/failed/shared_memory_overflow/failed_calls_main(f1)__f0()__f1(f0)_bb5345d960e27d1c.json,bb5345d960e27d1c,tilelang,shared_memory_overflow,非有效目标编译器bug,请求动态shared memory超过sm_89每block 99328字节限制；生成/资源预算不足,4,float16,"(1918, 3879, 9336)","(256, 256, 16)",f67803164a1045485f5702f15602d19df2efbb4d41023e5507745988f5d0845e
results/2026.09.17-00.09_tilelang_hard-shape_seed=42/failed/shared_memory_overflow/failed_calls_main(f1)__f0()__f1(f0)_bbac426bfe2a660e.json,bbac426bfe2a660e,tilelang,shared_memory_overflow,非有效目标编译器bug,请求动态shared memory超过sm_89每block 99328字节限制；生成/资源预算不足,4,float32,"(11691, 10439, 956)","(256, 256, 16)",b9d8b023b299578df6e108110f045c4ca6b60927debc621211b85337aeb18f68
results/2026.09.17-00.09_tilelang_hard-shape_seed=42/failed/shared_memory_overflow/failed_calls_main(f1)__f0()__f1(f0)_bff894a8ce87d43f.json,bff894a8ce87d43f,tilelang,shared_memory_overflow,非有效目标编译器bug,请求动态shared memory超过sm_89每block 99328字节限制；生成/资源预算不足,4,float16,"(2014, 2631, 4878)","(256, 256, 8)",96c328ea50832c2c9fb1b0098538fe377042a4649ec15fed7fb278516f1cf410
results/2026.09.17-00.09_tilelang_hard-shape_seed=42/failed/shared_memory_overflow/failed_calls_main(f1)__f0()__f1(f0)_e0a2fae5d6e8e1b4.json,e0a2fae5d6e8e1b4,tilelang,shared_memory_overflow,非有效目标编译器bug,请求动态shared memory超过sm_89每block 99328字节限制；生成/资源预算不足,4,float16,"(8774, 6380, 892)","(256, 256, 8)",d15944916f4bbf09e3e45431c9db262afa152d356eceaa002473fc0c010a46b3
results/2026.09.17-00.09_tilelang_hard-shape_seed=42/failed/shared_memory_overflow/failed_calls_main(f1)__f0()__f1(f0)_ed053fd7c9bf7df7.json,ed053fd7c9bf7df7,tilelang,shared_memory_overflow,非有效目标编译器bug,请求动态shared memory超过sm_89每block 99328字节限制；生成/资源预算不足,4,float16,"(2891, 4831, 2891)","(256, 256, 32)",8204b2f93ef5a7cd21dd7f9a2ca8aab55f34624da0b7eb5f9bfa9d1d775990d1
results/2026.09.17-00.09_tilelang_hard-shape_seed=42/failed/shared_memory_overflow/failed_calls_main(f1)__f0()__f1(f0)_f37e928503a00ec7.json,f37e928503a00ec7,tilelang,shared_memory_overflow,非有效目标编译器bug,请求动态shared memory超过sm_89每block 99328字节限制；生成/资源预算不足,4,float32,"(15642, 708, 4808)","(256, 256, 8)",e5271c4104ea5559aefb388b96cd7403486715b8a096bf0d46098175f0738b55
results/2026.09.17-00.09_tilelang_hard-shape_seed=42/failed/shared_memory_overflow/failed_calls_main(f1)__f0()__f1(f0)_fedfe4f33da487f3.json,fedfe4f33da487f3,tilelang,shared_memory_overflow,非有效目标编译器bug,请求动态shared memory超过sm_89每block 99328字节限制；生成/资源预算不足,4,float16,"(6611, 2237, 15050)","(256, 256, 8)",779e61932becfe43d638211fd047177c9b6960624b7d5abe31ff48f8116052ca
results/2026.09.17-00.09_tilelang_hard-shape_seed=42/failed/shared_memory_overflow/failed_calls_main(f1)__f0()__f1(f0+f0)_12995e760b5c3d9d.json,12995e760b5c3d9d,tilelang,shared_memory_overflow,非有效目标编译器bug,请求动态shared memory超过sm_89每block 99328字节限制；生成/资源预算不足,4,float32,"(2549, 4318, 5494)","(256, 256, 16)",0a37f6ae7de5d72d9553df4027c8f2c2bfc64329b3627b50e7b4e6bf637578de
results/2026.09.17-00.09_tilelang_hard-shape_seed=42/failed/shared_memory_overflow/failed_calls_main(f1)__f0()__f1(f0+f0)_527e36e73a6e0102.json,527e36e73a6e0102,tilelang,shared_memory_overflow,非有效目标编译器bug,请求动态shared memory超过sm_89每block 99328字节限制；生成/资源预算不足,4,float32,"(129, 15338, 8842)","(256, 256, 16)",21a6b359fd563170dafe14674c8186ee84a064ba7d64f7cc55539c0237112828
results/2026.09.17-00.09_tilelang_hard-shape_seed=42/failed/shared_memory_overflow/failed_calls_main(f1)__f0()__f1(f0+f0)_763bfdb7249e207d.json,763bfdb7249e207d,tilelang,shared_memory_overflow,非有效目标编译器bug,请求动态shared memory超过sm_89每block 99328字节限制；生成/资源预算不足,4,float32,"(5387, 10895, 9603)","(256, 256, 8)",510a86f2006d4671edaea97e0fbdc7cf84a84282be93b2b53bbb0389088f78ea
results/2026.09.17-00.09_tilelang_hard-shape_seed=42/failed/shared_memory_overflow/failed_calls_main(f1)__f0()__f1(f0+f0)_77e5df112a260b4b.json,77e5df112a260b4b,tilelang,shared_memory_overflow,非有效目标编译器bug,请求动态shared memory超过sm_89每block 99328字节限制；生成/资源预算不足,4,float32,"(2960, 3357, 9315)","(256, 256, 16)",4c3098660c927bb60571a0d3662c6562e663c295650b2d201637a960bbb76c59
results/2026.09.17-00.09_tilelang_hard-shape_seed=42/failed/shared_memory_overflow/failed_calls_main(f1+f1)__f0()__f1(f0)_3ccb4fb9f55ef7b3.json,3ccb4fb9f55ef7b3,tilelang,shared_memory_overflow,非有效目标编译器bug,请求动态shared memory超过sm_89每block 99328字节限制；生成/资源预算不足,4,float32,"(1467, 16303, 14738)","(256, 256, 16)",ab867c6d2fc21190a8a8f784892207d571d21e838450b30c7bae99859c027fd5
results/2026.09.17-00.09_tilelang_hard-shape_seed=42/failed/timeout/failed_calls_main(f0)__f0()_53f97c06738addae.json,53f97c06738addae,tilelang,timeout,超时证据不足,历史Region日志只有Execution timed out，不能区分编译慢、参考慢、资源压力和kernel hang,4,float32,"(9906, 7230, 14293)","(32, 32, 32)",553ec56e8c2f4eccf69661752f3eb4a32d65612344c55e6880951dca9a0dbedd
results/2026.09.17-00.09_tilelang_hard-shape_seed=42/failed/timeout/failed_calls_main(f0)__f0()_5bf383618b02d466.json,5bf383618b02d466,tilelang,timeout,超时证据不足,历史Region日志只有Execution timed out，不能区分编译慢、参考慢、资源压力和kernel hang,4,float32,"(14710, 11612, 14277)","(128, 16, 16)",5260fd5dc2002aaaeb977c1af876c01694aded5fee9b21cd107db5fec8ced521
results/2026.09.17-00.09_tilelang_hard-shape_seed=42/failed/timeout/failed_calls_main(f0)__f0()_bb500ea7b1379a1f.json,bb500ea7b1379a1f,tilelang,timeout,超时证据不足,历史Region日志只有Execution timed out，不能区分编译慢、参考慢、资源压力和kernel hang,4,float32,"(9913, 11559, 14526)","(32, 32, 8)",26eebbc2737e675ce654eb8030b06d0d1d6a0f8ec7b669e619e8e0cac3fd134d
results/2026.09.17-00.09_tilelang_hard-shape_seed=42/failed/timeout/failed_calls_main(f0)__f0()_f3061a0835cfdbb8.json,f3061a0835cfdbb8,tilelang,timeout,超时证据不足,历史Region日志只有Execution timed out，不能区分编译慢、参考慢、资源压力和kernel hang,4,float32,"(840, 8598, 14930)","(256, 256, 8)",a781d96a3455583208c7409c361cdb96d30d909f87ca16d75879b15c6f7114b9
results/2026.09.17-00.09_tilelang_hard-shape_seed=42/failed/timeout/failed_calls_main(f0)__f0()_ff21851cf34f680a.json,ff21851cf34f680a,tilelang,timeout,超时证据不足,历史Region日志只有Execution timed out，不能区分编译慢、参考慢、资源压力和kernel hang,4,float32,"(15082, 12575, 13047)","(128, 64, 64)",9482ac52acd27c4f44eab21f18673d3d492d8afa00966b97531d4b1769bbd696
results/2026.09.17-00.09_tilelang_hard-shape_seed=42/failed/timeout/failed_calls_main(f0+f0+f0)__f0()_2dd00e55780dda03.json,2dd00e55780dda03,tilelang,timeout,超时证据不足,历史Region日志只有Execution timed out，不能区分编译慢、参考慢、资源压力和kernel hang,4,float32,"(12644, 16317, 12644)","(32, 32, 32)",793013650cfc89fa2d8dd9a424e7e48a675f832b903f6296df9931295c7aa043
results/2026.09.17-00.09_tilelang_hard-shape_seed=42/failed/timeout/failed_calls_main(f0+f0+f0)__f0()_b1be8584ddcc1b10.json,b1be8584ddcc1b10,tilelang,timeout,超时证据不足,历史Region日志只有Execution timed out，不能区分编译慢、参考慢、资源压力和kernel hang,4,float32,"(13550, 13228, 9694)","(64, 16, 16)",6195097608f21326c4853190563015a2b4ffdb5dbf3bd2c9adef7cacfc1fa03b
results/2026.09.17-00.09_tilelang_hard-shape_seed=42/failed/timeout/failed_calls_main(f0+f0+f0)__f0()_cacad18090ed31ad.json,cacad18090ed31ad,tilelang,timeout,超时证据不足,历史Region日志只有Execution timed out，不能区分编译慢、参考慢、资源压力和kernel hang,4,float16,"(1917, 16326, 15315)","(64, 16, 64)",58d1b2868868ddc2ee07e71b21b2d08eeb8457015e4ba29586d566337015d081
results/2026.09.17-00.09_tilelang_hard-shape_seed=42/failed/timeout/failed_calls_main(f0+f0+f0+f0)__f0()_a3a04e6123b015cc.json,a3a04e6123b015cc,tilelang,timeout,超时证据不足,历史Region日志只有Execution timed out，不能区分编译慢、参考慢、资源压力和kernel hang,4,float32,"(16288, 15964, 2476)","(256, 128, 16)",f3b2b0f5c9436e0bbf90423d418eabaf1461b8fb3da78510239f4c5e9b63d2a1
results/2026.09.17-00.09_tilelang_hard-shape_seed=42/failed/timeout/failed_calls_main(f0+f1)__f0()__f1(f0)_36ea36a979daa51b.json,36ea36a979daa51b,tilelang,timeout,超时证据不足,历史Region日志只有Execution timed out，不能区分编译慢、参考慢、资源压力和kernel hang,4,float32,"(11559, 12111, 13469)","(128, 16, 64)",9fd09057486e6f76c60c78ec0bf383f3f1449e57a2bfe5f2be7bbdbe11f98831
results/2026.09.17-00.09_tilelang_hard-shape_seed=42/failed/timeout/failed_calls_main(f0+f1)__f0()__f1(f0)_48457ac801de8bf9.json,48457ac801de8bf9,tilelang,timeout,超时证据不足,历史Region日志只有Execution timed out，不能区分编译慢、参考慢、资源压力和kernel hang,4,float32,"(11593, 14570, 15631)","(32, 256, 8)",6854e8c959c4c455ebfa39773e39518e67b9c8758f933e9383ffd3a83a793926
results/2026.09.17-00.09_tilelang_hard-shape_seed=42/failed/timeout/failed_calls_main(f0+f1)__f0()__f1(f0)_4d78b262979c6844.json,4d78b262979c6844,tilelang,timeout,超时证据不足,历史Region日志只有Execution timed out，不能区分编译慢、参考慢、资源压力和kernel hang,4,float32,"(14710, 13840, 3532)","(128, 256, 8)",2d85bc8db394904f8957d5c8b5eb398d6016d880fac6ee62a63dc4bf016e62e0
results/2026.09.17-00.09_tilelang_hard-shape_seed=42/failed/timeout/failed_calls_main(f0+f1)__f0()__f1(f0)_d013efda4e48824c.json,d013efda4e48824c,tilelang,timeout,超时证据不足,历史Region日志只有Execution timed out，不能区分编译慢、参考慢、资源压力和kernel hang,4,float32,"(12337, 15642, 9204)","(64, 64, 16)",cd5d72d1d556c23867c74c25c13b30a6c9da2148f823b72e77f50d2a2af75088
results/2026.09.17-00.09_tilelang_hard-shape_seed=42/failed/timeout/failed_calls_main(f1)__f0()__f1(f0)_25569f01339fe43a.json,25569f01339fe43a,tilelang,timeout,超时证据不足,历史Region日志只有Execution timed out，不能区分编译慢、参考慢、资源压力和kernel hang,4,float16,"(13175, 12818, 316)","(256, 256, 16)",899e432c47b23cb8f8eb66efffcdbf32160ef82d8f1554075bb853c2033c68de
results/2026.09.17-00.09_tilelang_hard-shape_seed=42/failed/timeout/failed_calls_main(f1)__f0()__f1(f0)_414fd337401a49d1.json,414fd337401a49d1,tilelang,timeout,超时证据不足,历史Region日志只有Execution timed out，不能区分编译慢、参考慢、资源压力和kernel hang,4,float16,"(12897, 11970, 7836)","(256, 256, 16)",be7ad9caaad9fb6b7798fd79b5e8dc072ba73158dd13910290197655d77c8c93
results/2026.09.17-00.09_tilelang_hard-shape_seed=42/failed/timeout/failed_calls_main(f1)__f0()__f1(f0)_62f962652590174f.json,62f962652590174f,tilelang,timeout,超时证据不足,历史Region日志只有Execution timed out，不能区分编译慢、参考慢、资源压力和kernel hang,4,float32,"(820, 6080, 956)","(256, 256, 16)",8022921f9357b801f6951454b5e7d22f4ed380ffe1c9df60cbbcbe7565e86444
results/2026.09.17-00.09_tilelang_hard-shape_seed=42/failed/timeout/failed_calls_main(f1)__f0()__f1(f0)_baf2aee6e1795986.json,baf2aee6e1795986,tilelang,timeout,超时证据不足,历史Region日志只有Execution timed out，不能区分编译慢、参考慢、资源压力和kernel hang,4,float32,"(12662, 15305, 15050)","(128, 32, 64)",6ba239c53538537c0366be88ee7904bb31c49ecf8ebc870b5598d4a8e988af10
results/2026.09.17-00.09_tilelang_hard-shape_seed=42/failed/timeout/failed_calls_main(f1)__f0()__f1(f0)_caeea84ca186c6f9.json,caeea84ca186c6f9,tilelang,timeout,超时证据不足,历史Region日志只有Execution timed out，不能区分编译慢、参考慢、资源压力和kernel hang,4,float32,"(10210, 15937, 12368)","(64, 128, 32)",81736fdeaa13b1c3e0f94ced377548df93be82d4e54766f2dd1f9978141e55bc
results/2026.09.17-00.09_tilelang_hard-shape_seed=42/failed/timeout/failed_calls_main(f1)__f0()__f1(f0)_d4ba4b6a9eba6afc.json,d4ba4b6a9eba6afc,tilelang,timeout,超时证据不足,历史Region日志只有Execution timed out，不能区分编译慢、参考慢、资源压力和kernel hang,4,float32,"(16337, 16337, 6522)","(64, 64, 16)",e69cf641674ccb9edf1077602fce535c58f310474e0ae421de7ba628b5b914b9
results/2026.09.17-00.09_tilelang_hard-shape_seed=42/failed/timeout/failed_calls_main(f1)__f0()__f1(f0)_eee28dd441f944b0.json,eee28dd441f944b0,tilelang,timeout,超时证据不足,历史Region日志只有Execution timed out，不能区分编译慢、参考慢、资源压力和kernel hang,4,float32,"(15872, 15419, 7938)","(128, 16, 8)",38a10b105a7f1a0d237dadf3187a6931cfa12db45f1bf5ca36584506f3c1be3a
results/2026.09.17-00.09_tilelang_hard-shape_seed=42/failed/timeout/failed_calls_main(f1)__f0()__f1(f0)_ff88c8b90ad72eba.json,ff88c8b90ad72eba,tilelang,timeout,超时证据不足,历史Region日志只有Execution timed out，不能区分编译慢、参考慢、资源压力和kernel hang,4,float16,"(12407, 5382, 11099)","(256, 256, 8)",1ef4796807c31da47e191452211bd3fe3407101f4a05da9a9ac8501d2c230e99
results/2026.09.17-00.09_tilelang_hard-shape_seed=42/failed/timeout/failed_calls_main(f1)__f0()__f1(f0+f0)_32c1b552074518f5.json,32c1b552074518f5,tilelang,timeout,超时证据不足,历史Region日志只有Execution timed out，不能区分编译慢、参考慢、资源压力和kernel hang,4,float32,"(3555, 2922, 12407)","(256, 256, 16)",ef8718b7060224d5f0bbbbe1a7274e5cf76060036c6c1b1b73ed830191b37842
results/2026.09.17-00.09_tilelang_hard-shape_seed=42/failed/timeout/failed_calls_main(f1)__f0()__f1(f0+f0)_be38ef22f4760cf2.json,be38ef22f4760cf2,tilelang,timeout,超时证据不足,历史Region日志只有Execution timed out，不能区分编译慢、参考慢、资源压力和kernel hang,4,float16,"(13063, 15857, 7112)","(64, 256, 16)",8a6d7e1ed5c8593d6a23e9e7c9aa550756d65811ed0cf0f64c76e789ec85ce8a
results/2026.09.17-00.09_tilelang_hard-shape_seed=42/failed/timeout/failed_calls_main(f1)__f0()__f1(f0+f0)_dea5441c1dcbf62b.json,dea5441c1dcbf62b,tilelang,timeout,超时证据不足,历史Region日志只有Execution timed out，不能区分编译慢、参考慢、资源压力和kernel hang,4,float32,"(16069, 15439, 7862)","(64, 64, 32)",d8c4d74a389b84d2359c4cfd766237f06c9e0b2a89069f9e22b3839d5b248cb1
results/2026.09.17-00.09_tilelang_hard-shape_seed=42/failed/timeout/failed_calls_main(f1+f1)__f0()__f1(f0)_868e18319c4e4406.json,868e18319c4e4406,tilelang,timeout,超时证据不足,历史Region日志只有Execution timed out，不能区分编译慢、参考慢、资源压力和kernel hang,4,float32,"(13026, 15947, 14753)","(256, 64, 32)",b7ba0d44aad6ca7a959e26c5f4b9e34dfa9c2c9bb574b79e083d6c845ee24725
results/2026.09.17-00.09_tilelang_hard-shape_seed=42/failed/timeout/failed_calls_main(f1+f1)__f0()__f1(f0)_bca141277fedc3d9.json,bca141277fedc3d9,tilelang,timeout,超时证据不足,历史Region日志只有Execution timed out，不能区分编译慢、参考慢、资源压力和kernel hang,4,float32,"(14760, 8397, 11691)","(128, 16, 8)",bc3e3e476d2506f8072c9f7959566e3b785fd5a7c76008acac460ea1a190befe
results/2026.09.17-00.09_tilelang_hard-shape_seed=42/failed/timeout/failed_calls_main(f1+f1)__f0()__f1(f0+f0)_3f48d0b6f475de6b.json,3f48d0b6f475de6b,tilelang,timeout,超时证据不足,历史Region日志只有Execution timed out，不能区分编译慢、参考慢、资源压力和kernel hang,4,float32,"(4126, 2237, 8868)","(32, 64, 32)",9314bb3003edf8519978ab1c26e25d4cea13270c4c726c06cec2d42717cd708e
results/2026.09.17-00.09_tilelang_hard-shape_seed=42/failed/wrong_result/failed_calls_main(f0)__f0()_0020d98c0a5c5833.json,0020d98c0a5c5833,tilelang,wrong_result,K=8已知错误机制候选,与已确认K=8布局/列重复机制同配置；不能因block_K=8判非法，也不能未经缩减把全部219条算独立bug,4,float16,"(8535, 354, 2013)","(64, 64, 8)",7b1b7cd7b354f5edf839df57a7972ddf1cde20e4ff03cd964e8ded98901baaa1
results/2026.09.17-00.09_tilelang_hard-shape_seed=42/failed/wrong_result/failed_calls_main(f0)__f0()_07c24ad96fecc450.json,07c24ad96fecc450,tilelang,wrong_result,待确认,需要逐条缩减及独立语义验证,4,float32,"(5547, 12874, 7938)","(256, 256, 16)",6c1db53d498c7e32281a9437ccb0f74521c950be7182c11c2c1522fba26c02d3
results/2026.09.17-00.09_tilelang_hard-shape_seed=42/failed/wrong_result/failed_calls_main(f0)__f0()_0da6d0c2be30f70b.json,0da6d0c2be30f70b,tilelang,wrong_result,待确认,需要逐条缩减及独立语义验证,4,float32,"(6614, 1870, 12043)","(32, 256, 32)",6c7241a1d3bec56643c8d2f6fccee14217566102a442e16f3010f6056fbe6d2a
results/2026.09.17-00.09_tilelang_hard-shape_seed=42/failed/wrong_result/failed_calls_main(f0)__f0()_1218f5da71d55229.json,1218f5da71d55229,tilelang,wrong_result,K=8已知错误机制候选,与已确认K=8布局/列重复机制同配置；不能因block_K=8判非法，也不能未经缩减把全部219条算独立bug,4,float16,"(3354, 3010, 12043)","(128, 128, 8)",73e71583a75d7c27fb3f28d7fbb1705825927c61267497e2f58d77ea1babcb8c
results/2026.09.17-00.09_tilelang_hard-shape_seed=42/failed/wrong_result/failed_calls_main(f0)__f0()_14fb2bf46316c558.json,14fb2bf46316c558,tilelang,wrong_result,待确认,需要逐条缩减及独立语义验证,4,float16,"(13305, 10976, 13650)","(32, 32, 64)",b151d66c387e49d5d702f6eb0bef835cee04eb2daf9ec446fd01af9b8f46e23a
results/2026.09.17-00.09_tilelang_hard-shape_seed=42/failed/wrong_result/failed_calls_main(f0)__f0()_1851f6115468b7c2.json,1851f6115468b7c2,tilelang,wrong_result,待确认,需要逐条缩减及独立语义验证,4,float32,"(3720, 3387, 10870)","(256, 128, 16)",1542260fd6b71aa7665dcfde0b93d6bbece3f7cc6ae2ac87cd9f4c192917ca12
results/2026.09.17-00.09_tilelang_hard-shape_seed=42/failed/wrong_result/failed_calls_main(f0)__f0()_1a2150a8b284569d.json,1a2150a8b284569d,tilelang,wrong_result,K=8已知错误机制候选,与已确认K=8布局/列重复机制同配置；不能因block_K=8判非法，也不能未经缩减把全部219条算独立bug,4,float16,"(1904, 1904, 2124)","(128, 64, 8)",abacd593b73c2bfa7a7d66e08d09dc6f4f908f28a835a6d51224cd61660df788
results/2026.09.17-00.09_tilelang_hard-shape_seed=42/failed/wrong_result/failed_calls_main(f0)__f0()_1d712dacdea3f79a.json,1d712dacdea3f79a,tilelang,wrong_result,K=8已知错误机制候选,与已确认K=8布局/列重复机制同配置；不能因block_K=8判非法，也不能未经缩减把全部219条算独立bug,4,float16,"(2318, 3672, 15975)","(16, 64, 8)",12769b91d19bc1ac8a7cf204ab70f297450b9399620aac3e8798efdfeb39c5b2
results/2026.09.17-00.09_tilelang_hard-shape_seed=42/failed/wrong_result/failed_calls_main(f0)__f0()_2084fb43cec9240e.json,2084fb43cec9240e,tilelang,wrong_result,K=8已知错误机制候选,与已确认K=8布局/列重复机制同配置；不能因block_K=8判非法，也不能未经缩减把全部219条算独立bug,4,float16,"(3741, 4218, 14613)","(128, 128, 8)",db9ad0b950473b920deb2b03cc7dab23f56de94cbff2d0836768ba0436206333
results/2026.09.17-00.09_tilelang_hard-shape_seed=42/failed/wrong_result/failed_calls_main(f0)__f0()_221a313e89027d1b.json,221a313e89027d1b,tilelang,wrong_result,待确认,需要逐条缩减及独立语义验证,4,float16,"(14948, 113, 11201)","(64, 128, 128)",8389310a6f4f2d33abc87005c014e906dcf6c07815b53925b5072d3382ddcbf5
results/2026.09.17-00.09_tilelang_hard-shape_seed=42/failed/wrong_result/failed_calls_main(f0)__f0()_243a883a62de33c1.json,243a883a62de33c1,tilelang,wrong_result,待确认,需要逐条缩减及独立语义验证,4,float32,"(3261, 3741, 13281)","(32, 64, 32)",afe0d945cd08b7645dc598fea3da177db29e284bc0175b9a8fc5c9a0a1133775
results/2026.09.17-00.09_tilelang_hard-shape_seed=42/failed/wrong_result/failed_calls_main(f0)__f0()_2688ad55ebd2308b.json,2688ad55ebd2308b,tilelang,wrong_result,待确认,需要逐条缩减及独立语义验证,4,float16,"(3143, 4074, 12332)","(32, 256, 8)",7b063c037a9fb4ddfd48cf650291775bd2b91376a30aeff0476b137a126b24f1
results/2026.09.17-00.09_tilelang_hard-shape_seed=42/failed/wrong_result/failed_calls_main(f0)__f0()_27dba9ca8e348e54.json,27dba9ca8e348e54,tilelang,wrong_result,K=8已知错误机制候选,与已确认K=8布局/列重复机制同配置；不能因block_K=8判非法，也不能未经缩减把全部219条算独立bug,4,float16,"(3909, 2458, 4182)","(32, 64, 8)",7727bc799724562d150db3698b006d8844749b1256bc5893ad04bd5953bba197
results/2026.09.17-00.09_tilelang_hard-shape_seed=42/failed/wrong_result/failed_calls_main(f0)__f0()_30e94ba93317e469.json,30e94ba93317e469,tilelang,wrong_result,待确认,需要逐条缩减及独立语义验证,4,float32,"(12304, 2011, 2011)","(64, 16, 16)",3ecb1c02f39390160a3c832ffda465b2a2b126f7e54ad170e2453c010dfdd31c
results/2026.09.17-00.09_tilelang_hard-shape_seed=42/failed/wrong_result/failed_calls_main(f0)__f0()_32d482333aafe7be.json,32d482333aafe7be,tilelang,wrong_result,待确认,需要逐条缩减及独立语义验证,4,float32,"(9684, 7938, 4572)","(128, 32, 8)",9c35e22b5397b2e49b21f698bfa9f1c4614631658b3bdb83d3e4071a6b94a882
results/2026.09.17-00.09_tilelang_hard-shape_seed=42/failed/wrong_result/failed_calls_main(f0)__f0()_4b3a8cbb3ea87f6b.json,4b3a8cbb3ea87f6b,tilelang,wrong_result,待确认,需要逐条缩减及独立语义验证,4,float32,"(2229, 5632, 2229)","(64, 16, 32)",3fd9123d8c51c877c5cd7066a35f9565c4d513204230f79a2369764e165a7eb6
results/2026.09.17-00.09_tilelang_hard-shape_seed=42/failed/wrong_result/failed_calls_main(f0)__f0()_4e8dcb9406793771.json,4e8dcb9406793771,tilelang,wrong_result,K=8已知错误机制候选,与已确认K=8布局/列重复机制同配置；不能因block_K=8判非法，也不能未经缩减把全部219条算独立bug,4,float16,"(2625, 3226, 10527)","(64, 32, 8)",583b4ff09c4efde523546035d08d98d99b7f9625ce89519ab5888287e0c5ae65
results/2026.09.17-00.09_tilelang_hard-shape_seed=42/failed/wrong_result/failed_calls_main(f0)__f0()_51864a6ba856023b.json,51864a6ba856023b,tilelang,wrong_result,待确认,需要逐条缩减及独立语义验证,4,float32,"(4190, 2875, 2684)","(16, 64, 32)",c55a448d9b405f51657d8bdc9e1d2b6c52a0b91b6e6dc582ca3beca6aa032cb3
results/2026.09.17-00.09_tilelang_hard-shape_seed=42/failed/wrong_result/failed_calls_main(f0)__f0()_51b4c8df06f2602e.json,51b4c8df06f2602e,tilelang,wrong_result,待确认,需要逐条缩减及独立语义验证,4,float16,"(3261, 3770, 16200)","(64, 64, 16)",d731aabc915fc1eee73f7dd102ff59e3686c6c51d5fa98f3c05fb4f788758670
results/2026.09.17-00.09_tilelang_hard-shape_seed=42/failed/wrong_result/failed_calls_main(f0)__f0()_6159b722fb6f5de2.json,6159b722fb6f5de2,tilelang,wrong_result,K=8已知错误机制候选,与已确认K=8布局/列重复机制同配置；不能因block_K=8判非法，也不能未经缩减把全部219条算独立bug,4,float16,"(9597, 5955, 5801)","(64, 64, 8)",99cbb827e0ae1599958bebc24c1b67970079b0e99bdbe9893a345f2f36303742
results/2026.09.17-00.09_tilelang_hard-shape_seed=42/failed/wrong_result/failed_calls_main(f0)__f0()_6640a7655141a7f4.json,6640a7655141a7f4,tilelang,wrong_result,K=8已知错误机制候选,与已确认K=8布局/列重复机制同配置；不能因block_K=8判非法，也不能未经缩减把全部219条算独立bug,4,float16,"(9906, 789, 16023)","(64, 64, 8)",f6be824d0fd861a32fb34ae7a78e06fbcb14b051bb962f4c5df20da88b1b1960
results/2026.09.17-00.09_tilelang_hard-shape_seed=42/failed/wrong_result/failed_calls_main(f0)__f0()_6921f3aa0a758f38.json,6921f3aa0a758f38,tilelang,wrong_result,待确认,需要逐条缩减及独立语义验证,4,float16,"(9916, 8155, 12125)","(32, 128, 8)",30ee764cacd7aeac983efa865e5b1cebfd30b75b628f9bb9399c41bbb06a3d5a
results/2026.09.17-00.09_tilelang_hard-shape_seed=42/failed/wrong_result/failed_calls_main(f0)__f0()_6a04a9be557b401d.json,6a04a9be557b401d,tilelang,wrong_result,K=8已知错误机制候选,与已确认K=8布局/列重复机制同配置；不能因block_K=8判非法，也不能未经缩减把全部219条算独立bug,4,float16,"(12619, 12619, 1332)","(256, 64, 8)",d9dc50d248808487ce7b6a82757624230cd4fd319c07fe64ba33c7d9f27d66a6
results/2026.09.17-00.09_tilelang_hard-shape_seed=42/failed/wrong_result/failed_calls_main(f0)__f0()_6d51133d9ab16f7e.json,6d51133d9ab16f7e,tilelang,wrong_result,待确认,需要逐条缩减及独立语义验证,4,float16,"(2411, 15666, 40)","(64, 32, 64)",b362f13c9afc55e2b97bc1b4a1156b5c20c16313c243bc206e652f0280df2427
results/2026.09.17-00.09_tilelang_hard-shape_seed=42/failed/wrong_result/failed_calls_main(f0)__f0()_7059b99552cf3a87.json,7059b99552cf3a87,tilelang,wrong_result,K=8已知错误机制候选,与已确认K=8布局/列重复机制同配置；不能因block_K=8判非法，也不能未经缩减把全部219条算独立bug,4,float16,"(1791, 3258, 820)","(128, 256, 8)",1ef2bd53c4bd820291ab88352c46a10cdd2eff47da39d6b4478ca24504af5837
results/2026.09.17-00.09_tilelang_hard-shape_seed=42/failed/wrong_result/failed_calls_main(f0)__f0()_7196a944fc732d25.json,7196a944fc732d25,tilelang,wrong_result,待确认,需要逐条缩减及独立语义验证,4,float32,"(9942, 1085, 796)","(32, 32, 8)",405c152a262618d5edd609604988592e144baff40eb9e2c884f8bc29e4e2c83e
results/2026.09.17-00.09_tilelang_hard-shape_seed=42/failed/wrong_result/failed_calls_main(f0)__f0()_7f58b7c78fbc617b.json,7f58b7c78fbc617b,tilelang,wrong_result,待确认,需要逐条缩减及独立语义验证,4,float32,"(8096, 1904, 12800)","(64, 16, 8)",29421c068187b850dac5dc01511cd746b8d82167d56147e797bb6c98156ef7ef
results/2026.09.17-00.09_tilelang_hard-shape_seed=42/failed/wrong_result/failed_calls_main(f0)__f0()_801e6534ab0c8fd9.json,801e6534ab0c8fd9,tilelang,wrong_result,K=8已知错误机制候选,与已确认K=8布局/列重复机制同配置；不能因block_K=8判非法，也不能未经缩减把全部219条算独立bug,4,float16,"(749, 2173, 1904)","(256, 64, 8)",ef6fca31d7d89f518530b3459ad324ab8aa4750e8d4814644277520c4a21f49b
results/2026.09.17-00.09_tilelang_hard-shape_seed=42/failed/wrong_result/failed_calls_main(f0)__f0()_9c8a824f3378d2e2.json,9c8a824f3378d2e2,tilelang,wrong_result,待确认,需要逐条缩减及独立语义验证,4,float16,"(452, 12108, 2075)","(256, 128, 16)",3d5d0345ddf541ec53dd6967536f81265fc019466b72883a10fdb59ff2d24b91
results/2026.09.17-00.09_tilelang_hard-shape_seed=42/failed/wrong_result/failed_calls_main(f0)__f0()_9f20b5d5b60ecdfc.json,9f20b5d5b60ecdfc,tilelang,wrong_result,K=8已知错误机制候选,与已确认K=8布局/列重复机制同配置；不能因block_K=8判非法，也不能未经缩减把全部219条算独立bug,4,float16,"(3200, 2712, 6913)","(64, 32, 8)",e1e27c5165594704e4412acae4bf84eaee28e17f5bb770a5ce94c39aa1bcbf1a
results/2026.09.17-00.09_tilelang_hard-shape_seed=42/failed/wrong_result/failed_calls_main(f0)__f0()_9f5e6ca4b898c19f.json,9f5e6ca4b898c19f,tilelang,wrong_result,K=8已知错误机制候选,与已确认K=8布局/列重复机制同配置；不能因block_K=8判非法，也不能未经缩减把全部219条算独立bug,4,float16,"(2744, 5120, 1692)","(32, 64, 8)",3314be7fc4c2bbb41ea93f5023964ee921bd8684ebe8fd708b15017229c091da
results/2026.09.17-00.09_tilelang_hard-shape_seed=42/failed/wrong_result/failed_calls_main(f0)__f0()_a00d1f78946b98e7.json,a00d1f78946b98e7,tilelang,wrong_result,待确认,需要逐条缩减及独立语义验证,4,float32,"(10500, 13469, 10500)","(128, 128, 16)",3b51a8365cb2010b33866c017c6474366562b17cacf6b944d52cb4d073dd0362
results/2026.09.17-00.09_tilelang_hard-shape_seed=42/failed/wrong_result/failed_calls_main(f0)__f0()_a052e78eb64f6b05.json,a052e78eb64f6b05,tilelang,wrong_result,待确认,需要逐条缩减及独立语义验证,4,float32,"(2093, 4006, 10502)","(32, 128, 16)",f83c95192d346d6b73ed21dd78819e1b2c359a8bab80bfd51318bc9e5899ce01
results/2026.09.17-00.09_tilelang_hard-shape_seed=42/failed/wrong_result/failed_calls_main(f0)__f0()_aa1a3e398fa6a2c2.json,aa1a3e398fa6a2c2,tilelang,wrong_result,待确认,需要逐条缩减及独立语义验证,4,float32,"(15857, 14163, 14163)","(32, 256, 32)",a1d6c983fa5e208a5cfce081fea51ca90a4a038c69561dab48458a0c87fb5da5
results/2026.09.17-00.09_tilelang_hard-shape_seed=42/failed/wrong_result/failed_calls_main(f0)__f0()_ab813f49adb39990.json,ab813f49adb39990,tilelang,wrong_result,待确认,需要逐条缩减及独立语义验证,4,float16,"(2535, 3377, 14928)","(64, 64, 32)",d396145092fef481c13acf4f3a0960ed8cb1637f7a8458d7da55791cf72dd544
results/2026.09.17-00.09_tilelang_hard-shape_seed=42/failed/wrong_result/failed_calls_main(f0)__f0()_ad273da2f3e49135.json,ad273da2f3e49135,tilelang,wrong_result,待确认,需要逐条缩减及独立语义验证,4,float16,"(3481, 3096, 6428)","(64, 64, 32)",04169049559256ccf3e9e2671d4208438d13d1889affa10f9fd13dbd5eff73a2
results/2026.09.17-00.09_tilelang_hard-shape_seed=42/failed/wrong_result/failed_calls_main(f0)__f0()_b09a58f6793edfb1.json,b09a58f6793edfb1,tilelang,wrong_result,待确认,需要逐条缩减及独立语义验证,4,float32,"(129, 7230, 16041)","(32, 32, 8)",97264898e706128638173b2ab6f8b9b76a5755b193fec965062d91024763c73f
results/2026.09.17-00.09_tilelang_hard-shape_seed=42/failed/wrong_result/failed_calls_main(f0)__f0()_b62ad79665f9a330.json,b62ad79665f9a330,tilelang,wrong_result,K=8已知错误机制候选,与已确认K=8布局/列重复机制同配置；不能因block_K=8判非法，也不能未经缩减把全部219条算独立bug,4,float16,"(3889, 4010, 3153)","(16, 64, 8)",9f8a67a9753c67c296327746993fbd46027cabe7bc2a5ef209c73c18de26be8d
results/2026.09.17-00.09_tilelang_hard-shape_seed=42/failed/wrong_result/failed_calls_main(f0)__f0()_b8a85f159980f255.json,b8a85f159980f255,tilelang,wrong_result,待确认,需要逐条缩减及独立语义验证,4,float32,"(1709, 5796, 12793)","(128, 256, 32)",1cd7b159579c6c150c2aeadbc9c2f42c66aa7bf6df24f025160343ddb9bb37f2
results/2026.09.17-00.09_tilelang_hard-shape_seed=42/failed/wrong_result/failed_calls_main(f0)__f0()_bca6a61878e2dd06.json,bca6a61878e2dd06,tilelang,wrong_result,待确认,需要逐条缩减及独立语义验证,4,float32,"(8601, 4586, 14699)","(32, 64, 8)",7ee40f3fd8fbd9af131d8e062c402bf3fe5d507ac0c7aff8ad4d967d278acc55
results/2026.09.17-00.09_tilelang_hard-shape_seed=42/failed/wrong_result/failed_calls_main(f0)__f0()_bcfbe7ecf7cdb49f.json,bcfbe7ecf7cdb49f,tilelang,wrong_result,待确认,需要逐条缩减及独立语义验证,4,float32,"(198, 13068, 7269)","(128, 128, 32)",a0f0f2382e363b01a9482894c96af907ead68f1838f92fde3ae62b544eb9d4a1
results/2026.09.17-00.09_tilelang_hard-shape_seed=42/failed/wrong_result/failed_calls_main(f0)__f0()_c7f2a4190dc9afc4.json,c7f2a4190dc9afc4,tilelang,wrong_result,K=8已知错误机制候选,与已确认K=8布局/列重复机制同配置；不能因block_K=8判非法，也不能未经缩减把全部219条算独立bug,4,float16,"(11082, 15953, 5828)","(64, 64, 8)",ec146f00850808f2d55ec7928bc46719e48b13f3ffbbea3f0101dda6dfe91e4d
results/2026.09.17-00.09_tilelang_hard-shape_seed=42/failed/wrong_result/failed_calls_main(f0)__f0()_cbba6148daf896b5.json,cbba6148daf896b5,tilelang,wrong_result,待确认,需要逐条缩减及独立语义验证,4,float32,"(6800, 8994, 6714)","(32, 32, 128)",904f661211543e7dfd3b3e130fc24d7d9775ac903be0acebae4c4d1844040cfb
results/2026.09.17-00.09_tilelang_hard-shape_seed=42/failed/wrong_result/failed_calls_main(f0)__f0()_d07e7a351ad90dcc.json,d07e7a351ad90dcc,tilelang,wrong_result,K=8已知错误机制候选,与已确认K=8布局/列重复机制同配置；不能因block_K=8判非法，也不能未经缩减把全部219条算独立bug,4,float16,"(1906, 1629, 977)","(32, 64, 8)",3f6d7b4fb294643d3af664b96e6236461097bcf8e609e4e2a3b87e03aeda226a
results/2026.09.17-00.09_tilelang_hard-shape_seed=42/failed/wrong_result/failed_calls_main(f0)__f0()_d2bcade6251479a1.json,d2bcade6251479a1,tilelang,wrong_result,待确认,需要逐条缩减及独立语义验证,4,float16,"(16233, 3959, 13358)","(64, 16, 128)",3fcb32613d85bca3759b08c2a58de964c11a9848fcad2238ac805cc595c32b9d
results/2026.09.17-00.09_tilelang_hard-shape_seed=42/failed/wrong_result/failed_calls_main(f0)__f0()_d55d856e88801294.json,d55d856e88801294,tilelang,wrong_result,K=8已知错误机制候选,与已确认K=8布局/列重复机制同配置；不能因block_K=8判非法，也不能未经缩减把全部219条算独立bug,4,float16,"(8025, 8025, 870)","(64, 64, 8)",44168dccf4840fa21096709dfb05e5e84ad6ffd7e35b5ca2a252b5d7999d7b9a
results/2026.09.17-00.09_tilelang_hard-shape_seed=42/failed/wrong_result/failed_calls_main(f0)__f0()_d96ef41045e1d209.json,d96ef41045e1d209,tilelang,wrong_result,K=8已知错误机制候选,与已确认K=8布局/列重复机制同配置；不能因block_K=8判非法，也不能未经缩减把全部219条算独立bug,4,float16,"(15872, 3812, 6165)","(64, 32, 8)",ad6616aadb8166c5ac2d252dfc9eeafd9a933622a8c1379df6e1ec2d12b26059
results/2026.09.17-00.09_tilelang_hard-shape_seed=42/failed/wrong_result/failed_calls_main(f0)__f0()_dd8c1f70b1c296aa.json,dd8c1f70b1c296aa,tilelang,wrong_result,待确认,需要逐条缩减及独立语义验证,4,float32,"(13232, 12670, 5439)","(32, 128, 8)",61f65dfea4ccb9b418fa57fa4f8c764ae9aeb110d9596adbd1afec69110a6bba
results/2026.09.17-00.09_tilelang_hard-shape_seed=42/failed/wrong_result/failed_calls_main(f0)__f0()_e141552c2a74f820.json,e141552c2a74f820,tilelang,wrong_result,待确认,需要逐条缩减及独立语义验证,4,float32,"(7249, 314, 16069)","(32, 32, 8)",dda91589e735795f0f9c60c7bb0e51f44be6a0edd56d3976aee40e81cf6696d9
results/2026.09.17-00.09_tilelang_hard-shape_seed=42/failed/wrong_result/failed_calls_main(f0)__f0()_e408a28cb3a9a040.json,e408a28cb3a9a040,tilelang,wrong_result,待确认,需要逐条缩减及独立语义验证,4,float32,"(2891, 4299, 840)","(64, 16, 16)",c7139c857a374234667e4e46c9371e7db9e0dc41b191db3d0edaaf84488fdd1c
results/2026.09.17-00.09_tilelang_hard-shape_seed=42/failed/wrong_result/failed_calls_main(f0)__f0()_e4273bec0ef24b91.json,e4273bec0ef24b91,tilelang,wrong_result,K=8已知错误机制候选,与已确认K=8布局/列重复机制同配置；不能因block_K=8判非法，也不能未经缩减把全部219条算独立bug,4,float16,"(2822, 13305, 13175)","(64, 64, 8)",66801af28b71d63f3ecfb2fd0f4e98f998fd5fbe994f9c8a23347e910cd42f83
results/2026.09.17-00.09_tilelang_hard-shape_seed=42/failed/wrong_result/failed_calls_main(f0)__f0()_e99b43d2cdaf42fc.json,e99b43d2cdaf42fc,tilelang,wrong_result,K=8已知错误机制候选,与已确认K=8布局/列重复机制同配置；不能因block_K=8判非法，也不能未经缩减把全部219条算独立bug,4,float16,"(3374, 3374, 7837)","(256, 128, 8)",4ac836317f097e7311650c769df50e05ba7014585f703fa92358a2197e9b7c08
results/2026.09.17-00.09_tilelang_hard-shape_seed=42/failed/wrong_result/failed_calls_main(f0)__f0()_ea6b8563a5f2a929.json,ea6b8563a5f2a929,tilelang,wrong_result,待确认,需要逐条缩减及独立语义验证,4,float32,"(1777, 3101, 8514)","(64, 64, 32)",821c0444712fd93e1f3504610ea5ebd705249e9105b9e3caee761ac5798a42a2
results/2026.09.17-00.09_tilelang_hard-shape_seed=42/failed/wrong_result/failed_calls_main(f0)__f0()_ecdaea33661a053e.json,ecdaea33661a053e,tilelang,wrong_result,待确认,需要逐条缩减及独立语义验证,4,float32,"(3080, 3031, 5439)","(256, 16, 8)",76925a944ae14eb8abfc6b02efea4cf31116af55222d8788ba296f75c13cb33f
results/2026.09.17-00.09_tilelang_hard-shape_seed=42/failed/wrong_result/failed_calls_main(f0)__f0()_ee65302206f90a62.json,ee65302206f90a62,tilelang,wrong_result,待确认,需要逐条缩减及独立语义验证,4,float16,"(13412, 14163, 13412)","(32, 256, 16)",e97b539b7dceedfc2ad42e7eaccfe7a069a6ca684d9acf9d06caf59e10a2e0f0
results/2026.09.17-00.09_tilelang_hard-shape_seed=42/failed/wrong_result/failed_calls_main(f0)__f0()_ef2d61f0a3ecf3d6.json,ef2d61f0a3ecf3d6,tilelang,wrong_result,待确认,需要逐条缩减及独立语义验证,4,float32,"(16214, 6242, 6242)","(32, 128, 64)",66817441c05dcfb44c5eeec7718b96d82338703a8dcbe04e4458ffde32ec86a3
results/2026.09.17-00.09_tilelang_hard-shape_seed=42/failed/wrong_result/failed_calls_main(f0)__f0()_f0e985ed93da0db7.json,f0e985ed93da0db7,tilelang,wrong_result,K=8已知错误机制候选,与已确认K=8布局/列重复机制同配置；不能因block_K=8判非法，也不能未经缩减把全部219条算独立bug,4,float16,"(9586, 3392, 12793)","(16, 128, 8)",255a33e28009abcd8fa9d6e8d062a32fd0bdd0f1e3075ae15fbcd3ef1710c3b0
results/2026.09.17-00.09_tilelang_hard-shape_seed=42/failed/wrong_result/failed_calls_main(f0)__f0()_f14f66f0b2adb8aa.json,f14f66f0b2adb8aa,tilelang,wrong_result,K=8已知错误机制候选,与已确认K=8布局/列重复机制同配置；不能因block_K=8判非法，也不能未经缩减把全部219条算独立bug,4,float16,"(4586, 6332, 2011)","(32, 64, 8)",05feeb90be258679726604c6bca63651e30153a3441e95375044528c524430df
results/2026.09.17-00.09_tilelang_hard-shape_seed=42/failed/wrong_result/failed_calls_main(f0)__f0()_f7af88f0a4f8f1cc.json,f7af88f0a4f8f1cc,tilelang,wrong_result,K=8已知错误机制候选,与已确认K=8布局/列重复机制同配置；不能因block_K=8判非法，也不能未经缩减把全部219条算独立bug,4,float16,"(9013, 820, 977)","(64, 64, 8)",1c1455316a4883d86e657c6ff3b6895c00875deff951a6d6708779dc41b429be
results/2026.09.17-00.09_tilelang_hard-shape_seed=42/failed/wrong_result/failed_calls_main(f0)__f0()_f7d2155b26faf8a2.json,f7d2155b26faf8a2,tilelang,wrong_result,K=8已知错误机制候选,与已确认K=8布局/列重复机制同配置；不能因block_K=8判非法，也不能未经缩减把全部219条算独立bug,4,float16,"(1587, 12543, 16158)","(64, 64, 8)",4ead48713be6a9216707a6338779bfb5b986aafd67339a8b29d2e51c27576337
results/2026.09.17-00.09_tilelang_hard-shape_seed=42/failed/wrong_result/failed_calls_main(f0+f0)__f0()_0359da476df0cce3.json,0359da476df0cce3,tilelang,wrong_result,待确认,需要逐条缩减及独立语义验证,4,float32,"(113, 10324, 1487)","(32, 128, 32)",87706a92edf21425697b543767fa9a9dc077bb6ca71b656f9729bfd963330b7e
results/2026.09.17-00.09_tilelang_hard-shape_seed=42/failed/wrong_result/failed_calls_main(f0+f0)__f0()_0b45d2522c3e4abf.json,0b45d2522c3e4abf,tilelang,wrong_result,K=8已知错误机制候选,与已确认K=8布局/列重复机制同配置；不能因block_K=8判非法，也不能未经缩减把全部219条算独立bug,4,float16,"(3833, 2950, 13551)","(64, 256, 8)",a257dc8b075cfeb4300642cea35b531a247cc2f1e9982fac0351a80912f77395
results/2026.09.17-00.09_tilelang_hard-shape_seed=42/failed/wrong_result/failed_calls_main(f0+f0)__f0()_2d5c4323cb3fb5be.json,2d5c4323cb3fb5be,tilelang,wrong_result,待确认,需要逐条缩减及独立语义验证,4,float32,"(2293, 3584, 1048)","(128, 64, 16)",1ec93937a2bb291527ffbac27f3471e2054bc1596450caaf28abd4749ba62de0
results/2026.09.17-00.09_tilelang_hard-shape_seed=42/failed/wrong_result/failed_calls_main(f0+f0)__f0()_697ae50970fa6eb0.json,697ae50970fa6eb0,tilelang,wrong_result,待确认,需要逐条缩减及独立语义验证,4,float32,"(2393, 4786, 12384)","(64, 256, 16)",d42fa58af0a8015848407efe26ae526066e0968843790258fd7cb4fe15d98322
results/2026.09.17-00.09_tilelang_hard-shape_seed=42/failed/wrong_result/failed_calls_main(f0+f0)__f0()_9fe10da1362b68a2.json,9fe10da1362b68a2,tilelang,wrong_result,待确认,需要逐条缩减及独立语义验证,4,float32,"(3317, 4566, 4586)","(128, 16, 8)",ddca18d51ccfcd982a74fd8d6a5e28f748437edb29e8c54daaa43bdc4333c99f
results/2026.09.17-00.09_tilelang_hard-shape_seed=42/failed/wrong_result/failed_calls_main(f0+f0)__f0()_a61808895089043d.json,a61808895089043d,tilelang,wrong_result,待确认,需要逐条缩减及独立语义验证,4,float32,"(5387, 6994, 15296)","(128, 128, 32)",2f3ccfee9db105a152e48ed2cbb8ede83ecf14b3e18d8835913828289ffae954
results/2026.09.17-00.09_tilelang_hard-shape_seed=42/failed/wrong_result/failed_calls_main(f0+f0)__f0()_a9d9ce9af974f29e.json,a9d9ce9af974f29e,tilelang,wrong_result,K=8已知错误机制候选,与已确认K=8布局/列重复机制同配置；不能因block_K=8判非法，也不能未经缩减把全部219条算独立bug,4,float16,"(2068, 2647, 2822)","(32, 128, 8)",1f77ecfd6878d26200a7d62705f73e6a56f4b75c3b0c0e0a8c3e5acd6f2a3439
results/2026.09.17-00.09_tilelang_hard-shape_seed=42/failed/wrong_result/failed_calls_main(f0+f0)__f0()_ae7882b42809d604.json,ae7882b42809d604,tilelang,wrong_result,待确认,需要逐条缩减及独立语义验证,4,float32,"(4694, 3031, 9916)","(64, 64, 16)",6cf799b86ed4c84db00057644eb26fcb8c0c71cd4a51a5ef14a2a0534504bb6c
results/2026.09.17-00.09_tilelang_hard-shape_seed=42/failed/wrong_result/failed_calls_main(f0+f0)__f0()_c7725eefa3444d5e.json,c7725eefa3444d5e,tilelang,wrong_result,待确认,需要逐条缩减及独立语义验证,4,float16,"(6704, 16214, 973)","(256, 64, 8)",42f084e054374204105ae563571a547cf5ebb87a1f4c3bfbf32c1ff083b7af1d
results/2026.09.17-00.09_tilelang_hard-shape_seed=42/failed/wrong_result/failed_calls_main(f0+f0)__f0()_cbaa9d3b19d9dab6.json,cbaa9d3b19d9dab6,tilelang,wrong_result,待确认,需要逐条缩减及独立语义验证,4,float32,"(3866, 3826, 16158)","(64, 32, 64)",39c0cca3852275d3418532e6b5168f2f4027ac6188b70d430e066829dc536e96
results/2026.09.17-00.09_tilelang_hard-shape_seed=42/failed/wrong_result/failed_calls_main(f0+f0)__f0()_e3b4509c8a0a8923.json,e3b4509c8a0a8923,tilelang,wrong_result,待确认,需要逐条缩减及独立语义验证,4,float32,"(6709, 4732, 13228)","(128, 128, 32)",7bd682989eb20a87dfff4ed7b5a2233e8e924ba1dae69e8b441acf9e515532b0
results/2026.09.17-00.09_tilelang_hard-shape_seed=42/failed/wrong_result/failed_calls_main(f0+f1)__f0()__f1(f0)_2df6c0b9761d844e.json,2df6c0b9761d844e,tilelang,wrong_result,K=8已知错误机制候选,与已确认K=8布局/列重复机制同配置；不能因block_K=8判非法，也不能未经缩减把全部219条算独立bug,4,float16,"(4831, 3193, 13705)","(32, 256, 8)",4bd1de5e825b390f82ed923d1d2c15bc3ea4a7cfafc7c5f52c2e69ac5ec1c043
results/2026.09.17-00.09_tilelang_hard-shape_seed=42/failed/wrong_result/failed_calls_main(f0+f1)__f0()__f1(f0)_a2b25c7f49d7c68e.json,a2b25c7f49d7c68e,tilelang,wrong_result,待确认,需要逐条缩减及独立语义验证,4,float16,"(3153, 7230, 7915)","(128, 256, 32)",3f9d5a9c3dc174f56f7e7a14dea15fb5ae66228507872428395ccd986c4c8fb6
results/2026.09.17-00.09_tilelang_hard-shape_seed=42/failed/wrong_result/failed_calls_main(f0+f1)__f0()__f1(f0)_f42e800a9826ad7e.json,f42e800a9826ad7e,tilelang,wrong_result,待确认,需要逐条缩减及独立语义验证,4,float32,"(6453, 314, 6453)","(32, 128, 32)",7b023ea3ed56443ce78c1ec2c8b4868bdc5da6785e9b1905af01ec66b386c143
results/2026.09.17-00.09_tilelang_hard-shape_seed=42/failed/wrong_result/failed_calls_main(f1)__f0()__f1(f0)_159dafd7d00c99d7.json,159dafd7d00c99d7,tilelang,wrong_result,K=8已知错误机制候选,与已确认K=8布局/列重复机制同配置；不能因block_K=8判非法，也不能未经缩减把全部219条算独立bug,4,float16,"(2702, 4378, 14984)","(16, 256, 8)",8a647d76f37bcac4e79d5e24cf1f3cb0b1d73496bb2f9297eefc0b89a5b4a2a9
results/2026.09.17-00.09_tilelang_hard-shape_seed=42/failed/wrong_result/failed_calls_main(f1)__f0()__f1(f0)_185556e889350b1a.json,185556e889350b1a,tilelang,wrong_result,待确认,需要逐条缩减及独立语义验证,4,float32,"(7837, 11460, 10512)","(128, 128, 8)",e8abcf80e882436a9e906f9bafc288d6cba1c9b23a98406b9aabb0907bec47fc
results/2026.09.17-00.09_tilelang_hard-shape_seed=42/failed/wrong_result/failed_calls_main(f1)__f0()__f1(f0)_24277591216cb348.json,24277591216cb348,tilelang,wrong_result,待确认,需要逐条缩减及独立语义验证,4,float32,"(11058, 10419, 1167)","(64, 64, 32)",afda708cd99590365f2936372bcda863958a3da45e2e44e163bf1042b9b13dad
results/2026.09.17-00.09_tilelang_hard-shape_seed=42/failed/wrong_result/failed_calls_main(f1)__f0()__f1(f0)_25ba42649b6eaf53.json,25ba42649b6eaf53,tilelang,wrong_result,K=8已知错误机制候选,与已确认K=8布局/列重复机制同配置；不能因block_K=8判非法，也不能未经缩减把全部219条算独立bug,4,float16,"(12575, 13817, 9310)","(32, 256, 8)",57e66e8e5d3f491cfa165aa837657a0d6c7d20c9f27df8b55931327294f3fbf1
results/2026.09.17-00.09_tilelang_hard-shape_seed=42/failed/wrong_result/failed_calls_main(f1)__f0()__f1(f0)_28f72378986c993f.json,28f72378986c993f,tilelang,wrong_result,待确认,需要逐条缩减及独立语义验证,4,float32,"(2403, 3532, 3532)","(32, 32, 64)",1770fd397e33a67b549d5868e62221f235d236c23dae48fcc26cbe18949f88ab
results/2026.09.17-00.09_tilelang_hard-shape_seed=42/failed/wrong_result/failed_calls_main(f1)__f0()__f1(f0)_2c3617ddaa361954.json,2c3617ddaa361954,tilelang,wrong_result,K=8已知错误机制候选,与已确认K=8布局/列重复机制同配置；不能因block_K=8判非法，也不能未经缩减把全部219条算独立bug,4,float16,"(8428, 12070, 6629)","(128, 128, 8)",0d90669e0807321ce4b0d7b717aaddefd0163264acad936b0cbb9c2fcc742cbc
results/2026.09.17-00.09_tilelang_hard-shape_seed=42/failed/wrong_result/failed_calls_main(f1)__f0()__f1(f0)_2cc486df5785c2df.json,2cc486df5785c2df,tilelang,wrong_result,待确认,需要逐条缩减及独立语义验证,4,float32,"(1539, 5698, 12368)","(32, 32, 8)",e4df194263c0125e3d172d966da6b373e5ef1ea08cd085560f8772a6acd01735
results/2026.09.17-00.09_tilelang_hard-shape_seed=42/failed/wrong_result/failed_calls_main(f1)__f0()__f1(f0)_2ec9403881eeb05b.json,2ec9403881eeb05b,tilelang,wrong_result,K=8已知错误机制候选,与已确认K=8布局/列重复机制同配置；不能因block_K=8判非法，也不能未经缩减把全部219条算独立bug,4,float16,"(4411, 14738, 3901)","(64, 64, 8)",5ed478fe8cd7841c6cf443dc16f4ce317cd551661cf710702eb605398d99e7e5
results/2026.09.17-00.09_tilelang_hard-shape_seed=42/failed/wrong_result/failed_calls_main(f1)__f0()__f1(f0)_331614d75d90fd49.json,331614d75d90fd49,tilelang,wrong_result,待确认,需要逐条缩减及独立语义验证,4,float32,"(2570, 1658, 10766)","(16, 64, 64)",5e9fdc06d6f4de5b8c97879805672b17d4640f69a926c862b171397a9c71fbf0
results/2026.09.17-00.09_tilelang_hard-shape_seed=42/failed/wrong_result/failed_calls_main(f1)__f0()__f1(f0)_340c678ad4e97966.json,340c678ad4e97966,tilelang,wrong_result,K=8已知错误机制候选,与已确认K=8布局/列重复机制同配置；不能因block_K=8判非法，也不能未经缩减把全部219条算独立bug,4,float16,"(3387, 4732, 6461)","(32, 128, 8)",eaf15b709325112f05523cd7897a06d56ace5eff86358bbec32ce2aed022d503
results/2026.09.17-00.09_tilelang_hard-shape_seed=42/failed/wrong_result/failed_calls_main(f1)__f0()__f1(f0)_4b4598adfecc2fd5.json,4b4598adfecc2fd5,tilelang,wrong_result,待确认,需要逐条缩减及独立语义验证,4,float32,"(3055, 3909, 8757)","(64, 64, 32)",9d5ed9af9d04c686e8bec2e823a0e33037e7747ec3dc6ceefc7d7333001ec591
results/2026.09.17-00.09_tilelang_hard-shape_seed=42/failed/wrong_result/failed_calls_main(f1)__f0()__f1(f0)_4ea43113c0c45fec.json,4ea43113c0c45fec,tilelang,wrong_result,待确认,需要逐条缩减及独立语义验证,4,float32,"(15712, 7667, 15050)","(256, 32, 32)",a989fa5f564018483ff0d363687168bc615fbfc711cd13a5f3ee36310503a9e5
results/2026.09.17-00.09_tilelang_hard-shape_seed=42/failed/wrong_result/failed_calls_main(f1)__f0()__f1(f0)_5827db79c4d6ef46.json,5827db79c4d6ef46,tilelang,wrong_result,待确认,需要逐条缩减及独立语义验证,4,float32,"(15937, 8725, 2075)","(64, 16, 32)",abf296c560e81e77ea288f95a02e3274f3db3b38117e8c62584e257a1172e6d8
results/2026.09.17-00.09_tilelang_hard-shape_seed=42/failed/wrong_result/failed_calls_main(f1)__f0()__f1(f0)_65595c97cd832d8a.json,65595c97cd832d8a,tilelang,wrong_result,待确认,需要逐条缩减及独立语义验证,4,float32,"(3791, 2889, 13271)","(16, 256, 32)",06ecf99fc7be99b285be0effa9b875dd7d297391228a7a7e19e7e090e3bbe654
results/2026.09.17-00.09_tilelang_hard-shape_seed=42/failed/wrong_result/failed_calls_main(f1)__f0()__f1(f0)_6df4000699b7836e.json,6df4000699b7836e,tilelang,wrong_result,待确认,需要逐条缩减及独立语义验证,4,float32,"(3210, 2693, 6308)","(16, 32, 32)",da1d12f9bd72389df67810454b62512aa673f425c4c77092a93cdd8f9336aed4
results/2026.09.17-00.09_tilelang_hard-shape_seed=42/failed/wrong_result/failed_calls_main(f1)__f0()__f1(f0)_6fedd4a64e95de53.json,6fedd4a64e95de53,tilelang,wrong_result,待确认,需要逐条缩减及独立语义验证,4,float32,"(11803, 15050, 7441)","(64, 32, 64)",5734afd8ff04f2f0a513a09ff0376aa1113bee9f7201db115d0ba8cce7647458
results/2026.09.17-00.09_tilelang_hard-shape_seed=42/failed/wrong_result/failed_calls_main(f1)__f0()__f1(f0)_8b9f558fc24295dc.json,8b9f558fc24295dc,tilelang,wrong_result,待确认,需要逐条缩减及独立语义验证,4,float32,"(9204, 5828, 5387)","(256, 256, 8)",0c39b190a8917312ca2f9b4d368234c8c8edea791795d63d7998af9143492396
results/2026.09.17-00.09_tilelang_hard-shape_seed=42/failed/wrong_result/failed_calls_main(f1)__f0()__f1(f0)_9173a0be57836489.json,9173a0be57836489,tilelang,wrong_result,待确认,需要逐条缩减及独立语义验证,4,float16,"(4065, 2099, 9432)","(32, 32, 16)",53dcf03f0d66ca0d0014f04e3bee371f498bc8f8cccfbbda620ca2f2b7583467
results/2026.09.17-00.09_tilelang_hard-shape_seed=42/failed/wrong_result/failed_calls_main(f1)__f0()__f1(f0)_96a5da604428ea28.json,96a5da604428ea28,tilelang,wrong_result,待确认,需要逐条缩减及独立语义验证,4,float32,"(4948, 3089, 11691)","(32, 64, 32)",35c3df0167f507f4a9c5fc7ee47ad0b31e5bbb64563d55021025106292a1995c
results/2026.09.17-00.09_tilelang_hard-shape_seed=42/failed/wrong_result/failed_calls_main(f1)__f0()__f1(f0)_9e3bfd509129f17c.json,9e3bfd509129f17c,tilelang,wrong_result,待确认,需要逐条缩减及独立语义验证,4,float32,"(5387, 13115, 5439)","(256, 16, 32)",b212540551f1e4afd38ed25e42be682536b84a911b3ff78119156a1d75cca3ca
results/2026.09.17-00.09_tilelang_hard-shape_seed=42/failed/wrong_result/failed_calls_main(f1)__f0()__f1(f0)_9f7ebac83735d616.json,9f7ebac83735d616,tilelang,wrong_result,K=8已知错误机制候选,与已确认K=8布局/列重复机制同配置；不能因block_K=8判非法，也不能未经缩减把全部219条算独立bug,4,float16,"(13184, 11032, 11612)","(16, 64, 8)",f3be32b41d0ff2865c2f7c0016e766963353afc6a7926b65842d0633f318b5aa
results/2026.09.17-00.09_tilelang_hard-shape_seed=42/failed/wrong_result/failed_calls_main(f1)__f0()__f1(f0)_a6560cb8c4e58dd0.json,a6560cb8c4e58dd0,tilelang,wrong_result,待确认,需要逐条缩减及独立语义验证,4,float32,"(3387, 2366, 10743)","(64, 16, 128)",45cec2fef7c966f3eb9f79391d01ec6ad1258f682fde4b0d4caac599c4ad4cba
results/2026.09.17-00.09_tilelang_hard-shape_seed=42/failed/wrong_result/failed_calls_main(f1)__f0()__f1(f0)_b2ab0d2e502a3c06.json,b2ab0d2e502a3c06,tilelang,wrong_result,待确认,需要逐条缩减及独立语义验证,4,float16,"(3017, 2719, 9389)","(64, 64, 64)",416e74fb13fb5ac27b3254a8063d16baefda067b28b85f4a7bb04a90d485d3e5
results/2026.09.17-00.09_tilelang_hard-shape_seed=42/failed/wrong_result/failed_calls_main(f1)__f0()__f1(f0)_b45974314a99b414.json,b45974314a99b414,tilelang,wrong_result,待确认,需要逐条缩减及独立语义验证,4,float32,"(12549, 12726, 15073)","(32, 32, 16)",cbf4dc56e717488a975a1306e62d6adf51fa130f768f1276d1ece54664c1ad4f
results/2026.09.17-00.09_tilelang_hard-shape_seed=42/failed/wrong_result/failed_calls_main(f1)__f0()__f1(f0)_b5512f2b341bbd06.json,b5512f2b341bbd06,tilelang,wrong_result,K=8已知错误机制候选,与已确认K=8布局/列重复机制同配置；不能因block_K=8判非法，也不能未经缩减把全部219条算独立bug,4,float16,"(4801, 3256, 9603)","(128, 256, 8)",a98ee95b12f335943faba02882d00e0c4df7fb49e5349b44c2bae12af38f0e69
results/2026.09.17-00.09_tilelang_hard-shape_seed=42/failed/wrong_result/failed_calls_main(f1)__f0()__f1(f0)_c231b23e9f6e297a.json,c231b23e9f6e297a,tilelang,wrong_result,待确认,需要逐条缩减及独立语义验证,4,float32,"(2147, 4077, 13232)","(16, 128, 16)",8c1a68492ec9aadcb8eb135a256fc5518e51a79eab77bbe5264e8b7187b778a5
results/2026.09.17-00.09_tilelang_hard-shape_seed=42/failed/wrong_result/failed_calls_main(f1)__f0()__f1(f0)_c272ce7a6a06acec.json,c272ce7a6a06acec,tilelang,wrong_result,待确认,需要逐条缩减及独立语义验证,4,float16,"(14673, 2777, 7948)","(32, 32, 16)",e8f1bf908c5395d0d132691ab9d550ce35da35da6a897402ebd186ac6b91c6e4
results/2026.09.17-00.09_tilelang_hard-shape_seed=42/failed/wrong_result/failed_calls_main(f1)__f0()__f1(f0)_d340db789f40f7b7.json,d340db789f40f7b7,tilelang,wrong_result,待确认,需要逐条缩减及独立语义验证,4,float32,"(15953, 9899, 12337)","(64, 64, 8)",f6a3c1c981afdf568079a7a7d5e70171318ffb6906c54b20a722a8735ed1e41f
results/2026.09.17-00.09_tilelang_hard-shape_seed=42/failed/wrong_result/failed_calls_main(f1)__f0()__f1(f0)_d3e9059dcf7d3479.json,d3e9059dcf7d3479,tilelang,wrong_result,待确认,需要逐条缩减及独立语义验证,4,float32,"(10951, 6913, 1167)","(128, 32, 16)",edccf7d5d0f4ec14c705597fade4a64ca1d65564f35d20906e0159a4b3fb1b3d
results/2026.09.17-00.09_tilelang_hard-shape_seed=42/failed/wrong_result/failed_calls_main(f1)__f0()__f1(f0)_d662a47117723e99.json,d662a47117723e99,tilelang,wrong_result,待确认,需要逐条缩减及独立语义验证,4,float16,"(4912, 13550, 8206)","(32, 64, 64)",9f0e05a17f9bc2b82cc3e84ccb2d193ddcec78f8bd6b30b60201626f5c36aed8
results/2026.09.17-00.09_tilelang_hard-shape_seed=42/failed/wrong_result/failed_calls_main(f1)__f0()__f1(f0)_d9616589164f15e1.json,d9616589164f15e1,tilelang,wrong_result,待确认,需要逐条缩减及独立语义验证,4,float32,"(7938, 633, 10966)","(64, 16, 32)",82cab7aef524fedebdfd1e8984db50f73766797bfee8aef153af34be7cd939ea
results/2026.09.17-00.09_tilelang_hard-shape_seed=42/failed/wrong_result/failed_calls_main(f1)__f0()__f1(f0)_da7ac83a3c11f836.json,da7ac83a3c11f836,tilelang,wrong_result,待确认,需要逐条缩减及独立语义验证,4,float32,"(2075, 13073, 12400)","(16, 256, 32)",853b34788c2275ec6a3b99a28a52ae67d59b65e07b544751f260ec377b66d47c
results/2026.09.17-00.09_tilelang_hard-shape_seed=42/failed/wrong_result/failed_calls_main(f1)__f0()__f1(f0)_dd33f86c88364cc2.json,dd33f86c88364cc2,tilelang,wrong_result,待确认,需要逐条缩减及独立语义验证,4,float32,"(2513, 15073, 8618)","(32, 32, 16)",f21fb9802df4c93571599208a4e8517ad3748988ce60db23f7491f215985c495
results/2026.09.17-00.09_tilelang_hard-shape_seed=42/failed/wrong_result/failed_calls_main(f1)__f0()__f1(f0)_ddc28237e5f4be24.json,ddc28237e5f4be24,tilelang,wrong_result,K=8已知错误机制候选,与已确认K=8布局/列重复机制同配置；不能因block_K=8判非法，也不能未经缩减把全部219条算独立bug,4,float16,"(309, 13358, 406)","(128, 128, 8)",111215e560ecf5856c3acb2d3102141919422a69c7083186b98deef9918a8b2f
results/2026.09.17-00.09_tilelang_hard-shape_seed=42/failed/wrong_result/failed_calls_main(f1)__f0()__f1(f0)_e8c05e399900d626.json,e8c05e399900d626,tilelang,wrong_result,K=8已知错误机制候选,与已确认K=8布局/列重复机制同配置；不能因block_K=8判非法，也不能未经缩减把全部219条算独立bug,4,float16,"(3918, 3629, 7646)","(128, 128, 8)",3169716955a3034342243f96dabe12c22c3c1aede873c3b7ae1fc3e2a2a41ddc
results/2026.09.17-00.09_tilelang_hard-shape_seed=42/failed/wrong_result/failed_calls_main(f1)__f0()__f1(f0)_ec95204d488e4b75.json,ec95204d488e4b75,tilelang,wrong_result,K=8已知错误机制候选,与已确认K=8布局/列重复机制同配置；不能因block_K=8判非法，也不能未经缩减把全部219条算独立bug,4,float16,"(1993, 3497, 15296)","(128, 128, 8)",c28d7c6c83a19e885777faa581503584b14397f1105c309cb16ba4a5b69c9b91
results/2026.09.17-00.09_tilelang_hard-shape_seed=42/failed/wrong_result/failed_calls_main(f1)__f0()__f1(f0)_ede7e3bda513e8e6.json,ede7e3bda513e8e6,tilelang,wrong_result,待确认,需要逐条缩减及独立语义验证,4,float32,"(3710, 2649, 8428)","(32, 64, 128)",672d6d36063081dc849930577fa22e19046a99e7e8a008ed616e5cd69c872b06
results/2026.09.17-00.09_tilelang_hard-shape_seed=42/failed/wrong_result/failed_calls_main(f1)__f0()__f1(f0)_f1c7ba3e1bfd4a23.json,f1c7ba3e1bfd4a23,tilelang,wrong_result,K=8已知错误机制候选,与已确认K=8布局/列重复机制同配置；不能因block_K=8判非法，也不能未经缩减把全部219条算独立bug,4,float16,"(10223, 5118, 12010)","(16, 64, 8)",74202309d53ac09e9d816f2bf070bf8696bad991e5c0c4600db85b118e2cbd99
results/2026.09.17-00.09_tilelang_hard-shape_seed=42/failed/wrong_result/failed_calls_main(f1)__f0()__f1(f0)_fa957362afa6f149.json,fa957362afa6f149,tilelang,wrong_result,待确认,需要逐条缩减及独立语义验证,4,float32,"(6269, 10976, 6269)","(32, 32, 128)",c89bd5825da79b922b4f7d16e8cdcb7a15521276a52e04c811ca3eef12301926
results/2026.09.17-00.09_tilelang_hard-shape_seed=42/failed/wrong_result/failed_calls_main(f1)__f0()__f1(f0)_ffa22be8f9c56578.json,ffa22be8f9c56578,tilelang,wrong_result,待确认,需要逐条缩减及独立语义验证,4,float32,"(2406, 12043, 2406)","(16, 32, 16)",75dcd45b3bd20d742aa2b12d835c234a9ba6001853458d2ac1d7690c615a02d8
results/2026.09.17-00.09_tilelang_hard-shape_seed=42/failed/wrong_result/failed_calls_main(f1)__f0()__f1(f0+f0)_230070a9e68b891d.json,230070a9e68b891d,tilelang,wrong_result,待确认,需要逐条缩减及独立语义验证,4,float32,"(6114, 4294, 6114)","(64, 32, 8)",193c854731013e62a99b59de298a2e2011d1c309de34d75db12b1cb6eb88eaee
results/2026.09.17-00.09_tilelang_hard-shape_seed=42/failed/wrong_result/failed_calls_main(f1)__f0()__f1(f0+f0)_5fddbf859a2447d1.json,5fddbf859a2447d1,tilelang,wrong_result,待确认,需要逐条缩减及独立语义验证,4,float32,"(5098, 16192, 9913)","(64, 64, 16)",14e291cfc3cfb81821140366f6a333608d9bfea555375096ce8894e66f9ec967
results/2026.09.17-00.09_tilelang_hard-shape_seed=42/failed/wrong_result/failed_calls_main(f1)__f0()__f1(f0+f0)_9e60e73366b4c3d4.json,9e60e73366b4c3d4,tilelang,wrong_result,待确认,需要逐条缩减及独立语义验证,4,float32,"(1483, 11037, 14710)","(32, 16, 8)",2c0936e1abcd65e75839b28f5d757bffb2c4df8f09df7b4f918736bd0195268d
results/2026.09.17-00.09_tilelang_hard-shape_seed=42/failed/wrong_result/failed_calls_main(f1)__f0()__f1(f0+f0)_ccce873007aa99cf.json,ccce873007aa99cf,tilelang,wrong_result,待确认,需要逐条缩减及独立语义验证,4,float32,"(13650, 9486, 4819)","(128, 16, 32)",a3ee2946ef6443152bab1555abda314fdbf538f815de436360d21cd8fb814372
results/2026.09.17-00.09_tilelang_hard-shape_seed=42/failed/wrong_result/failed_calls_main(f1)__f0()__f1(f0+f0)_d0a588a27e2d7042.json,d0a588a27e2d7042,tilelang,wrong_result,待确认,需要逐条缩减及独立语义验证,4,float16,"(1544, 2474, 11876)","(64, 64, 128)",b7838f44a672c2c99e669a7d94d07adb22246814288962effea3a0bc36e2f359
results/2026.09.17-00.09_tilelang_hard-shape_seed=42/failed/wrong_result/failed_calls_main(f1)__f0()__f1(f0+f0)_d832dc35dff8f7aa.json,d832dc35dff8f7aa,tilelang,wrong_result,待确认,需要逐条缩减及独立语义验证,4,float16,"(6081, 3424, 7948)","(128, 16, 32)",a333a8af534660fcd22625a36023306b46f0b32889d3fdd4a22e9eea2733fcf7
results/2026.09.17-00.09_tilelang_hard-shape_seed=42/failed/wrong_result/failed_calls_main(f1)__f0()__f1(f0+f0+f0)_1b5b1cb9232bb179.json,1b5b1cb9232bb179,tilelang,wrong_result,K=8已知错误机制候选,与已确认K=8布局/列重复机制同配置；不能因block_K=8判非法，也不能未经缩减把全部219条算独立bug,4,float16,"(3040, 2922, 1734)","(32, 64, 8)",6f3f8f674f22e81f5f6b5b758578e733adf3f8dd697d22c5e5bbab554b18c0d6
results/2026.09.17-00.09_tilelang_hard-shape_seed=42/failed/wrong_result/failed_calls_main(f1)__f0()__f1(f0+f0+f0)_270c47461831e3b4.json,270c47461831e3b4,tilelang,wrong_result,K=8已知错误机制候选,与已确认K=8布局/列重复机制同配置；不能因block_K=8判非法，也不能未经缩减把全部219条算独立bug,4,float16,"(3018, 3190, 6128)","(32, 256, 8)",67cb4e18a719dff181e50d592535e05e8e8d5adffe2453ff8b7f72c2ddec6f99
results/2026.09.17-00.09_tilelang_hard-shape_seed=42/failed/wrong_result/failed_calls_main(f1)__f0()__f1(f0+f0+f0)_f2b9551b8de4cb16.json,f2b9551b8de4cb16,tilelang,wrong_result,待确认,需要逐条缩减及独立语义验证,4,float32,"(3387, 3045, 11803)","(32, 128, 8)",1a4cbf5b90de74ab6e58b7326bd53bed3f6d39c2f23aaa0042221343881ccc91
results/2026.09.17-00.09_tilelang_hard-shape_seed=42/failed/wrong_result/failed_calls_main(f1+f0+f1)__f0()__f1(f0)_805ba017197103b7.json,805ba017197103b7,tilelang,wrong_result,K=8已知错误机制候选,与已确认K=8布局/列重复机制同配置；不能因block_K=8判非法，也不能未经缩减把全部219条算独立bug,4,float16,"(10223, 5384, 1408)","(64, 64, 8)",3fdaae39b520f568b9a62aaa86d068e865b70574d9c92ef69339626ad3856b6d
results/2026.09.17-00.09_tilelang_hard-shape_seed=42/failed/wrong_result/failed_calls_main(f1+f1)__f0()__f1(f0)_285b248b6f8a4c98.json,285b248b6f8a4c98,tilelang,wrong_result,待确认,需要逐条缩减及独立语义验证,4,float32,"(3964, 3768, 6401)","(128, 128, 16)",3cabecedb3221375cea6e061a169cb502167cfec7143167f75780a85dc458d17
results/2026.09.17-00.09_tilelang_hard-shape_seed=42/failed/wrong_result/failed_calls_main(f1+f1)__f0()__f1(f0)_7b223c5c80567ad0.json,7b223c5c80567ad0,tilelang,wrong_result,待确认,需要逐条缩减及独立语义验证,4,float16,"(1709, 6947, 11593)","(64, 32, 32)",2239cb75d3baa910ce43c74794607b9bde0b261bdd513c88133646ee1cd221c2
results/2026.09.17-00.09_tilelang_hard-shape_seed=42/failed/wrong_result/failed_calls_main(f1+f1)__f0()__f1(f0)_846049758d1c3587.json,846049758d1c3587,tilelang,wrong_result,待确认,需要逐条缩减及独立语义验证,4,float32,"(1483, 13399, 15634)","(16, 128, 64)",d2836613313d1e9515bbd9018f34e80e598ae9c8d44e5938654be2fac8f17842
results/2026.09.17-00.09_tilelang_hard-shape_seed=42/failed/wrong_result/failed_calls_main(f1+f1)__f0()__f1(f0)_84e1c6d2d644664a.json,84e1c6d2d644664a,tilelang,wrong_result,K=8已知错误机制候选,与已确认K=8布局/列重复机制同配置；不能因block_K=8判非法，也不能未经缩减把全部219条算独立bug,4,float16,"(5547, 15139, 4765)","(128, 64, 8)",475b185bf96eca898399868134e7cfba964fedf2bb0a43fbab9a6b5e8eca3733
results/2026.09.17-00.09_tilelang_hard-shape_seed=42/failed/wrong_result/failed_calls_main(f1+f1)__f0()__f1(f0)_b07ce2ea1101ad50.json,b07ce2ea1101ad50,tilelang,wrong_result,待确认,需要逐条缩减及独立语义验证,4,float32,"(7441, 15305, 12662)","(64, 64, 64)",1f924b2bb4e93672480bf07ca50e07f647c212a84bee5498137c433965de8a22
results/2026.09.17-00.09_tilelang_hard-shape_seed=42/failed/wrong_result/failed_calls_main(f1+f1)__f0()__f1(f0)_db245b98c0fd3cbe.json,db245b98c0fd3cbe,tilelang,wrong_result,待确认,需要逐条缩减及独立语义验证,4,float32,"(2813, 5484, 1332)","(64, 16, 32)",631da6c5ebc512fd46f58a1573176fe15fb9d2c9a55ae4aae8a56cf2fcf9ce90
results/2026.09.17-00.09_tilelang_hard-shape_seed=42/failed/wrong_result/failed_calls_main(f1+f1)__f0()__f1(f0+f0)_edb67d0ef94e4cad.json,edb67d0ef94e4cad,tilelang,wrong_result,待确认,需要逐条缩减及独立语义验证,4,float32,"(3574, 3574, 1069)","(128, 32, 64)",45e20a92fa426ff3f363b787531df51d76bba3a0cc787dd6e439e8e950cc2348
results/2026.09.17-20.03_tilelang_hard-shape_seed=42/failed/shared_memory_overflow/failed_calls_main(f0)__f0()_63197f3b90bc156c.json,63197f3b90bc156c,tilelang,shared_memory_overflow,非有效目标编译器bug,请求动态shared memory超过sm_89每block 99328字节限制；生成/资源预算不足,4,float16,"(3071, 977, 3359)","(256, 256, 8)",0b1204a912f8722c890cc809e605713baed00cc9063f20cbfb37799533cd8a0e
results/2026.09.17-20.03_tilelang_hard-shape_seed=42/failed/shared_memory_overflow/failed_calls_main(f0+f1)__f0()__f1(f0)_157e98c889d77091.json,157e98c889d77091,tilelang,shared_memory_overflow,非有效目标编译器bug,请求动态shared memory超过sm_89每block 99328字节限制；生成/资源预算不足,4,float32,"(2849, 2849, 1042)","(256, 256, 16)",f34d7bcc49773b6883065dbab36fc878b579baf6e46c7759f125bf1eeb1fc4bd
results/2026.09.17-20.03_tilelang_hard-shape_seed=42/failed/timeout/failed_calls_main(f1+f1)__f0()__f1(f0+f0)_36b016fa9bacb9c7.json,36b016fa9bacb9c7,tilelang,timeout,超时证据不足,历史Region日志只有Execution timed out，不能区分编译慢、参考慢、资源压力和kernel hang,4,float16,"(13747, 1042, 870)","(128, 256, 16)",13fe8b26d4d64fdfa7d6efab199abf04471648d934fea80f88d648168c19d286
results/2026.09.17-20.03_triton_hard-shape_seed=42/failed/segfault/failed_calls_main(f0)__f0()_4abdeda508af655d.json,4abdeda508af655d,triton,segfault,已复现目标编译器bug,原始kernel在无GPU分配/执行的sm_89离线编译中SIGSEGV，make_ttgir的pass manager内崩溃,4,float32,"(1403, 11838, 15844)","(32, 32, 128)",932579c558cf5c5438baab098703908aaa68e43c5aa1f70c9dc335753497c4fa
results/2026.09.17-20.03_triton_hard-shape_seed=42/failed/segfault/failed_calls_main(f0)__f0()_89c78dac886d1d7f.json,89c78dac886d1d7f,triton,segfault,已复现目标编译器bug,原始kernel在无GPU分配/执行的sm_89离线编译中SIGSEGV，make_ttgir的pass manager内崩溃,4,float32,"(2807, 2259, 3976)","(64, 64, 16)",f41268d4dd52d8dbb00746a97e300191e5998ef4885b8714550f894775e6f3f2
results/2026.09.17-20.03_triton_hard-shape_seed=42/failed/segfault/failed_calls_main(f0)__f0()_8ad3b949e6d9231d.json,8ad3b949e6d9231d,triton,segfault,已复现目标编译器bug,原始kernel在无GPU分配/执行的sm_89离线编译中SIGSEGV，make_ttgir的pass manager内崩溃,4,float32,"(9807, 15424, 8831)","(64, 16, 64)",7ffb64cc54243306016b48efbf848e1e7dff65f075d834605678815d0d627086
results/2026.09.17-20.03_triton_hard-shape_seed=42/failed/segfault/failed_calls_main(f0)__f0()_b64e206066c8908c.json,b64e206066c8908c,triton,segfault,已复现目标编译器bug,原始kernel在无GPU分配/执行的sm_89离线编译中SIGSEGV，make_ttgir的pass manager内崩溃,4,float16,"(11944, 227, 14036)","(32, 64, 64)",abb2e979b9d7398ddf0c3d3856427c5cf9398496ea563ab1edd7357a160195cc
results/2026.09.17-20.03_triton_hard-shape_seed=42/failed/segfault/failed_calls_main(f0+f0)__f0()_1796662e5b874fa4.json,1796662e5b874fa4,triton,segfault,已复现目标编译器bug,原始kernel在无GPU分配/执行的sm_89离线编译中SIGSEGV，make_ttgir的pass manager内崩溃,4,float32,"(977, 7624, 7315)","(32, 64, 64)",8467150ac8928ddb9209561bf13b6f80d634139baef4bf1bf117e3b9eaa16078
results/2026.09.17-20.03_triton_hard-shape_seed=42/failed/segfault/failed_calls_main(f0+f0)__f0()_763befa7ee13e574.json,763befa7ee13e574,triton,segfault,已复现目标编译器bug,原始kernel在无GPU分配/执行的sm_89离线编译中SIGSEGV，make_ttgir的pass manager内崩溃,4,float32,"(12961, 12961, 563)","(32, 128, 32)",e776d6cdf2310845aed4be2cc329f2fdde30fe668e32572648b26a33e7bf5de3
results/2026.09.17-20.03_triton_hard-shape_seed=42/failed/segfault/failed_calls_main(f0+f0)__f0()_d8270e223918f5c1.json,d8270e223918f5c1,triton,segfault,已复现目标编译器bug,原始kernel在无GPU分配/执行的sm_89离线编译中SIGSEGV，make_ttgir的pass manager内崩溃,4,float16,"(1565, 4788, 12961)","(16, 64, 128)",39187e810f61e7cac7728fb8d42ce12ac1243828a256163a4402e059c619cc6d
results/2026.09.17-20.03_triton_hard-shape_seed=42/failed/segfault/failed_calls_main(f0+f1)__f0()__f1(f0+f0)_dcdc8a69f3340218.json,dcdc8a69f3340218,triton,segfault,已复现目标编译器bug,原始kernel在无GPU分配/执行的sm_89离线编译中SIGSEGV，make_ttgir的pass manager内崩溃,4,float16,"(3574, 3999, 672)","(16, 64, 16)",dae93adc4705d9931388b5d60f51cf00667bea0cd0f59b81ca486a71eaf872ae
results/2026.09.17-20.03_triton_hard-shape_seed=42/failed/segfault/failed_calls_main(f1)__f0()__f1(f0)_00de2d00b06201eb.json,00de2d00b06201eb,triton,segfault,已复现目标编译器bug,原始kernel在无GPU分配/执行的sm_89离线编译中SIGSEGV，make_ttgir的pass manager内崩溃,4,float16,"(3976, 13433, 14775)","(128, 32, 16)",c91cdf27fff835f1c099d2c7e56f8a45e630c0b7ac73d2f2754df7505c97dd18
results/2026.09.17-20.03_triton_hard-shape_seed=42/failed/segfault/failed_calls_main(f1)__f0()__f1(f0)_0b3e5c0c6f41a3f0.json,0b3e5c0c6f41a3f0,triton,segfault,已复现目标编译器bug,原始kernel在无GPU分配/执行的sm_89离线编译中SIGSEGV，make_ttgir的pass manager内崩溃,4,float16,"(4322, 3358, 8015)","(16, 64, 16)",8f0bbd8318647ccc7627032b3ea7efcae5ddb109114283cf24605a9485b70407
results/2026.09.17-20.03_triton_hard-shape_seed=42/failed/segfault/failed_calls_main(f1)__f0()__f1(f0)_364b967e3a571539.json,364b967e3a571539,triton,segfault,已复现目标编译器bug,原始kernel在无GPU分配/执行的sm_89离线编译中SIGSEGV，make_ttgir的pass manager内崩溃,4,float16,"(2651, 4584, 191)","(32, 32, 64)",9d23b493d08bd8d487d08aa5e2b94d8d34491d49518da0584cded469a5589daf
results/2026.09.17-20.03_triton_hard-shape_seed=42/failed/segfault/failed_calls_main(f1)__f0()__f1(f0)_ef92867c4b700b15.json,ef92867c4b700b15,triton,segfault,已复现目标编译器bug,原始kernel在无GPU分配/执行的sm_89离线编译中SIGSEGV，make_ttgir的pass manager内崩溃,4,float32,"(11576, 2120, 672)","(32, 128, 32)",480ab471665a7fce1375f3b136ace8aac5e903611a590991627b24488f22b5a8
results/2026.09.17-20.03_triton_hard-shape_seed=42/failed/segfault/failed_calls_main(f1+f1)__f0()__f1(f0)_363629d429199594.json,363629d429199594,triton,segfault,已复现目标编译器bug,原始kernel在无GPU分配/执行的sm_89离线编译中SIGSEGV，make_ttgir的pass manager内崩溃,4,float32,"(13275, 7566, 7566)","(128, 16, 16)",128344236f6db046838f921c4d10f0abfed7f65cc7e71c924b4705b75b46522d
results/2026.09.17-20.03_triton_hard-shape_seed=42/failed/timeout/failed_calls_main(f0+f0)__f0()_ac9c675b51b02b1f.json,ac9c675b51b02b1f,triton,timeout,超时证据不足,历史Region日志只有Execution timed out，不能区分编译慢、参考慢、资源压力和kernel hang,4,float32,"(15424, 14397, 15424)","(32, 32, 128)",ac6d5fda63f46d3a8bd77920624de8e18af10403a85b670cc96d362a4f9c245d
results/2026.09.17-20.03_triton_hard-shape_seed=42/failed/wrong_result/failed_calls_main(f0)__f0()_17355a666cb053a9.json,17355a666cb053a9,triton,wrong_result,待确认,需要逐条缩减及独立语义验证,4,float32,"(3797, 1980, 15980)","(32, 32, 64)",44c265e24b5b74f7c816d8b0526adfa83b517d2989fb49ca34a4e0b632c7fb35
results/2026.09.17-20.03_triton_hard-shape_seed=42/failed/wrong_result/failed_calls_main(f0)__f0()_4409eae38c76d331.json,4409eae38c76d331,triton,wrong_result,待确认,需要逐条缩减及独立语义验证,4,float32,"(191, 5303, 12266)","(128, 32, 32)",bf8da6bbd47ed592c1051eb03afabcbba607de7754e25ab5111529b34056485e
results/2026.09.17-20.03_triton_hard-shape_seed=42/failed/wrong_result/failed_calls_main(f0)__f0()_45016fd047d9ab84.json,45016fd047d9ab84,triton,wrong_result,待确认,需要逐条缩减及独立语义验证,4,float32,"(15424, 7409, 5970)","(32, 64, 64)",ee92091365e1ba8b3465889bd11e72583d3380c03f0cb84e52c587dc2f72322e
results/2026.09.17-20.03_triton_hard-shape_seed=42/failed/wrong_result/failed_calls_main(f0)__f0()_716b7523dd7b98f2.json,716b7523dd7b98f2,triton,wrong_result,待确认,需要逐条缩减及独立语义验证,4,float32,"(2209, 4418, 4788)","(32, 16, 64)",123fb95133bd67f2e1f1fa24d66f076a8d00b8e6527203107a3a062fbb298f9b
results/2026.09.17-20.03_triton_hard-shape_seed=42/failed/wrong_result/failed_calls_main(f0)__f0()_841bc7d15a64b188.json,841bc7d15a64b188,triton,wrong_result,待确认,需要逐条缩减及独立语义验证,4,float32,"(2894, 1560, 13275)","(32, 32, 128)",67942d264f0617b4b50dcca361bc7d3babdbc5dc345c1e81e8cc1fc01eae6425
results/2026.09.17-20.03_triton_hard-shape_seed=42/failed/wrong_result/failed_calls_main(f0+f0+f0)__f0()_eede970745f8084b.json,eede970745f8084b,triton,wrong_result,待确认,需要逐条缩减及独立语义验证,4,float32,"(11781, 717, 796)","(16, 16, 64)",2f8379a4db28a9a15caaa5c9f73e2b61176551c266358a86a48d671519475c34
results/2026.09.17-20.03_triton_hard-shape_seed=42/failed/wrong_result/failed_calls_main(f1)__f0()__f1(f0)_367a45c58384be82.json,367a45c58384be82,triton,wrong_result,待确认,需要逐条缩减及独立语义验证,4,float32,"(3066, 3066, 14221)","(32, 32, 128)",880831b158445287e5e3114faba8cbbc87488cf38e1088179fee10c82a6a5496
results/2026.09.17-20.03_triton_hard-shape_seed=42/failed/wrong_result/failed_calls_main(f1)__f0()__f1(f0)_4ac97c19b71802ce.json,4ac97c19b71802ce,triton,wrong_result,待确认,需要逐条缩减及独立语义验证,4,float32,"(7624, 9116, 13747)","(16, 32, 128)",9bd2e70e1bc178f624d6475adc0b65927afc61229de82535e4588ea3632085f0
results/2026.09.17-20.03_triton_hard-shape_seed=42/failed/wrong_result/failed_calls_main(f1)__f0()__f1(f0)_77d881ee06e238ee.json,77d881ee06e238ee,triton,wrong_result,待确认,需要逐条缩减及独立语义验证,4,float32,"(2849, 3680, 977)","(64, 64, 16)",f8109a8a0ac3514cbd0630dcce81f72d5d87ee4cd535dc3d504c861cb0a75a7f
results/2026.09.17-20.03_triton_hard-shape_seed=42/failed/wrong_result/failed_calls_main(f1)__f0()__f1(f0)_9365faff344b2a6a.json,9365faff344b2a6a,triton,wrong_result,待确认,需要逐条缩减及独立语义验证,4,float32,"(1533, 1928, 5970)","(128, 16, 16)",0e2a0e3dbc72b297d96ac8154efd428eead200952014ef130e4f62ee3aca103b
results/2026.09.17-20.03_triton_hard-shape_seed=42/failed/wrong_result/failed_calls_main(f1)__f0()__f1(f0)_b45cc4badfb1f4d2.json,b45cc4badfb1f4d2,triton,wrong_result,待确认,需要逐条缩减及独立语义验证,4,float32,"(1565, 1403, 8645)","(32, 32, 16)",21ee42a44fd4062563589f7a8da963345ee2bdd4cea029445c78d02eccb46d1d
results/2026.09.17-20.03_triton_hard-shape_seed=42/failed/wrong_result/failed_calls_main(f1)__f0()__f1(f0+f0)_913002c951ddd56a.json,913002c951ddd56a,triton,wrong_result,待确认,需要逐条缩减及独立语义验证,4,float32,"(3834, 2609, 11758)","(128, 64, 16)",5cefadab6e47d18d9a16a3fdac09503e1b22fedb5fcd9807bde493052265de63
results/2026.09.17-20.03_triton_hard-shape_seed=42/failed/wrong_result/failed_calls_main(f1+f1)__f0()__f1(f0)_7cd5e0e6ce0f1ea8.json,7cd5e0e6ce0f1ea8,triton,wrong_result,待确认,需要逐条缩减及独立语义验证,4,float32,"(3679, 3358, 4788)","(16, 16, 32)",a00140c2d4300e5dd32a0e29d56571a62d019b8a811e37b699be406dd215e0bd
results/2026.09.17-20.03_triton_hard-shape_seed=42/failed/wrong_result/failed_extended_mixed_25a869b78ca36590.json,25a869b78ca36590,triton,wrong_result,已复现目标编译器bug,第二次tl.dot三个输入均有限且匹配参考，输出NaN；不含循环/别名的16x16 fp16常量矩阵tl.dot最小核同样全NaN,extended,bool+float16+float32+int32,"(None, None, None)","(None, None, None)",7785d8dae2fda6802b65398c7d54f4dcebbc3574757da6d7629b1a28b742b239
