server,round,backend,campaign,category,decision,family,timestamp,path,reason,error_tail
41790,4,tilelang,2026.09.25-23.10_tilelang_hard-shape_seed=42,ptx_async_boundary,confirmed_signature,cp_async,1790353626.960875,results/2026.09.25-23.10_tilelang_hard-shape_seed=42/failed/ptx_async_boundary/failed_calls_main(f1)__f0()__f1(f0)_3abfb79fb0216843.json,独立复现代表样本，按相同错误签名关联；非逐例根因证明,"lse: T.ptx_cp_async(T.address_of(As[T.shift_right(T.bitwise_and(thread_binding, 15), 3) * 4096 + i * 1024 + T.shift_right(thread_binding, 4) * 64 + T.bitwise_and(T.shift_right(T.bitwise_and(thread_binding, 127), 6) + T.shift_right(T.bitwise_and(thread_binding, 7), 2), 1) * 32 + T.bitwise_and(T.shift_right(T.bitwise_and(thread_binding, 63), 5) + T.shift_right(T.bitwise_and(thread_binding, 3), 1), 1) * 16 + T.bitwise_and(T.shift_right(T.bitwise_and(thread_binding, 31), 4) + T.bitwise_and(thread_binding, 1), 1) * 8 + vec]), T.address_of(A[i * 146512 + T.shift_right(thread_binding, 4) * 9157 + T.bitwise_and(thread_binding, 15) * 8 + vec]), 1, i * 16 + T.shift_right(thread_binding, 4) < 1 and i * 16 + T.shift_right(thread_binding, 4) < 1) requires a final PTX byte width in {4, 8, 16}, but got 2"
41790,4,tilelang,2026.09.25-23.10_tilelang_hard-shape_seed=42,ptx_async_boundary,confirmed_signature,cp_async,1790353934.1799145,results/2026.09.25-23.10_tilelang_hard-shape_seed=42/failed/ptx_async_boundary/failed_calls_main(f0)__f0()_23b7d224b769b798.json,独立复现代表样本，按相同错误签名关联；非逐例根因证明,"ytes(total_bytes)) is false: T.ptx_cp_async(T.address_of(As[T.shift_right(T.bitwise_and(thread_binding, 15), 3) * 8192 + i * 512 + T.shift_right(thread_binding, 4) * 64 + T.bitwise_and(T.shift_right(thread_binding, 6) + T.shift_right(T.bitwise_and(thread_binding, 7), 2), 1) * 32 + T.bitwise_and(T.shift_right(T.bitwise_and(thread_binding, 63), 5) + T.shift_right(T.bitwise_and(thread_binding, 3), 1), 1) * 16 + T.bitwise_and(T.shift_right(T.bitwise_and(thread_binding, 31), 4) + T.bitwise_and(thread_binding, 1), 1) * 8 + vec]), T.address_of(A[i * 30520 + T.shift_right(thread_binding, 4) * 3815 + T.bitwise_and(thread_binding, 15) * 8 + vec]), 1, i * 8 + T.shift_right(thread_binding, 4) < 1 and i * 8 + T.shift_right(thread_binding, 4) < 1) requires a final PTX byte width in {4, 8, 16}, but got 2"
41790,4,tilelang,2026.09.25-23.10_tilelang_hard-shape_seed=42,ptx_async_boundary,confirmed_signature,cp_async,1790356707.167386,results/2026.09.25-23.10_tilelang_hard-shape_seed=42/failed/ptx_async_boundary/failed_calls_main(f1)__f0()__f1(f0)_233f85ae828b9ac7.json,独立复现代表样本，按相同错误签名关联；非逐例根因证明,", line 103, in int tvm::codegen::{anonymous}::GetTileLangCPAsyncTransferBytes(const tvm::tirx::CallNode*)
tvm.error.InternalError: Check failed: (IsValidCPAsyncTransferBytes(total_bytes)) is false: T.ptx_cp_async(T.address_of(As[i * 1024 + T.shift_right(thread_binding, 2) * 32 + T.bitwise_and(T.shift_right(T.bitwise_and(thread_binding, 31), 4) + T.shift_right(T.bitwise_and(thread_binding, 3), 1), 1) * 16 + T.bitwise_and(T.shift_right(T.bitwise_and(thread_binding, 15), 3) + T.bitwise_and(thread_binding, 1), 1) * 8 + vec]), T.address_of(A[i * 278624 + T.shift_right(thread_binding, 2) * 8707 + T.bitwise_and(thread_binding, 3) * 8 + vec]), 1, i * 32 + T.shift_right(thread_binding, 2) < 1 and i * 32 + T.shift_right(thread_binding, 2) < 1) requires a final PTX byte width in {4, 8, 16}, but got 2"
41790,4,tilelang,2026.09.25-23.10_tilelang_hard-shape_seed=42,ptx_async_boundary,confirmed_signature,cp_async,1790359099.026298,results/2026.09.25-23.10_tilelang_hard-shape_seed=42/failed/ptx_async_boundary/failed_calls_main(f0+f0)__f0()_7118b04e5d019b2a.json,独立复现代表样本，按相同错误签名关联；非逐例根因证明,"eLangCPAsyncTransferBytes(const tvm::tirx::CallNode*)
tvm.error.InternalError: Check failed: (IsValidCPAsyncTransferBytes(total_bytes)) is false: T.ptx_cp_async(T.address_of(Bs[T.shift_right(thread_binding, 5) * 2048 + i * 64 + T.bitwise_and(T.shift_right(T.bitwise_and(thread_binding, 31), 4) + T.shift_right(T.bitwise_and(i, 7), 2), 1) * 32 + T.bitwise_and(T.shift_right(T.bitwise_and(thread_binding, 15), 3) + T.shift_right(T.bitwise_and(i, 3), 1), 1) * 16 + T.bitwise_and(T.shift_right(T.bitwise_and(thread_binding, 7), 2) + T.bitwise_and(i, 1), 1) * 8 + T.bitwise_and(thread_binding, 3) * 2 + vec]), T.address_of(B[i * 3814 + bx * 256 + thread_binding * 2 + vec]), 1, bx * 128 + thread_binding < 1907 and bx * 128 + thread_binding < 1907) requires a final PTX byte width in {4, 8, 16}, but got 2"
41790,4,tilelang,2026.09.25-23.10_tilelang_hard-shape_seed=42,ptx_async_boundary,confirmed_signature,cp_async,1790360911.9787874,results/2026.09.25-23.10_tilelang_hard-shape_seed=42/failed/ptx_async_boundary/failed_calls_main(f1+f1)__f0()__f1(f0+f0)_fa9bd5bf7be1cb28.json,独立复现代表样本，按相同错误签名关联；非逐例根因证明," (IsValidCPAsyncTransferBytes(total_bytes)) is false: T.ptx_cp_async(T.address_of(As[T.shift_right(thread_binding, 3) * 64 + T.bitwise_and(T.shift_right(T.bitwise_and(thread_binding, 63), 5) + T.shift_right(T.bitwise_and(thread_binding, 7), 2), 1) * 32 + T.bitwise_and(T.shift_right(T.bitwise_and(thread_binding, 31), 4) + T.shift_right(T.bitwise_and(thread_binding, 3), 1), 1) * 16 + T.bitwise_and(T.shift_right(T.bitwise_and(thread_binding, 15), 3) + T.bitwise_and(thread_binding, 1), 1) * 8 + i * 4 + vec]), T.address_of(A[by * 244096 + T.shift_right(thread_binding, 3) * 7628 + T.bitwise_and(thread_binding, 7) * 8 + i * 4 + vec]), 1, by * 16 + T.shift_right(thread_binding, 4) < 6523 and by * 16 + T.shift_right(thread_binding, 4) < 6523) requires a final PTX byte width in {4, 8, 16}, but got 2"
41790,4,tilelang,2026.09.25-23.10_tilelang_hard-shape_seed=42,ptx_async_boundary,confirmed_signature,cp_async,1790367217.2662108,results/2026.09.25-23.10_tilelang_hard-shape_seed=42/failed/ptx_async_boundary/failed_calls_main(f0)__f0()_65966b26d9e8865e.json,独立复现代表样本，按相同错误签名关联；非逐例根因证明,"lse: T.ptx_cp_async(T.address_of(As[T.shift_right(T.bitwise_and(thread_binding, 15), 3) * 2048 + i * 1024 + T.shift_right(thread_binding, 4) * 64 + T.bitwise_and(T.shift_right(T.bitwise_and(thread_binding, 127), 6) + T.shift_right(T.bitwise_and(thread_binding, 7), 2), 1) * 32 + T.bitwise_and(T.shift_right(T.bitwise_and(thread_binding, 63), 5) + T.shift_right(T.bitwise_and(thread_binding, 3), 1), 1) * 16 + T.bitwise_and(T.shift_right(T.bitwise_and(thread_binding, 31), 4) + T.bitwise_and(thread_binding, 1), 1) * 8 + vec]), T.address_of(A[i * 159408 + T.shift_right(thread_binding, 4) * 9963 + T.bitwise_and(thread_binding, 15) * 8 + vec]), 1, i * 16 + T.shift_right(thread_binding, 4) < 1 and i * 16 + T.shift_right(thread_binding, 4) < 1) requires a final PTX byte width in {4, 8, 16}, but got 2"
41790,4,tilelang,2026.09.25-23.10_tilelang_hard-shape_seed=42,ptx_async_boundary,confirmed_signature,cp_async,1790369280.7442496,results/2026.09.25-23.10_tilelang_hard-shape_seed=42/failed/ptx_async_boundary/failed_calls_main(f1)__f0()__f1(f0)_7f5f404558294ca4.json,独立复现代表样本，按相同错误签名关联；非逐例根因证明,"e: T.ptx_cp_async(T.address_of(As[T.shift_right(T.bitwise_and(thread_binding, 15), 3) * 1024 + i * 512 + T.shift_right(thread_binding, 4) * 64 + T.bitwise_and(T.shift_right(thread_binding, 6) + T.shift_right(T.bitwise_and(thread_binding, 7), 2), 1) * 32 + T.bitwise_and(T.shift_right(T.bitwise_and(thread_binding, 63), 5) + T.shift_right(T.bitwise_and(thread_binding, 3), 1), 1) * 16 + T.bitwise_and(T.shift_right(T.bitwise_and(thread_binding, 31), 4) + T.bitwise_and(thread_binding, 1), 1) * 8 + vec * 2 + vec_1]), T.address_of(A[i * 117072 + T.shift_right(thread_binding, 4) * 14634 + T.bitwise_and(thread_binding, 15) * 8 + vec * 2 + vec_1]), 1, i * 8 + T.shift_right(thread_binding, 4) < 1 and i * 8 + T.shift_right(thread_binding, 4) < 1) requires a final PTX byte width in {4, 8, 16}, but got 2"
41790,4,tilelang,2026.09.25-23.10_tilelang_hard-shape_seed=42,ptx_async_boundary,confirmed_signature,cp_async,1790370582.2619255,results/2026.09.25-23.10_tilelang_hard-shape_seed=42/failed/ptx_async_boundary/failed_calls_main(f1)__f0()__f1(f0)_30f278eaf2e60477.json,独立复现代表样本，按相同错误签名关联；非逐例根因证明," line 103, in int tvm::codegen::{anonymous}::GetTileLangCPAsyncTransferBytes(const tvm::tirx::CallNode*)
tvm.error.InternalError: Check failed: (IsValidCPAsyncTransferBytes(total_bytes)) is false: T.ptx_cp_async(T.address_of(As[i * 1024 + T.shift_right(thread_binding, 2) * 32 + T.bitwise_and(T.shift_right(T.bitwise_and(thread_binding, 31), 4) + T.shift_right(T.bitwise_and(thread_binding, 3), 1), 1) * 16 + T.bitwise_and(T.shift_right(T.bitwise_and(thread_binding, 15), 3) + T.bitwise_and(thread_binding, 1), 1) * 8 + vec]), T.address_of(A[i * 344160 + T.shift_right(thread_binding, 2) * 10755 + T.bitwise_and(thread_binding, 3) * 8 + vec]), 1, i * 32 + T.shift_right(thread_binding, 2) < 1 and i * 32 + T.shift_right(thread_binding, 2) < 1) requires a final PTX byte width in {4, 8, 16}, but got 2"
41790,4,tilelang,2026.09.25-23.10_tilelang_hard-shape_seed=42,ptx_async_boundary,confirmed_signature,cp_async,1790371456.6640422,results/2026.09.25-23.10_tilelang_hard-shape_seed=42/failed/ptx_async_boundary/failed_calls_main(f0)__f0()_5c8b895a096c5206.json,独立复现代表样本，按相同错误签名关联；非逐例根因证明,"Node const*, std::ostream&)
  File ""/project/src/cuda/codegen/codegen_cuda.cc"", line 103, in int tvm::codegen::{anonymous}::GetTileLangCPAsyncTransferBytes(const tvm::tirx::CallNode*)
tvm.error.InternalError: Check failed: (IsValidCPAsyncTransferBytes(total_bytes)) is false: T.ptx_cp_async(T.address_of(As[T.shift_right(thread_binding, 3) * 16 + T.bitwise_and(T.shift_right(T.bitwise_and(thread_binding, 63), 5) + T.shift_right(T.bitwise_and(thread_binding, 7), 2), 1) * 8 + T.bitwise_and(thread_binding, 3) * 2 + i]), T.address_of(A[by * 337856 + T.shift_right(thread_binding, 3) * 10558 + T.bitwise_and(thread_binding, 7) * 2 + i]), 1, by * 32 + T.shift_right(thread_binding, 3) < 2517 and by * 32 + T.shift_right(thread_binding, 3) < 2517) requires a final PTX byte width in {4, 8, 16}, but got 2"
41790,4,tilelang,2026.09.25-23.10_tilelang_hard-shape_seed=42,ptx_async_boundary,confirmed_signature,cp_async,1790372923.938698,results/2026.09.25-23.10_tilelang_hard-shape_seed=42/failed/ptx_async_boundary/failed_calls_main(f0)__f0()_a123b57282f6951e.json,独立复现代表样本，按相同错误签名关联；非逐例根因证明," + T.bitwise_and(T.shift_right(T.bitwise_and(thread_binding, 63), 5) + T.shift_right(T.bitwise_and(thread_binding, 7), 2), 1) * 32 + T.bitwise_and(T.shift_right(T.bitwise_and(thread_binding, 31), 4) + T.shift_right(T.bitwise_and(thread_binding, 3), 1), 1) * 16 + T.bitwise_and(T.shift_right(T.bitwise_and(thread_binding, 15), 3) + T.bitwise_and(thread_binding, 1), 1) * 8 + T.bitwise_and(i, 3) * 2 + vec]), T.address_of(A[by * 459456 + T.shift_right(i, 2) * 229728 + T.shift_right(thread_binding, 3) * 14358 + T.bitwise_and(thread_binding, 7) * 8 + T.bitwise_and(i, 3) * 2 + vec]), 1, by * 32 + T.shift_right(i, 2) * 16 + T.shift_right(thread_binding, 3) < 9963 and by * 32 + T.shift_right(i, 2) * 16 + T.shift_right(thread_binding, 3) < 9963) requires a final PTX byte width in {4, 8, 16}, but got 2"
41790,4,tilelang,2026.09.25-23.10_tilelang_hard-shape_seed=42,ptx_async_boundary,confirmed_signature,cp_async,1790373658.0793495,results/2026.09.25-23.10_tilelang_hard-shape_seed=42/failed/ptx_async_boundary/failed_calls_main(f1)__f0()__f1(f0)_8cebd77beb4224b8.json,独立复现代表样本，按相同错误签名关联；非逐例根因证明,"stream&)
  File ""/project/src/cuda/codegen/codegen_cuda.cc"", line 103, in int tvm::codegen::{anonymous}::GetTileLangCPAsyncTransferBytes(const tvm::tirx::CallNode*)
tvm.error.InternalError: Check failed: (IsValidCPAsyncTransferBytes(total_bytes)) is false: T.ptx_cp_async(T.address_of(Bs[i * 256 + T.shift_right(thread_binding, 3) * 16 + T.bitwise_and(T.shift_right(T.bitwise_and(thread_binding, 63), 5) + T.shift_right(T.bitwise_and(thread_binding, 7), 2), 1) * 8 + T.bitwise_and(thread_binding, 3) * 2 + vec]), T.address_of(B[i * 60640 + T.shift_right(thread_binding, 3) * 3790 + bx * 16 + T.bitwise_and(thread_binding, 7) * 2 + vec]), 1, bx * 8 + T.bitwise_and(thread_binding, 7) < 1895 and bx * 8 + T.bitwise_and(thread_binding, 7) < 1895) requires a final PTX byte width in {4, 8, 16}, but got 2"
41790,4,tilelang,2026.09.25-23.10_tilelang_hard-shape_seed=42,ptx_async_boundary,confirmed_signature,cp_async,1790376283.719178,results/2026.09.25-23.10_tilelang_hard-shape_seed=42/failed/ptx_async_boundary/failed_calls_main(f1+f1)__f0()__f1(f0)_ee8bd57e0c0d1626.json,独立复现代表样本，按相同错误签名关联；非逐例根因证明,"codegen/codegen_cuda.cc"", line 103, in int tvm::codegen::{anonymous}::GetTileLangCPAsyncTransferBytes(const tvm::tirx::CallNode*)
tvm.error.InternalError: Check failed: (IsValidCPAsyncTransferBytes(total_bytes)) is false: T.ptx_cp_async(T.address_of(As[T.shift_right(thread_binding, 3) * 32 + T.bitwise_and(T.shift_right(T.bitwise_and(thread_binding, 63), 5) + T.shift_right(T.bitwise_and(thread_binding, 7), 2), 1) * 16 + T.bitwise_and(T.shift_right(T.bitwise_and(thread_binding, 31), 4) + T.shift_right(T.bitwise_and(thread_binding, 3), 1), 1) * 8 + T.bitwise_and(thread_binding, 1) * 4 + i]), T.address_of(A[T.shift_right(thread_binding, 3) * 10195 + T.bitwise_and(thread_binding, 7) * 4 + i]), 1, thread_binding < 8 and thread_binding < 8) requires a final PTX byte width in {4, 8, 16}, but got 2"
41790,4,tilelang,2026.09.25-23.10_tilelang_hard-shape_seed=42,ptx_async_boundary,confirmed_signature,cp_async,1790384828.459354,results/2026.09.25-23.10_tilelang_hard-shape_seed=42/failed/ptx_async_boundary/failed_calls_main(f0)__f0()_2b0bad4aafb812ac.json,独立复现代表样本，按相同错误签名关联；非逐例根因证明," line 103, in int tvm::codegen::{anonymous}::GetTileLangCPAsyncTransferBytes(const tvm::tirx::CallNode*)
tvm.error.InternalError: Check failed: (IsValidCPAsyncTransferBytes(total_bytes)) is false: T.ptx_cp_async(T.address_of(As[i * 1024 + T.shift_right(thread_binding, 2) * 32 + T.bitwise_and(T.shift_right(T.bitwise_and(thread_binding, 31), 4) + T.shift_right(T.bitwise_and(thread_binding, 3), 1), 1) * 16 + T.bitwise_and(T.shift_right(T.bitwise_and(thread_binding, 15), 3) + T.bitwise_and(thread_binding, 1), 1) * 8 + vec]), T.address_of(A[i * 398176 + T.shift_right(thread_binding, 2) * 12443 + T.bitwise_and(thread_binding, 3) * 8 + vec]), 1, i * 32 + T.shift_right(thread_binding, 2) < 1 and i * 32 + T.shift_right(thread_binding, 2) < 1) requires a final PTX byte width in {4, 8, 16}, but got 2"
41790,4,tilelang,2026.09.25-23.10_tilelang_hard-shape_seed=42,ptx_async_boundary,confirmed_signature,cp_async,1790387902.3535955,results/2026.09.25-23.10_tilelang_hard-shape_seed=42/failed/ptx_async_boundary/failed_calls_main(f1)__f0()__f1(f0)_78283cf280913345.json,独立复现代表样本，按相同错误签名关联；非逐例根因证明,"e: T.ptx_cp_async(T.address_of(As[T.shift_right(T.bitwise_and(thread_binding, 15), 3) * 16384 + i * 1024 + T.shift_right(thread_binding, 4) * 64 + T.bitwise_and(T.shift_right(T.bitwise_and(thread_binding, 127), 6) + T.shift_right(T.bitwise_and(thread_binding, 7), 2), 1) * 32 + T.bitwise_and(T.shift_right(T.bitwise_and(thread_binding, 63), 5) + T.shift_right(T.bitwise_and(thread_binding, 3), 1), 1) * 16 + T.bitwise_and(T.shift_right(T.bitwise_and(thread_binding, 31), 4) + T.bitwise_and(thread_binding, 1), 1) * 8 + vec]), T.address_of(A[i * 252016 + T.shift_right(thread_binding, 4) * 15751 + T.bitwise_and(thread_binding, 15) * 8 + vec]), 1, i * 16 + T.shift_right(thread_binding, 4) < 1 and i * 16 + T.shift_right(thread_binding, 4) < 1) requires a final PTX byte width in {4, 8, 16}, but got 2"
41790,4,tilelang,2026.09.25-23.10_tilelang_hard-shape_seed=42,ptx_async_boundary,confirmed_signature,cp_async,1790389077.3508437,results/2026.09.25-23.10_tilelang_hard-shape_seed=42/failed/ptx_async_boundary/failed_calls_main(f0)__f0()_4cae45d96e3ef3e3.json,独立复现代表样本，按相同错误签名关联；非逐例根因证明,"CUDA::VisitExpr_(tvm::tirx::CallNode const*, std::ostream&)
  File ""/project/src/cuda/codegen/codegen_cuda.cc"", line 103, in int tvm::codegen::{anonymous}::GetTileLangCPAsyncTransferBytes(const tvm::tirx::CallNode*)
tvm.error.InternalError: Check failed: (IsValidCPAsyncTransferBytes(total_bytes)) is false: T.ptx_cp_async(T.address_of(As[T.shift_right(thread_binding, 1) * 16 + T.bitwise_and(T.shift_right(T.bitwise_and(thread_binding, 15), 3) + T.bitwise_and(thread_binding, 1), 1) * 8 + i * 2 + vec]), T.address_of(A[by * 1844480 + T.shift_right(thread_binding, 1) * 14410 + T.bitwise_and(thread_binding, 1) * 8 + i * 2 + vec]), 1, by * 128 + T.shift_right(thread_binding, 1) < 16321 and by * 128 + T.shift_right(thread_binding, 1) < 16321) requires a final PTX byte width in {4, 8, 16}, but got 2"
41790,4,tilelang,2026.09.25-23.10_tilelang_hard-shape_seed=42,ptx_async_boundary,confirmed_signature,cp_async,1790393586.3862202,results/2026.09.25-23.10_tilelang_hard-shape_seed=42/failed/ptx_async_boundary/failed_calls_main(f1)__f0()__f1(f0+f0)_e64c671d2e132835.json,独立复现代表样本，按相同错误签名关联；非逐例根因证明," line 103, in int tvm::codegen::{anonymous}::GetTileLangCPAsyncTransferBytes(const tvm::tirx::CallNode*)
tvm.error.InternalError: Check failed: (IsValidCPAsyncTransferBytes(total_bytes)) is false: T.ptx_cp_async(T.address_of(As[i * 1024 + T.shift_right(thread_binding, 2) * 32 + T.bitwise_and(T.shift_right(T.bitwise_and(thread_binding, 31), 4) + T.shift_right(T.bitwise_and(thread_binding, 3), 1), 1) * 16 + T.bitwise_and(T.shift_right(T.bitwise_and(thread_binding, 15), 3) + T.bitwise_and(thread_binding, 1), 1) * 8 + vec]), T.address_of(A[i * 366336 + T.shift_right(thread_binding, 2) * 11448 + T.bitwise_and(thread_binding, 3) * 8 + vec]), 1, i * 32 + T.shift_right(thread_binding, 2) < 1 and i * 32 + T.shift_right(thread_binding, 2) < 1) requires a final PTX byte width in {4, 8, 16}, but got 2"
41790,4,tilelang,2026.09.25-23.10_tilelang_hard-shape_seed=42,ptx_async_boundary,confirmed_signature,cp_async,1790402969.3261878,results/2026.09.25-23.10_tilelang_hard-shape_seed=42/failed/ptx_async_boundary/failed_calls_main(f1)__f0()__f1(f0)_dd4f297593577a25.json,独立复现代表样本，按相同错误签名关联；非逐例根因证明,", line 103, in int tvm::codegen::{anonymous}::GetTileLangCPAsyncTransferBytes(const tvm::tirx::CallNode*)
tvm.error.InternalError: Check failed: (IsValidCPAsyncTransferBytes(total_bytes)) is false: T.ptx_cp_async(T.address_of(As[i * 1024 + T.shift_right(thread_binding, 2) * 32 + T.bitwise_and(T.shift_right(T.bitwise_and(thread_binding, 31), 4) + T.shift_right(T.bitwise_and(thread_binding, 3), 1), 1) * 16 + T.bitwise_and(T.shift_right(T.bitwise_and(thread_binding, 15), 3) + T.bitwise_and(thread_binding, 1), 1) * 8 + vec]), T.address_of(A[i * 178592 + T.shift_right(thread_binding, 2) * 5581 + T.bitwise_and(thread_binding, 3) * 8 + vec]), 1, i * 32 + T.shift_right(thread_binding, 2) < 1 and i * 32 + T.shift_right(thread_binding, 2) < 1) requires a final PTX byte width in {4, 8, 16}, but got 2"
41790,4,tilelang,2026.09.25-23.10_tilelang_hard-shape_seed=42,ptx_async_boundary,confirmed_signature,cp_async,1790403587.1830044,results/2026.09.25-23.10_tilelang_hard-shape_seed=42/failed/ptx_async_boundary/failed_calls_main(f1)__f0()__f1(f0)_f7d5935f33e27a98.json,独立复现代表样本，按相同错误签名关联；非逐例根因证明,">"", line 0, in tvm::codegen::CodeGenTileLangCUDA::VisitExpr_(tvm::tirx::CallNode const*, std::ostream&)
  File ""/project/src/cuda/codegen/codegen_cuda.cc"", line 103, in int tvm::codegen::{anonymous}::GetTileLangCPAsyncTransferBytes(const tvm::tirx::CallNode*)
tvm.error.InternalError: Check failed: (IsValidCPAsyncTransferBytes(total_bytes)) is false: T.ptx_cp_async(T.address_of(As[T.shift_right(thread_binding, 3) * 16 + T.bitwise_and(T.shift_right(T.bitwise_and(thread_binding, 63), 5) + T.shift_right(T.bitwise_and(thread_binding, 7), 2), 1) * 8 + T.bitwise_and(thread_binding, 3) * 2 + i]), T.address_of(A[T.shift_right(thread_binding, 3) * 11295 + T.bitwise_and(thread_binding, 7) * 2 + i]), 1, thread_binding < 8 and thread_binding < 8) requires a final PTX byte width in {4, 8, 16}, but got 2"
41790,4,tilelang,2026.09.25-23.10_tilelang_hard-shape_seed=42,ptx_async_boundary,confirmed_signature,cp_async,1790404815.2013938,results/2026.09.25-23.10_tilelang_hard-shape_seed=42/failed/ptx_async_boundary/failed_calls_main(f1)__f0()__f1(f0)_3a36664d4f19d9ab.json,独立复现代表样本，按相同错误签名关联；非逐例根因证明,"anonymous}::GetTileLangCPAsyncTransferBytes(const tvm::tirx::CallNode*)
tvm.error.InternalError: Check failed: (IsValidCPAsyncTransferBytes(total_bytes)) is false: T.ptx_cp_async(T.address_of(As[i * 1024 + T.shift_right(thread_binding, 2) * 32 + T.bitwise_and(T.shift_right(T.bitwise_and(thread_binding, 31), 4) + T.shift_right(T.bitwise_and(thread_binding, 3), 1), 1) * 16 + T.bitwise_and(T.shift_right(T.bitwise_and(thread_binding, 15), 3) + T.bitwise_and(thread_binding, 1), 1) * 8 + vec]), T.address_of(A[by * 293376 + i * 146688 + T.shift_right(thread_binding, 2) * 4584 + T.bitwise_and(thread_binding, 3) * 8 + vec]), 1, by * 8 + i * 4 + T.shift_right(thread_binding, 5) < 573 and by * 8 + i * 4 + T.shift_right(thread_binding, 5) < 573) requires a final PTX byte width in {4, 8, 16}, but got 2"
41790,4,tilelang,2026.09.25-23.10_tilelang_hard-shape_seed=42,ptx_async_boundary,confirmed_signature,cp_async,1790407016.8184144,results/2026.09.25-23.10_tilelang_hard-shape_seed=42/failed/ptx_async_boundary/failed_calls_main(f0)__f0()_7d750a3c2da7a50e.json,独立复现代表样本，按相同错误签名关联；非逐例根因证明,"tTileLangCPAsyncTransferBytes(const tvm::tirx::CallNode*)
tvm.error.InternalError: Check failed: (IsValidCPAsyncTransferBytes(total_bytes)) is false: T.ptx_cp_async(T.address_of(As[T.shift_right(thread_binding, 3) * 64 + T.bitwise_and(T.shift_right(T.bitwise_and(thread_binding, 63), 5) + T.shift_right(T.bitwise_and(thread_binding, 7), 2), 1) * 32 + T.bitwise_and(T.shift_right(T.bitwise_and(thread_binding, 31), 4) + T.shift_right(T.bitwise_and(thread_binding, 3), 1), 1) * 16 + T.bitwise_and(T.shift_right(T.bitwise_and(thread_binding, 15), 3) + T.bitwise_and(thread_binding, 1), 1) * 8 + i]), T.address_of(A[T.shift_right(thread_binding, 3) * 1877 + T.bitwise_and(thread_binding, 7) * 8 + i]), 1, thread_binding < 8 and thread_binding < 8) requires a final PTX byte width in {4, 8, 16}, but got 2"
41790,4,tilelang,2026.09.25-23.10_tilelang_hard-shape_seed=42,ptx_async_boundary,confirmed_signature,cp_async,1790409042.0622478,results/2026.09.25-23.10_tilelang_hard-shape_seed=42/failed/ptx_async_boundary/failed_calls_main(f1)__f0()__f1(f0+f0)_aecfdabc10ebac70.json,独立复现代表样本，按相同错误签名关联；非逐例根因证明,", line 103, in int tvm::codegen::{anonymous}::GetTileLangCPAsyncTransferBytes(const tvm::tirx::CallNode*)
tvm.error.InternalError: Check failed: (IsValidCPAsyncTransferBytes(total_bytes)) is false: T.ptx_cp_async(T.address_of(As[i * 2048 + T.shift_right(thread_binding, 2) * 32 + T.bitwise_and(T.shift_right(T.bitwise_and(thread_binding, 31), 4) + T.shift_right(T.bitwise_and(thread_binding, 3), 1), 1) * 16 + T.bitwise_and(T.shift_right(T.bitwise_and(thread_binding, 15), 3) + T.bitwise_and(thread_binding, 1), 1) * 8 + vec]), T.address_of(A[i * 518592 + T.shift_right(thread_binding, 2) * 8103 + T.bitwise_and(thread_binding, 3) * 8 + vec]), 1, i * 64 + T.shift_right(thread_binding, 2) < 1 and i * 64 + T.shift_right(thread_binding, 2) < 1) requires a final PTX byte width in {4, 8, 16}, but got 2"
41790,4,tilelang,2026.09.25-23.10_tilelang_hard-shape_seed=42,tilelang_codegen_error,confirmed_signature,bool_vector,1790349049.5192392,results/2026.09.25-23.10_tilelang_hard-shape_seed=42/failed/tilelang_codegen_error/failed_extended_mixed_16367aeaf0b9a947.json,独立复现代表样本，按相同错误签名关联；非逐例根因证明,"ine 0, in tvm::codegen::CodeGenTileLangCUDA::VisitExpr_(tvm::tirx::CastNode const*, std::ostream&)
  File ""<unknown>"", line 0, in tvm::codegen::CodeGenC::PrintExpr[abi:cxx11](tvm::PrimExpr const&)
  File ""<unknown>"", line 0, in tvm::codegen::CodeGenC::VisitExpr_(tvm::tirx::AndNode const*, std::ostream&)
  File ""<unknown>"", line 0, in tvm::codegen::CodeGenTileLangCUDA::PrintVecBinaryOp(std::__cxx11::basic_string<char, std::char_traits<char>, std::allocator<char> > const&, tvm::runtime::DataType, tvm::PrimExpr, tvm::PrimExpr, std::ostream&)
  File ""<unknown>"", line 0, in tvm::codegen::CodeGenTileLangCUDA::PrintType(tvm::runtime::DataType, std::ostream&)
  File ""<unknown>"", line 0, in tvm::runtime::detail::LogFatal::~LogFatal()
tvm.error.InternalError: Cannot convert type boolx16 to CUDA type"
41790,4,tilelang,2026.09.25-23.10_tilelang_hard-shape_seed=42,tilelang_codegen_error,confirmed_signature,reduce_layout,1790349843.6614501,results/2026.09.25-23.10_tilelang_hard-shape_seed=42/failed/tilelang_codegen_error/failed_calls_main(f0)__f0()_b77d283a58fb4bb4.json,独立复现代表样本，按相同错误签名关联；非逐例根因证明,"eStep, std::allocator<tvm::tl::backend::reduce::ThreadReduceStep> > const&, tvm::arith::Analyzer*)
  File ""/project/src/backend/common/op/reduce.h"", line 534, in void tvm::tl::backend::reduce::CheckThreadOwnedStepsProjectable(const tvm::PrimExpr&, const tvm::tirx::Var&, const std::vector<ThreadReduceStep>&, tvm::arith::Analyzer*)
tvm.error.InternalError: Check failed: (analyzer->CanProveEqual(projected_index, simplified_index)) is false: ReduceOp cannot lower a layout where a source index depends on a thread-owned reduce segment: src_index=rv % 32 // 16 * 32 + i % 64 // 8 * 4 + rv % 16 // 8 * 2 + i % 2, projected_src_index=(rv - rv % 8) % 32 // 16 * 32 + i % 64 // 8 * 4 + (rv - rv % 8) % 16 // 8 * 2 + i % 2, reduce_var=rv, projected_reduce_var=rv - rv // 32 % 2 * 32 - T.FloorDiv(rv, 1) % 8"
41790,4,tilelang,2026.09.25-23.10_tilelang_hard-shape_seed=42,tilelang_codegen_error,confirmed_signature,reduce_layout,1790350990.936433,results/2026.09.25-23.10_tilelang_hard-shape_seed=42/failed/tilelang_codegen_error/failed_calls_main(f1)__f0()__f1(f0)_60c5249808fc7651.json,独立复现代表样本，按相同错误签名关联；非逐例根因证明," std::allocator<tvm::tl::backend::reduce::ThreadReduceStep> > const&, tvm::arith::Analyzer*)
  File ""/project/src/backend/common/op/reduce.h"", line 534, in void tvm::tl::backend::reduce::CheckThreadOwnedStepsProjectable(const tvm::PrimExpr&, const tvm::tirx::Var&, const std::vector<ThreadReduceStep>&, tvm::arith::Analyzer*)
tvm.error.InternalError: Check failed: (analyzer->CanProveEqual(projected_index, simplified_index)) is false: ReduceOp cannot lower a layout where a source index depends on a thread-owned reduce segment: src_index=rv % 128 // 16 * 64 + i % 128 // 8 * 4 + rv % 16 // 8 * 2 + i % 2, projected_src_index=(rv - rv % 8) % 128 // 16 * 64 + i % 128 // 8 * 4 + (rv - rv % 8) % 16 // 8 * 2 + i % 2, reduce_var=rv, projected_reduce_var=rv - rv // 128 % 2 * 128 - T.FloorDiv(rv, 1) % 8"
41790,4,tilelang,2026.09.25-23.10_tilelang_hard-shape_seed=42,tilelang_codegen_error,confirmed_signature,reduce_layout,1790353311.6667423,results/2026.09.25-23.10_tilelang_hard-shape_seed=42/failed/tilelang_codegen_error/failed_calls_main(f1)__f0()__f1(f0)_a67173abe5e3e8e9.json,独立复现代表样本，按相同错误签名关联；非逐例根因证明,"eStep, std::allocator<tvm::tl::backend::reduce::ThreadReduceStep> > const&, tvm::arith::Analyzer*)
  File ""/project/src/backend/common/op/reduce.h"", line 534, in void tvm::tl::backend::reduce::CheckThreadOwnedStepsProjectable(const tvm::PrimExpr&, const tvm::tirx::Var&, const std::vector<ThreadReduceStep>&, tvm::arith::Analyzer*)
tvm.error.InternalError: Check failed: (analyzer->CanProveEqual(projected_index, simplified_index)) is false: ReduceOp cannot lower a layout where a source index depends on a thread-owned reduce segment: src_index=rv % 64 // 16 * 32 + i % 64 // 8 * 4 + rv % 16 // 8 * 2 + i % 2, projected_src_index=(rv - rv % 8) % 64 // 16 * 32 + i % 64 // 8 * 4 + (rv - rv % 8) % 16 // 8 * 2 + i % 2, reduce_var=rv, projected_reduce_var=rv - rv // 64 % 2 * 64 - T.FloorDiv(rv, 1) % 8"
41790,4,tilelang,2026.09.25-23.10_tilelang_hard-shape_seed=42,tilelang_codegen_error,confirmed_signature,reduce_layout,1790353529.4738648,results/2026.09.25-23.10_tilelang_hard-shape_seed=42/failed/tilelang_codegen_error/failed_calls_main(f0)__f0()_8cc3dcc699840192.json,独立复现代表样本，按相同错误签名关联；非逐例根因证明,"p, std::allocator<tvm::tl::backend::reduce::ThreadReduceStep> > const&, tvm::arith::Analyzer*)
  File ""/project/src/backend/common/op/reduce.h"", line 534, in void tvm::tl::backend::reduce::CheckThreadOwnedStepsProjectable(const tvm::PrimExpr&, const tvm::tirx::Var&, const std::vector<ThreadReduceStep>&, tvm::arith::Analyzer*)
tvm.error.InternalError: Check failed: (analyzer->CanProveEqual(projected_index, simplified_index)) is false: ReduceOp cannot lower a layout where a source index depends on a thread-owned reduce segment: src_index=rv % 128 // 16 * 16 + i % 32 // 8 * 4 + rv % 16 // 8 * 2 + i % 2, projected_src_index=(rv - rv % 8) % 128 // 16 * 16 + i % 32 // 8 * 4 + (rv - rv % 8) % 16 // 8 * 2 + i % 2, reduce_var=rv, projected_reduce_var=rv - rv // 128 % 2 * 128 - T.FloorDiv(rv, 1) % 8"
41790,4,tilelang,2026.09.25-23.10_tilelang_hard-shape_seed=42,tilelang_codegen_error,confirmed_signature,reduce_layout,1790353649.6973827,results/2026.09.25-23.10_tilelang_hard-shape_seed=42/failed/tilelang_codegen_error/failed_calls_main(f1)__f0()__f1(f0+f0)_2848dfb6fa2194f8.json,独立复现代表样本，按相同错误签名关联；非逐例根因证明,"p, std::allocator<tvm::tl::backend::reduce::ThreadReduceStep> > const&, tvm::arith::Analyzer*)
  File ""/project/src/backend/common/op/reduce.h"", line 534, in void tvm::tl::backend::reduce::CheckThreadOwnedStepsProjectable(const tvm::PrimExpr&, const tvm::tirx::Var&, const std::vector<ThreadReduceStep>&, tvm::arith::Analyzer*)
tvm.error.InternalError: Check failed: (analyzer->CanProveEqual(projected_index, simplified_index)) is false: ReduceOp cannot lower a layout where a source index depends on a thread-owned reduce segment: src_index=rv % 128 // 16 * 16 + i % 32 // 8 * 4 + rv % 16 // 8 * 2 + i % 2, projected_src_index=(rv - rv % 8) % 128 // 16 * 16 + i % 32 // 8 * 4 + (rv - rv % 8) % 16 // 8 * 2 + i % 2, reduce_var=rv, projected_reduce_var=rv - rv // 128 % 2 * 128 - T.FloorDiv(rv, 1) % 8"
41790,4,tilelang,2026.09.25-23.10_tilelang_hard-shape_seed=42,tilelang_codegen_error,confirmed_signature,reduce_layout,1790355120.3972723,results/2026.09.25-23.10_tilelang_hard-shape_seed=42/failed/tilelang_codegen_error/failed_calls_main(f0)__f0()_225b90fb7a76eae7.json,独立复现代表样本，按相同错误签名关联；非逐例根因证明,"eStep, std::allocator<tvm::tl::backend::reduce::ThreadReduceStep> > const&, tvm::arith::Analyzer*)
  File ""/project/src/backend/common/op/reduce.h"", line 534, in void tvm::tl::backend::reduce::CheckThreadOwnedStepsProjectable(const tvm::PrimExpr&, const tvm::tirx::Var&, const std::vector<ThreadReduceStep>&, tvm::arith::Analyzer*)
tvm.error.InternalError: Check failed: (analyzer->CanProveEqual(projected_index, simplified_index)) is false: ReduceOp cannot lower a layout where a source index depends on a thread-owned reduce segment: src_index=rv % 32 // 16 * 16 + i % 32 // 8 * 4 + rv % 16 // 8 * 2 + i % 2, projected_src_index=(rv - rv % 8) % 32 // 16 * 16 + i % 32 // 8 * 4 + (rv - rv % 8) % 16 // 8 * 2 + i % 2, reduce_var=rv, projected_reduce_var=rv - rv // 32 % 2 * 32 - T.FloorDiv(rv, 1) % 8"
41790,4,tilelang,2026.09.25-23.10_tilelang_hard-shape_seed=42,tilelang_codegen_error,confirmed_signature,bool_vector,1790355148.7009158,results/2026.09.25-23.10_tilelang_hard-shape_seed=42/failed/tilelang_codegen_error/failed_extended_mixed_9d320c1186d9d5b8.json,独立复现代表样本，按相同错误签名关联；非逐例根因证明,"ine 0, in tvm::codegen::CodeGenTileLangCUDA::VisitExpr_(tvm::tirx::CastNode const*, std::ostream&)
  File ""<unknown>"", line 0, in tvm::codegen::CodeGenC::PrintExpr[abi:cxx11](tvm::PrimExpr const&)
  File ""<unknown>"", line 0, in tvm::codegen::CodeGenC::VisitExpr_(tvm::tirx::AndNode const*, std::ostream&)
  File ""<unknown>"", line 0, in tvm::codegen::CodeGenTileLangCUDA::PrintVecBinaryOp(std::__cxx11::basic_string<char, std::char_traits<char>, std::allocator<char> > const&, tvm::runtime::DataType, tvm::PrimExpr, tvm::PrimExpr, std::ostream&)
  File ""<unknown>"", line 0, in tvm::codegen::CodeGenTileLangCUDA::PrintType(tvm::runtime::DataType, std::ostream&)
  File ""<unknown>"", line 0, in tvm::runtime::detail::LogFatal::~LogFatal()
tvm.error.InternalError: Cannot convert type boolx16 to CUDA type"
41790,4,tilelang,2026.09.25-23.10_tilelang_hard-shape_seed=42,tilelang_codegen_error,confirmed_signature,reduce_layout,1790355163.704154,results/2026.09.25-23.10_tilelang_hard-shape_seed=42/failed/tilelang_codegen_error/failed_calls_main(f0)__f0()_d535f1a4d0fe7835.json,独立复现代表样本，按相同错误签名关联；非逐例根因证明,"eStep, std::allocator<tvm::tl::backend::reduce::ThreadReduceStep> > const&, tvm::arith::Analyzer*)
  File ""/project/src/backend/common/op/reduce.h"", line 534, in void tvm::tl::backend::reduce::CheckThreadOwnedStepsProjectable(const tvm::PrimExpr&, const tvm::tirx::Var&, const std::vector<ThreadReduceStep>&, tvm::arith::Analyzer*)
tvm.error.InternalError: Check failed: (analyzer->CanProveEqual(projected_index, simplified_index)) is false: ReduceOp cannot lower a layout where a source index depends on a thread-owned reduce segment: src_index=rv % 32 // 16 * 16 + i % 32 // 8 * 4 + rv % 16 // 8 * 2 + i % 2, projected_src_index=(rv - rv % 8) % 32 // 16 * 16 + i % 32 // 8 * 4 + (rv - rv % 8) % 16 // 8 * 2 + i % 2, reduce_var=rv, projected_reduce_var=rv - rv // 32 % 2 * 32 - T.FloorDiv(rv, 1) % 8"
41790,4,tilelang,2026.09.25-23.10_tilelang_hard-shape_seed=42,tilelang_codegen_error,confirmed_signature,bool_vector,1790355191.5846424,results/2026.09.25-23.10_tilelang_hard-shape_seed=42/failed/tilelang_codegen_error/failed_extended_mixed_1982407a5a1e187a.json,独立复现代表样本，按相同错误签名关联；非逐例根因证明,"ine 0, in tvm::codegen::CodeGenTileLangCUDA::VisitExpr_(tvm::tirx::CastNode const*, std::ostream&)
  File ""<unknown>"", line 0, in tvm::codegen::CodeGenC::PrintExpr[abi:cxx11](tvm::PrimExpr const&)
  File ""<unknown>"", line 0, in tvm::codegen::CodeGenC::VisitExpr_(tvm::tirx::AndNode const*, std::ostream&)
  File ""<unknown>"", line 0, in tvm::codegen::CodeGenTileLangCUDA::PrintVecBinaryOp(std::__cxx11::basic_string<char, std::char_traits<char>, std::allocator<char> > const&, tvm::runtime::DataType, tvm::PrimExpr, tvm::PrimExpr, std::ostream&)
  File ""<unknown>"", line 0, in tvm::codegen::CodeGenTileLangCUDA::PrintType(tvm::runtime::DataType, std::ostream&)
  File ""<unknown>"", line 0, in tvm::runtime::detail::LogFatal::~LogFatal()
tvm.error.InternalError: Cannot convert type boolx16 to CUDA type"
41790,4,tilelang,2026.09.25-23.10_tilelang_hard-shape_seed=42,tilelang_codegen_error,confirmed_signature,reduce_layout,1790355324.4918404,results/2026.09.25-23.10_tilelang_hard-shape_seed=42/failed/tilelang_codegen_error/failed_calls_main(f0+f0+f0)__f0()_82ae20f6f9265fdf.json,独立复现代表样本，按相同错误签名关联；非逐例根因证明,"uceStep, std::allocator<tvm::tl::backend::reduce::ThreadReduceStep> > const&, tvm::arith::Analyzer*)
  File ""/project/src/backend/common/op/reduce.h"", line 534, in void tvm::tl::backend::reduce::CheckThreadOwnedStepsProjectable(const tvm::PrimExpr&, const tvm::tirx::Var&, const std::vector<ThreadReduceStep>&, tvm::arith::Analyzer*)
tvm.error.InternalError: Check failed: (analyzer->CanProveEqual(projected_index, simplified_index)) is false: ReduceOp cannot lower a layout where a source index depends on a thread-owned reduce segment: src_index=rv % 32 // 16 * 8 + i % 16 // 8 * 4 + rv % 16 // 8 * 2 + i % 2, projected_src_index=(rv - rv % 8) % 32 // 16 * 8 + i % 16 // 8 * 4 + (rv - rv % 8) % 16 // 8 * 2 + i % 2, reduce_var=rv, projected_reduce_var=rv - rv // 32 % 2 * 32 - T.FloorDiv(rv, 1) % 8"
41790,4,tilelang,2026.09.25-23.10_tilelang_hard-shape_seed=42,tilelang_codegen_error,confirmed_signature,bool_vector,1790355554.321074,results/2026.09.25-23.10_tilelang_hard-shape_seed=42/failed/tilelang_codegen_error/failed_extended_mixed_2bd2bd4d2a304c03.json,独立复现代表样本，按相同错误签名关联；非逐例根因证明,"line 0, in tvm::codegen::CodeGenTileLangCUDA::VisitExpr_(tvm::tirx::CastNode const*, std::ostream&)
  File ""<unknown>"", line 0, in tvm::codegen::CodeGenC::PrintExpr[abi:cxx11](tvm::PrimExpr const&)
  File ""<unknown>"", line 0, in tvm::codegen::CodeGenC::VisitExpr_(tvm::tirx::AndNode const*, std::ostream&)
  File ""<unknown>"", line 0, in tvm::codegen::CodeGenTileLangCUDA::PrintVecBinaryOp(std::__cxx11::basic_string<char, std::char_traits<char>, std::allocator<char> > const&, tvm::runtime::DataType, tvm::PrimExpr, tvm::PrimExpr, std::ostream&)
  File ""<unknown>"", line 0, in tvm::codegen::CodeGenTileLangCUDA::PrintType(tvm::runtime::DataType, std::ostream&)
  File ""<unknown>"", line 0, in tvm::runtime::detail::LogFatal::~LogFatal()
tvm.error.InternalError: Cannot convert type boolx8 to CUDA type"
41790,4,tilelang,2026.09.25-23.10_tilelang_hard-shape_seed=42,tilelang_codegen_error,confirmed_signature,reduce_layout,1790356634.7156518,results/2026.09.25-23.10_tilelang_hard-shape_seed=42/failed/tilelang_codegen_error/failed_calls_main(f0+f0)__f0()_255c0d7eb5c3268d.json,独立复现代表样本，按相同错误签名关联；非逐例根因证明,"eStep, std::allocator<tvm::tl::backend::reduce::ThreadReduceStep> > const&, tvm::arith::Analyzer*)
  File ""/project/src/backend/common/op/reduce.h"", line 534, in void tvm::tl::backend::reduce::CheckThreadOwnedStepsProjectable(const tvm::PrimExpr&, const tvm::tirx::Var&, const std::vector<ThreadReduceStep>&, tvm::arith::Analyzer*)
tvm.error.InternalError: Check failed: (analyzer->CanProveEqual(projected_index, simplified_index)) is false: ReduceOp cannot lower a layout where a source index depends on a thread-owned reduce segment: src_index=rv % 64 // 16 * 32 + i % 64 // 8 * 4 + rv % 16 // 8 * 2 + i % 2, projected_src_index=(rv - rv % 8) % 64 // 16 * 32 + i % 64 // 8 * 4 + (rv - rv % 8) % 16 // 8 * 2 + i % 2, reduce_var=rv, projected_reduce_var=rv - rv // 64 % 2 * 64 - T.FloorDiv(rv, 1) % 8"
41790,4,tilelang,2026.09.25-23.10_tilelang_hard-shape_seed=42,tilelang_codegen_error,confirmed_signature,reduce_layout,1790357925.048254,results/2026.09.25-23.10_tilelang_hard-shape_seed=42/failed/tilelang_codegen_error/failed_calls_main(f0+f0)__f0()_a1eb995fa38a35d1.json,独立复现代表样本，按相同错误签名关联；非逐例根因证明,"eStep, std::allocator<tvm::tl::backend::reduce::ThreadReduceStep> > const&, tvm::arith::Analyzer*)
  File ""/project/src/backend/common/op/reduce.h"", line 534, in void tvm::tl::backend::reduce::CheckThreadOwnedStepsProjectable(const tvm::PrimExpr&, const tvm::tirx::Var&, const std::vector<ThreadReduceStep>&, tvm::arith::Analyzer*)
tvm.error.InternalError: Check failed: (analyzer->CanProveEqual(projected_index, simplified_index)) is false: ReduceOp cannot lower a layout where a source index depends on a thread-owned reduce segment: src_index=rv % 32 // 16 * 32 + i % 64 // 8 * 4 + rv % 16 // 8 * 2 + i % 2, projected_src_index=(rv - rv % 8) % 32 // 16 * 32 + i % 64 // 8 * 4 + (rv - rv % 8) % 16 // 8 * 2 + i % 2, reduce_var=rv, projected_reduce_var=rv - rv // 32 % 2 * 32 - T.FloorDiv(rv, 1) % 8"
41790,4,tilelang,2026.09.25-23.10_tilelang_hard-shape_seed=42,tilelang_codegen_error,confirmed_signature,reduce_layout,1790358226.785531,results/2026.09.25-23.10_tilelang_hard-shape_seed=42/failed/tilelang_codegen_error/failed_calls_main(f0)__f0()_3290bbd337464aa0.json,独立复现代表样本，按相同错误签名关联；非逐例根因证明,"tep, std::allocator<tvm::tl::backend::reduce::ThreadReduceStep> > const&, tvm::arith::Analyzer*)
  File ""/project/src/backend/common/op/reduce.h"", line 534, in void tvm::tl::backend::reduce::CheckThreadOwnedStepsProjectable(const tvm::PrimExpr&, const tvm::tirx::Var&, const std::vector<ThreadReduceStep>&, tvm::arith::Analyzer*)
tvm.error.InternalError: Check failed: (analyzer->CanProveEqual(projected_index, simplified_index)) is false: ReduceOp cannot lower a layout where a source index depends on a thread-owned reduce segment: src_index=rv % 128 // 16 * 8 + i % 16 // 8 * 4 + rv % 16 // 8 * 2 + i % 2, projected_src_index=(rv - rv % 8) % 128 // 16 * 8 + i % 16 // 8 * 4 + (rv - rv % 8) % 16 // 8 * 2 + i % 2, reduce_var=rv, projected_reduce_var=rv - rv // 128 % 2 * 128 - T.FloorDiv(rv, 1) % 8"
41790,4,tilelang,2026.09.25-23.10_tilelang_hard-shape_seed=42,tilelang_codegen_error,confirmed_signature,reduce_layout,1790358771.524292,results/2026.09.25-23.10_tilelang_hard-shape_seed=42/failed/tilelang_codegen_error/failed_calls_main(f0)__f0()_67279a6362be72b1.json,独立复现代表样本，按相同错误签名关联；非逐例根因证明,"tep, std::allocator<tvm::tl::backend::reduce::ThreadReduceStep> > const&, tvm::arith::Analyzer*)
  File ""/project/src/backend/common/op/reduce.h"", line 534, in void tvm::tl::backend::reduce::CheckThreadOwnedStepsProjectable(const tvm::PrimExpr&, const tvm::tirx::Var&, const std::vector<ThreadReduceStep>&, tvm::arith::Analyzer*)
tvm.error.InternalError: Check failed: (analyzer->CanProveEqual(projected_index, simplified_index)) is false: ReduceOp cannot lower a layout where a source index depends on a thread-owned reduce segment: src_index=rv % 128 // 16 * 8 + i % 16 // 8 * 4 + rv % 16 // 8 * 2 + i % 2, projected_src_index=(rv - rv % 8) % 128 // 16 * 8 + i % 16 // 8 * 4 + (rv - rv % 8) % 16 // 8 * 2 + i % 2, reduce_var=rv, projected_reduce_var=rv - rv // 128 % 2 * 128 - T.FloorDiv(rv, 1) % 8"
41790,4,tilelang,2026.09.25-23.10_tilelang_hard-shape_seed=42,tilelang_codegen_error,confirmed_signature,bool_vector,1790359369.0541394,results/2026.09.25-23.10_tilelang_hard-shape_seed=42/failed/tilelang_codegen_error/failed_extended_mixed_17c6be7ddd9bc086.json,独立复现代表样本，按相同错误签名关联；非逐例根因证明,"line 0, in tvm::codegen::CodeGenTileLangCUDA::VisitExpr_(tvm::tirx::CastNode const*, std::ostream&)
  File ""<unknown>"", line 0, in tvm::codegen::CodeGenC::PrintExpr[abi:cxx11](tvm::PrimExpr const&)
  File ""<unknown>"", line 0, in tvm::codegen::CodeGenC::VisitExpr_(tvm::tirx::AndNode const*, std::ostream&)
  File ""<unknown>"", line 0, in tvm::codegen::CodeGenTileLangCUDA::PrintVecBinaryOp(std::__cxx11::basic_string<char, std::char_traits<char>, std::allocator<char> > const&, tvm::runtime::DataType, tvm::PrimExpr, tvm::PrimExpr, std::ostream&)
  File ""<unknown>"", line 0, in tvm::codegen::CodeGenTileLangCUDA::PrintType(tvm::runtime::DataType, std::ostream&)
  File ""<unknown>"", line 0, in tvm::runtime::detail::LogFatal::~LogFatal()
tvm.error.InternalError: Cannot convert type boolx8 to CUDA type"
41790,4,tilelang,2026.09.25-23.10_tilelang_hard-shape_seed=42,tilelang_codegen_error,confirmed_signature,reduce_layout,1790359608.0406458,results/2026.09.25-23.10_tilelang_hard-shape_seed=42/failed/tilelang_codegen_error/failed_calls_main(f1)__f0()__f1(f0)_b9be45a9b7ee4507.json,独立复现代表样本，按相同错误签名关联；非逐例根因证明,"p, std::allocator<tvm::tl::backend::reduce::ThreadReduceStep> > const&, tvm::arith::Analyzer*)
  File ""/project/src/backend/common/op/reduce.h"", line 534, in void tvm::tl::backend::reduce::CheckThreadOwnedStepsProjectable(const tvm::PrimExpr&, const tvm::tirx::Var&, const std::vector<ThreadReduceStep>&, tvm::arith::Analyzer*)
tvm.error.InternalError: Check failed: (analyzer->CanProveEqual(projected_index, simplified_index)) is false: ReduceOp cannot lower a layout where a source index depends on a thread-owned reduce segment: src_index=rv % 128 // 16 * 16 + i % 32 // 8 * 4 + rv % 16 // 8 * 2 + i % 2, projected_src_index=(rv - rv % 8) % 128 // 16 * 16 + i % 32 // 8 * 4 + (rv - rv % 8) % 16 // 8 * 2 + i % 2, reduce_var=rv, projected_reduce_var=rv - rv // 128 % 2 * 128 - T.FloorDiv(rv, 1) % 8"
41790,4,tilelang,2026.09.25-23.10_tilelang_hard-shape_seed=42,tilelang_codegen_error,confirmed_signature,reduce_layout,1790359982.5315864,results/2026.09.25-23.10_tilelang_hard-shape_seed=42/failed/tilelang_codegen_error/failed_calls_main(f0)__f0()_fd50a308183542d2.json,独立复现代表样本，按相同错误签名关联；非逐例根因证明,"tep, std::allocator<tvm::tl::backend::reduce::ThreadReduceStep> > const&, tvm::arith::Analyzer*)
  File ""/project/src/backend/common/op/reduce.h"", line 534, in void tvm::tl::backend::reduce::CheckThreadOwnedStepsProjectable(const tvm::PrimExpr&, const tvm::tirx::Var&, const std::vector<ThreadReduceStep>&, tvm::arith::Analyzer*)
tvm.error.InternalError: Check failed: (analyzer->CanProveEqual(projected_index, simplified_index)) is false: ReduceOp cannot lower a layout where a source index depends on a thread-owned reduce segment: src_index=rv % 128 // 16 * 8 + i % 16 // 8 * 4 + rv % 16 // 8 * 2 + i % 2, projected_src_index=(rv - rv % 8) % 128 // 16 * 8 + i % 16 // 8 * 4 + (rv - rv % 8) % 16 // 8 * 2 + i % 2, reduce_var=rv, projected_reduce_var=rv - rv // 128 % 2 * 128 - T.FloorDiv(rv, 1) % 8"
41790,4,tilelang,2026.09.25-23.10_tilelang_hard-shape_seed=42,tilelang_codegen_error,confirmed_signature,reduce_layout,1790360510.2380702,results/2026.09.25-23.10_tilelang_hard-shape_seed=42/failed/tilelang_codegen_error/failed_calls_main(f0)__f0()_2cc6a41f7d3ef3a1.json,独立复现代表样本，按相同错误签名关联；非逐例根因证明,"const&, std::vector<tvm::tl::backend::reduce::ThreadReduceStep, std::allocator<tvm::tl::backend::reduce::ThreadReduceStep> > const&, tvm::arith::Analyzer*)
  File ""/project/src/backend/common/op/reduce.h"", line 534, in void tvm::tl::backend::reduce::CheckThreadOwnedStepsProjectable(const tvm::PrimExpr&, const tvm::tirx::Var&, const std::vector<ThreadReduceStep>&, tvm::arith::Analyzer*)
tvm.error.InternalError: Check failed: (analyzer->CanProveEqual(projected_index, simplified_index)) is false: ReduceOp cannot lower a layout where a source index depends on a thread-owned reduce segment: src_index=rv % 16 // 8 * 4 + i // 8 * 2 + rv % 2, projected_src_index=(rv % 8 // 2 * 14 + rv) % 16 // 8 * 4 + i // 8 * 2 + rv % 2, reduce_var=rv, projected_reduce_var=rv - rv // 16 % 8 * 16 - rv // 2 % 4 * 2"
41790,4,tilelang,2026.09.25-23.10_tilelang_hard-shape_seed=42,tilelang_codegen_error,confirmed_signature,reduce_layout,1790360959.1905327,results/2026.09.25-23.10_tilelang_hard-shape_seed=42/failed/tilelang_codegen_error/failed_calls_main(f0)__f0()_af60c0ba62d71afc.json,独立复现代表样本，按相同错误签名关联；非逐例根因证明,"d> const&, tvm::tirx::Var const&, std::vector<tvm::tl::backend::reduce::ThreadReduceStep, std::allocator<tvm::tl::backend::reduce::ThreadReduceStep> > const&, tvm::arith::Analyzer*)
  File ""/project/src/backend/common/op/reduce.h"", line 534, in void tvm::tl::backend::reduce::CheckThreadOwnedStepsProjectable(const tvm::PrimExpr&, const tvm::tirx::Var&, const std::vector<ThreadReduceStep>&, tvm::arith::Analyzer*)
tvm.error.InternalError: Check failed: (analyzer->CanProveEqual(projected_index, simplified_index)) is false: ReduceOp cannot lower a layout where a source index depends on a thread-owned reduce segment: src_index=rv % 32 // 8 * 2 + rv % 2, projected_src_index=(rv % 8 // 2 * 30 + rv) % 32 // 8 * 2 + rv % 2, reduce_var=rv, projected_reduce_var=rv - rv // 32 % 4 * 32 - rv // 2 % 4 * 2"
41790,4,tilelang,2026.09.25-23.10_tilelang_hard-shape_seed=42,tilelang_codegen_error,confirmed_signature,reduce_layout,1790361355.6757042,results/2026.09.25-23.10_tilelang_hard-shape_seed=42/failed/tilelang_codegen_error/failed_calls_main(f0+f0)__f0()_4f1e16697f1f657f.json,独立复现代表样本，按相同错误签名关联；非逐例根因证明,"const&, std::vector<tvm::tl::backend::reduce::ThreadReduceStep, std::allocator<tvm::tl::backend::reduce::ThreadReduceStep> > const&, tvm::arith::Analyzer*)
  File ""/project/src/backend/common/op/reduce.h"", line 534, in void tvm::tl::backend::reduce::CheckThreadOwnedStepsProjectable(const tvm::PrimExpr&, const tvm::tirx::Var&, const std::vector<ThreadReduceStep>&, tvm::arith::Analyzer*)
tvm.error.InternalError: Check failed: (analyzer->CanProveEqual(projected_index, simplified_index)) is false: ReduceOp cannot lower a layout where a source index depends on a thread-owned reduce segment: src_index=rv % 16 // 8 * 4 + i // 8 * 2 + rv % 2, projected_src_index=(rv % 8 // 2 * 14 + rv) % 16 // 8 * 4 + i // 8 * 2 + rv % 2, reduce_var=rv, projected_reduce_var=rv - rv // 16 % 8 * 16 - rv // 2 % 4 * 2"
41790,4,tilelang,2026.09.25-23.10_tilelang_hard-shape_seed=42,tilelang_codegen_error,confirmed_signature,reduce_layout,1790361715.823951,results/2026.09.25-23.10_tilelang_hard-shape_seed=42/failed/tilelang_codegen_error/failed_calls_main(f1)__f0()__f1(f0+f0)_18d30cfc8462c88a.json,独立复现代表样本，按相同错误签名关联；非逐例根因证明,"p, std::allocator<tvm::tl::backend::reduce::ThreadReduceStep> > const&, tvm::arith::Analyzer*)
  File ""/project/src/backend/common/op/reduce.h"", line 534, in void tvm::tl::backend::reduce::CheckThreadOwnedStepsProjectable(const tvm::PrimExpr&, const tvm::tirx::Var&, const std::vector<ThreadReduceStep>&, tvm::arith::Analyzer*)
tvm.error.InternalError: Check failed: (analyzer->CanProveEqual(projected_index, simplified_index)) is false: ReduceOp cannot lower a layout where a source index depends on a thread-owned reduce segment: src_index=rv % 128 // 16 * 16 + i % 32 // 8 * 4 + rv % 16 // 8 * 2 + i % 2, projected_src_index=(rv - rv % 8) % 128 // 16 * 16 + i % 32 // 8 * 4 + (rv - rv % 8) % 16 // 8 * 2 + i % 2, reduce_var=rv, projected_reduce_var=rv - rv // 128 % 2 * 128 - T.FloorDiv(rv, 1) % 8"
41790,4,tilelang,2026.09.25-23.10_tilelang_hard-shape_seed=42,tilelang_codegen_error,confirmed_signature,reduce_layout,1790362982.3720365,results/2026.09.25-23.10_tilelang_hard-shape_seed=42/failed/tilelang_codegen_error/failed_calls_main(f1)__f0()__f1(f0)_ed970c5456c0ba86.json,独立复现代表样本，按相同错误签名关联；非逐例根因证明," std::allocator<tvm::tl::backend::reduce::ThreadReduceStep> > const&, tvm::arith::Analyzer*)
  File ""/project/src/backend/common/op/reduce.h"", line 534, in void tvm::tl::backend::reduce::CheckThreadOwnedStepsProjectable(const tvm::PrimExpr&, const tvm::tirx::Var&, const std::vector<ThreadReduceStep>&, tvm::arith::Analyzer*)
tvm.error.InternalError: Check failed: (analyzer->CanProveEqual(projected_index, simplified_index)) is false: ReduceOp cannot lower a layout where a source index depends on a thread-owned reduce segment: src_index=rv % 128 // 16 * 64 + i % 128 // 8 * 4 + rv % 16 // 8 * 2 + i % 2, projected_src_index=(rv - rv % 8) % 128 // 16 * 64 + i % 128 // 8 * 4 + (rv - rv % 8) % 16 // 8 * 2 + i % 2, reduce_var=rv, projected_reduce_var=rv - rv // 128 % 2 * 128 - T.FloorDiv(rv, 1) % 8"
41790,4,tilelang,2026.09.25-23.10_tilelang_hard-shape_seed=42,tilelang_codegen_error,confirmed_signature,bool_vector,1790363564.1392162,results/2026.09.25-23.10_tilelang_hard-shape_seed=42/failed/tilelang_codegen_error/failed_extended_mixed_d98a8233c1616936.json,独立复现代表样本，按相同错误签名关联；非逐例根因证明,"ine 0, in tvm::codegen::CodeGenTileLangCUDA::VisitExpr_(tvm::tirx::CastNode const*, std::ostream&)
  File ""<unknown>"", line 0, in tvm::codegen::CodeGenC::PrintExpr[abi:cxx11](tvm::PrimExpr const&)
  File ""<unknown>"", line 0, in tvm::codegen::CodeGenC::VisitExpr_(tvm::tirx::AndNode const*, std::ostream&)
  File ""<unknown>"", line 0, in tvm::codegen::CodeGenTileLangCUDA::PrintVecBinaryOp(std::__cxx11::basic_string<char, std::char_traits<char>, std::allocator<char> > const&, tvm::runtime::DataType, tvm::PrimExpr, tvm::PrimExpr, std::ostream&)
  File ""<unknown>"", line 0, in tvm::codegen::CodeGenTileLangCUDA::PrintType(tvm::runtime::DataType, std::ostream&)
  File ""<unknown>"", line 0, in tvm::runtime::detail::LogFatal::~LogFatal()
tvm.error.InternalError: Cannot convert type boolx16 to CUDA type"
41790,4,tilelang,2026.09.25-23.10_tilelang_hard-shape_seed=42,tilelang_codegen_error,confirmed_signature,reduce_layout,1790364046.5594437,results/2026.09.25-23.10_tilelang_hard-shape_seed=42/failed/tilelang_codegen_error/failed_calls_main(f1)__f0()__f1(f0+f0+f0)_b791cd2d98c5a589.json,独立复现代表样本，按相同错误签名关联；非逐例根因证明,"p, std::allocator<tvm::tl::backend::reduce::ThreadReduceStep> > const&, tvm::arith::Analyzer*)
  File ""/project/src/backend/common/op/reduce.h"", line 534, in void tvm::tl::backend::reduce::CheckThreadOwnedStepsProjectable(const tvm::PrimExpr&, const tvm::tirx::Var&, const std::vector<ThreadReduceStep>&, tvm::arith::Analyzer*)
tvm.error.InternalError: Check failed: (analyzer->CanProveEqual(projected_index, simplified_index)) is false: ReduceOp cannot lower a layout where a source index depends on a thread-owned reduce segment: src_index=rv % 128 // 16 * 16 + i % 32 // 8 * 4 + rv % 16 // 8 * 2 + i % 2, projected_src_index=(rv - rv % 8) % 128 // 16 * 16 + i % 32 // 8 * 4 + (rv - rv % 8) % 16 // 8 * 2 + i % 2, reduce_var=rv, projected_reduce_var=rv - rv // 128 % 2 * 128 - T.FloorDiv(rv, 1) % 8"
41790,4,tilelang,2026.09.25-23.10_tilelang_hard-shape_seed=42,tilelang_codegen_error,confirmed_signature,reduce_layout,1790364072.5242941,results/2026.09.25-23.10_tilelang_hard-shape_seed=42/failed/tilelang_codegen_error/failed_calls_main(f0+f0)__f0()_44ecc28bf28ed556.json,独立复现代表样本，按相同错误签名关联；非逐例根因证明,"const&, std::vector<tvm::tl::backend::reduce::ThreadReduceStep, std::allocator<tvm::tl::backend::reduce::ThreadReduceStep> > const&, tvm::arith::Analyzer*)
  File ""/project/src/backend/common/op/reduce.h"", line 534, in void tvm::tl::backend::reduce::CheckThreadOwnedStepsProjectable(const tvm::PrimExpr&, const tvm::tirx::Var&, const std::vector<ThreadReduceStep>&, tvm::arith::Analyzer*)
tvm.error.InternalError: Check failed: (analyzer->CanProveEqual(projected_index, simplified_index)) is false: ReduceOp cannot lower a layout where a source index depends on a thread-owned reduce segment: src_index=rv % 32 // 8 * 4 + i // 8 * 2 + rv % 2, projected_src_index=(rv % 8 // 2 * 30 + rv) % 32 // 8 * 4 + i // 8 * 2 + rv % 2, reduce_var=rv, projected_reduce_var=rv - rv // 32 % 8 * 32 - rv // 2 % 4 * 2"
41790,4,tilelang,2026.09.25-23.10_tilelang_hard-shape_seed=42,tilelang_codegen_error,confirmed_signature,reduce_layout,1790364453.984139,results/2026.09.25-23.10_tilelang_hard-shape_seed=42/failed/tilelang_codegen_error/failed_calls_main(f0+f0)__f0()_a95472f4f0504788.json,独立复现代表样本，按相同错误签名关联；非逐例根因证明,"const&, std::vector<tvm::tl::backend::reduce::ThreadReduceStep, std::allocator<tvm::tl::backend::reduce::ThreadReduceStep> > const&, tvm::arith::Analyzer*)
  File ""/project/src/backend/common/op/reduce.h"", line 534, in void tvm::tl::backend::reduce::CheckThreadOwnedStepsProjectable(const tvm::PrimExpr&, const tvm::tirx::Var&, const std::vector<ThreadReduceStep>&, tvm::arith::Analyzer*)
tvm.error.InternalError: Check failed: (analyzer->CanProveEqual(projected_index, simplified_index)) is false: ReduceOp cannot lower a layout where a source index depends on a thread-owned reduce segment: src_index=rv % 16 // 8 * 4 + i // 8 * 2 + rv % 2, projected_src_index=(rv % 8 // 2 * 14 + rv) % 16 // 8 * 4 + i // 8 * 2 + rv % 2, reduce_var=rv, projected_reduce_var=rv - rv // 16 % 8 * 16 - rv // 2 % 4 * 2"
41790,4,tilelang,2026.09.25-23.10_tilelang_hard-shape_seed=42,tilelang_codegen_error,confirmed_signature,bool_vector,1790364600.9623537,results/2026.09.25-23.10_tilelang_hard-shape_seed=42/failed/tilelang_codegen_error/failed_extended_mixed_f6bfef5424a3709a.json,独立复现代表样本，按相同错误签名关联；非逐例根因证明,"ine 0, in tvm::codegen::CodeGenTileLangCUDA::VisitExpr_(tvm::tirx::CastNode const*, std::ostream&)
  File ""<unknown>"", line 0, in tvm::codegen::CodeGenC::PrintExpr[abi:cxx11](tvm::PrimExpr const&)
  File ""<unknown>"", line 0, in tvm::codegen::CodeGenC::VisitExpr_(tvm::tirx::AndNode const*, std::ostream&)
  File ""<unknown>"", line 0, in tvm::codegen::CodeGenTileLangCUDA::PrintVecBinaryOp(std::__cxx11::basic_string<char, std::char_traits<char>, std::allocator<char> > const&, tvm::runtime::DataType, tvm::PrimExpr, tvm::PrimExpr, std::ostream&)
  File ""<unknown>"", line 0, in tvm::codegen::CodeGenTileLangCUDA::PrintType(tvm::runtime::DataType, std::ostream&)
  File ""<unknown>"", line 0, in tvm::runtime::detail::LogFatal::~LogFatal()
tvm.error.InternalError: Cannot convert type boolx16 to CUDA type"
41790,4,tilelang,2026.09.25-23.10_tilelang_hard-shape_seed=42,tilelang_codegen_error,confirmed_signature,reduce_layout,1790365095.6701725,results/2026.09.25-23.10_tilelang_hard-shape_seed=42/failed/tilelang_codegen_error/failed_calls_main(f0+f0+f0)__f0()_b4cc1f0df4a67fcd.json,独立复现代表样本，按相同错误签名关联；非逐例根因证明,"d> const&, tvm::tirx::Var const&, std::vector<tvm::tl::backend::reduce::ThreadReduceStep, std::allocator<tvm::tl::backend::reduce::ThreadReduceStep> > const&, tvm::arith::Analyzer*)
  File ""/project/src/backend/common/op/reduce.h"", line 534, in void tvm::tl::backend::reduce::CheckThreadOwnedStepsProjectable(const tvm::PrimExpr&, const tvm::tirx::Var&, const std::vector<ThreadReduceStep>&, tvm::arith::Analyzer*)
tvm.error.InternalError: Check failed: (analyzer->CanProveEqual(projected_index, simplified_index)) is false: ReduceOp cannot lower a layout where a source index depends on a thread-owned reduce segment: src_index=rv % 32 // 8 * 2 + rv % 2, projected_src_index=(rv % 8 // 2 * 30 + rv) % 32 // 8 * 2 + rv % 2, reduce_var=rv, projected_reduce_var=rv - rv // 32 % 8 * 32 - rv // 2 % 4 * 2"
41790,4,tilelang,2026.09.25-23.10_tilelang_hard-shape_seed=42,tilelang_codegen_error,confirmed_signature,reduce_layout,1790365221.9092412,results/2026.09.25-23.10_tilelang_hard-shape_seed=42/failed/tilelang_codegen_error/failed_calls_main(f0)__f0()_5d63844007d32910.json,独立复现代表样本，按相同错误签名关联；非逐例根因证明,"eStep, std::allocator<tvm::tl::backend::reduce::ThreadReduceStep> > const&, tvm::arith::Analyzer*)
  File ""/project/src/backend/common/op/reduce.h"", line 534, in void tvm::tl::backend::reduce::CheckThreadOwnedStepsProjectable(const tvm::PrimExpr&, const tvm::tirx::Var&, const std::vector<ThreadReduceStep>&, tvm::arith::Analyzer*)
tvm.error.InternalError: Check failed: (analyzer->CanProveEqual(projected_index, simplified_index)) is false: ReduceOp cannot lower a layout where a source index depends on a thread-owned reduce segment: src_index=rv % 64 // 16 * 16 + i % 32 // 8 * 4 + rv % 16 // 8 * 2 + i % 2, projected_src_index=(rv - rv % 8) % 64 // 16 * 16 + i % 32 // 8 * 4 + (rv - rv % 8) % 16 // 8 * 2 + i % 2, reduce_var=rv, projected_reduce_var=rv - rv // 64 % 2 * 64 - T.FloorDiv(rv, 1) % 8"
41790,4,tilelang,2026.09.25-23.10_tilelang_hard-shape_seed=42,tilelang_codegen_error,confirmed_signature,reduce_layout,1790365242.2651305,results/2026.09.25-23.10_tilelang_hard-shape_seed=42/failed/tilelang_codegen_error/failed_calls_main(f1)__f0()__f1(f0)_fdb12a188473160c.json,独立复现代表样本，按相同错误签名关联；非逐例根因证明,"p, std::allocator<tvm::tl::backend::reduce::ThreadReduceStep> > const&, tvm::arith::Analyzer*)
  File ""/project/src/backend/common/op/reduce.h"", line 534, in void tvm::tl::backend::reduce::CheckThreadOwnedStepsProjectable(const tvm::PrimExpr&, const tvm::tirx::Var&, const std::vector<ThreadReduceStep>&, tvm::arith::Analyzer*)
tvm.error.InternalError: Check failed: (analyzer->CanProveEqual(projected_index, simplified_index)) is false: ReduceOp cannot lower a layout where a source index depends on a thread-owned reduce segment: src_index=rv % 128 // 16 * 32 + i % 64 // 8 * 4 + rv % 16 // 8 * 2 + i % 2, projected_src_index=(rv - rv % 8) % 128 // 16 * 32 + i % 64 // 8 * 4 + (rv - rv % 8) % 16 // 8 * 2 + i % 2, reduce_var=rv, projected_reduce_var=rv - rv // 128 % 2 * 128 - T.FloorDiv(rv, 1) % 8"
41790,4,tilelang,2026.09.25-23.10_tilelang_hard-shape_seed=42,tilelang_codegen_error,confirmed_signature,reduce_layout,1790365458.2169898,results/2026.09.25-23.10_tilelang_hard-shape_seed=42/failed/tilelang_codegen_error/failed_calls_main(f0)__f0()_23e9b632914f605b.json,独立复现代表样本，按相同错误签名关联；非逐例根因证明,"tep, std::allocator<tvm::tl::backend::reduce::ThreadReduceStep> > const&, tvm::arith::Analyzer*)
  File ""/project/src/backend/common/op/reduce.h"", line 534, in void tvm::tl::backend::reduce::CheckThreadOwnedStepsProjectable(const tvm::PrimExpr&, const tvm::tirx::Var&, const std::vector<ThreadReduceStep>&, tvm::arith::Analyzer*)
tvm.error.InternalError: Check failed: (analyzer->CanProveEqual(projected_index, simplified_index)) is false: ReduceOp cannot lower a layout where a source index depends on a thread-owned reduce segment: src_index=rv % 128 // 16 * 8 + i % 16 // 8 * 4 + rv % 16 // 8 * 2 + i % 2, projected_src_index=(rv - rv % 8) % 128 // 16 * 8 + i % 16 // 8 * 4 + (rv - rv % 8) % 16 // 8 * 2 + i % 2, reduce_var=rv, projected_reduce_var=rv - rv // 128 % 2 * 128 - T.FloorDiv(rv, 1) % 8"
41790,4,tilelang,2026.09.25-23.10_tilelang_hard-shape_seed=42,tilelang_codegen_error,confirmed_signature,bool_vector,1790365570.6766517,results/2026.09.25-23.10_tilelang_hard-shape_seed=42/failed/tilelang_codegen_error/failed_extended_mixed_8ca0e450333beb87.json,独立复现代表样本，按相同错误签名关联；非逐例根因证明,"ine 0, in tvm::codegen::CodeGenTileLangCUDA::VisitExpr_(tvm::tirx::CastNode const*, std::ostream&)
  File ""<unknown>"", line 0, in tvm::codegen::CodeGenC::PrintExpr[abi:cxx11](tvm::PrimExpr const&)
  File ""<unknown>"", line 0, in tvm::codegen::CodeGenC::VisitExpr_(tvm::tirx::AndNode const*, std::ostream&)
  File ""<unknown>"", line 0, in tvm::codegen::CodeGenTileLangCUDA::PrintVecBinaryOp(std::__cxx11::basic_string<char, std::char_traits<char>, std::allocator<char> > const&, tvm::runtime::DataType, tvm::PrimExpr, tvm::PrimExpr, std::ostream&)
  File ""<unknown>"", line 0, in tvm::codegen::CodeGenTileLangCUDA::PrintType(tvm::runtime::DataType, std::ostream&)
  File ""<unknown>"", line 0, in tvm::runtime::detail::LogFatal::~LogFatal()
tvm.error.InternalError: Cannot convert type boolx16 to CUDA type"
41790,4,tilelang,2026.09.25-23.10_tilelang_hard-shape_seed=42,tilelang_codegen_error,confirmed_signature,reduce_layout,1790365663.0129673,results/2026.09.25-23.10_tilelang_hard-shape_seed=42/failed/tilelang_codegen_error/failed_calls_main(f1)__f0()__f1(f0)_c697b2c854508a4f.json,独立复现代表样本，按相同错误签名关联；非逐例根因证明,"uceStep, std::allocator<tvm::tl::backend::reduce::ThreadReduceStep> > const&, tvm::arith::Analyzer*)
  File ""/project/src/backend/common/op/reduce.h"", line 534, in void tvm::tl::backend::reduce::CheckThreadOwnedStepsProjectable(const tvm::PrimExpr&, const tvm::tirx::Var&, const std::vector<ThreadReduceStep>&, tvm::arith::Analyzer*)
tvm.error.InternalError: Check failed: (analyzer->CanProveEqual(projected_index, simplified_index)) is false: ReduceOp cannot lower a layout where a source index depends on a thread-owned reduce segment: src_index=rv % 32 // 16 * 8 + i % 16 // 8 * 4 + rv % 16 // 8 * 2 + i % 2, projected_src_index=(rv - rv % 8) % 32 // 16 * 8 + i % 16 // 8 * 4 + (rv - rv % 8) % 16 // 8 * 2 + i % 2, reduce_var=rv, projected_reduce_var=rv - rv // 32 % 2 * 32 - T.FloorDiv(rv, 1) % 8"
41790,4,tilelang,2026.09.25-23.10_tilelang_hard-shape_seed=42,tilelang_codegen_error,confirmed_signature,reduce_layout,1790365684.5075133,results/2026.09.25-23.10_tilelang_hard-shape_seed=42/failed/tilelang_codegen_error/failed_calls_main(f0)__f0()_a2b2df148b063c8b.json,独立复现代表样本，按相同错误签名关联；非逐例根因证明,"const&, std::vector<tvm::tl::backend::reduce::ThreadReduceStep, std::allocator<tvm::tl::backend::reduce::ThreadReduceStep> > const&, tvm::arith::Analyzer*)
  File ""/project/src/backend/common/op/reduce.h"", line 534, in void tvm::tl::backend::reduce::CheckThreadOwnedStepsProjectable(const tvm::PrimExpr&, const tvm::tirx::Var&, const std::vector<ThreadReduceStep>&, tvm::arith::Analyzer*)
tvm.error.InternalError: Check failed: (analyzer->CanProveEqual(projected_index, simplified_index)) is false: ReduceOp cannot lower a layout where a source index depends on a thread-owned reduce segment: src_index=rv % 32 // 8 * 4 + i // 8 * 2 + rv % 2, projected_src_index=(rv % 8 // 2 * 30 + rv) % 32 // 8 * 4 + i // 8 * 2 + rv % 2, reduce_var=rv, projected_reduce_var=rv - rv // 32 % 8 * 32 - rv // 2 % 4 * 2"
41790,4,tilelang,2026.09.25-23.10_tilelang_hard-shape_seed=42,tilelang_codegen_error,confirmed_signature,reduce_layout,1790365807.4614618,results/2026.09.25-23.10_tilelang_hard-shape_seed=42/failed/tilelang_codegen_error/failed_calls_main(f1)__f0()__f1(f0)_cfc72151824db13d.json,独立复现代表样本，按相同错误签名关联；非逐例根因证明,"tep, std::allocator<tvm::tl::backend::reduce::ThreadReduceStep> > const&, tvm::arith::Analyzer*)
  File ""/project/src/backend/common/op/reduce.h"", line 534, in void tvm::tl::backend::reduce::CheckThreadOwnedStepsProjectable(const tvm::PrimExpr&, const tvm::tirx::Var&, const std::vector<ThreadReduceStep>&, tvm::arith::Analyzer*)
tvm.error.InternalError: Check failed: (analyzer->CanProveEqual(projected_index, simplified_index)) is false: ReduceOp cannot lower a layout where a source index depends on a thread-owned reduce segment: src_index=rv % 128 // 16 * 8 + i % 16 // 8 * 4 + rv % 16 // 8 * 2 + i % 2, projected_src_index=(rv - rv % 8) % 128 // 16 * 8 + i % 16 // 8 * 4 + (rv - rv % 8) % 16 // 8 * 2 + i % 2, reduce_var=rv, projected_reduce_var=rv - rv // 128 % 2 * 128 - T.FloorDiv(rv, 1) % 8"
41790,4,tilelang,2026.09.25-23.10_tilelang_hard-shape_seed=42,tilelang_codegen_error,confirmed_signature,reduce_layout,1790367692.8054347,results/2026.09.25-23.10_tilelang_hard-shape_seed=42/failed/tilelang_codegen_error/failed_calls_main(f0)__f0()_1d246de203300086.json,独立复现代表样本，按相同错误签名关联；非逐例根因证明,"uceStep, std::allocator<tvm::tl::backend::reduce::ThreadReduceStep> > const&, tvm::arith::Analyzer*)
  File ""/project/src/backend/common/op/reduce.h"", line 534, in void tvm::tl::backend::reduce::CheckThreadOwnedStepsProjectable(const tvm::PrimExpr&, const tvm::tirx::Var&, const std::vector<ThreadReduceStep>&, tvm::arith::Analyzer*)
tvm.error.InternalError: Check failed: (analyzer->CanProveEqual(projected_index, simplified_index)) is false: ReduceOp cannot lower a layout where a source index depends on a thread-owned reduce segment: src_index=rv % 32 // 16 * 8 + i % 16 // 8 * 4 + rv % 16 // 8 * 2 + i % 2, projected_src_index=(rv - rv % 8) % 32 // 16 * 8 + i % 16 // 8 * 4 + (rv - rv % 8) % 16 // 8 * 2 + i % 2, reduce_var=rv, projected_reduce_var=rv - rv // 32 % 2 * 32 - T.FloorDiv(rv, 1) % 8"
41790,4,tilelang,2026.09.25-23.10_tilelang_hard-shape_seed=42,tilelang_codegen_error,confirmed_signature,reduce_layout,1790368083.0122921,results/2026.09.25-23.10_tilelang_hard-shape_seed=42/failed/tilelang_codegen_error/failed_calls_main(f0+f1)__f0()__f1(f0)_8b7e2640dcc9ce17.json,独立复现代表样本，按相同错误签名关联；非逐例根因证明,"eStep, std::allocator<tvm::tl::backend::reduce::ThreadReduceStep> > const&, tvm::arith::Analyzer*)
  File ""/project/src/backend/common/op/reduce.h"", line 534, in void tvm::tl::backend::reduce::CheckThreadOwnedStepsProjectable(const tvm::PrimExpr&, const tvm::tirx::Var&, const std::vector<ThreadReduceStep>&, tvm::arith::Analyzer*)
tvm.error.InternalError: Check failed: (analyzer->CanProveEqual(projected_index, simplified_index)) is false: ReduceOp cannot lower a layout where a source index depends on a thread-owned reduce segment: src_index=rv % 32 // 16 * 16 + i % 32 // 8 * 4 + rv % 16 // 8 * 2 + i % 2, projected_src_index=(rv - rv % 8) % 32 // 16 * 16 + i % 32 // 8 * 4 + (rv - rv % 8) % 16 // 8 * 2 + i % 2, reduce_var=rv, projected_reduce_var=rv - rv // 32 % 2 * 32 - T.FloorDiv(rv, 1) % 8"
41790,4,tilelang,2026.09.25-23.10_tilelang_hard-shape_seed=42,tilelang_codegen_error,confirmed_signature,reduce_layout,1790369335.1372437,results/2026.09.25-23.10_tilelang_hard-shape_seed=42/failed/tilelang_codegen_error/failed_calls_main(f1)__f0()__f1(f0+f0)_e242426aeda964ea.json,独立复现代表样本，按相同错误签名关联；非逐例根因证明,"uceStep, std::allocator<tvm::tl::backend::reduce::ThreadReduceStep> > const&, tvm::arith::Analyzer*)
  File ""/project/src/backend/common/op/reduce.h"", line 534, in void tvm::tl::backend::reduce::CheckThreadOwnedStepsProjectable(const tvm::PrimExpr&, const tvm::tirx::Var&, const std::vector<ThreadReduceStep>&, tvm::arith::Analyzer*)
tvm.error.InternalError: Check failed: (analyzer->CanProveEqual(projected_index, simplified_index)) is false: ReduceOp cannot lower a layout where a source index depends on a thread-owned reduce segment: src_index=rv % 32 // 16 * 8 + i % 16 // 8 * 4 + rv % 16 // 8 * 2 + i % 2, projected_src_index=(rv - rv % 8) % 32 // 16 * 8 + i % 16 // 8 * 4 + (rv - rv % 8) % 16 // 8 * 2 + i % 2, reduce_var=rv, projected_reduce_var=rv - rv // 32 % 2 * 32 - T.FloorDiv(rv, 1) % 8"
41790,4,tilelang,2026.09.25-23.10_tilelang_hard-shape_seed=42,tilelang_codegen_error,confirmed_signature,reduce_layout,1790369354.3215792,results/2026.09.25-23.10_tilelang_hard-shape_seed=42/failed/tilelang_codegen_error/failed_calls_main(f1)__f0()__f1(f0)_9ba27dc94adb2ebb.json,独立复现代表样本，按相同错误签名关联；非逐例根因证明,"d> const&, tvm::tirx::Var const&, std::vector<tvm::tl::backend::reduce::ThreadReduceStep, std::allocator<tvm::tl::backend::reduce::ThreadReduceStep> > const&, tvm::arith::Analyzer*)
  File ""/project/src/backend/common/op/reduce.h"", line 534, in void tvm::tl::backend::reduce::CheckThreadOwnedStepsProjectable(const tvm::PrimExpr&, const tvm::tirx::Var&, const std::vector<ThreadReduceStep>&, tvm::arith::Analyzer*)
tvm.error.InternalError: Check failed: (analyzer->CanProveEqual(projected_index, simplified_index)) is false: ReduceOp cannot lower a layout where a source index depends on a thread-owned reduce segment: src_index=rv % 64 // 8 * 2 + rv % 2, projected_src_index=(rv % 8 // 2 * 62 + rv) % 64 // 8 * 2 + rv % 2, reduce_var=rv, projected_reduce_var=rv - rv // 64 % 4 * 64 - rv // 2 % 4 * 2"
41790,4,tilelang,2026.09.25-23.10_tilelang_hard-shape_seed=42,tilelang_codegen_error,confirmed_signature,reduce_layout,1790369495.1286933,results/2026.09.25-23.10_tilelang_hard-shape_seed=42/failed/tilelang_codegen_error/failed_calls_main(f1)__f0()__f1(f0)_7793ad6fff519cc0.json,独立复现代表样本，按相同错误签名关联；非逐例根因证明,"eStep, std::allocator<tvm::tl::backend::reduce::ThreadReduceStep> > const&, tvm::arith::Analyzer*)
  File ""/project/src/backend/common/op/reduce.h"", line 534, in void tvm::tl::backend::reduce::CheckThreadOwnedStepsProjectable(const tvm::PrimExpr&, const tvm::tirx::Var&, const std::vector<ThreadReduceStep>&, tvm::arith::Analyzer*)
tvm.error.InternalError: Check failed: (analyzer->CanProveEqual(projected_index, simplified_index)) is false: ReduceOp cannot lower a layout where a source index depends on a thread-owned reduce segment: src_index=rv % 64 // 16 * 32 + i % 64 // 8 * 4 + rv % 16 // 8 * 2 + i % 2, projected_src_index=(rv - rv % 8) % 64 // 16 * 32 + i % 64 // 8 * 4 + (rv - rv % 8) % 16 // 8 * 2 + i % 2, reduce_var=rv, projected_reduce_var=rv - rv // 64 % 2 * 64 - T.FloorDiv(rv, 1) % 8"
41790,4,tilelang,2026.09.25-23.10_tilelang_hard-shape_seed=42,tilelang_codegen_error,confirmed_signature,bool_vector,1790370117.5690672,results/2026.09.25-23.10_tilelang_hard-shape_seed=42/failed/tilelang_codegen_error/failed_extended_mixed_b00d16777aa689b2.json,独立复现代表样本，按相同错误签名关联；非逐例根因证明,"ine 0, in tvm::codegen::CodeGenTileLangCUDA::VisitExpr_(tvm::tirx::CastNode const*, std::ostream&)
  File ""<unknown>"", line 0, in tvm::codegen::CodeGenC::PrintExpr[abi:cxx11](tvm::PrimExpr const&)
  File ""<unknown>"", line 0, in tvm::codegen::CodeGenC::VisitExpr_(tvm::tirx::AndNode const*, std::ostream&)
  File ""<unknown>"", line 0, in tvm::codegen::CodeGenTileLangCUDA::PrintVecBinaryOp(std::__cxx11::basic_string<char, std::char_traits<char>, std::allocator<char> > const&, tvm::runtime::DataType, tvm::PrimExpr, tvm::PrimExpr, std::ostream&)
  File ""<unknown>"", line 0, in tvm::codegen::CodeGenTileLangCUDA::PrintType(tvm::runtime::DataType, std::ostream&)
  File ""<unknown>"", line 0, in tvm::runtime::detail::LogFatal::~LogFatal()
tvm.error.InternalError: Cannot convert type boolx16 to CUDA type"
41790,4,tilelang,2026.09.25-23.10_tilelang_hard-shape_seed=42,tilelang_codegen_error,confirmed_signature,reduce_layout,1790370289.3128605,results/2026.09.25-23.10_tilelang_hard-shape_seed=42/failed/tilelang_codegen_error/failed_calls_main(f0)__f0()_4324bcf4cb041a61.json,独立复现代表样本，按相同错误签名关联；非逐例根因证明,"const&, std::vector<tvm::tl::backend::reduce::ThreadReduceStep, std::allocator<tvm::tl::backend::reduce::ThreadReduceStep> > const&, tvm::arith::Analyzer*)
  File ""/project/src/backend/common/op/reduce.h"", line 534, in void tvm::tl::backend::reduce::CheckThreadOwnedStepsProjectable(const tvm::PrimExpr&, const tvm::tirx::Var&, const std::vector<ThreadReduceStep>&, tvm::arith::Analyzer*)
tvm.error.InternalError: Check failed: (analyzer->CanProveEqual(projected_index, simplified_index)) is false: ReduceOp cannot lower a layout where a source index depends on a thread-owned reduce segment: src_index=rv % 32 // 8 * 4 + i // 8 * 2 + rv % 2, projected_src_index=(rv % 8 // 2 * 30 + rv) % 32 // 8 * 4 + i // 8 * 2 + rv % 2, reduce_var=rv, projected_reduce_var=rv - rv // 32 % 8 * 32 - rv // 2 % 4 * 2"
41790,4,tilelang,2026.09.25-23.10_tilelang_hard-shape_seed=42,tilelang_codegen_error,confirmed_signature,reduce_layout,1790371739.8771377,results/2026.09.25-23.10_tilelang_hard-shape_seed=42/failed/tilelang_codegen_error/failed_calls_main(f1)__f0()__f1(f0)_4fb2a28f124e47fc.json,独立复现代表样本，按相同错误签名关联；非逐例根因证明,"uceStep, std::allocator<tvm::tl::backend::reduce::ThreadReduceStep> > const&, tvm::arith::Analyzer*)
  File ""/project/src/backend/common/op/reduce.h"", line 534, in void tvm::tl::backend::reduce::CheckThreadOwnedStepsProjectable(const tvm::PrimExpr&, const tvm::tirx::Var&, const std::vector<ThreadReduceStep>&, tvm::arith::Analyzer*)
tvm.error.InternalError: Check failed: (analyzer->CanProveEqual(projected_index, simplified_index)) is false: ReduceOp cannot lower a layout where a source index depends on a thread-owned reduce segment: src_index=rv % 32 // 16 * 8 + i % 16 // 8 * 4 + rv % 16 // 8 * 2 + i % 2, projected_src_index=(rv - rv % 8) % 32 // 16 * 8 + i % 16 // 8 * 4 + (rv - rv % 8) % 16 // 8 * 2 + i % 2, reduce_var=rv, projected_reduce_var=rv - rv // 32 % 2 * 32 - T.FloorDiv(rv, 1) % 8"
41790,4,tilelang,2026.09.25-23.10_tilelang_hard-shape_seed=42,tilelang_codegen_error,confirmed_signature,bool_vector,1790372120.0340714,results/2026.09.25-23.10_tilelang_hard-shape_seed=42/failed/tilelang_codegen_error/failed_extended_mixed_4a367b828c65b168.json,独立复现代表样本，按相同错误签名关联；非逐例根因证明,"line 0, in tvm::codegen::CodeGenTileLangCUDA::VisitExpr_(tvm::tirx::CastNode const*, std::ostream&)
  File ""<unknown>"", line 0, in tvm::codegen::CodeGenC::PrintExpr[abi:cxx11](tvm::PrimExpr const&)
  File ""<unknown>"", line 0, in tvm::codegen::CodeGenC::VisitExpr_(tvm::tirx::AndNode const*, std::ostream&)
  File ""<unknown>"", line 0, in tvm::codegen::CodeGenTileLangCUDA::PrintVecBinaryOp(std::__cxx11::basic_string<char, std::char_traits<char>, std::allocator<char> > const&, tvm::runtime::DataType, tvm::PrimExpr, tvm::PrimExpr, std::ostream&)
  File ""<unknown>"", line 0, in tvm::codegen::CodeGenTileLangCUDA::PrintType(tvm::runtime::DataType, std::ostream&)
  File ""<unknown>"", line 0, in tvm::runtime::detail::LogFatal::~LogFatal()
tvm.error.InternalError: Cannot convert type boolx8 to CUDA type"
41790,4,tilelang,2026.09.25-23.10_tilelang_hard-shape_seed=42,tilelang_codegen_error,confirmed_signature,reduce_layout,1790372386.634634,results/2026.09.25-23.10_tilelang_hard-shape_seed=42/failed/tilelang_codegen_error/failed_calls_main(f1)__f0()__f1(f0)_93cac72364cf76ca.json,独立复现代表样本，按相同错误签名关联；非逐例根因证明,"const&, std::vector<tvm::tl::backend::reduce::ThreadReduceStep, std::allocator<tvm::tl::backend::reduce::ThreadReduceStep> > const&, tvm::arith::Analyzer*)
  File ""/project/src/backend/common/op/reduce.h"", line 534, in void tvm::tl::backend::reduce::CheckThreadOwnedStepsProjectable(const tvm::PrimExpr&, const tvm::tirx::Var&, const std::vector<ThreadReduceStep>&, tvm::arith::Analyzer*)
tvm.error.InternalError: Check failed: (analyzer->CanProveEqual(projected_index, simplified_index)) is false: ReduceOp cannot lower a layout where a source index depends on a thread-owned reduce segment: src_index=rv % 16 // 8 * 4 + i // 8 * 2 + rv % 2, projected_src_index=(rv % 8 // 2 * 14 + rv) % 16 // 8 * 4 + i // 8 * 2 + rv % 2, reduce_var=rv, projected_reduce_var=rv - rv // 16 % 8 * 16 - rv // 2 % 4 * 2"
41790,4,tilelang,2026.09.25-23.10_tilelang_hard-shape_seed=42,tilelang_codegen_error,confirmed_signature,reduce_layout,1790373111.1627781,results/2026.09.25-23.10_tilelang_hard-shape_seed=42/failed/tilelang_codegen_error/failed_calls_main(f1+f1)__f0()__f1(f0)_fa67dd387910e97f.json,独立复现代表样本，按相同错误签名关联；非逐例根因证明,"tep, std::allocator<tvm::tl::backend::reduce::ThreadReduceStep> > const&, tvm::arith::Analyzer*)
  File ""/project/src/backend/common/op/reduce.h"", line 534, in void tvm::tl::backend::reduce::CheckThreadOwnedStepsProjectable(const tvm::PrimExpr&, const tvm::tirx::Var&, const std::vector<ThreadReduceStep>&, tvm::arith::Analyzer*)
tvm.error.InternalError: Check failed: (analyzer->CanProveEqual(projected_index, simplified_index)) is false: ReduceOp cannot lower a layout where a source index depends on a thread-owned reduce segment: src_index=rv % 128 // 16 * 8 + i % 16 // 8 * 4 + rv % 16 // 8 * 2 + i % 2, projected_src_index=(rv - rv % 8) % 128 // 16 * 8 + i % 16 // 8 * 4 + (rv - rv % 8) % 16 // 8 * 2 + i % 2, reduce_var=rv, projected_reduce_var=rv - rv // 128 % 2 * 128 - T.FloorDiv(rv, 1) % 8"
41790,4,tilelang,2026.09.25-23.10_tilelang_hard-shape_seed=42,tilelang_codegen_error,confirmed_signature,bool_vector,1790373554.7548451,results/2026.09.25-23.10_tilelang_hard-shape_seed=42/failed/tilelang_codegen_error/failed_extended_mixed_c69dc11e2c98e17b.json,独立复现代表样本，按相同错误签名关联；非逐例根因证明,"line 0, in tvm::codegen::CodeGenTileLangCUDA::VisitExpr_(tvm::tirx::CastNode const*, std::ostream&)
  File ""<unknown>"", line 0, in tvm::codegen::CodeGenC::PrintExpr[abi:cxx11](tvm::PrimExpr const&)
  File ""<unknown>"", line 0, in tvm::codegen::CodeGenC::VisitExpr_(tvm::tirx::AndNode const*, std::ostream&)
  File ""<unknown>"", line 0, in tvm::codegen::CodeGenTileLangCUDA::PrintVecBinaryOp(std::__cxx11::basic_string<char, std::char_traits<char>, std::allocator<char> > const&, tvm::runtime::DataType, tvm::PrimExpr, tvm::PrimExpr, std::ostream&)
  File ""<unknown>"", line 0, in tvm::codegen::CodeGenTileLangCUDA::PrintType(tvm::runtime::DataType, std::ostream&)
  File ""<unknown>"", line 0, in tvm::runtime::detail::LogFatal::~LogFatal()
tvm.error.InternalError: Cannot convert type boolx8 to CUDA type"
41790,4,tilelang,2026.09.25-23.10_tilelang_hard-shape_seed=42,tilelang_codegen_error,confirmed_signature,reduce_layout,1790373562.3499167,results/2026.09.25-23.10_tilelang_hard-shape_seed=42/failed/tilelang_codegen_error/failed_calls_main()_e539a3a354d0ccad.json,独立复现代表样本，按相同错误签名关联；非逐例根因证明,"const&, std::vector<tvm::tl::backend::reduce::ThreadReduceStep, std::allocator<tvm::tl::backend::reduce::ThreadReduceStep> > const&, tvm::arith::Analyzer*)
  File ""/project/src/backend/common/op/reduce.h"", line 534, in void tvm::tl::backend::reduce::CheckThreadOwnedStepsProjectable(const tvm::PrimExpr&, const tvm::tirx::Var&, const std::vector<ThreadReduceStep>&, tvm::arith::Analyzer*)
tvm.error.InternalError: Check failed: (analyzer->CanProveEqual(projected_index, simplified_index)) is false: ReduceOp cannot lower a layout where a source index depends on a thread-owned reduce segment: src_index=rv % 32 // 8 * 4 + i // 8 * 2 + rv % 2, projected_src_index=(rv % 8 // 2 * 30 + rv) % 32 // 8 * 4 + i // 8 * 2 + rv % 2, reduce_var=rv, projected_reduce_var=rv - rv // 32 % 8 * 32 - rv // 2 % 4 * 2"
41790,4,tilelang,2026.09.25-23.10_tilelang_hard-shape_seed=42,tilelang_codegen_error,confirmed_signature,reduce_layout,1790373738.197344,results/2026.09.25-23.10_tilelang_hard-shape_seed=42/failed/tilelang_codegen_error/failed_calls_main(f0+f1)__f0()__f1(f0)_234b7a9cada22c27.json,独立复现代表样本，按相同错误签名关联；非逐例根因证明,"const&, std::vector<tvm::tl::backend::reduce::ThreadReduceStep, std::allocator<tvm::tl::backend::reduce::ThreadReduceStep> > const&, tvm::arith::Analyzer*)
  File ""/project/src/backend/common/op/reduce.h"", line 534, in void tvm::tl::backend::reduce::CheckThreadOwnedStepsProjectable(const tvm::PrimExpr&, const tvm::tirx::Var&, const std::vector<ThreadReduceStep>&, tvm::arith::Analyzer*)
tvm.error.InternalError: Check failed: (analyzer->CanProveEqual(projected_index, simplified_index)) is false: ReduceOp cannot lower a layout where a source index depends on a thread-owned reduce segment: src_index=rv % 32 // 8 * 4 + i // 8 * 2 + rv % 2, projected_src_index=(rv % 8 // 2 * 30 + rv) % 32 // 8 * 4 + i // 8 * 2 + rv % 2, reduce_var=rv, projected_reduce_var=rv - rv // 32 % 8 * 32 - rv // 2 % 4 * 2"
41790,4,tilelang,2026.09.25-23.10_tilelang_hard-shape_seed=42,tilelang_codegen_error,confirmed_signature,bool_vector,1790374083.1768317,results/2026.09.25-23.10_tilelang_hard-shape_seed=42/failed/tilelang_codegen_error/failed_extended_mixed_afda0a147096e321.json,独立复现代表样本，按相同错误签名关联；非逐例根因证明,"ine 0, in tvm::codegen::CodeGenTileLangCUDA::VisitExpr_(tvm::tirx::CastNode const*, std::ostream&)
  File ""<unknown>"", line 0, in tvm::codegen::CodeGenC::PrintExpr[abi:cxx11](tvm::PrimExpr const&)
  File ""<unknown>"", line 0, in tvm::codegen::CodeGenC::VisitExpr_(tvm::tirx::AndNode const*, std::ostream&)
  File ""<unknown>"", line 0, in tvm::codegen::CodeGenTileLangCUDA::PrintVecBinaryOp(std::__cxx11::basic_string<char, std::char_traits<char>, std::allocator<char> > const&, tvm::runtime::DataType, tvm::PrimExpr, tvm::PrimExpr, std::ostream&)
  File ""<unknown>"", line 0, in tvm::codegen::CodeGenTileLangCUDA::PrintType(tvm::runtime::DataType, std::ostream&)
  File ""<unknown>"", line 0, in tvm::runtime::detail::LogFatal::~LogFatal()
tvm.error.InternalError: Cannot convert type boolx16 to CUDA type"
41790,4,tilelang,2026.09.25-23.10_tilelang_hard-shape_seed=42,tilelang_codegen_error,confirmed_signature,bool_vector,1790374389.4196408,results/2026.09.25-23.10_tilelang_hard-shape_seed=42/failed/tilelang_codegen_error/failed_extended_mixed_b38d3870cb234fc1.json,独立复现代表样本，按相同错误签名关联；非逐例根因证明,"line 0, in tvm::codegen::CodeGenTileLangCUDA::VisitExpr_(tvm::tirx::CastNode const*, std::ostream&)
  File ""<unknown>"", line 0, in tvm::codegen::CodeGenC::PrintExpr[abi:cxx11](tvm::PrimExpr const&)
  File ""<unknown>"", line 0, in tvm::codegen::CodeGenC::VisitExpr_(tvm::tirx::AndNode const*, std::ostream&)
  File ""<unknown>"", line 0, in tvm::codegen::CodeGenTileLangCUDA::PrintVecBinaryOp(std::__cxx11::basic_string<char, std::char_traits<char>, std::allocator<char> > const&, tvm::runtime::DataType, tvm::PrimExpr, tvm::PrimExpr, std::ostream&)
  File ""<unknown>"", line 0, in tvm::codegen::CodeGenTileLangCUDA::PrintType(tvm::runtime::DataType, std::ostream&)
  File ""<unknown>"", line 0, in tvm::runtime::detail::LogFatal::~LogFatal()
tvm.error.InternalError: Cannot convert type boolx8 to CUDA type"
41790,4,tilelang,2026.09.25-23.10_tilelang_hard-shape_seed=42,tilelang_codegen_error,confirmed_signature,reduce_layout,1790375344.4732502,results/2026.09.25-23.10_tilelang_hard-shape_seed=42/failed/tilelang_codegen_error/failed_calls_main(f1)__f0()__f1(f0)_ae20add2d6d12a74.json,独立复现代表样本，按相同错误签名关联；非逐例根因证明,"uceStep, std::allocator<tvm::tl::backend::reduce::ThreadReduceStep> > const&, tvm::arith::Analyzer*)
  File ""/project/src/backend/common/op/reduce.h"", line 534, in void tvm::tl::backend::reduce::CheckThreadOwnedStepsProjectable(const tvm::PrimExpr&, const tvm::tirx::Var&, const std::vector<ThreadReduceStep>&, tvm::arith::Analyzer*)
tvm.error.InternalError: Check failed: (analyzer->CanProveEqual(projected_index, simplified_index)) is false: ReduceOp cannot lower a layout where a source index depends on a thread-owned reduce segment: src_index=rv % 32 // 16 * 8 + i % 16 // 8 * 4 + rv % 16 // 8 * 2 + i % 2, projected_src_index=(rv - rv % 8) % 32 // 16 * 8 + i % 16 // 8 * 4 + (rv - rv % 8) % 16 // 8 * 2 + i % 2, reduce_var=rv, projected_reduce_var=rv - rv // 32 % 2 * 32 - T.FloorDiv(rv, 1) % 8"
41790,4,tilelang,2026.09.25-23.10_tilelang_hard-shape_seed=42,tilelang_codegen_error,confirmed_signature,bool_vector,1790375385.7365155,results/2026.09.25-23.10_tilelang_hard-shape_seed=42/failed/tilelang_codegen_error/failed_extended_mixed_0c3918490b65ff88.json,独立复现代表样本，按相同错误签名关联；非逐例根因证明,"line 0, in tvm::codegen::CodeGenTileLangCUDA::VisitExpr_(tvm::tirx::CastNode const*, std::ostream&)
  File ""<unknown>"", line 0, in tvm::codegen::CodeGenC::PrintExpr[abi:cxx11](tvm::PrimExpr const&)
  File ""<unknown>"", line 0, in tvm::codegen::CodeGenC::VisitExpr_(tvm::tirx::AndNode const*, std::ostream&)
  File ""<unknown>"", line 0, in tvm::codegen::CodeGenTileLangCUDA::PrintVecBinaryOp(std::__cxx11::basic_string<char, std::char_traits<char>, std::allocator<char> > const&, tvm::runtime::DataType, tvm::PrimExpr, tvm::PrimExpr, std::ostream&)
  File ""<unknown>"", line 0, in tvm::codegen::CodeGenTileLangCUDA::PrintType(tvm::runtime::DataType, std::ostream&)
  File ""<unknown>"", line 0, in tvm::runtime::detail::LogFatal::~LogFatal()
tvm.error.InternalError: Cannot convert type boolx8 to CUDA type"
41790,4,tilelang,2026.09.25-23.10_tilelang_hard-shape_seed=42,tilelang_codegen_error,confirmed_signature,reduce_layout,1790375998.0135212,results/2026.09.25-23.10_tilelang_hard-shape_seed=42/failed/tilelang_codegen_error/failed_calls_main(f0+f0)__f0()_b69cf6c1aaf9b427.json,独立复现代表样本，按相同错误签名关联；非逐例根因证明,"eStep, std::allocator<tvm::tl::backend::reduce::ThreadReduceStep> > const&, tvm::arith::Analyzer*)
  File ""/project/src/backend/common/op/reduce.h"", line 534, in void tvm::tl::backend::reduce::CheckThreadOwnedStepsProjectable(const tvm::PrimExpr&, const tvm::tirx::Var&, const std::vector<ThreadReduceStep>&, tvm::arith::Analyzer*)
tvm.error.InternalError: Check failed: (analyzer->CanProveEqual(projected_index, simplified_index)) is false: ReduceOp cannot lower a layout where a source index depends on a thread-owned reduce segment: src_index=rv % 32 // 16 * 16 + i % 32 // 8 * 4 + rv % 16 // 8 * 2 + i % 2, projected_src_index=(rv - rv % 8) % 32 // 16 * 16 + i % 32 // 8 * 4 + (rv - rv % 8) % 16 // 8 * 2 + i % 2, reduce_var=rv, projected_reduce_var=rv - rv // 32 % 2 * 32 - T.FloorDiv(rv, 1) % 8"
41790,4,tilelang,2026.09.25-23.10_tilelang_hard-shape_seed=42,tilelang_codegen_error,confirmed_signature,reduce_layout,1790376528.7826233,results/2026.09.25-23.10_tilelang_hard-shape_seed=42/failed/tilelang_codegen_error/failed_calls_main(f0)__f0()_7553a94ab94b560b.json,独立复现代表样本，按相同错误签名关联；非逐例根因证明,"eStep, std::allocator<tvm::tl::backend::reduce::ThreadReduceStep> > const&, tvm::arith::Analyzer*)
  File ""/project/src/backend/common/op/reduce.h"", line 534, in void tvm::tl::backend::reduce::CheckThreadOwnedStepsProjectable(const tvm::PrimExpr&, const tvm::tirx::Var&, const std::vector<ThreadReduceStep>&, tvm::arith::Analyzer*)
tvm.error.InternalError: Check failed: (analyzer->CanProveEqual(projected_index, simplified_index)) is false: ReduceOp cannot lower a layout where a source index depends on a thread-owned reduce segment: src_index=rv % 64 // 16 * 16 + i % 32 // 8 * 4 + rv % 16 // 8 * 2 + i % 2, projected_src_index=(rv - rv % 8) % 64 // 16 * 16 + i % 32 // 8 * 4 + (rv - rv % 8) % 16 // 8 * 2 + i % 2, reduce_var=rv, projected_reduce_var=rv - rv // 64 % 2 * 64 - T.FloorDiv(rv, 1) % 8"
41790,4,tilelang,2026.09.25-23.10_tilelang_hard-shape_seed=42,tilelang_codegen_error,confirmed_signature,bool_vector,1790376889.590872,results/2026.09.25-23.10_tilelang_hard-shape_seed=42/failed/tilelang_codegen_error/failed_extended_mixed_ba5f24f1ec306de7.json,独立复现代表样本，按相同错误签名关联；非逐例根因证明,"line 0, in tvm::codegen::CodeGenTileLangCUDA::VisitExpr_(tvm::tirx::CastNode const*, std::ostream&)
  File ""<unknown>"", line 0, in tvm::codegen::CodeGenC::PrintExpr[abi:cxx11](tvm::PrimExpr const&)
  File ""<unknown>"", line 0, in tvm::codegen::CodeGenC::VisitExpr_(tvm::tirx::AndNode const*, std::ostream&)
  File ""<unknown>"", line 0, in tvm::codegen::CodeGenTileLangCUDA::PrintVecBinaryOp(std::__cxx11::basic_string<char, std::char_traits<char>, std::allocator<char> > const&, tvm::runtime::DataType, tvm::PrimExpr, tvm::PrimExpr, std::ostream&)
  File ""<unknown>"", line 0, in tvm::codegen::CodeGenTileLangCUDA::PrintType(tvm::runtime::DataType, std::ostream&)
  File ""<unknown>"", line 0, in tvm::runtime::detail::LogFatal::~LogFatal()
tvm.error.InternalError: Cannot convert type boolx8 to CUDA type"
41790,4,tilelang,2026.09.25-23.10_tilelang_hard-shape_seed=42,tilelang_codegen_error,confirmed_signature,bool_vector,1790377382.8776057,results/2026.09.25-23.10_tilelang_hard-shape_seed=42/failed/tilelang_codegen_error/failed_extended_mixed_7c24b7b53b7b9fa1.json,独立复现代表样本，按相同错误签名关联；非逐例根因证明,"line 0, in tvm::codegen::CodeGenTileLangCUDA::VisitExpr_(tvm::tirx::CastNode const*, std::ostream&)
  File ""<unknown>"", line 0, in tvm::codegen::CodeGenC::PrintExpr[abi:cxx11](tvm::PrimExpr const&)
  File ""<unknown>"", line 0, in tvm::codegen::CodeGenC::VisitExpr_(tvm::tirx::AndNode const*, std::ostream&)
  File ""<unknown>"", line 0, in tvm::codegen::CodeGenTileLangCUDA::PrintVecBinaryOp(std::__cxx11::basic_string<char, std::char_traits<char>, std::allocator<char> > const&, tvm::runtime::DataType, tvm::PrimExpr, tvm::PrimExpr, std::ostream&)
  File ""<unknown>"", line 0, in tvm::codegen::CodeGenTileLangCUDA::PrintType(tvm::runtime::DataType, std::ostream&)
  File ""<unknown>"", line 0, in tvm::runtime::detail::LogFatal::~LogFatal()
tvm.error.InternalError: Cannot convert type boolx8 to CUDA type"
41790,4,tilelang,2026.09.25-23.10_tilelang_hard-shape_seed=42,tilelang_codegen_error,confirmed_signature,reduce_layout,1790377759.733474,results/2026.09.25-23.10_tilelang_hard-shape_seed=42/failed/tilelang_codegen_error/failed_calls_main(f1)__f0()__f1(f0)_05a4a3a8cb9bf210.json,独立复现代表样本，按相同错误签名关联；非逐例根因证明,"p, std::allocator<tvm::tl::backend::reduce::ThreadReduceStep> > const&, tvm::arith::Analyzer*)
  File ""/project/src/backend/common/op/reduce.h"", line 534, in void tvm::tl::backend::reduce::CheckThreadOwnedStepsProjectable(const tvm::PrimExpr&, const tvm::tirx::Var&, const std::vector<ThreadReduceStep>&, tvm::arith::Analyzer*)
tvm.error.InternalError: Check failed: (analyzer->CanProveEqual(projected_index, simplified_index)) is false: ReduceOp cannot lower a layout where a source index depends on a thread-owned reduce segment: src_index=rv % 128 // 16 * 32 + i % 64 // 8 * 4 + rv % 16 // 8 * 2 + i % 2, projected_src_index=(rv - rv % 8) % 128 // 16 * 32 + i % 64 // 8 * 4 + (rv - rv % 8) % 16 // 8 * 2 + i % 2, reduce_var=rv, projected_reduce_var=rv - rv // 128 % 2 * 128 - T.FloorDiv(rv, 1) % 8"
41790,4,tilelang,2026.09.25-23.10_tilelang_hard-shape_seed=42,tilelang_codegen_error,confirmed_signature,bool_vector,1790378156.2987459,results/2026.09.25-23.10_tilelang_hard-shape_seed=42/failed/tilelang_codegen_error/failed_extended_mixed_251e4bbc90bedb64.json,独立复现代表样本，按相同错误签名关联；非逐例根因证明,"ine 0, in tvm::codegen::CodeGenTileLangCUDA::VisitExpr_(tvm::tirx::CastNode const*, std::ostream&)
  File ""<unknown>"", line 0, in tvm::codegen::CodeGenC::PrintExpr[abi:cxx11](tvm::PrimExpr const&)
  File ""<unknown>"", line 0, in tvm::codegen::CodeGenC::VisitExpr_(tvm::tirx::AndNode const*, std::ostream&)
  File ""<unknown>"", line 0, in tvm::codegen::CodeGenTileLangCUDA::PrintVecBinaryOp(std::__cxx11::basic_string<char, std::char_traits<char>, std::allocator<char> > const&, tvm::runtime::DataType, tvm::PrimExpr, tvm::PrimExpr, std::ostream&)
  File ""<unknown>"", line 0, in tvm::codegen::CodeGenTileLangCUDA::PrintType(tvm::runtime::DataType, std::ostream&)
  File ""<unknown>"", line 0, in tvm::runtime::detail::LogFatal::~LogFatal()
tvm.error.InternalError: Cannot convert type boolx16 to CUDA type"
41790,4,tilelang,2026.09.25-23.10_tilelang_hard-shape_seed=42,tilelang_codegen_error,confirmed_signature,bool_vector,1790378211.2667274,results/2026.09.25-23.10_tilelang_hard-shape_seed=42/failed/tilelang_codegen_error/failed_extended_mixed_50d1843d179f6660.json,独立复现代表样本，按相同错误签名关联；非逐例根因证明,"line 0, in tvm::codegen::CodeGenTileLangCUDA::VisitExpr_(tvm::tirx::CastNode const*, std::ostream&)
  File ""<unknown>"", line 0, in tvm::codegen::CodeGenC::PrintExpr[abi:cxx11](tvm::PrimExpr const&)
  File ""<unknown>"", line 0, in tvm::codegen::CodeGenC::VisitExpr_(tvm::tirx::AndNode const*, std::ostream&)
  File ""<unknown>"", line 0, in tvm::codegen::CodeGenTileLangCUDA::PrintVecBinaryOp(std::__cxx11::basic_string<char, std::char_traits<char>, std::allocator<char> > const&, tvm::runtime::DataType, tvm::PrimExpr, tvm::PrimExpr, std::ostream&)
  File ""<unknown>"", line 0, in tvm::codegen::CodeGenTileLangCUDA::PrintType(tvm::runtime::DataType, std::ostream&)
  File ""<unknown>"", line 0, in tvm::runtime::detail::LogFatal::~LogFatal()
tvm.error.InternalError: Cannot convert type boolx8 to CUDA type"
41790,4,tilelang,2026.09.25-23.10_tilelang_hard-shape_seed=42,tilelang_codegen_error,confirmed_signature,reduce_layout,1790378276.0758433,results/2026.09.25-23.10_tilelang_hard-shape_seed=42/failed/tilelang_codegen_error/failed_calls_main(f0)__f0()_34f52a9ee40513cd.json,独立复现代表样本，按相同错误签名关联；非逐例根因证明,"tep, std::allocator<tvm::tl::backend::reduce::ThreadReduceStep> > const&, tvm::arith::Analyzer*)
  File ""/project/src/backend/common/op/reduce.h"", line 534, in void tvm::tl::backend::reduce::CheckThreadOwnedStepsProjectable(const tvm::PrimExpr&, const tvm::tirx::Var&, const std::vector<ThreadReduceStep>&, tvm::arith::Analyzer*)
tvm.error.InternalError: Check failed: (analyzer->CanProveEqual(projected_index, simplified_index)) is false: ReduceOp cannot lower a layout where a source index depends on a thread-owned reduce segment: src_index=rv % 128 // 16 * 8 + i % 16 // 8 * 4 + rv % 16 // 8 * 2 + i % 2, projected_src_index=(rv - rv % 8) % 128 // 16 * 8 + i % 16 // 8 * 4 + (rv - rv % 8) % 16 // 8 * 2 + i % 2, reduce_var=rv, projected_reduce_var=rv - rv // 128 % 2 * 128 - T.FloorDiv(rv, 1) % 8"
41790,4,tilelang,2026.09.25-23.10_tilelang_hard-shape_seed=42,tilelang_codegen_error,confirmed_signature,bool_vector,1790379038.9206743,results/2026.09.25-23.10_tilelang_hard-shape_seed=42/failed/tilelang_codegen_error/failed_extended_mixed_8d5eee276fc60ceb.json,独立复现代表样本，按相同错误签名关联；非逐例根因证明,"line 0, in tvm::codegen::CodeGenTileLangCUDA::VisitExpr_(tvm::tirx::CastNode const*, std::ostream&)
  File ""<unknown>"", line 0, in tvm::codegen::CodeGenC::PrintExpr[abi:cxx11](tvm::PrimExpr const&)
  File ""<unknown>"", line 0, in tvm::codegen::CodeGenC::VisitExpr_(tvm::tirx::AndNode const*, std::ostream&)
  File ""<unknown>"", line 0, in tvm::codegen::CodeGenTileLangCUDA::PrintVecBinaryOp(std::__cxx11::basic_string<char, std::char_traits<char>, std::allocator<char> > const&, tvm::runtime::DataType, tvm::PrimExpr, tvm::PrimExpr, std::ostream&)
  File ""<unknown>"", line 0, in tvm::codegen::CodeGenTileLangCUDA::PrintType(tvm::runtime::DataType, std::ostream&)
  File ""<unknown>"", line 0, in tvm::runtime::detail::LogFatal::~LogFatal()
tvm.error.InternalError: Cannot convert type boolx8 to CUDA type"
41790,4,tilelang,2026.09.25-23.10_tilelang_hard-shape_seed=42,tilelang_codegen_error,confirmed_signature,reduce_layout,1790379295.388521,results/2026.09.25-23.10_tilelang_hard-shape_seed=42/failed/tilelang_codegen_error/failed_calls_main(f0)__f0()_48972308fa5728e2.json,独立复现代表样本，按相同错误签名关联；非逐例根因证明,"eStep, std::allocator<tvm::tl::backend::reduce::ThreadReduceStep> > const&, tvm::arith::Analyzer*)
  File ""/project/src/backend/common/op/reduce.h"", line 534, in void tvm::tl::backend::reduce::CheckThreadOwnedStepsProjectable(const tvm::PrimExpr&, const tvm::tirx::Var&, const std::vector<ThreadReduceStep>&, tvm::arith::Analyzer*)
tvm.error.InternalError: Check failed: (analyzer->CanProveEqual(projected_index, simplified_index)) is false: ReduceOp cannot lower a layout where a source index depends on a thread-owned reduce segment: src_index=rv % 64 // 16 * 32 + i % 64 // 8 * 4 + rv % 16 // 8 * 2 + i % 2, projected_src_index=(rv - rv % 8) % 64 // 16 * 32 + i % 64 // 8 * 4 + (rv - rv % 8) % 16 // 8 * 2 + i % 2, reduce_var=rv, projected_reduce_var=rv - rv // 64 % 2 * 64 - T.FloorDiv(rv, 1) % 8"
41790,4,tilelang,2026.09.25-23.10_tilelang_hard-shape_seed=42,tilelang_codegen_error,confirmed_signature,reduce_layout,1790379893.6414735,results/2026.09.25-23.10_tilelang_hard-shape_seed=42/failed/tilelang_codegen_error/failed_calls_main(f0)__f0()_4d06b9cc79d5e186.json,独立复现代表样本，按相同错误签名关联；非逐例根因证明,"const&, std::vector<tvm::tl::backend::reduce::ThreadReduceStep, std::allocator<tvm::tl::backend::reduce::ThreadReduceStep> > const&, tvm::arith::Analyzer*)
  File ""/project/src/backend/common/op/reduce.h"", line 534, in void tvm::tl::backend::reduce::CheckThreadOwnedStepsProjectable(const tvm::PrimExpr&, const tvm::tirx::Var&, const std::vector<ThreadReduceStep>&, tvm::arith::Analyzer*)
tvm.error.InternalError: Check failed: (analyzer->CanProveEqual(projected_index, simplified_index)) is false: ReduceOp cannot lower a layout where a source index depends on a thread-owned reduce segment: src_index=rv % 32 // 8 * 4 + i // 8 * 2 + rv % 2, projected_src_index=(rv % 8 // 2 * 30 + rv) % 32 // 8 * 4 + i // 8 * 2 + rv % 2, reduce_var=rv, projected_reduce_var=rv - rv // 32 % 8 * 32 - rv // 2 % 4 * 2"
41790,4,tilelang,2026.09.25-23.10_tilelang_hard-shape_seed=42,tilelang_codegen_error,confirmed_signature,reduce_layout,1790379917.4217303,results/2026.09.25-23.10_tilelang_hard-shape_seed=42/failed/tilelang_codegen_error/failed_calls_main(f1)__f0()__f1(f0)_d19732452b307e19.json,独立复现代表样本，按相同错误签名关联；非逐例根因证明," std::allocator<tvm::tl::backend::reduce::ThreadReduceStep> > const&, tvm::arith::Analyzer*)
  File ""/project/src/backend/common/op/reduce.h"", line 534, in void tvm::tl::backend::reduce::CheckThreadOwnedStepsProjectable(const tvm::PrimExpr&, const tvm::tirx::Var&, const std::vector<ThreadReduceStep>&, tvm::arith::Analyzer*)
tvm.error.InternalError: Check failed: (analyzer->CanProveEqual(projected_index, simplified_index)) is false: ReduceOp cannot lower a layout where a source index depends on a thread-owned reduce segment: src_index=rv % 128 // 16 * 64 + i % 128 // 8 * 4 + rv % 16 // 8 * 2 + i % 2, projected_src_index=(rv - rv % 8) % 128 // 16 * 64 + i % 128 // 8 * 4 + (rv - rv % 8) % 16 // 8 * 2 + i % 2, reduce_var=rv, projected_reduce_var=rv - rv // 128 % 2 * 128 - T.FloorDiv(rv, 1) % 8"
41790,4,tilelang,2026.09.25-23.10_tilelang_hard-shape_seed=42,tilelang_codegen_error,confirmed_signature,reduce_layout,1790380032.7360356,results/2026.09.25-23.10_tilelang_hard-shape_seed=42/failed/tilelang_codegen_error/failed_calls_main(f1+f1)__f0()__f1(f0)_6f0c61992225e6fa.json,独立复现代表样本，按相同错误签名关联；非逐例根因证明," std::allocator<tvm::tl::backend::reduce::ThreadReduceStep> > const&, tvm::arith::Analyzer*)
  File ""/project/src/backend/common/op/reduce.h"", line 534, in void tvm::tl::backend::reduce::CheckThreadOwnedStepsProjectable(const tvm::PrimExpr&, const tvm::tirx::Var&, const std::vector<ThreadReduceStep>&, tvm::arith::Analyzer*)
tvm.error.InternalError: Check failed: (analyzer->CanProveEqual(projected_index, simplified_index)) is false: ReduceOp cannot lower a layout where a source index depends on a thread-owned reduce segment: src_index=rv % 128 // 16 * 64 + i % 128 // 8 * 4 + rv % 16 // 8 * 2 + i % 2, projected_src_index=(rv - rv % 8) % 128 // 16 * 64 + i % 128 // 8 * 4 + (rv - rv % 8) % 16 // 8 * 2 + i % 2, reduce_var=rv, projected_reduce_var=rv - rv // 128 % 2 * 128 - T.FloorDiv(rv, 1) % 8"
41790,4,tilelang,2026.09.25-23.10_tilelang_hard-shape_seed=42,tilelang_codegen_error,confirmed_signature,reduce_layout,1790380278.8368258,results/2026.09.25-23.10_tilelang_hard-shape_seed=42/failed/tilelang_codegen_error/failed_calls_main(f1)__f0()__f1(f0)_04e19e057ddb530f.json,独立复现代表样本，按相同错误签名关联；非逐例根因证明,"eStep, std::allocator<tvm::tl::backend::reduce::ThreadReduceStep> > const&, tvm::arith::Analyzer*)
  File ""/project/src/backend/common/op/reduce.h"", line 534, in void tvm::tl::backend::reduce::CheckThreadOwnedStepsProjectable(const tvm::PrimExpr&, const tvm::tirx::Var&, const std::vector<ThreadReduceStep>&, tvm::arith::Analyzer*)
tvm.error.InternalError: Check failed: (analyzer->CanProveEqual(projected_index, simplified_index)) is false: ReduceOp cannot lower a layout where a source index depends on a thread-owned reduce segment: src_index=rv % 32 // 16 * 16 + i % 32 // 8 * 4 + rv % 16 // 8 * 2 + i % 2, projected_src_index=(rv - rv % 8) % 32 // 16 * 16 + i % 32 // 8 * 4 + (rv - rv % 8) % 16 // 8 * 2 + i % 2, reduce_var=rv, projected_reduce_var=rv - rv // 32 % 2 * 32 - T.FloorDiv(rv, 1) % 8"
41790,4,tilelang,2026.09.25-23.10_tilelang_hard-shape_seed=42,tilelang_codegen_error,confirmed_signature,bool_vector,1790381731.982086,results/2026.09.25-23.10_tilelang_hard-shape_seed=42/failed/tilelang_codegen_error/failed_extended_mixed_6cf4cc524f7d5bd0.json,独立复现代表样本，按相同错误签名关联；非逐例根因证明,"ine 0, in tvm::codegen::CodeGenTileLangCUDA::VisitExpr_(tvm::tirx::CastNode const*, std::ostream&)
  File ""<unknown>"", line 0, in tvm::codegen::CodeGenC::PrintExpr[abi:cxx11](tvm::PrimExpr const&)
  File ""<unknown>"", line 0, in tvm::codegen::CodeGenC::VisitExpr_(tvm::tirx::AndNode const*, std::ostream&)
  File ""<unknown>"", line 0, in tvm::codegen::CodeGenTileLangCUDA::PrintVecBinaryOp(std::__cxx11::basic_string<char, std::char_traits<char>, std::allocator<char> > const&, tvm::runtime::DataType, tvm::PrimExpr, tvm::PrimExpr, std::ostream&)
  File ""<unknown>"", line 0, in tvm::codegen::CodeGenTileLangCUDA::PrintType(tvm::runtime::DataType, std::ostream&)
  File ""<unknown>"", line 0, in tvm::runtime::detail::LogFatal::~LogFatal()
tvm.error.InternalError: Cannot convert type boolx16 to CUDA type"
41790,4,tilelang,2026.09.25-23.10_tilelang_hard-shape_seed=42,tilelang_codegen_error,confirmed_signature,bool_vector,1790383105.916102,results/2026.09.25-23.10_tilelang_hard-shape_seed=42/failed/tilelang_codegen_error/failed_extended_mixed_76575feed9cd8eb8.json,独立复现代表样本，按相同错误签名关联；非逐例根因证明,"ine 0, in tvm::codegen::CodeGenTileLangCUDA::VisitExpr_(tvm::tirx::CastNode const*, std::ostream&)
  File ""<unknown>"", line 0, in tvm::codegen::CodeGenC::PrintExpr[abi:cxx11](tvm::PrimExpr const&)
  File ""<unknown>"", line 0, in tvm::codegen::CodeGenC::VisitExpr_(tvm::tirx::AndNode const*, std::ostream&)
  File ""<unknown>"", line 0, in tvm::codegen::CodeGenTileLangCUDA::PrintVecBinaryOp(std::__cxx11::basic_string<char, std::char_traits<char>, std::allocator<char> > const&, tvm::runtime::DataType, tvm::PrimExpr, tvm::PrimExpr, std::ostream&)
  File ""<unknown>"", line 0, in tvm::codegen::CodeGenTileLangCUDA::PrintType(tvm::runtime::DataType, std::ostream&)
  File ""<unknown>"", line 0, in tvm::runtime::detail::LogFatal::~LogFatal()
tvm.error.InternalError: Cannot convert type boolx16 to CUDA type"
41790,4,tilelang,2026.09.25-23.10_tilelang_hard-shape_seed=42,tilelang_codegen_error,confirmed_signature,bool_vector,1790383220.4202886,results/2026.09.25-23.10_tilelang_hard-shape_seed=42/failed/tilelang_codegen_error/failed_extended_mixed_0641a705557f081d.json,独立复现代表样本，按相同错误签名关联；非逐例根因证明,"ine 0, in tvm::codegen::CodeGenTileLangCUDA::VisitExpr_(tvm::tirx::CastNode const*, std::ostream&)
  File ""<unknown>"", line 0, in tvm::codegen::CodeGenC::PrintExpr[abi:cxx11](tvm::PrimExpr const&)
  File ""<unknown>"", line 0, in tvm::codegen::CodeGenC::VisitExpr_(tvm::tirx::AndNode const*, std::ostream&)
  File ""<unknown>"", line 0, in tvm::codegen::CodeGenTileLangCUDA::PrintVecBinaryOp(std::__cxx11::basic_string<char, std::char_traits<char>, std::allocator<char> > const&, tvm::runtime::DataType, tvm::PrimExpr, tvm::PrimExpr, std::ostream&)
  File ""<unknown>"", line 0, in tvm::codegen::CodeGenTileLangCUDA::PrintType(tvm::runtime::DataType, std::ostream&)
  File ""<unknown>"", line 0, in tvm::runtime::detail::LogFatal::~LogFatal()
tvm.error.InternalError: Cannot convert type boolx16 to CUDA type"
41790,4,tilelang,2026.09.25-23.10_tilelang_hard-shape_seed=42,tilelang_codegen_error,confirmed_signature,reduce_layout,1790383648.5303998,results/2026.09.25-23.10_tilelang_hard-shape_seed=42/failed/tilelang_codegen_error/failed_calls_main(f0)__f0()_c88beafbe50c374d.json,独立复现代表样本，按相同错误签名关联；非逐例根因证明,"uceStep, std::allocator<tvm::tl::backend::reduce::ThreadReduceStep> > const&, tvm::arith::Analyzer*)
  File ""/project/src/backend/common/op/reduce.h"", line 534, in void tvm::tl::backend::reduce::CheckThreadOwnedStepsProjectable(const tvm::PrimExpr&, const tvm::tirx::Var&, const std::vector<ThreadReduceStep>&, tvm::arith::Analyzer*)
tvm.error.InternalError: Check failed: (analyzer->CanProveEqual(projected_index, simplified_index)) is false: ReduceOp cannot lower a layout where a source index depends on a thread-owned reduce segment: src_index=rv % 64 // 16 * 8 + i % 16 // 8 * 4 + rv % 16 // 8 * 2 + i % 2, projected_src_index=(rv - rv % 8) % 64 // 16 * 8 + i % 16 // 8 * 4 + (rv - rv % 8) % 16 // 8 * 2 + i % 2, reduce_var=rv, projected_reduce_var=rv - rv // 64 % 2 * 64 - T.FloorDiv(rv, 1) % 8"
41790,4,tilelang,2026.09.25-23.10_tilelang_hard-shape_seed=42,tilelang_codegen_error,confirmed_signature,bool_vector,1790384019.4357839,results/2026.09.25-23.10_tilelang_hard-shape_seed=42/failed/tilelang_codegen_error/failed_extended_mixed_2ea3422597d9924d.json,独立复现代表样本，按相同错误签名关联；非逐例根因证明,"line 0, in tvm::codegen::CodeGenTileLangCUDA::VisitExpr_(tvm::tirx::CastNode const*, std::ostream&)
  File ""<unknown>"", line 0, in tvm::codegen::CodeGenC::PrintExpr[abi:cxx11](tvm::PrimExpr const&)
  File ""<unknown>"", line 0, in tvm::codegen::CodeGenC::VisitExpr_(tvm::tirx::AndNode const*, std::ostream&)
  File ""<unknown>"", line 0, in tvm::codegen::CodeGenTileLangCUDA::PrintVecBinaryOp(std::__cxx11::basic_string<char, std::char_traits<char>, std::allocator<char> > const&, tvm::runtime::DataType, tvm::PrimExpr, tvm::PrimExpr, std::ostream&)
  File ""<unknown>"", line 0, in tvm::codegen::CodeGenTileLangCUDA::PrintType(tvm::runtime::DataType, std::ostream&)
  File ""<unknown>"", line 0, in tvm::runtime::detail::LogFatal::~LogFatal()
tvm.error.InternalError: Cannot convert type boolx8 to CUDA type"
41790,4,tilelang,2026.09.25-23.10_tilelang_hard-shape_seed=42,tilelang_codegen_error,confirmed_signature,reduce_layout,1790384153.1411371,results/2026.09.25-23.10_tilelang_hard-shape_seed=42/failed/tilelang_codegen_error/failed_calls_main(f0+f0)__f0()_654036e2ba86c751.json,独立复现代表样本，按相同错误签名关联；非逐例根因证明,"eStep, std::allocator<tvm::tl::backend::reduce::ThreadReduceStep> > const&, tvm::arith::Analyzer*)
  File ""/project/src/backend/common/op/reduce.h"", line 534, in void tvm::tl::backend::reduce::CheckThreadOwnedStepsProjectable(const tvm::PrimExpr&, const tvm::tirx::Var&, const std::vector<ThreadReduceStep>&, tvm::arith::Analyzer*)
tvm.error.InternalError: Check failed: (analyzer->CanProveEqual(projected_index, simplified_index)) is false: ReduceOp cannot lower a layout where a source index depends on a thread-owned reduce segment: src_index=rv % 32 // 16 * 16 + i % 32 // 8 * 4 + rv % 16 // 8 * 2 + i % 2, projected_src_index=(rv - rv % 8) % 32 // 16 * 16 + i % 32 // 8 * 4 + (rv - rv % 8) % 16 // 8 * 2 + i % 2, reduce_var=rv, projected_reduce_var=rv - rv // 32 % 2 * 32 - T.FloorDiv(rv, 1) % 8"
41790,4,tilelang,2026.09.25-23.10_tilelang_hard-shape_seed=42,tilelang_codegen_error,confirmed_signature,reduce_layout,1790384333.0948067,results/2026.09.25-23.10_tilelang_hard-shape_seed=42/failed/tilelang_codegen_error/failed_calls_main(f0+f0)__f0()_daa8cd734ab582f8.json,独立复现代表样本，按相同错误签名关联；非逐例根因证明,"eStep, std::allocator<tvm::tl::backend::reduce::ThreadReduceStep> > const&, tvm::arith::Analyzer*)
  File ""/project/src/backend/common/op/reduce.h"", line 534, in void tvm::tl::backend::reduce::CheckThreadOwnedStepsProjectable(const tvm::PrimExpr&, const tvm::tirx::Var&, const std::vector<ThreadReduceStep>&, tvm::arith::Analyzer*)
tvm.error.InternalError: Check failed: (analyzer->CanProveEqual(projected_index, simplified_index)) is false: ReduceOp cannot lower a layout where a source index depends on a thread-owned reduce segment: src_index=rv % 64 // 16 * 32 + i % 64 // 8 * 4 + rv % 16 // 8 * 2 + i % 2, projected_src_index=(rv - rv % 8) % 64 // 16 * 32 + i % 64 // 8 * 4 + (rv - rv % 8) % 16 // 8 * 2 + i % 2, reduce_var=rv, projected_reduce_var=rv - rv // 64 % 2 * 64 - T.FloorDiv(rv, 1) % 8"
41790,4,tilelang,2026.09.25-23.10_tilelang_hard-shape_seed=42,tilelang_codegen_error,confirmed_signature,bool_vector,1790384658.078208,results/2026.09.25-23.10_tilelang_hard-shape_seed=42/failed/tilelang_codegen_error/failed_extended_mixed_8de1184d4db7be92.json,独立复现代表样本，按相同错误签名关联；非逐例根因证明,"ine 0, in tvm::codegen::CodeGenTileLangCUDA::VisitExpr_(tvm::tirx::CastNode const*, std::ostream&)
  File ""<unknown>"", line 0, in tvm::codegen::CodeGenC::PrintExpr[abi:cxx11](tvm::PrimExpr const&)
  File ""<unknown>"", line 0, in tvm::codegen::CodeGenC::VisitExpr_(tvm::tirx::AndNode const*, std::ostream&)
  File ""<unknown>"", line 0, in tvm::codegen::CodeGenTileLangCUDA::PrintVecBinaryOp(std::__cxx11::basic_string<char, std::char_traits<char>, std::allocator<char> > const&, tvm::runtime::DataType, tvm::PrimExpr, tvm::PrimExpr, std::ostream&)
  File ""<unknown>"", line 0, in tvm::codegen::CodeGenTileLangCUDA::PrintType(tvm::runtime::DataType, std::ostream&)
  File ""<unknown>"", line 0, in tvm::runtime::detail::LogFatal::~LogFatal()
tvm.error.InternalError: Cannot convert type boolx16 to CUDA type"
41790,4,tilelang,2026.09.25-23.10_tilelang_hard-shape_seed=42,tilelang_codegen_error,confirmed_signature,reduce_layout,1790384878.3742647,results/2026.09.25-23.10_tilelang_hard-shape_seed=42/failed/tilelang_codegen_error/failed_calls_main(f1)__f0()__f1(f0+f0)_e1747bfb162116a1.json,独立复现代表样本，按相同错误签名关联；非逐例根因证明,"uceStep, std::allocator<tvm::tl::backend::reduce::ThreadReduceStep> > const&, tvm::arith::Analyzer*)
  File ""/project/src/backend/common/op/reduce.h"", line 534, in void tvm::tl::backend::reduce::CheckThreadOwnedStepsProjectable(const tvm::PrimExpr&, const tvm::tirx::Var&, const std::vector<ThreadReduceStep>&, tvm::arith::Analyzer*)
tvm.error.InternalError: Check failed: (analyzer->CanProveEqual(projected_index, simplified_index)) is false: ReduceOp cannot lower a layout where a source index depends on a thread-owned reduce segment: src_index=rv % 32 // 16 * 8 + i % 16 // 8 * 4 + rv % 16 // 8 * 2 + i % 2, projected_src_index=(rv - rv % 8) % 32 // 16 * 8 + i % 16 // 8 * 4 + (rv - rv % 8) % 16 // 8 * 2 + i % 2, reduce_var=rv, projected_reduce_var=rv - rv // 32 % 2 * 32 - T.FloorDiv(rv, 1) % 8"
41790,4,tilelang,2026.09.25-23.10_tilelang_hard-shape_seed=42,tilelang_codegen_error,confirmed_signature,bool_vector,1790385124.5104587,results/2026.09.25-23.10_tilelang_hard-shape_seed=42/failed/tilelang_codegen_error/failed_extended_mixed_8f267925b2acff1c.json,独立复现代表样本，按相同错误签名关联；非逐例根因证明,"ine 0, in tvm::codegen::CodeGenTileLangCUDA::VisitExpr_(tvm::tirx::CastNode const*, std::ostream&)
  File ""<unknown>"", line 0, in tvm::codegen::CodeGenC::PrintExpr[abi:cxx11](tvm::PrimExpr const&)
  File ""<unknown>"", line 0, in tvm::codegen::CodeGenC::VisitExpr_(tvm::tirx::AndNode const*, std::ostream&)
  File ""<unknown>"", line 0, in tvm::codegen::CodeGenTileLangCUDA::PrintVecBinaryOp(std::__cxx11::basic_string<char, std::char_traits<char>, std::allocator<char> > const&, tvm::runtime::DataType, tvm::PrimExpr, tvm::PrimExpr, std::ostream&)
  File ""<unknown>"", line 0, in tvm::codegen::CodeGenTileLangCUDA::PrintType(tvm::runtime::DataType, std::ostream&)
  File ""<unknown>"", line 0, in tvm::runtime::detail::LogFatal::~LogFatal()
tvm.error.InternalError: Cannot convert type boolx16 to CUDA type"
41790,4,tilelang,2026.09.25-23.10_tilelang_hard-shape_seed=42,tilelang_codegen_error,confirmed_signature,bool_vector,1790386758.1830206,results/2026.09.25-23.10_tilelang_hard-shape_seed=42/failed/tilelang_codegen_error/failed_extended_mixed_79e9578e028e0d92.json,独立复现代表样本，按相同错误签名关联；非逐例根因证明,"ine 0, in tvm::codegen::CodeGenTileLangCUDA::VisitExpr_(tvm::tirx::CastNode const*, std::ostream&)
  File ""<unknown>"", line 0, in tvm::codegen::CodeGenC::PrintExpr[abi:cxx11](tvm::PrimExpr const&)
  File ""<unknown>"", line 0, in tvm::codegen::CodeGenC::VisitExpr_(tvm::tirx::AndNode const*, std::ostream&)
  File ""<unknown>"", line 0, in tvm::codegen::CodeGenTileLangCUDA::PrintVecBinaryOp(std::__cxx11::basic_string<char, std::char_traits<char>, std::allocator<char> > const&, tvm::runtime::DataType, tvm::PrimExpr, tvm::PrimExpr, std::ostream&)
  File ""<unknown>"", line 0, in tvm::codegen::CodeGenTileLangCUDA::PrintType(tvm::runtime::DataType, std::ostream&)
  File ""<unknown>"", line 0, in tvm::runtime::detail::LogFatal::~LogFatal()
tvm.error.InternalError: Cannot convert type boolx16 to CUDA type"
41790,4,tilelang,2026.09.25-23.10_tilelang_hard-shape_seed=42,tilelang_codegen_error,confirmed_signature,bool_vector,1790386983.8900893,results/2026.09.25-23.10_tilelang_hard-shape_seed=42/failed/tilelang_codegen_error/failed_extended_mixed_dc75d6024c3d1f5e.json,独立复现代表样本，按相同错误签名关联；非逐例根因证明,"ine 0, in tvm::codegen::CodeGenTileLangCUDA::VisitExpr_(tvm::tirx::CastNode const*, std::ostream&)
  File ""<unknown>"", line 0, in tvm::codegen::CodeGenC::PrintExpr[abi:cxx11](tvm::PrimExpr const&)
  File ""<unknown>"", line 0, in tvm::codegen::CodeGenC::VisitExpr_(tvm::tirx::AndNode const*, std::ostream&)
  File ""<unknown>"", line 0, in tvm::codegen::CodeGenTileLangCUDA::PrintVecBinaryOp(std::__cxx11::basic_string<char, std::char_traits<char>, std::allocator<char> > const&, tvm::runtime::DataType, tvm::PrimExpr, tvm::PrimExpr, std::ostream&)
  File ""<unknown>"", line 0, in tvm::codegen::CodeGenTileLangCUDA::PrintType(tvm::runtime::DataType, std::ostream&)
  File ""<unknown>"", line 0, in tvm::runtime::detail::LogFatal::~LogFatal()
tvm.error.InternalError: Cannot convert type boolx16 to CUDA type"
41790,4,tilelang,2026.09.25-23.10_tilelang_hard-shape_seed=42,tilelang_codegen_error,confirmed_signature,bool_vector,1790387014.3916473,results/2026.09.25-23.10_tilelang_hard-shape_seed=42/failed/tilelang_codegen_error/failed_extended_mixed_e7da32a7d7428937.json,独立复现代表样本，按相同错误签名关联；非逐例根因证明,"line 0, in tvm::codegen::CodeGenTileLangCUDA::VisitExpr_(tvm::tirx::CastNode const*, std::ostream&)
  File ""<unknown>"", line 0, in tvm::codegen::CodeGenC::PrintExpr[abi:cxx11](tvm::PrimExpr const&)
  File ""<unknown>"", line 0, in tvm::codegen::CodeGenC::VisitExpr_(tvm::tirx::AndNode const*, std::ostream&)
  File ""<unknown>"", line 0, in tvm::codegen::CodeGenTileLangCUDA::PrintVecBinaryOp(std::__cxx11::basic_string<char, std::char_traits<char>, std::allocator<char> > const&, tvm::runtime::DataType, tvm::PrimExpr, tvm::PrimExpr, std::ostream&)
  File ""<unknown>"", line 0, in tvm::codegen::CodeGenTileLangCUDA::PrintType(tvm::runtime::DataType, std::ostream&)
  File ""<unknown>"", line 0, in tvm::runtime::detail::LogFatal::~LogFatal()
tvm.error.InternalError: Cannot convert type boolx8 to CUDA type"
41790,4,tilelang,2026.09.25-23.10_tilelang_hard-shape_seed=42,tilelang_codegen_error,confirmed_signature,bool_vector,1790387975.2994795,results/2026.09.25-23.10_tilelang_hard-shape_seed=42/failed/tilelang_codegen_error/failed_extended_mixed_083a82183424678a.json,独立复现代表样本，按相同错误签名关联；非逐例根因证明,"line 0, in tvm::codegen::CodeGenTileLangCUDA::VisitExpr_(tvm::tirx::CastNode const*, std::ostream&)
  File ""<unknown>"", line 0, in tvm::codegen::CodeGenC::PrintExpr[abi:cxx11](tvm::PrimExpr const&)
  File ""<unknown>"", line 0, in tvm::codegen::CodeGenC::VisitExpr_(tvm::tirx::AndNode const*, std::ostream&)
  File ""<unknown>"", line 0, in tvm::codegen::CodeGenTileLangCUDA::PrintVecBinaryOp(std::__cxx11::basic_string<char, std::char_traits<char>, std::allocator<char> > const&, tvm::runtime::DataType, tvm::PrimExpr, tvm::PrimExpr, std::ostream&)
  File ""<unknown>"", line 0, in tvm::codegen::CodeGenTileLangCUDA::PrintType(tvm::runtime::DataType, std::ostream&)
  File ""<unknown>"", line 0, in tvm::runtime::detail::LogFatal::~LogFatal()
tvm.error.InternalError: Cannot convert type boolx8 to CUDA type"
41790,4,tilelang,2026.09.25-23.10_tilelang_hard-shape_seed=42,tilelang_codegen_error,confirmed_signature,bool_vector,1790388160.207863,results/2026.09.25-23.10_tilelang_hard-shape_seed=42/failed/tilelang_codegen_error/failed_extended_mixed_c6143bb489e48e3e.json,独立复现代表样本，按相同错误签名关联；非逐例根因证明,"line 0, in tvm::codegen::CodeGenTileLangCUDA::VisitExpr_(tvm::tirx::CastNode const*, std::ostream&)
  File ""<unknown>"", line 0, in tvm::codegen::CodeGenC::PrintExpr[abi:cxx11](tvm::PrimExpr const&)
  File ""<unknown>"", line 0, in tvm::codegen::CodeGenC::VisitExpr_(tvm::tirx::AndNode const*, std::ostream&)
  File ""<unknown>"", line 0, in tvm::codegen::CodeGenTileLangCUDA::PrintVecBinaryOp(std::__cxx11::basic_string<char, std::char_traits<char>, std::allocator<char> > const&, tvm::runtime::DataType, tvm::PrimExpr, tvm::PrimExpr, std::ostream&)
  File ""<unknown>"", line 0, in tvm::codegen::CodeGenTileLangCUDA::PrintType(tvm::runtime::DataType, std::ostream&)
  File ""<unknown>"", line 0, in tvm::runtime::detail::LogFatal::~LogFatal()
tvm.error.InternalError: Cannot convert type boolx8 to CUDA type"
41790,4,tilelang,2026.09.25-23.10_tilelang_hard-shape_seed=42,tilelang_codegen_error,confirmed_signature,bool_vector,1790388477.0691931,results/2026.09.25-23.10_tilelang_hard-shape_seed=42/failed/tilelang_codegen_error/failed_extended_mixed_0ea5761099f0ac2f.json,独立复现代表样本，按相同错误签名关联；非逐例根因证明,"line 0, in tvm::codegen::CodeGenTileLangCUDA::VisitExpr_(tvm::tirx::CastNode const*, std::ostream&)
  File ""<unknown>"", line 0, in tvm::codegen::CodeGenC::PrintExpr[abi:cxx11](tvm::PrimExpr const&)
  File ""<unknown>"", line 0, in tvm::codegen::CodeGenC::VisitExpr_(tvm::tirx::AndNode const*, std::ostream&)
  File ""<unknown>"", line 0, in tvm::codegen::CodeGenTileLangCUDA::PrintVecBinaryOp(std::__cxx11::basic_string<char, std::char_traits<char>, std::allocator<char> > const&, tvm::runtime::DataType, tvm::PrimExpr, tvm::PrimExpr, std::ostream&)
  File ""<unknown>"", line 0, in tvm::codegen::CodeGenTileLangCUDA::PrintType(tvm::runtime::DataType, std::ostream&)
  File ""<unknown>"", line 0, in tvm::runtime::detail::LogFatal::~LogFatal()
tvm.error.InternalError: Cannot convert type boolx8 to CUDA type"
41790,4,tilelang,2026.09.25-23.10_tilelang_hard-shape_seed=42,tilelang_codegen_error,confirmed_signature,bool_vector,1790389101.3396857,results/2026.09.25-23.10_tilelang_hard-shape_seed=42/failed/tilelang_codegen_error/failed_extended_mixed_5e4c2a19cfe2e5d6.json,独立复现代表样本，按相同错误签名关联；非逐例根因证明,"ine 0, in tvm::codegen::CodeGenTileLangCUDA::VisitExpr_(tvm::tirx::CastNode const*, std::ostream&)
  File ""<unknown>"", line 0, in tvm::codegen::CodeGenC::PrintExpr[abi:cxx11](tvm::PrimExpr const&)
  File ""<unknown>"", line 0, in tvm::codegen::CodeGenC::VisitExpr_(tvm::tirx::AndNode const*, std::ostream&)
  File ""<unknown>"", line 0, in tvm::codegen::CodeGenTileLangCUDA::PrintVecBinaryOp(std::__cxx11::basic_string<char, std::char_traits<char>, std::allocator<char> > const&, tvm::runtime::DataType, tvm::PrimExpr, tvm::PrimExpr, std::ostream&)
  File ""<unknown>"", line 0, in tvm::codegen::CodeGenTileLangCUDA::PrintType(tvm::runtime::DataType, std::ostream&)
  File ""<unknown>"", line 0, in tvm::runtime::detail::LogFatal::~LogFatal()
tvm.error.InternalError: Cannot convert type boolx16 to CUDA type"
41790,4,tilelang,2026.09.25-23.10_tilelang_hard-shape_seed=42,tilelang_codegen_error,confirmed_signature,reduce_layout,1790390735.1552382,results/2026.09.25-23.10_tilelang_hard-shape_seed=42/failed/tilelang_codegen_error/failed_calls_main(f0+f0)__f0()_39e8bc88ca773d83.json,独立复现代表样本，按相同错误签名关联；非逐例根因证明,"eStep, std::allocator<tvm::tl::backend::reduce::ThreadReduceStep> > const&, tvm::arith::Analyzer*)
  File ""/project/src/backend/common/op/reduce.h"", line 534, in void tvm::tl::backend::reduce::CheckThreadOwnedStepsProjectable(const tvm::PrimExpr&, const tvm::tirx::Var&, const std::vector<ThreadReduceStep>&, tvm::arith::Analyzer*)
tvm.error.InternalError: Check failed: (analyzer->CanProveEqual(projected_index, simplified_index)) is false: ReduceOp cannot lower a layout where a source index depends on a thread-owned reduce segment: src_index=rv % 64 // 16 * 32 + i % 64 // 8 * 4 + rv % 16 // 8 * 2 + i % 2, projected_src_index=(rv - rv % 8) % 64 // 16 * 32 + i % 64 // 8 * 4 + (rv - rv % 8) % 16 // 8 * 2 + i % 2, reduce_var=rv, projected_reduce_var=rv - rv // 64 % 2 * 64 - T.FloorDiv(rv, 1) % 8"
41790,4,tilelang,2026.09.25-23.10_tilelang_hard-shape_seed=42,tilelang_codegen_error,confirmed_signature,reduce_layout,1790390855.1854901,results/2026.09.25-23.10_tilelang_hard-shape_seed=42/failed/tilelang_codegen_error/failed_calls_main(f1)__f0()__f1(f0)_d5e1817cf4cdf73e.json,独立复现代表样本，按相同错误签名关联；非逐例根因证明,"eStep, std::allocator<tvm::tl::backend::reduce::ThreadReduceStep> > const&, tvm::arith::Analyzer*)
  File ""/project/src/backend/common/op/reduce.h"", line 534, in void tvm::tl::backend::reduce::CheckThreadOwnedStepsProjectable(const tvm::PrimExpr&, const tvm::tirx::Var&, const std::vector<ThreadReduceStep>&, tvm::arith::Analyzer*)
tvm.error.InternalError: Check failed: (analyzer->CanProveEqual(projected_index, simplified_index)) is false: ReduceOp cannot lower a layout where a source index depends on a thread-owned reduce segment: src_index=rv % 32 // 16 * 32 + i % 64 // 8 * 4 + rv % 16 // 8 * 2 + i % 2, projected_src_index=(rv - rv % 8) % 32 // 16 * 32 + i % 64 // 8 * 4 + (rv - rv % 8) % 16 // 8 * 2 + i % 2, reduce_var=rv, projected_reduce_var=rv - rv // 32 % 2 * 32 - T.FloorDiv(rv, 1) % 8"
41790,4,tilelang,2026.09.25-23.10_tilelang_hard-shape_seed=42,tilelang_codegen_error,confirmed_signature,bool_vector,1790391068.6472745,results/2026.09.25-23.10_tilelang_hard-shape_seed=42/failed/tilelang_codegen_error/failed_extended_mixed_fe66d873fda4384f.json,独立复现代表样本，按相同错误签名关联；非逐例根因证明,"ine 0, in tvm::codegen::CodeGenTileLangCUDA::VisitExpr_(tvm::tirx::CastNode const*, std::ostream&)
  File ""<unknown>"", line 0, in tvm::codegen::CodeGenC::PrintExpr[abi:cxx11](tvm::PrimExpr const&)
  File ""<unknown>"", line 0, in tvm::codegen::CodeGenC::VisitExpr_(tvm::tirx::AndNode const*, std::ostream&)
  File ""<unknown>"", line 0, in tvm::codegen::CodeGenTileLangCUDA::PrintVecBinaryOp(std::__cxx11::basic_string<char, std::char_traits<char>, std::allocator<char> > const&, tvm::runtime::DataType, tvm::PrimExpr, tvm::PrimExpr, std::ostream&)
  File ""<unknown>"", line 0, in tvm::codegen::CodeGenTileLangCUDA::PrintType(tvm::runtime::DataType, std::ostream&)
  File ""<unknown>"", line 0, in tvm::runtime::detail::LogFatal::~LogFatal()
tvm.error.InternalError: Cannot convert type boolx16 to CUDA type"
41790,4,tilelang,2026.09.25-23.10_tilelang_hard-shape_seed=42,tilelang_codegen_error,confirmed_signature,bool_vector,1790391197.034288,results/2026.09.25-23.10_tilelang_hard-shape_seed=42/failed/tilelang_codegen_error/failed_extended_mixed_51ad3055584eca5c.json,独立复现代表样本，按相同错误签名关联；非逐例根因证明,"ine 0, in tvm::codegen::CodeGenTileLangCUDA::VisitExpr_(tvm::tirx::CastNode const*, std::ostream&)
  File ""<unknown>"", line 0, in tvm::codegen::CodeGenC::PrintExpr[abi:cxx11](tvm::PrimExpr const&)
  File ""<unknown>"", line 0, in tvm::codegen::CodeGenC::VisitExpr_(tvm::tirx::AndNode const*, std::ostream&)
  File ""<unknown>"", line 0, in tvm::codegen::CodeGenTileLangCUDA::PrintVecBinaryOp(std::__cxx11::basic_string<char, std::char_traits<char>, std::allocator<char> > const&, tvm::runtime::DataType, tvm::PrimExpr, tvm::PrimExpr, std::ostream&)
  File ""<unknown>"", line 0, in tvm::codegen::CodeGenTileLangCUDA::PrintType(tvm::runtime::DataType, std::ostream&)
  File ""<unknown>"", line 0, in tvm::runtime::detail::LogFatal::~LogFatal()
tvm.error.InternalError: Cannot convert type boolx16 to CUDA type"
41790,4,tilelang,2026.09.25-23.10_tilelang_hard-shape_seed=42,tilelang_codegen_error,confirmed_signature,reduce_layout,1790392574.5506926,results/2026.09.25-23.10_tilelang_hard-shape_seed=42/failed/tilelang_codegen_error/failed_calls_main()_35c4f96c6f42eb57.json,独立复现代表样本，按相同错误签名关联；非逐例根因证明,"const&, std::vector<tvm::tl::backend::reduce::ThreadReduceStep, std::allocator<tvm::tl::backend::reduce::ThreadReduceStep> > const&, tvm::arith::Analyzer*)
  File ""/project/src/backend/common/op/reduce.h"", line 534, in void tvm::tl::backend::reduce::CheckThreadOwnedStepsProjectable(const tvm::PrimExpr&, const tvm::tirx::Var&, const std::vector<ThreadReduceStep>&, tvm::arith::Analyzer*)
tvm.error.InternalError: Check failed: (analyzer->CanProveEqual(projected_index, simplified_index)) is false: ReduceOp cannot lower a layout where a source index depends on a thread-owned reduce segment: src_index=rv % 32 // 8 * 4 + i // 8 * 2 + rv % 2, projected_src_index=(rv % 8 // 2 * 30 + rv) % 32 // 8 * 4 + i // 8 * 2 + rv % 2, reduce_var=rv, projected_reduce_var=rv - rv // 32 % 8 * 32 - rv // 2 % 4 * 2"
41790,4,tilelang,2026.09.25-23.10_tilelang_hard-shape_seed=42,tilelang_codegen_error,confirmed_signature,reduce_layout,1790392899.5527809,results/2026.09.25-23.10_tilelang_hard-shape_seed=42/failed/tilelang_codegen_error/failed_calls_main(f0)__f0()_a7fd8ae3a235657e.json,独立复现代表样本，按相同错误签名关联；非逐例根因证明,"const&, std::vector<tvm::tl::backend::reduce::ThreadReduceStep, std::allocator<tvm::tl::backend::reduce::ThreadReduceStep> > const&, tvm::arith::Analyzer*)
  File ""/project/src/backend/common/op/reduce.h"", line 534, in void tvm::tl::backend::reduce::CheckThreadOwnedStepsProjectable(const tvm::PrimExpr&, const tvm::tirx::Var&, const std::vector<ThreadReduceStep>&, tvm::arith::Analyzer*)
tvm.error.InternalError: Check failed: (analyzer->CanProveEqual(projected_index, simplified_index)) is false: ReduceOp cannot lower a layout where a source index depends on a thread-owned reduce segment: src_index=rv % 16 // 8 * 4 + i // 8 * 2 + rv % 2, projected_src_index=(rv % 8 // 2 * 14 + rv) % 16 // 8 * 4 + i // 8 * 2 + rv % 2, reduce_var=rv, projected_reduce_var=rv - rv // 16 % 8 * 16 - rv // 2 % 4 * 2"
41790,4,tilelang,2026.09.25-23.10_tilelang_hard-shape_seed=42,tilelang_codegen_error,confirmed_signature,bool_vector,1790393358.5475266,results/2026.09.25-23.10_tilelang_hard-shape_seed=42/failed/tilelang_codegen_error/failed_extended_mixed_a0efe47040b3045e.json,独立复现代表样本，按相同错误签名关联；非逐例根因证明,"line 0, in tvm::codegen::CodeGenTileLangCUDA::VisitExpr_(tvm::tirx::CastNode const*, std::ostream&)
  File ""<unknown>"", line 0, in tvm::codegen::CodeGenC::PrintExpr[abi:cxx11](tvm::PrimExpr const&)
  File ""<unknown>"", line 0, in tvm::codegen::CodeGenC::VisitExpr_(tvm::tirx::AndNode const*, std::ostream&)
  File ""<unknown>"", line 0, in tvm::codegen::CodeGenTileLangCUDA::PrintVecBinaryOp(std::__cxx11::basic_string<char, std::char_traits<char>, std::allocator<char> > const&, tvm::runtime::DataType, tvm::PrimExpr, tvm::PrimExpr, std::ostream&)
  File ""<unknown>"", line 0, in tvm::codegen::CodeGenTileLangCUDA::PrintType(tvm::runtime::DataType, std::ostream&)
  File ""<unknown>"", line 0, in tvm::runtime::detail::LogFatal::~LogFatal()
tvm.error.InternalError: Cannot convert type boolx8 to CUDA type"
41790,4,tilelang,2026.09.25-23.10_tilelang_hard-shape_seed=42,tilelang_codegen_error,confirmed_signature,bool_vector,1790393699.860482,results/2026.09.25-23.10_tilelang_hard-shape_seed=42/failed/tilelang_codegen_error/failed_extended_mixed_f4736166b338bc7b.json,独立复现代表样本，按相同错误签名关联；非逐例根因证明,"ine 0, in tvm::codegen::CodeGenTileLangCUDA::VisitExpr_(tvm::tirx::CastNode const*, std::ostream&)
  File ""<unknown>"", line 0, in tvm::codegen::CodeGenC::PrintExpr[abi:cxx11](tvm::PrimExpr const&)
  File ""<unknown>"", line 0, in tvm::codegen::CodeGenC::VisitExpr_(tvm::tirx::AndNode const*, std::ostream&)
  File ""<unknown>"", line 0, in tvm::codegen::CodeGenTileLangCUDA::PrintVecBinaryOp(std::__cxx11::basic_string<char, std::char_traits<char>, std::allocator<char> > const&, tvm::runtime::DataType, tvm::PrimExpr, tvm::PrimExpr, std::ostream&)
  File ""<unknown>"", line 0, in tvm::codegen::CodeGenTileLangCUDA::PrintType(tvm::runtime::DataType, std::ostream&)
  File ""<unknown>"", line 0, in tvm::runtime::detail::LogFatal::~LogFatal()
tvm.error.InternalError: Cannot convert type boolx16 to CUDA type"
41790,4,tilelang,2026.09.25-23.10_tilelang_hard-shape_seed=42,tilelang_codegen_error,confirmed_signature,reduce_layout,1790395386.8429413,results/2026.09.25-23.10_tilelang_hard-shape_seed=42/failed/tilelang_codegen_error/failed_calls_main(f1)__f0()__f1(f0)_d2ce1c1d1c475981.json,独立复现代表样本，按相同错误签名关联；非逐例根因证明,"const&, std::vector<tvm::tl::backend::reduce::ThreadReduceStep, std::allocator<tvm::tl::backend::reduce::ThreadReduceStep> > const&, tvm::arith::Analyzer*)
  File ""/project/src/backend/common/op/reduce.h"", line 534, in void tvm::tl::backend::reduce::CheckThreadOwnedStepsProjectable(const tvm::PrimExpr&, const tvm::tirx::Var&, const std::vector<ThreadReduceStep>&, tvm::arith::Analyzer*)
tvm.error.InternalError: Check failed: (analyzer->CanProveEqual(projected_index, simplified_index)) is false: ReduceOp cannot lower a layout where a source index depends on a thread-owned reduce segment: src_index=rv % 16 // 8 * 4 + i // 8 * 2 + rv % 2, projected_src_index=(rv % 8 // 2 * 14 + rv) % 16 // 8 * 4 + i // 8 * 2 + rv % 2, reduce_var=rv, projected_reduce_var=rv - rv // 16 % 8 * 16 - rv // 2 % 4 * 2"
41790,4,tilelang,2026.09.25-23.10_tilelang_hard-shape_seed=42,tilelang_codegen_error,confirmed_signature,reduce_layout,1790396029.1978173,results/2026.09.25-23.10_tilelang_hard-shape_seed=42/failed/tilelang_codegen_error/failed_calls_main(f1)__f0()__f1(f0)_b299e931693cc482.json,独立复现代表样本，按相同错误签名关联；非逐例根因证明,"const&, std::vector<tvm::tl::backend::reduce::ThreadReduceStep, std::allocator<tvm::tl::backend::reduce::ThreadReduceStep> > const&, tvm::arith::Analyzer*)
  File ""/project/src/backend/common/op/reduce.h"", line 534, in void tvm::tl::backend::reduce::CheckThreadOwnedStepsProjectable(const tvm::PrimExpr&, const tvm::tirx::Var&, const std::vector<ThreadReduceStep>&, tvm::arith::Analyzer*)
tvm.error.InternalError: Check failed: (analyzer->CanProveEqual(projected_index, simplified_index)) is false: ReduceOp cannot lower a layout where a source index depends on a thread-owned reduce segment: src_index=rv % 16 // 8 * 4 + i // 8 * 2 + rv % 2, projected_src_index=(rv % 8 // 2 * 14 + rv) % 16 // 8 * 4 + i // 8 * 2 + rv % 2, reduce_var=rv, projected_reduce_var=rv - rv // 16 % 8 * 16 - rv // 2 % 4 * 2"
41790,4,tilelang,2026.09.25-23.10_tilelang_hard-shape_seed=42,tilelang_codegen_error,confirmed_signature,bool_vector,1790396416.0179477,results/2026.09.25-23.10_tilelang_hard-shape_seed=42/failed/tilelang_codegen_error/failed_extended_mixed_e0db9d5056158d6b.json,独立复现代表样本，按相同错误签名关联；非逐例根因证明,"line 0, in tvm::codegen::CodeGenTileLangCUDA::VisitExpr_(tvm::tirx::CastNode const*, std::ostream&)
  File ""<unknown>"", line 0, in tvm::codegen::CodeGenC::PrintExpr[abi:cxx11](tvm::PrimExpr const&)
  File ""<unknown>"", line 0, in tvm::codegen::CodeGenC::VisitExpr_(tvm::tirx::AndNode const*, std::ostream&)
  File ""<unknown>"", line 0, in tvm::codegen::CodeGenTileLangCUDA::PrintVecBinaryOp(std::__cxx11::basic_string<char, std::char_traits<char>, std::allocator<char> > const&, tvm::runtime::DataType, tvm::PrimExpr, tvm::PrimExpr, std::ostream&)
  File ""<unknown>"", line 0, in tvm::codegen::CodeGenTileLangCUDA::PrintType(tvm::runtime::DataType, std::ostream&)
  File ""<unknown>"", line 0, in tvm::runtime::detail::LogFatal::~LogFatal()
tvm.error.InternalError: Cannot convert type boolx8 to CUDA type"
41790,4,tilelang,2026.09.25-23.10_tilelang_hard-shape_seed=42,tilelang_codegen_error,confirmed_signature,bool_vector,1790396484.9942343,results/2026.09.25-23.10_tilelang_hard-shape_seed=42/failed/tilelang_codegen_error/failed_extended_mixed_89c4b8f0d8559327.json,独立复现代表样本，按相同错误签名关联；非逐例根因证明,"ine 0, in tvm::codegen::CodeGenTileLangCUDA::VisitExpr_(tvm::tirx::CastNode const*, std::ostream&)
  File ""<unknown>"", line 0, in tvm::codegen::CodeGenC::PrintExpr[abi:cxx11](tvm::PrimExpr const&)
  File ""<unknown>"", line 0, in tvm::codegen::CodeGenC::VisitExpr_(tvm::tirx::AndNode const*, std::ostream&)
  File ""<unknown>"", line 0, in tvm::codegen::CodeGenTileLangCUDA::PrintVecBinaryOp(std::__cxx11::basic_string<char, std::char_traits<char>, std::allocator<char> > const&, tvm::runtime::DataType, tvm::PrimExpr, tvm::PrimExpr, std::ostream&)
  File ""<unknown>"", line 0, in tvm::codegen::CodeGenTileLangCUDA::PrintType(tvm::runtime::DataType, std::ostream&)
  File ""<unknown>"", line 0, in tvm::runtime::detail::LogFatal::~LogFatal()
tvm.error.InternalError: Cannot convert type boolx16 to CUDA type"
41790,4,tilelang,2026.09.25-23.10_tilelang_hard-shape_seed=42,tilelang_codegen_error,confirmed_signature,bool_vector,1790396574.0918198,results/2026.09.25-23.10_tilelang_hard-shape_seed=42/failed/tilelang_codegen_error/failed_extended_mixed_c3974ad1d5219dd8.json,独立复现代表样本，按相同错误签名关联；非逐例根因证明,"line 0, in tvm::codegen::CodeGenTileLangCUDA::VisitExpr_(tvm::tirx::CastNode const*, std::ostream&)
  File ""<unknown>"", line 0, in tvm::codegen::CodeGenC::PrintExpr[abi:cxx11](tvm::PrimExpr const&)
  File ""<unknown>"", line 0, in tvm::codegen::CodeGenC::VisitExpr_(tvm::tirx::AndNode const*, std::ostream&)
  File ""<unknown>"", line 0, in tvm::codegen::CodeGenTileLangCUDA::PrintVecBinaryOp(std::__cxx11::basic_string<char, std::char_traits<char>, std::allocator<char> > const&, tvm::runtime::DataType, tvm::PrimExpr, tvm::PrimExpr, std::ostream&)
  File ""<unknown>"", line 0, in tvm::codegen::CodeGenTileLangCUDA::PrintType(tvm::runtime::DataType, std::ostream&)
  File ""<unknown>"", line 0, in tvm::runtime::detail::LogFatal::~LogFatal()
tvm.error.InternalError: Cannot convert type boolx8 to CUDA type"
41790,4,tilelang,2026.09.25-23.10_tilelang_hard-shape_seed=42,tilelang_codegen_error,confirmed_signature,bool_vector,1790396742.074565,results/2026.09.25-23.10_tilelang_hard-shape_seed=42/failed/tilelang_codegen_error/failed_extended_mixed_5c6eca8d7c4f6802.json,独立复现代表样本，按相同错误签名关联；非逐例根因证明,"line 0, in tvm::codegen::CodeGenTileLangCUDA::VisitExpr_(tvm::tirx::CastNode const*, std::ostream&)
  File ""<unknown>"", line 0, in tvm::codegen::CodeGenC::PrintExpr[abi:cxx11](tvm::PrimExpr const&)
  File ""<unknown>"", line 0, in tvm::codegen::CodeGenC::VisitExpr_(tvm::tirx::AndNode const*, std::ostream&)
  File ""<unknown>"", line 0, in tvm::codegen::CodeGenTileLangCUDA::PrintVecBinaryOp(std::__cxx11::basic_string<char, std::char_traits<char>, std::allocator<char> > const&, tvm::runtime::DataType, tvm::PrimExpr, tvm::PrimExpr, std::ostream&)
  File ""<unknown>"", line 0, in tvm::codegen::CodeGenTileLangCUDA::PrintType(tvm::runtime::DataType, std::ostream&)
  File ""<unknown>"", line 0, in tvm::runtime::detail::LogFatal::~LogFatal()
tvm.error.InternalError: Cannot convert type boolx8 to CUDA type"
41790,4,tilelang,2026.09.25-23.10_tilelang_hard-shape_seed=42,tilelang_codegen_error,confirmed_signature,reduce_layout,1790397400.2094238,results/2026.09.25-23.10_tilelang_hard-shape_seed=42/failed/tilelang_codegen_error/failed_calls_main(f0+f1)__f0()__f1(f0)_70203bf7a0ede023.json,独立复现代表样本，按相同错误签名关联；非逐例根因证明,"eStep, std::allocator<tvm::tl::backend::reduce::ThreadReduceStep> > const&, tvm::arith::Analyzer*)
  File ""/project/src/backend/common/op/reduce.h"", line 534, in void tvm::tl::backend::reduce::CheckThreadOwnedStepsProjectable(const tvm::PrimExpr&, const tvm::tirx::Var&, const std::vector<ThreadReduceStep>&, tvm::arith::Analyzer*)
tvm.error.InternalError: Check failed: (analyzer->CanProveEqual(projected_index, simplified_index)) is false: ReduceOp cannot lower a layout where a source index depends on a thread-owned reduce segment: src_index=rv % 32 // 16 * 32 + i % 64 // 8 * 4 + rv % 16 // 8 * 2 + i % 2, projected_src_index=(rv - rv % 8) % 32 // 16 * 32 + i % 64 // 8 * 4 + (rv - rv % 8) % 16 // 8 * 2 + i % 2, reduce_var=rv, projected_reduce_var=rv - rv // 32 % 2 * 32 - T.FloorDiv(rv, 1) % 8"
41790,4,tilelang,2026.09.25-23.10_tilelang_hard-shape_seed=42,tilelang_codegen_error,confirmed_signature,reduce_layout,1790397678.410389,results/2026.09.25-23.10_tilelang_hard-shape_seed=42/failed/tilelang_codegen_error/failed_calls_main()_09af526e237050c0.json,独立复现代表样本，按相同错误签名关联；非逐例根因证明,"const&, std::vector<tvm::tl::backend::reduce::ThreadReduceStep, std::allocator<tvm::tl::backend::reduce::ThreadReduceStep> > const&, tvm::arith::Analyzer*)
  File ""/project/src/backend/common/op/reduce.h"", line 534, in void tvm::tl::backend::reduce::CheckThreadOwnedStepsProjectable(const tvm::PrimExpr&, const tvm::tirx::Var&, const std::vector<ThreadReduceStep>&, tvm::arith::Analyzer*)
tvm.error.InternalError: Check failed: (analyzer->CanProveEqual(projected_index, simplified_index)) is false: ReduceOp cannot lower a layout where a source index depends on a thread-owned reduce segment: src_index=rv % 32 // 8 * 4 + i // 8 * 2 + rv % 2, projected_src_index=(rv % 8 // 2 * 30 + rv) % 32 // 8 * 4 + i // 8 * 2 + rv % 2, reduce_var=rv, projected_reduce_var=rv - rv // 32 % 8 * 32 - rv // 2 % 4 * 2"
41790,4,tilelang,2026.09.25-23.10_tilelang_hard-shape_seed=42,tilelang_codegen_error,confirmed_signature,bool_vector,1790397701.5957718,results/2026.09.25-23.10_tilelang_hard-shape_seed=42/failed/tilelang_codegen_error/failed_extended_mixed_9eb3ef7c197058f0.json,独立复现代表样本，按相同错误签名关联；非逐例根因证明,"ine 0, in tvm::codegen::CodeGenTileLangCUDA::VisitExpr_(tvm::tirx::CastNode const*, std::ostream&)
  File ""<unknown>"", line 0, in tvm::codegen::CodeGenC::PrintExpr[abi:cxx11](tvm::PrimExpr const&)
  File ""<unknown>"", line 0, in tvm::codegen::CodeGenC::VisitExpr_(tvm::tirx::AndNode const*, std::ostream&)
  File ""<unknown>"", line 0, in tvm::codegen::CodeGenTileLangCUDA::PrintVecBinaryOp(std::__cxx11::basic_string<char, std::char_traits<char>, std::allocator<char> > const&, tvm::runtime::DataType, tvm::PrimExpr, tvm::PrimExpr, std::ostream&)
  File ""<unknown>"", line 0, in tvm::codegen::CodeGenTileLangCUDA::PrintType(tvm::runtime::DataType, std::ostream&)
  File ""<unknown>"", line 0, in tvm::runtime::detail::LogFatal::~LogFatal()
tvm.error.InternalError: Cannot convert type boolx16 to CUDA type"
41790,4,tilelang,2026.09.25-23.10_tilelang_hard-shape_seed=42,tilelang_codegen_error,confirmed_signature,bool_vector,1790398383.5307894,results/2026.09.25-23.10_tilelang_hard-shape_seed=42/failed/tilelang_codegen_error/failed_extended_mixed_c7d1f5172f42b07a.json,独立复现代表样本，按相同错误签名关联；非逐例根因证明,"line 0, in tvm::codegen::CodeGenTileLangCUDA::VisitExpr_(tvm::tirx::CastNode const*, std::ostream&)
  File ""<unknown>"", line 0, in tvm::codegen::CodeGenC::PrintExpr[abi:cxx11](tvm::PrimExpr const&)
  File ""<unknown>"", line 0, in tvm::codegen::CodeGenC::VisitExpr_(tvm::tirx::AndNode const*, std::ostream&)
  File ""<unknown>"", line 0, in tvm::codegen::CodeGenTileLangCUDA::PrintVecBinaryOp(std::__cxx11::basic_string<char, std::char_traits<char>, std::allocator<char> > const&, tvm::runtime::DataType, tvm::PrimExpr, tvm::PrimExpr, std::ostream&)
  File ""<unknown>"", line 0, in tvm::codegen::CodeGenTileLangCUDA::PrintType(tvm::runtime::DataType, std::ostream&)
  File ""<unknown>"", line 0, in tvm::runtime::detail::LogFatal::~LogFatal()
tvm.error.InternalError: Cannot convert type boolx8 to CUDA type"
41790,4,tilelang,2026.09.25-23.10_tilelang_hard-shape_seed=42,tilelang_codegen_error,confirmed_signature,bool_vector,1790398843.5562,results/2026.09.25-23.10_tilelang_hard-shape_seed=42/failed/tilelang_codegen_error/failed_extended_mixed_1878c7b8f747df26.json,独立复现代表样本，按相同错误签名关联；非逐例根因证明,"ine 0, in tvm::codegen::CodeGenTileLangCUDA::VisitExpr_(tvm::tirx::CastNode const*, std::ostream&)
  File ""<unknown>"", line 0, in tvm::codegen::CodeGenC::PrintExpr[abi:cxx11](tvm::PrimExpr const&)
  File ""<unknown>"", line 0, in tvm::codegen::CodeGenC::VisitExpr_(tvm::tirx::AndNode const*, std::ostream&)
  File ""<unknown>"", line 0, in tvm::codegen::CodeGenTileLangCUDA::PrintVecBinaryOp(std::__cxx11::basic_string<char, std::char_traits<char>, std::allocator<char> > const&, tvm::runtime::DataType, tvm::PrimExpr, tvm::PrimExpr, std::ostream&)
  File ""<unknown>"", line 0, in tvm::codegen::CodeGenTileLangCUDA::PrintType(tvm::runtime::DataType, std::ostream&)
  File ""<unknown>"", line 0, in tvm::runtime::detail::LogFatal::~LogFatal()
tvm.error.InternalError: Cannot convert type boolx16 to CUDA type"
41790,4,tilelang,2026.09.25-23.10_tilelang_hard-shape_seed=42,tilelang_codegen_error,confirmed_signature,reduce_layout,1790398888.623393,results/2026.09.25-23.10_tilelang_hard-shape_seed=42/failed/tilelang_codegen_error/failed_calls_main(f1+f1)__f0()__f1(f0)_73d6998c2de01839.json,独立复现代表样本，按相同错误签名关联；非逐例根因证明,"eStep, std::allocator<tvm::tl::backend::reduce::ThreadReduceStep> > const&, tvm::arith::Analyzer*)
  File ""/project/src/backend/common/op/reduce.h"", line 534, in void tvm::tl::backend::reduce::CheckThreadOwnedStepsProjectable(const tvm::PrimExpr&, const tvm::tirx::Var&, const std::vector<ThreadReduceStep>&, tvm::arith::Analyzer*)
tvm.error.InternalError: Check failed: (analyzer->CanProveEqual(projected_index, simplified_index)) is false: ReduceOp cannot lower a layout where a source index depends on a thread-owned reduce segment: src_index=rv % 32 // 16 * 16 + i % 32 // 8 * 4 + rv % 16 // 8 * 2 + i % 2, projected_src_index=(rv - rv % 8) % 32 // 16 * 16 + i % 32 // 8 * 4 + (rv - rv % 8) % 16 // 8 * 2 + i % 2, reduce_var=rv, projected_reduce_var=rv - rv // 32 % 2 * 32 - T.FloorDiv(rv, 1) % 8"
41790,4,tilelang,2026.09.25-23.10_tilelang_hard-shape_seed=42,tilelang_codegen_error,confirmed_signature,bool_vector,1790399385.7824852,results/2026.09.25-23.10_tilelang_hard-shape_seed=42/failed/tilelang_codegen_error/failed_extended_mixed_5d3b6e13e4ab50ca.json,独立复现代表样本，按相同错误签名关联；非逐例根因证明,"line 0, in tvm::codegen::CodeGenTileLangCUDA::VisitExpr_(tvm::tirx::CastNode const*, std::ostream&)
  File ""<unknown>"", line 0, in tvm::codegen::CodeGenC::PrintExpr[abi:cxx11](tvm::PrimExpr const&)
  File ""<unknown>"", line 0, in tvm::codegen::CodeGenC::VisitExpr_(tvm::tirx::AndNode const*, std::ostream&)
  File ""<unknown>"", line 0, in tvm::codegen::CodeGenTileLangCUDA::PrintVecBinaryOp(std::__cxx11::basic_string<char, std::char_traits<char>, std::allocator<char> > const&, tvm::runtime::DataType, tvm::PrimExpr, tvm::PrimExpr, std::ostream&)
  File ""<unknown>"", line 0, in tvm::codegen::CodeGenTileLangCUDA::PrintType(tvm::runtime::DataType, std::ostream&)
  File ""<unknown>"", line 0, in tvm::runtime::detail::LogFatal::~LogFatal()
tvm.error.InternalError: Cannot convert type boolx8 to CUDA type"
41790,4,tilelang,2026.09.25-23.10_tilelang_hard-shape_seed=42,tilelang_codegen_error,confirmed_signature,bool_vector,1790399503.962787,results/2026.09.25-23.10_tilelang_hard-shape_seed=42/failed/tilelang_codegen_error/failed_extended_mixed_7a812f760ea96ce5.json,独立复现代表样本，按相同错误签名关联；非逐例根因证明,"line 0, in tvm::codegen::CodeGenTileLangCUDA::VisitExpr_(tvm::tirx::CastNode const*, std::ostream&)
  File ""<unknown>"", line 0, in tvm::codegen::CodeGenC::PrintExpr[abi:cxx11](tvm::PrimExpr const&)
  File ""<unknown>"", line 0, in tvm::codegen::CodeGenC::VisitExpr_(tvm::tirx::AndNode const*, std::ostream&)
  File ""<unknown>"", line 0, in tvm::codegen::CodeGenTileLangCUDA::PrintVecBinaryOp(std::__cxx11::basic_string<char, std::char_traits<char>, std::allocator<char> > const&, tvm::runtime::DataType, tvm::PrimExpr, tvm::PrimExpr, std::ostream&)
  File ""<unknown>"", line 0, in tvm::codegen::CodeGenTileLangCUDA::PrintType(tvm::runtime::DataType, std::ostream&)
  File ""<unknown>"", line 0, in tvm::runtime::detail::LogFatal::~LogFatal()
tvm.error.InternalError: Cannot convert type boolx8 to CUDA type"
41790,4,tilelang,2026.09.25-23.10_tilelang_hard-shape_seed=42,tilelang_codegen_error,confirmed_signature,bool_vector,1790400216.7983975,results/2026.09.25-23.10_tilelang_hard-shape_seed=42/failed/tilelang_codegen_error/failed_extended_mixed_727e4c874d28354a.json,独立复现代表样本，按相同错误签名关联；非逐例根因证明,"ine 0, in tvm::codegen::CodeGenTileLangCUDA::VisitExpr_(tvm::tirx::CastNode const*, std::ostream&)
  File ""<unknown>"", line 0, in tvm::codegen::CodeGenC::PrintExpr[abi:cxx11](tvm::PrimExpr const&)
  File ""<unknown>"", line 0, in tvm::codegen::CodeGenC::VisitExpr_(tvm::tirx::AndNode const*, std::ostream&)
  File ""<unknown>"", line 0, in tvm::codegen::CodeGenTileLangCUDA::PrintVecBinaryOp(std::__cxx11::basic_string<char, std::char_traits<char>, std::allocator<char> > const&, tvm::runtime::DataType, tvm::PrimExpr, tvm::PrimExpr, std::ostream&)
  File ""<unknown>"", line 0, in tvm::codegen::CodeGenTileLangCUDA::PrintType(tvm::runtime::DataType, std::ostream&)
  File ""<unknown>"", line 0, in tvm::runtime::detail::LogFatal::~LogFatal()
tvm.error.InternalError: Cannot convert type boolx16 to CUDA type"
41790,4,tilelang,2026.09.25-23.10_tilelang_hard-shape_seed=42,tilelang_codegen_error,confirmed_signature,bool_vector,1790400635.9485343,results/2026.09.25-23.10_tilelang_hard-shape_seed=42/failed/tilelang_codegen_error/failed_extended_mixed_3cb45552ec116a7f.json,独立复现代表样本，按相同错误签名关联；非逐例根因证明,"line 0, in tvm::codegen::CodeGenTileLangCUDA::VisitExpr_(tvm::tirx::CastNode const*, std::ostream&)
  File ""<unknown>"", line 0, in tvm::codegen::CodeGenC::PrintExpr[abi:cxx11](tvm::PrimExpr const&)
  File ""<unknown>"", line 0, in tvm::codegen::CodeGenC::VisitExpr_(tvm::tirx::AndNode const*, std::ostream&)
  File ""<unknown>"", line 0, in tvm::codegen::CodeGenTileLangCUDA::PrintVecBinaryOp(std::__cxx11::basic_string<char, std::char_traits<char>, std::allocator<char> > const&, tvm::runtime::DataType, tvm::PrimExpr, tvm::PrimExpr, std::ostream&)
  File ""<unknown>"", line 0, in tvm::codegen::CodeGenTileLangCUDA::PrintType(tvm::runtime::DataType, std::ostream&)
  File ""<unknown>"", line 0, in tvm::runtime::detail::LogFatal::~LogFatal()
tvm.error.InternalError: Cannot convert type boolx8 to CUDA type"
41790,4,tilelang,2026.09.25-23.10_tilelang_hard-shape_seed=42,tilelang_codegen_error,confirmed_signature,bool_vector,1790400851.8223264,results/2026.09.25-23.10_tilelang_hard-shape_seed=42/failed/tilelang_codegen_error/failed_extended_mixed_b7768af667a7dd6b.json,独立复现代表样本，按相同错误签名关联；非逐例根因证明,"ine 0, in tvm::codegen::CodeGenTileLangCUDA::VisitExpr_(tvm::tirx::CastNode const*, std::ostream&)
  File ""<unknown>"", line 0, in tvm::codegen::CodeGenC::PrintExpr[abi:cxx11](tvm::PrimExpr const&)
  File ""<unknown>"", line 0, in tvm::codegen::CodeGenC::VisitExpr_(tvm::tirx::AndNode const*, std::ostream&)
  File ""<unknown>"", line 0, in tvm::codegen::CodeGenTileLangCUDA::PrintVecBinaryOp(std::__cxx11::basic_string<char, std::char_traits<char>, std::allocator<char> > const&, tvm::runtime::DataType, tvm::PrimExpr, tvm::PrimExpr, std::ostream&)
  File ""<unknown>"", line 0, in tvm::codegen::CodeGenTileLangCUDA::PrintType(tvm::runtime::DataType, std::ostream&)
  File ""<unknown>"", line 0, in tvm::runtime::detail::LogFatal::~LogFatal()
tvm.error.InternalError: Cannot convert type boolx16 to CUDA type"
41790,4,tilelang,2026.09.25-23.10_tilelang_hard-shape_seed=42,tilelang_codegen_error,confirmed_signature,reduce_layout,1790401096.4086154,results/2026.09.25-23.10_tilelang_hard-shape_seed=42/failed/tilelang_codegen_error/failed_calls_main(f1)__f0()__f1(f0)_166bfd550652a1a3.json,独立复现代表样本，按相同错误签名关联；非逐例根因证明,"eStep, std::allocator<tvm::tl::backend::reduce::ThreadReduceStep> > const&, tvm::arith::Analyzer*)
  File ""/project/src/backend/common/op/reduce.h"", line 534, in void tvm::tl::backend::reduce::CheckThreadOwnedStepsProjectable(const tvm::PrimExpr&, const tvm::tirx::Var&, const std::vector<ThreadReduceStep>&, tvm::arith::Analyzer*)
tvm.error.InternalError: Check failed: (analyzer->CanProveEqual(projected_index, simplified_index)) is false: ReduceOp cannot lower a layout where a source index depends on a thread-owned reduce segment: src_index=rv % 64 // 16 * 32 + i % 64 // 8 * 4 + rv % 16 // 8 * 2 + i % 2, projected_src_index=(rv - rv % 8) % 64 // 16 * 32 + i % 64 // 8 * 4 + (rv - rv % 8) % 16 // 8 * 2 + i % 2, reduce_var=rv, projected_reduce_var=rv - rv // 64 % 2 * 64 - T.FloorDiv(rv, 1) % 8"
41790,4,tilelang,2026.09.25-23.10_tilelang_hard-shape_seed=42,tilelang_codegen_error,confirmed_signature,reduce_layout,1790401130.7158008,results/2026.09.25-23.10_tilelang_hard-shape_seed=42/failed/tilelang_codegen_error/failed_calls_main(f1)__f0()__f1(f0)_68673bf85df103bd.json,独立复现代表样本，按相同错误签名关联；非逐例根因证明,"eStep, std::allocator<tvm::tl::backend::reduce::ThreadReduceStep> > const&, tvm::arith::Analyzer*)
  File ""/project/src/backend/common/op/reduce.h"", line 534, in void tvm::tl::backend::reduce::CheckThreadOwnedStepsProjectable(const tvm::PrimExpr&, const tvm::tirx::Var&, const std::vector<ThreadReduceStep>&, tvm::arith::Analyzer*)
tvm.error.InternalError: Check failed: (analyzer->CanProveEqual(projected_index, simplified_index)) is false: ReduceOp cannot lower a layout where a source index depends on a thread-owned reduce segment: src_index=rv % 64 // 16 * 16 + i % 32 // 8 * 4 + rv % 16 // 8 * 2 + i % 2, projected_src_index=(rv - rv % 8) % 64 // 16 * 16 + i % 32 // 8 * 4 + (rv - rv % 8) % 16 // 8 * 2 + i % 2, reduce_var=rv, projected_reduce_var=rv - rv // 64 % 2 * 64 - T.FloorDiv(rv, 1) % 8"
41790,4,tilelang,2026.09.25-23.10_tilelang_hard-shape_seed=42,tilelang_codegen_error,confirmed_signature,bool_vector,1790401259.2285824,results/2026.09.25-23.10_tilelang_hard-shape_seed=42/failed/tilelang_codegen_error/failed_extended_mixed_89956c9edfc8284e.json,独立复现代表样本，按相同错误签名关联；非逐例根因证明,"line 0, in tvm::codegen::CodeGenTileLangCUDA::VisitExpr_(tvm::tirx::CastNode const*, std::ostream&)
  File ""<unknown>"", line 0, in tvm::codegen::CodeGenC::PrintExpr[abi:cxx11](tvm::PrimExpr const&)
  File ""<unknown>"", line 0, in tvm::codegen::CodeGenC::VisitExpr_(tvm::tirx::AndNode const*, std::ostream&)
  File ""<unknown>"", line 0, in tvm::codegen::CodeGenTileLangCUDA::PrintVecBinaryOp(std::__cxx11::basic_string<char, std::char_traits<char>, std::allocator<char> > const&, tvm::runtime::DataType, tvm::PrimExpr, tvm::PrimExpr, std::ostream&)
  File ""<unknown>"", line 0, in tvm::codegen::CodeGenTileLangCUDA::PrintType(tvm::runtime::DataType, std::ostream&)
  File ""<unknown>"", line 0, in tvm::runtime::detail::LogFatal::~LogFatal()
tvm.error.InternalError: Cannot convert type boolx8 to CUDA type"
41790,4,tilelang,2026.09.25-23.10_tilelang_hard-shape_seed=42,tilelang_codegen_error,confirmed_signature,reduce_layout,1790401353.5554125,results/2026.09.25-23.10_tilelang_hard-shape_seed=42/failed/tilelang_codegen_error/failed_calls_main(f1)__f0()__f1(f0)_017d9a4192c36167.json,独立复现代表样本，按相同错误签名关联；非逐例根因证明,"const&, std::vector<tvm::tl::backend::reduce::ThreadReduceStep, std::allocator<tvm::tl::backend::reduce::ThreadReduceStep> > const&, tvm::arith::Analyzer*)
  File ""/project/src/backend/common/op/reduce.h"", line 534, in void tvm::tl::backend::reduce::CheckThreadOwnedStepsProjectable(const tvm::PrimExpr&, const tvm::tirx::Var&, const std::vector<ThreadReduceStep>&, tvm::arith::Analyzer*)
tvm.error.InternalError: Check failed: (analyzer->CanProveEqual(projected_index, simplified_index)) is false: ReduceOp cannot lower a layout where a source index depends on a thread-owned reduce segment: src_index=rv % 16 // 8 * 4 + i // 8 * 2 + rv % 2, projected_src_index=(rv % 8 // 2 * 14 + rv) % 16 // 8 * 4 + i // 8 * 2 + rv % 2, reduce_var=rv, projected_reduce_var=rv - rv // 16 % 8 * 16 - rv // 2 % 4 * 2"
41790,4,tilelang,2026.09.25-23.10_tilelang_hard-shape_seed=42,tilelang_codegen_error,confirmed_signature,bool_vector,1790401384.511192,results/2026.09.25-23.10_tilelang_hard-shape_seed=42/failed/tilelang_codegen_error/failed_extended_mixed_d0ba583a878b0dff.json,独立复现代表样本，按相同错误签名关联；非逐例根因证明,"ine 0, in tvm::codegen::CodeGenTileLangCUDA::VisitExpr_(tvm::tirx::CastNode const*, std::ostream&)
  File ""<unknown>"", line 0, in tvm::codegen::CodeGenC::PrintExpr[abi:cxx11](tvm::PrimExpr const&)
  File ""<unknown>"", line 0, in tvm::codegen::CodeGenC::VisitExpr_(tvm::tirx::AndNode const*, std::ostream&)
  File ""<unknown>"", line 0, in tvm::codegen::CodeGenTileLangCUDA::PrintVecBinaryOp(std::__cxx11::basic_string<char, std::char_traits<char>, std::allocator<char> > const&, tvm::runtime::DataType, tvm::PrimExpr, tvm::PrimExpr, std::ostream&)
  File ""<unknown>"", line 0, in tvm::codegen::CodeGenTileLangCUDA::PrintType(tvm::runtime::DataType, std::ostream&)
  File ""<unknown>"", line 0, in tvm::runtime::detail::LogFatal::~LogFatal()
tvm.error.InternalError: Cannot convert type boolx16 to CUDA type"
41790,4,tilelang,2026.09.25-23.10_tilelang_hard-shape_seed=42,tilelang_codegen_error,confirmed_signature,bool_vector,1790401762.7311022,results/2026.09.25-23.10_tilelang_hard-shape_seed=42/failed/tilelang_codegen_error/failed_extended_mixed_05ebffbe7a4c5ef1.json,独立复现代表样本，按相同错误签名关联；非逐例根因证明,"ine 0, in tvm::codegen::CodeGenTileLangCUDA::VisitExpr_(tvm::tirx::CastNode const*, std::ostream&)
  File ""<unknown>"", line 0, in tvm::codegen::CodeGenC::PrintExpr[abi:cxx11](tvm::PrimExpr const&)
  File ""<unknown>"", line 0, in tvm::codegen::CodeGenC::VisitExpr_(tvm::tirx::AndNode const*, std::ostream&)
  File ""<unknown>"", line 0, in tvm::codegen::CodeGenTileLangCUDA::PrintVecBinaryOp(std::__cxx11::basic_string<char, std::char_traits<char>, std::allocator<char> > const&, tvm::runtime::DataType, tvm::PrimExpr, tvm::PrimExpr, std::ostream&)
  File ""<unknown>"", line 0, in tvm::codegen::CodeGenTileLangCUDA::PrintType(tvm::runtime::DataType, std::ostream&)
  File ""<unknown>"", line 0, in tvm::runtime::detail::LogFatal::~LogFatal()
tvm.error.InternalError: Cannot convert type boolx16 to CUDA type"
41790,4,tilelang,2026.09.25-23.10_tilelang_hard-shape_seed=42,tilelang_codegen_error,confirmed_signature,reduce_layout,1790402188.782778,results/2026.09.25-23.10_tilelang_hard-shape_seed=42/failed/tilelang_codegen_error/failed_calls_main(f1)__f0()__f1(f0)_84f4e7cd71244e28.json,独立复现代表样本，按相同错误签名关联；非逐例根因证明,"eStep, std::allocator<tvm::tl::backend::reduce::ThreadReduceStep> > const&, tvm::arith::Analyzer*)
  File ""/project/src/backend/common/op/reduce.h"", line 534, in void tvm::tl::backend::reduce::CheckThreadOwnedStepsProjectable(const tvm::PrimExpr&, const tvm::tirx::Var&, const std::vector<ThreadReduceStep>&, tvm::arith::Analyzer*)
tvm.error.InternalError: Check failed: (analyzer->CanProveEqual(projected_index, simplified_index)) is false: ReduceOp cannot lower a layout where a source index depends on a thread-owned reduce segment: src_index=rv % 64 // 16 * 16 + i % 32 // 8 * 4 + rv % 16 // 8 * 2 + i % 2, projected_src_index=(rv - rv % 8) % 64 // 16 * 16 + i % 32 // 8 * 4 + (rv - rv % 8) % 16 // 8 * 2 + i % 2, reduce_var=rv, projected_reduce_var=rv - rv // 64 % 2 * 64 - T.FloorDiv(rv, 1) % 8"
41790,4,tilelang,2026.09.25-23.10_tilelang_hard-shape_seed=42,tilelang_codegen_error,confirmed_signature,bool_vector,1790402429.6628265,results/2026.09.25-23.10_tilelang_hard-shape_seed=42/failed/tilelang_codegen_error/failed_extended_mixed_d3e9f81915b37554.json,独立复现代表样本，按相同错误签名关联；非逐例根因证明,"ine 0, in tvm::codegen::CodeGenTileLangCUDA::VisitExpr_(tvm::tirx::CastNode const*, std::ostream&)
  File ""<unknown>"", line 0, in tvm::codegen::CodeGenC::PrintExpr[abi:cxx11](tvm::PrimExpr const&)
  File ""<unknown>"", line 0, in tvm::codegen::CodeGenC::VisitExpr_(tvm::tirx::AndNode const*, std::ostream&)
  File ""<unknown>"", line 0, in tvm::codegen::CodeGenTileLangCUDA::PrintVecBinaryOp(std::__cxx11::basic_string<char, std::char_traits<char>, std::allocator<char> > const&, tvm::runtime::DataType, tvm::PrimExpr, tvm::PrimExpr, std::ostream&)
  File ""<unknown>"", line 0, in tvm::codegen::CodeGenTileLangCUDA::PrintType(tvm::runtime::DataType, std::ostream&)
  File ""<unknown>"", line 0, in tvm::runtime::detail::LogFatal::~LogFatal()
tvm.error.InternalError: Cannot convert type boolx16 to CUDA type"
41790,4,tilelang,2026.09.25-23.10_tilelang_hard-shape_seed=42,tilelang_codegen_error,confirmed_signature,reduce_layout,1790402675.4402587,results/2026.09.25-23.10_tilelang_hard-shape_seed=42/failed/tilelang_codegen_error/failed_calls_main(f1)__f0()__f1(f0+f0)_e2adf8a8e0dd77c3.json,独立复现代表样本，按相同错误签名关联；非逐例根因证明,"eStep, std::allocator<tvm::tl::backend::reduce::ThreadReduceStep> > const&, tvm::arith::Analyzer*)
  File ""/project/src/backend/common/op/reduce.h"", line 534, in void tvm::tl::backend::reduce::CheckThreadOwnedStepsProjectable(const tvm::PrimExpr&, const tvm::tirx::Var&, const std::vector<ThreadReduceStep>&, tvm::arith::Analyzer*)
tvm.error.InternalError: Check failed: (analyzer->CanProveEqual(projected_index, simplified_index)) is false: ReduceOp cannot lower a layout where a source index depends on a thread-owned reduce segment: src_index=rv % 32 // 16 * 16 + i % 32 // 8 * 4 + rv % 16 // 8 * 2 + i % 2, projected_src_index=(rv - rv % 8) % 32 // 16 * 16 + i % 32 // 8 * 4 + (rv - rv % 8) % 16 // 8 * 2 + i % 2, reduce_var=rv, projected_reduce_var=rv - rv // 32 % 2 * 32 - T.FloorDiv(rv, 1) % 8"
41790,4,tilelang,2026.09.25-23.10_tilelang_hard-shape_seed=42,tilelang_codegen_error,confirmed_signature,reduce_layout,1790402796.050295,results/2026.09.25-23.10_tilelang_hard-shape_seed=42/failed/tilelang_codegen_error/failed_calls_main(f0)__f0()_1f107e3902bc1095.json,独立复现代表样本，按相同错误签名关联；非逐例根因证明,"eStep, std::allocator<tvm::tl::backend::reduce::ThreadReduceStep> > const&, tvm::arith::Analyzer*)
  File ""/project/src/backend/common/op/reduce.h"", line 534, in void tvm::tl::backend::reduce::CheckThreadOwnedStepsProjectable(const tvm::PrimExpr&, const tvm::tirx::Var&, const std::vector<ThreadReduceStep>&, tvm::arith::Analyzer*)
tvm.error.InternalError: Check failed: (analyzer->CanProveEqual(projected_index, simplified_index)) is false: ReduceOp cannot lower a layout where a source index depends on a thread-owned reduce segment: src_index=rv % 64 // 16 * 16 + i % 32 // 8 * 4 + rv % 16 // 8 * 2 + i % 2, projected_src_index=(rv - rv % 8) % 64 // 16 * 16 + i % 32 // 8 * 4 + (rv - rv % 8) % 16 // 8 * 2 + i % 2, reduce_var=rv, projected_reduce_var=rv - rv // 64 % 2 * 64 - T.FloorDiv(rv, 1) % 8"
41790,4,tilelang,2026.09.25-23.10_tilelang_hard-shape_seed=42,tilelang_codegen_error,confirmed_signature,bool_vector,1790402996.6518157,results/2026.09.25-23.10_tilelang_hard-shape_seed=42/failed/tilelang_codegen_error/failed_extended_mixed_65a2a8f8d2581557.json,独立复现代表样本，按相同错误签名关联；非逐例根因证明,"ine 0, in tvm::codegen::CodeGenTileLangCUDA::VisitExpr_(tvm::tirx::CastNode const*, std::ostream&)
  File ""<unknown>"", line 0, in tvm::codegen::CodeGenC::PrintExpr[abi:cxx11](tvm::PrimExpr const&)
  File ""<unknown>"", line 0, in tvm::codegen::CodeGenC::VisitExpr_(tvm::tirx::AndNode const*, std::ostream&)
  File ""<unknown>"", line 0, in tvm::codegen::CodeGenTileLangCUDA::PrintVecBinaryOp(std::__cxx11::basic_string<char, std::char_traits<char>, std::allocator<char> > const&, tvm::runtime::DataType, tvm::PrimExpr, tvm::PrimExpr, std::ostream&)
  File ""<unknown>"", line 0, in tvm::codegen::CodeGenTileLangCUDA::PrintType(tvm::runtime::DataType, std::ostream&)
  File ""<unknown>"", line 0, in tvm::runtime::detail::LogFatal::~LogFatal()
tvm.error.InternalError: Cannot convert type boolx16 to CUDA type"
41790,4,tilelang,2026.09.25-23.10_tilelang_hard-shape_seed=42,tilelang_codegen_error,confirmed_signature,reduce_layout,1790403088.1782687,results/2026.09.25-23.10_tilelang_hard-shape_seed=42/failed/tilelang_codegen_error/failed_calls_main(f1)__f0()__f1(f0)_cb5838384ec698fc.json,独立复现代表样本，按相同错误签名关联；非逐例根因证明,"const&, std::vector<tvm::tl::backend::reduce::ThreadReduceStep, std::allocator<tvm::tl::backend::reduce::ThreadReduceStep> > const&, tvm::arith::Analyzer*)
  File ""/project/src/backend/common/op/reduce.h"", line 534, in void tvm::tl::backend::reduce::CheckThreadOwnedStepsProjectable(const tvm::PrimExpr&, const tvm::tirx::Var&, const std::vector<ThreadReduceStep>&, tvm::arith::Analyzer*)
tvm.error.InternalError: Check failed: (analyzer->CanProveEqual(projected_index, simplified_index)) is false: ReduceOp cannot lower a layout where a source index depends on a thread-owned reduce segment: src_index=rv % 32 // 8 * 4 + i // 8 * 2 + rv % 2, projected_src_index=(rv % 8 // 2 * 30 + rv) % 32 // 8 * 4 + i // 8 * 2 + rv % 2, reduce_var=rv, projected_reduce_var=rv - rv // 32 % 8 * 32 - rv // 2 % 4 * 2"
41790,4,tilelang,2026.09.25-23.10_tilelang_hard-shape_seed=42,tilelang_codegen_error,confirmed_signature,bool_vector,1790403473.965682,results/2026.09.25-23.10_tilelang_hard-shape_seed=42/failed/tilelang_codegen_error/failed_extended_mixed_4f19537bb7005b6c.json,独立复现代表样本，按相同错误签名关联；非逐例根因证明,"ine 0, in tvm::codegen::CodeGenTileLangCUDA::VisitExpr_(tvm::tirx::CastNode const*, std::ostream&)
  File ""<unknown>"", line 0, in tvm::codegen::CodeGenC::PrintExpr[abi:cxx11](tvm::PrimExpr const&)
  File ""<unknown>"", line 0, in tvm::codegen::CodeGenC::VisitExpr_(tvm::tirx::AndNode const*, std::ostream&)
  File ""<unknown>"", line 0, in tvm::codegen::CodeGenTileLangCUDA::PrintVecBinaryOp(std::__cxx11::basic_string<char, std::char_traits<char>, std::allocator<char> > const&, tvm::runtime::DataType, tvm::PrimExpr, tvm::PrimExpr, std::ostream&)
  File ""<unknown>"", line 0, in tvm::codegen::CodeGenTileLangCUDA::PrintType(tvm::runtime::DataType, std::ostream&)
  File ""<unknown>"", line 0, in tvm::runtime::detail::LogFatal::~LogFatal()
tvm.error.InternalError: Cannot convert type boolx16 to CUDA type"
41790,4,tilelang,2026.09.25-23.10_tilelang_hard-shape_seed=42,tilelang_codegen_error,confirmed_signature,bool_vector,1790404164.3338273,results/2026.09.25-23.10_tilelang_hard-shape_seed=42/failed/tilelang_codegen_error/failed_extended_mixed_059cca5e444612cb.json,独立复现代表样本，按相同错误签名关联；非逐例根因证明,"line 0, in tvm::codegen::CodeGenTileLangCUDA::VisitExpr_(tvm::tirx::CastNode const*, std::ostream&)
  File ""<unknown>"", line 0, in tvm::codegen::CodeGenC::PrintExpr[abi:cxx11](tvm::PrimExpr const&)
  File ""<unknown>"", line 0, in tvm::codegen::CodeGenC::VisitExpr_(tvm::tirx::AndNode const*, std::ostream&)
  File ""<unknown>"", line 0, in tvm::codegen::CodeGenTileLangCUDA::PrintVecBinaryOp(std::__cxx11::basic_string<char, std::char_traits<char>, std::allocator<char> > const&, tvm::runtime::DataType, tvm::PrimExpr, tvm::PrimExpr, std::ostream&)
  File ""<unknown>"", line 0, in tvm::codegen::CodeGenTileLangCUDA::PrintType(tvm::runtime::DataType, std::ostream&)
  File ""<unknown>"", line 0, in tvm::runtime::detail::LogFatal::~LogFatal()
tvm.error.InternalError: Cannot convert type boolx8 to CUDA type"
41790,4,tilelang,2026.09.25-23.10_tilelang_hard-shape_seed=42,tilelang_codegen_error,confirmed_signature,bool_vector,1790404419.8488095,results/2026.09.25-23.10_tilelang_hard-shape_seed=42/failed/tilelang_codegen_error/failed_extended_mixed_6585f340adc0c9c9.json,独立复现代表样本，按相同错误签名关联；非逐例根因证明,"ine 0, in tvm::codegen::CodeGenTileLangCUDA::VisitExpr_(tvm::tirx::CastNode const*, std::ostream&)
  File ""<unknown>"", line 0, in tvm::codegen::CodeGenC::PrintExpr[abi:cxx11](tvm::PrimExpr const&)
  File ""<unknown>"", line 0, in tvm::codegen::CodeGenC::VisitExpr_(tvm::tirx::AndNode const*, std::ostream&)
  File ""<unknown>"", line 0, in tvm::codegen::CodeGenTileLangCUDA::PrintVecBinaryOp(std::__cxx11::basic_string<char, std::char_traits<char>, std::allocator<char> > const&, tvm::runtime::DataType, tvm::PrimExpr, tvm::PrimExpr, std::ostream&)
  File ""<unknown>"", line 0, in tvm::codegen::CodeGenTileLangCUDA::PrintType(tvm::runtime::DataType, std::ostream&)
  File ""<unknown>"", line 0, in tvm::runtime::detail::LogFatal::~LogFatal()
tvm.error.InternalError: Cannot convert type boolx16 to CUDA type"
41790,4,tilelang,2026.09.25-23.10_tilelang_hard-shape_seed=42,tilelang_codegen_error,confirmed_signature,reduce_layout,1790404501.8358407,results/2026.09.25-23.10_tilelang_hard-shape_seed=42/failed/tilelang_codegen_error/failed_calls_main(f0+f0+f0)__f0()_be7ea4fb2f16d109.json,独立复现代表样本，按相同错误签名关联；非逐例根因证明,"tep, std::allocator<tvm::tl::backend::reduce::ThreadReduceStep> > const&, tvm::arith::Analyzer*)
  File ""/project/src/backend/common/op/reduce.h"", line 534, in void tvm::tl::backend::reduce::CheckThreadOwnedStepsProjectable(const tvm::PrimExpr&, const tvm::tirx::Var&, const std::vector<ThreadReduceStep>&, tvm::arith::Analyzer*)
tvm.error.InternalError: Check failed: (analyzer->CanProveEqual(projected_index, simplified_index)) is false: ReduceOp cannot lower a layout where a source index depends on a thread-owned reduce segment: src_index=rv % 64 // 16 * 64 + i % 128 // 8 * 4 + rv % 16 // 8 * 2 + i % 2, projected_src_index=(rv - rv % 8) % 64 // 16 * 64 + i % 128 // 8 * 4 + (rv - rv % 8) % 16 // 8 * 2 + i % 2, reduce_var=rv, projected_reduce_var=rv - rv // 64 % 2 * 64 - T.FloorDiv(rv, 1) % 8"
41790,4,tilelang,2026.09.25-23.10_tilelang_hard-shape_seed=42,tilelang_codegen_error,confirmed_signature,bool_vector,1790405088.5631804,results/2026.09.25-23.10_tilelang_hard-shape_seed=42/failed/tilelang_codegen_error/failed_extended_mixed_ed7bffd0d17123d4.json,独立复现代表样本，按相同错误签名关联；非逐例根因证明,"line 0, in tvm::codegen::CodeGenTileLangCUDA::VisitExpr_(tvm::tirx::CastNode const*, std::ostream&)
  File ""<unknown>"", line 0, in tvm::codegen::CodeGenC::PrintExpr[abi:cxx11](tvm::PrimExpr const&)
  File ""<unknown>"", line 0, in tvm::codegen::CodeGenC::VisitExpr_(tvm::tirx::AndNode const*, std::ostream&)
  File ""<unknown>"", line 0, in tvm::codegen::CodeGenTileLangCUDA::PrintVecBinaryOp(std::__cxx11::basic_string<char, std::char_traits<char>, std::allocator<char> > const&, tvm::runtime::DataType, tvm::PrimExpr, tvm::PrimExpr, std::ostream&)
  File ""<unknown>"", line 0, in tvm::codegen::CodeGenTileLangCUDA::PrintType(tvm::runtime::DataType, std::ostream&)
  File ""<unknown>"", line 0, in tvm::runtime::detail::LogFatal::~LogFatal()
tvm.error.InternalError: Cannot convert type boolx8 to CUDA type"
41790,4,tilelang,2026.09.25-23.10_tilelang_hard-shape_seed=42,tilelang_codegen_error,confirmed_signature,bool_vector,1790405116.5906436,results/2026.09.25-23.10_tilelang_hard-shape_seed=42/failed/tilelang_codegen_error/failed_extended_mixed_e26acab40357727b.json,独立复现代表样本，按相同错误签名关联；非逐例根因证明,"ine 0, in tvm::codegen::CodeGenTileLangCUDA::VisitExpr_(tvm::tirx::CastNode const*, std::ostream&)
  File ""<unknown>"", line 0, in tvm::codegen::CodeGenC::PrintExpr[abi:cxx11](tvm::PrimExpr const&)
  File ""<unknown>"", line 0, in tvm::codegen::CodeGenC::VisitExpr_(tvm::tirx::AndNode const*, std::ostream&)
  File ""<unknown>"", line 0, in tvm::codegen::CodeGenTileLangCUDA::PrintVecBinaryOp(std::__cxx11::basic_string<char, std::char_traits<char>, std::allocator<char> > const&, tvm::runtime::DataType, tvm::PrimExpr, tvm::PrimExpr, std::ostream&)
  File ""<unknown>"", line 0, in tvm::codegen::CodeGenTileLangCUDA::PrintType(tvm::runtime::DataType, std::ostream&)
  File ""<unknown>"", line 0, in tvm::runtime::detail::LogFatal::~LogFatal()
tvm.error.InternalError: Cannot convert type boolx16 to CUDA type"
41790,4,tilelang,2026.09.25-23.10_tilelang_hard-shape_seed=42,tilelang_codegen_error,confirmed_signature,reduce_layout,1790405370.993591,results/2026.09.25-23.10_tilelang_hard-shape_seed=42/failed/tilelang_codegen_error/failed_calls_main(f1)__f0()__f1(f0)_6904f066fc26bf3c.json,独立复现代表样本，按相同错误签名关联；非逐例根因证明,"const&, std::vector<tvm::tl::backend::reduce::ThreadReduceStep, std::allocator<tvm::tl::backend::reduce::ThreadReduceStep> > const&, tvm::arith::Analyzer*)
  File ""/project/src/backend/common/op/reduce.h"", line 534, in void tvm::tl::backend::reduce::CheckThreadOwnedStepsProjectable(const tvm::PrimExpr&, const tvm::tirx::Var&, const std::vector<ThreadReduceStep>&, tvm::arith::Analyzer*)
tvm.error.InternalError: Check failed: (analyzer->CanProveEqual(projected_index, simplified_index)) is false: ReduceOp cannot lower a layout where a source index depends on a thread-owned reduce segment: src_index=rv % 32 // 8 * 4 + i // 8 * 2 + rv % 2, projected_src_index=(rv % 8 // 2 * 30 + rv) % 32 // 8 * 4 + i // 8 * 2 + rv % 2, reduce_var=rv, projected_reduce_var=rv - rv // 32 % 8 * 32 - rv // 2 % 4 * 2"
41790,4,tilelang,2026.09.25-23.10_tilelang_hard-shape_seed=42,tilelang_codegen_error,confirmed_signature,bool_vector,1790405400.3681223,results/2026.09.25-23.10_tilelang_hard-shape_seed=42/failed/tilelang_codegen_error/failed_extended_mixed_2cd0d105b571c23d.json,独立复现代表样本，按相同错误签名关联；非逐例根因证明,"line 0, in tvm::codegen::CodeGenTileLangCUDA::VisitExpr_(tvm::tirx::CastNode const*, std::ostream&)
  File ""<unknown>"", line 0, in tvm::codegen::CodeGenC::PrintExpr[abi:cxx11](tvm::PrimExpr const&)
  File ""<unknown>"", line 0, in tvm::codegen::CodeGenC::VisitExpr_(tvm::tirx::AndNode const*, std::ostream&)
  File ""<unknown>"", line 0, in tvm::codegen::CodeGenTileLangCUDA::PrintVecBinaryOp(std::__cxx11::basic_string<char, std::char_traits<char>, std::allocator<char> > const&, tvm::runtime::DataType, tvm::PrimExpr, tvm::PrimExpr, std::ostream&)
  File ""<unknown>"", line 0, in tvm::codegen::CodeGenTileLangCUDA::PrintType(tvm::runtime::DataType, std::ostream&)
  File ""<unknown>"", line 0, in tvm::runtime::detail::LogFatal::~LogFatal()
tvm.error.InternalError: Cannot convert type boolx8 to CUDA type"
41790,4,tilelang,2026.09.25-23.10_tilelang_hard-shape_seed=42,tilelang_codegen_error,confirmed_signature,reduce_layout,1790405524.3670177,results/2026.09.25-23.10_tilelang_hard-shape_seed=42/failed/tilelang_codegen_error/failed_calls_main(f1)__f0()__f1(f0)_5002f5b9defcfb27.json,独立复现代表样本，按相同错误签名关联；非逐例根因证明,"tep, std::allocator<tvm::tl::backend::reduce::ThreadReduceStep> > const&, tvm::arith::Analyzer*)
  File ""/project/src/backend/common/op/reduce.h"", line 534, in void tvm::tl::backend::reduce::CheckThreadOwnedStepsProjectable(const tvm::PrimExpr&, const tvm::tirx::Var&, const std::vector<ThreadReduceStep>&, tvm::arith::Analyzer*)
tvm.error.InternalError: Check failed: (analyzer->CanProveEqual(projected_index, simplified_index)) is false: ReduceOp cannot lower a layout where a source index depends on a thread-owned reduce segment: src_index=rv % 128 // 16 * 8 + i % 16 // 8 * 4 + rv % 16 // 8 * 2 + i % 2, projected_src_index=(rv - rv % 8) % 128 // 16 * 8 + i % 16 // 8 * 4 + (rv - rv % 8) % 16 // 8 * 2 + i % 2, reduce_var=rv, projected_reduce_var=rv - rv // 128 % 2 * 128 - T.FloorDiv(rv, 1) % 8"
41790,4,tilelang,2026.09.25-23.10_tilelang_hard-shape_seed=42,tilelang_codegen_error,confirmed_signature,reduce_layout,1790407510.5219703,results/2026.09.25-23.10_tilelang_hard-shape_seed=42/failed/tilelang_codegen_error/failed_calls_main(f0)__f0()_11a906d811d1c07a.json,独立复现代表样本，按相同错误签名关联；非逐例根因证明,"const&, std::vector<tvm::tl::backend::reduce::ThreadReduceStep, std::allocator<tvm::tl::backend::reduce::ThreadReduceStep> > const&, tvm::arith::Analyzer*)
  File ""/project/src/backend/common/op/reduce.h"", line 534, in void tvm::tl::backend::reduce::CheckThreadOwnedStepsProjectable(const tvm::PrimExpr&, const tvm::tirx::Var&, const std::vector<ThreadReduceStep>&, tvm::arith::Analyzer*)
tvm.error.InternalError: Check failed: (analyzer->CanProveEqual(projected_index, simplified_index)) is false: ReduceOp cannot lower a layout where a source index depends on a thread-owned reduce segment: src_index=rv % 16 // 8 * 4 + i // 8 * 2 + rv % 2, projected_src_index=(rv % 8 // 2 * 14 + rv) % 16 // 8 * 4 + i // 8 * 2 + rv % 2, reduce_var=rv, projected_reduce_var=rv - rv // 16 % 8 * 16 - rv // 2 % 4 * 2"
41790,4,tilelang,2026.09.25-23.10_tilelang_hard-shape_seed=42,tilelang_codegen_error,confirmed_signature,bool_vector,1790407743.677355,results/2026.09.25-23.10_tilelang_hard-shape_seed=42/failed/tilelang_codegen_error/failed_extended_mixed_adf44c192d1219bb.json,独立复现代表样本，按相同错误签名关联；非逐例根因证明,"line 0, in tvm::codegen::CodeGenTileLangCUDA::VisitExpr_(tvm::tirx::CastNode const*, std::ostream&)
  File ""<unknown>"", line 0, in tvm::codegen::CodeGenC::PrintExpr[abi:cxx11](tvm::PrimExpr const&)
  File ""<unknown>"", line 0, in tvm::codegen::CodeGenC::VisitExpr_(tvm::tirx::AndNode const*, std::ostream&)
  File ""<unknown>"", line 0, in tvm::codegen::CodeGenTileLangCUDA::PrintVecBinaryOp(std::__cxx11::basic_string<char, std::char_traits<char>, std::allocator<char> > const&, tvm::runtime::DataType, tvm::PrimExpr, tvm::PrimExpr, std::ostream&)
  File ""<unknown>"", line 0, in tvm::codegen::CodeGenTileLangCUDA::PrintType(tvm::runtime::DataType, std::ostream&)
  File ""<unknown>"", line 0, in tvm::runtime::detail::LogFatal::~LogFatal()
tvm.error.InternalError: Cannot convert type boolx8 to CUDA type"
41790,4,tilelang,2026.09.25-23.10_tilelang_hard-shape_seed=42,tilelang_codegen_error,confirmed_signature,bool_vector,1790408878.9750888,results/2026.09.25-23.10_tilelang_hard-shape_seed=42/failed/tilelang_codegen_error/failed_extended_mixed_45fd752874b4bbdd.json,独立复现代表样本，按相同错误签名关联；非逐例根因证明,"line 0, in tvm::codegen::CodeGenTileLangCUDA::VisitExpr_(tvm::tirx::CastNode const*, std::ostream&)
  File ""<unknown>"", line 0, in tvm::codegen::CodeGenC::PrintExpr[abi:cxx11](tvm::PrimExpr const&)
  File ""<unknown>"", line 0, in tvm::codegen::CodeGenC::VisitExpr_(tvm::tirx::AndNode const*, std::ostream&)
  File ""<unknown>"", line 0, in tvm::codegen::CodeGenTileLangCUDA::PrintVecBinaryOp(std::__cxx11::basic_string<char, std::char_traits<char>, std::allocator<char> > const&, tvm::runtime::DataType, tvm::PrimExpr, tvm::PrimExpr, std::ostream&)
  File ""<unknown>"", line 0, in tvm::codegen::CodeGenTileLangCUDA::PrintType(tvm::runtime::DataType, std::ostream&)
  File ""<unknown>"", line 0, in tvm::runtime::detail::LogFatal::~LogFatal()
tvm.error.InternalError: Cannot convert type boolx8 to CUDA type"
41790,4,triton,2026.09.25-23.10_triton_hard-shape_seed=42,triton_compile_error,confirmed_signature,flip,1790349652.036836,results/2026.09.25-23.10_triton_hard-shape_seed=42/failed/triton_compile_error/failed_extended_control_calls_171987725a81b4e9.json,独立复现代表样本，按相同错误签名关联；非逐例根因证明,"_fns,
           ^^^^^^^^^^^^^^^^^^^^^^^^^^^^^^^^^^^^^^^^^^^^^^^^^^^^^^^^^^^^^^^^^^^^^^^^^^^^^^^^^^^^^
triton.compiler.errors.CompilationError: at 99:11:
    e82 = (tl.full((), 2, tl.int32)).to(tl.int32)
    e83 = (tl.full((), True, tl.int1)).to(tl.int1)
    e84 = (tl.load(mem4 + bid * 36 + 16 + e82 * 1, (e83 & (e82 >= 0) & (e82 < 4)), other=0)).to(tl.float16)
    e85 = (tl.full((), -0.5, tl.float16)).to(tl.float16)
    e86 = ((e78 * e85)).to(tl.float16)
    e87 = (tl.full((), 0.25, tl.float16)).to(tl.float16)
    e88 = ((e81 * e87)).to(tl.float16)
    e89 = (tl.full((), 0.0, tl.float16)).to(tl.float16)
    e90 = ((e84 * e89)).to(tl.float16)
    e91 = (tl.fma(e86, e88, e90)).to(tl.float16)
    e92 = (tl.fma(e91, e88, e90)).to(tl.float16)
    e93 = (tl.flip(e67)).to(tl.float16)
           ^"
41790,4,triton,2026.09.25-23.10_triton_hard-shape_seed=42,triton_compile_error,confirmed_signature,flip,1790351373.0018249,results/2026.09.25-23.10_triton_hard-shape_seed=42/failed/triton_compile_error/failed_extended_control_calls_ecf5617b5d61494b.json,独立复现代表样本，按相同错误签名关联；非逐例根因证明,"triton/compiler/compiler.py"", line 80, in make_ir
    return ast_to_ttir(self.fn, self, context=context, options=options, codegen_fns=codegen_fns,
           ^^^^^^^^^^^^^^^^^^^^^^^^^^^^^^^^^^^^^^^^^^^^^^^^^^^^^^^^^^^^^^^^^^^^^^^^^^^^^^^^^^^^^
triton.compiler.errors.CompilationError: at 77:11:
        e61, e62 = mixed_helper_extended_0_0(e60, e18, mem0, mem1, mem2, steps, limit, bid)
        e63 = (tl.full((16, 16), 0.125, tl.float16)).to(tl.float16)
        e64 = ((e61 * e63)).to(tl.float16)
        e65 = ((e52 + e62)).to(tl.float32)
        e66 = (tl.full((), 1, tl.int32)).to(tl.int32)
        e67 = ((e50 + e66)).to(tl.int32)
        e68 = ((e53 + e67)).to(tl.int32)
        e69 = e64
        e70 = e65
        e71 = e68
        e50 += 1
    e72 = (tl.flip(e69)).to(tl.float16)
           ^"
41790,4,triton,2026.09.25-23.10_triton_hard-shape_seed=42,triton_compile_error,confirmed_signature,flip,1790351969.446697,results/2026.09.25-23.10_triton_hard-shape_seed=42/failed/triton_compile_error/failed_extended_control_calls_eb0654f1a7fc5771.json,独立复现代表样本，按相同错误签名关联；非逐例根因证明,"s,
           ^^^^^^^^^^^^^^^^^^^^^^^^^^^^^^^^^^^^^^^^^^^^^^^^^^^^^^^^^^^^^^^^^^^^^^^^^^^^^^^^^^^^^
triton.compiler.errors.CompilationError: at 102:11:
    e85 = (tl.full((), 2, tl.int32)).to(tl.int32)
    e86 = (tl.full((), True, tl.int1)).to(tl.int1)
    e87 = (tl.load(mem4 + bid * 36 + 16 + e85 * 1, (e86 & (e85 >= 0) & (e85 < 4)), other=0)).to(tl.float16)
    e88 = (tl.full((), 0.125, tl.float16)).to(tl.float16)
    e89 = ((e81 * e88)).to(tl.float16)
    e90 = (tl.full((), 0.0, tl.float16)).to(tl.float16)
    e91 = ((e84 * e90)).to(tl.float16)
    e92 = (tl.full((), 0.125, tl.float16)).to(tl.float16)
    e93 = ((e87 * e92)).to(tl.float16)
    e94 = (tl.fma(e89, e91, e93)).to(tl.float16)
    e95 = (tl.fma(e94, e91, e93)).to(tl.float16)
    e96 = (tl.flip(e67)).to(tl.float16)
           ^"
41790,4,triton,2026.09.25-23.10_triton_hard-shape_seed=42,triton_compile_error,confirmed_signature,flip,1790352584.756885,results/2026.09.25-23.10_triton_hard-shape_seed=42/failed/triton_compile_error/failed_extended_arithmetic_42b71e902020917a.json,独立复现代表样本，按相同错误签名关联；非逐例根因证明,"^^^^^^^^^^^^^^^^^^^^^^^^^^^^^^^^^^^^^^^^^^^^^^^^^^
triton.compiler.errors.CompilationError: at 22:11:
    e9 = ((e7 * e8)).to(tl.float16)
    e10 = ((((255 - (tl.arange(0, 16)[:, None] * 16 + tl.arange(0, 16)[None, :])) + 1) % 256)).to(tl.int32)
    e11 = (tl.full((16, 16), True, tl.int1)).to(tl.int1)
    e12 = (tl.load(mem1 + bid * 288 + 16 + e10 * 1, (e11 & (e10 >= 0) & (e10 < 256)), other=0)).to(tl.int32)
    e13 = (tl.full((16, 16), 3, tl.int32)).to(tl.int32)
    e14 = ((e12 ^ e13)).to(tl.int32)
    e15 = (tl.full((16, 16), 3, tl.int32)).to(tl.int32)
    e16 = ((e14 < e15)).to(tl.int1)
    e17 = ((e16 & e11)).to(tl.int1)
    e18 = (tl.full((16, 16), -0.125, tl.float16)).to(tl.float16)
    e19 = (tl.where(e17, e9, e18)).to(tl.float16)
    e20 = (tl.flip(e19)).to(tl.float16)
           ^"
41790,4,triton,2026.09.25-23.10_triton_hard-shape_seed=42,triton_compile_error,confirmed_signature,flip,1790353413.4464862,results/2026.09.25-23.10_triton_hard-shape_seed=42/failed/triton_compile_error/failed_extended_indexed_memory_c0b5cbb43b1b6667.json,独立复现代表样本，按相同错误签名关联；非逐例根因证明,"^^^^^^^^^^^^^^^^^^^^^^^^^^^^^^^^^^^^^^^^^^^^^^^^^^^^^^^^^^
triton.compiler.errors.CompilationError: at 25:11:
    e10 = (tl.full((32, 16), 0.125, tl.float32)).to(tl.float32)
    e11 = ((e9 + e10)).to(tl.float32)
    tl.debug_barrier()
    tl.store(mem1 + bid * 1060 + 18 + e6 * 1, e11, (e8 & (e6 >= 0) & (e6 < 512)))
    tl.debug_barrier()
    e12 = (tl.full((32, 16), True, tl.int1)).to(tl.int1)
    e13 = (tl.load(mem1 + bid * 1060 + 17 + e6 * 2, (e12 & (e6 >= 0) & (e6 < 512)), other=0)).to(tl.float32)
    e14 = (tl.full((32, 16), 1, tl.int32)).to(tl.int32)
    e15 = ((e6 ^ e14)).to(tl.int32)
    e16 = (tl.load(mem1 + bid * 1060 + 18 + e15 * 1, (e8 & (e15 >= 0) & (e15 < 512)), other=0)).to(tl.float32)
    e17 = ((e13 + e16)).to(tl.float32)
    e18 = (tl.flip(e17)).to(tl.float32)
           ^"
41790,4,triton,2026.09.25-23.10_triton_hard-shape_seed=42,triton_compile_error,confirmed_signature,flip,1790355123.738391,results/2026.09.25-23.10_triton_hard-shape_seed=42/failed/triton_compile_error/failed_extended_indexed_memory_2b5692af54727bc8.json,独立复现代表样本，按相同错误签名关联；非逐例根因证明,"^^^^^^^^^^^^
triton.compiler.errors.CompilationError: at 34:11:
    e16 = ((e12 + e15)).to(tl.float32)
    e17 = (tl.full((), 3, tl.int32)).to(tl.int32)
    e18 = (tl.broadcast_to(e17, (16, 32))).to(tl.int32)
    e19 = (tl.full((), 2, tl.int32)).to(tl.int32)
    e20 = (tl.broadcast_to(e19, (16, 32))).to(tl.int32)
    e21 = ((e18 + e20)).to(tl.int32)
    e22 = ((((511 - (tl.arange(0, 16)[:, None] * 32 + tl.arange(0, 32)[None, :])) + 457) % 512)).to(tl.int32)
    e23 = ((((tl.arange(0, 16)[:, None] * 32 + tl.arange(0, 32)[None, :]) + 203) % 512)).to(tl.int32)
    e24 = (tl.full((16, 32), 256, tl.int32)).to(tl.int32)
    e25 = ((e23 < e24)).to(tl.int1)
    tl.atomic_min(mem4 + bid * 544 + 16 + e22 * 1, e21, (e25 & (e22 >= 0) & (e22 < 512)))
    e26 = (tl.flip(e16)).to(tl.float32)
           ^"
41790,4,triton,2026.09.25-23.10_triton_hard-shape_seed=42,triton_compile_error,confirmed_signature,flip,1790355935.402053,results/2026.09.25-23.10_triton_hard-shape_seed=42/failed/triton_compile_error/failed_extended_indexed_memory_c8f3d99edb7d7cde.json,独立复现代表样本，按相同错误签名关联；非逐例根因证明,"s,
           ^^^^^^^^^^^^^^^^^^^^^^^^^^^^^^^^^^^^^^^^^^^^^^^^^^^^^^^^^^^^^^^^^^^^^^^^^^^^^^^^^^^^^
triton.compiler.errors.CompilationError: at 41:11:
    e23 = (tl.full((), 2, tl.int32)).to(tl.int32)
    e24 = (tl.full((), True, tl.int1)).to(tl.int1)
    e25 = (tl.load(mem4 + bid * 36 + 16 + e23 * 1, (e24 & (e23 >= 0) & (e23 < 4)), other=0)).to(tl.float16)
    e26 = (tl.full((), 1.0, tl.float16)).to(tl.float16)
    e27 = ((e19 * e26)).to(tl.float16)
    e28 = (tl.full((), 0.125, tl.float16)).to(tl.float16)
    e29 = ((e22 * e28)).to(tl.float16)
    e30 = (tl.full((), -0.125, tl.float16)).to(tl.float16)
    e31 = ((e25 * e30)).to(tl.float16)
    e32 = (tl.fma(e27, e29, e31)).to(tl.float16)
    e33 = (tl.fma(e32, e29, e31)).to(tl.float16)
    e34 = (tl.flip(e16)).to(tl.float32)
           ^"
41790,4,triton,2026.09.25-23.10_triton_hard-shape_seed=42,triton_compile_error,confirmed_signature,flip,1790358012.8220053,results/2026.09.25-23.10_triton_hard-shape_seed=42/failed/triton_compile_error/failed_extended_arithmetic_d97fb7fa218a5a6e.json,独立复现代表样本，按相同错误签名关联；非逐例根因证明,"^^^^^^^^^^^^^^^^^^^^^^^^^^^^^^^^^^^^^^^^^^^^
triton.compiler.errors.CompilationError: at 29:11:
    e16 = ((e14 * e15)).to(tl.float16)
    e17 = ((((511 - (tl.arange(0, 32)[:, None] * 16 + tl.arange(0, 16)[None, :])) + 267) % 512)).to(tl.int32)
    e18 = (tl.full((32, 16), True, tl.int1)).to(tl.int1)
    e19 = (tl.load(mem3 + bid * 544 + 16 + e17 * 1, (e18 & (e17 >= 0) & (e17 < 512)), other=0)).to(tl.int32)
    e20 = (tl.full((32, 16), 1, tl.int32)).to(tl.int32)
    e21 = ((e19 ^ e20)).to(tl.int32)
    e22 = (tl.full((32, 16), 3, tl.int32)).to(tl.int32)
    e23 = ((e21 < e22)).to(tl.int1)
    e24 = ((e23 & e18)).to(tl.int1)
    e25 = (tl.full((32, 16), -0.125, tl.float16)).to(tl.float16)
    e26 = (tl.where(e24, e16, e25)).to(tl.float16)
    e27 = (tl.flip(e26)).to(tl.float16)
           ^"
41790,4,triton,2026.09.25-23.10_triton_hard-shape_seed=42,triton_compile_error,confirmed_signature,flip,1790358862.2514238,results/2026.09.25-23.10_triton_hard-shape_seed=42/failed/triton_compile_error/failed_extended_mixed_ccba6dfc8165097e.json,独立复现代表样本，按相同错误签名关联；非逐例根因证明,"0, in make_ir
    return ast_to_ttir(self.fn, self, context=context, options=options, codegen_fns=codegen_fns,
           ^^^^^^^^^^^^^^^^^^^^^^^^^^^^^^^^^^^^^^^^^^^^^^^^^^^^^^^^^^^^^^^^^^^^^^^^^^^^^^^^^^^^^
triton.compiler.errors.CompilationError: at 124:12:
        e103, e104 = mixed_helper_extended_0_0(e102, e40, mem0, mem1, mem2, mem5, mem6, steps, limit, bid)
        e105 = (tl.full((16, 16), 0.125, tl.float16)).to(tl.float16)
        e106 = ((e103 * e105)).to(tl.float16)
        e107 = ((e94 + e104)).to(tl.float32)
        e108 = (tl.full((), 1, tl.int32)).to(tl.int32)
        e109 = ((e92 + e108)).to(tl.int32)
        e110 = ((e95 + e109)).to(tl.int32)
        e111 = e106
        e112 = e107
        e113 = e110
        e92 += 1
    e114 = (tl.flip(e111)).to(tl.float16)
            ^"
41790,4,triton,2026.09.25-23.10_triton_hard-shape_seed=42,triton_compile_error,confirmed_signature,flip,1790360106.1357622,results/2026.09.25-23.10_triton_hard-shape_seed=42/failed/triton_compile_error/failed_extended_arithmetic_ac9b2d6d7fdd557d.json,独立复现代表样本，按相同错误签名关联；非逐例根因证明,"s,
           ^^^^^^^^^^^^^^^^^^^^^^^^^^^^^^^^^^^^^^^^^^^^^^^^^^^^^^^^^^^^^^^^^^^^^^^^^^^^^^^^^^^^^
triton.compiler.errors.CompilationError: at 35:11:
    e22 = (tl.full((), 2, tl.int32)).to(tl.int32)
    e23 = (tl.full((), True, tl.int1)).to(tl.int1)
    e24 = (tl.load(mem1 + bid * 36 + 16 + e22 * 1, (e23 & (e22 >= 0) & (e22 < 4)), other=0)).to(tl.float32)
    e25 = (tl.full((), 1.0, tl.float32)).to(tl.float32)
    e26 = ((e18 * e25)).to(tl.float32)
    e27 = (tl.full((), 0.125, tl.float32)).to(tl.float32)
    e28 = ((e21 * e27)).to(tl.float32)
    e29 = (tl.full((), -0.125, tl.float32)).to(tl.float32)
    e30 = ((e24 * e29)).to(tl.float32)
    e31 = (tl.fma(e26, e28, e30)).to(tl.float32)
    e32 = (tl.fma(e31, e28, e30)).to(tl.float32)
    e33 = (tl.flip(e15)).to(tl.float16)
           ^"
41790,4,triton,2026.09.25-23.10_triton_hard-shape_seed=42,triton_compile_error,confirmed_signature,flip,1790360587.7332351,results/2026.09.25-23.10_triton_hard-shape_seed=42/failed/triton_compile_error/failed_extended_indexed_memory_f0ab50ba9bb1bde5.json,独立复现代表样本，按相同错误签名关联；非逐例根因证明,"^^^^^^^^^^^^^^^^^^^^^^^^^^^^^^^^^^^^^^^^^^^^^^^^^^^
triton.compiler.errors.CompilationError: at 29:11:
    e14 = (tl.full((16, 16), 0.125, tl.float16)).to(tl.float16)
    e15 = ((e13 + e14)).to(tl.float16)
    tl.debug_barrier()
    tl.store(mem2 + bid * 548 + 18 + e10 * 1, e15, (e12 & (e10 >= 0) & (e10 < 256)))
    tl.debug_barrier()
    e16 = (tl.full((16, 16), True, tl.int1)).to(tl.int1)
    e17 = (tl.load(mem2 + bid * 548 + 17 + e10 * 2, (e16 & (e10 >= 0) & (e10 < 256)), other=0)).to(tl.float16)
    e18 = (tl.full((16, 16), 3, tl.int32)).to(tl.int32)
    e19 = ((e10 ^ e18)).to(tl.int32)
    e20 = (tl.load(mem2 + bid * 548 + 18 + e19 * 1, (e12 & (e19 >= 0) & (e19 < 256)), other=0)).to(tl.float16)
    e21 = ((e17 + e20)).to(tl.float16)
    e22 = (tl.flip(e21)).to(tl.float16)
           ^"
41790,4,triton,2026.09.25-23.10_triton_hard-shape_seed=42,triton_compile_error,confirmed_signature,flip,1790361493.8217206,results/2026.09.25-23.10_triton_hard-shape_seed=42/failed/triton_compile_error/failed_extended_mixed_16449ef09999ae5a.json,独立复现代表样本，按相同错误签名关联；非逐例根因证明,"0, in make_ir
    return ast_to_ttir(self.fn, self, context=context, options=options, codegen_fns=codegen_fns,
           ^^^^^^^^^^^^^^^^^^^^^^^^^^^^^^^^^^^^^^^^^^^^^^^^^^^^^^^^^^^^^^^^^^^^^^^^^^^^^^^^^^^^^
triton.compiler.errors.CompilationError: at 122:12:
        e101, e102 = mixed_helper_extended_0_0(e100, e38, mem0, mem1, mem4, mem5, mem6, steps, limit, bid)
        e103 = (tl.full((16, 16), 0.125, tl.float16)).to(tl.float16)
        e104 = ((e101 * e103)).to(tl.float16)
        e105 = ((e92 + e102)).to(tl.float32)
        e106 = (tl.full((), 1, tl.int32)).to(tl.int32)
        e107 = ((e90 + e106)).to(tl.int32)
        e108 = ((e93 + e107)).to(tl.int32)
        e109 = e104
        e110 = e105
        e111 = e108
        e90 += 1
    e112 = (tl.flip(e109)).to(tl.float16)
            ^"
41790,4,triton,2026.09.25-23.10_triton_hard-shape_seed=42,triton_compile_error,confirmed_signature,flip,1790361735.39988,results/2026.09.25-23.10_triton_hard-shape_seed=42/failed/triton_compile_error/failed_extended_mixed_1b9bad2f84d8923c.json,独立复现代表样本，按相同错误签名关联；非逐例根因证明,"ler.py"", line 80, in make_ir
    return ast_to_ttir(self.fn, self, context=context, options=options, codegen_fns=codegen_fns,
           ^^^^^^^^^^^^^^^^^^^^^^^^^^^^^^^^^^^^^^^^^^^^^^^^^^^^^^^^^^^^^^^^^^^^^^^^^^^^^^^^^^^^^
triton.compiler.errors.CompilationError: at 121:12:
        e99, e100 = mixed_helper_extended_0_0(e98, e39, mem0, mem1, mem4, steps, limit, bid)
        e101 = (tl.full((16, 16), 0.125, tl.float16)).to(tl.float16)
        e102 = ((e99 * e101)).to(tl.float16)
        e103 = ((e90 + e100)).to(tl.float32)
        e104 = (tl.full((), 1, tl.int32)).to(tl.int32)
        e105 = ((e88 + e104)).to(tl.int32)
        e106 = ((e91 + e105)).to(tl.int32)
        e107 = e102
        e108 = e103
        e109 = e106
        e88 += 1
    e110 = (tl.flip(e107)).to(tl.float16)
            ^"
41790,4,triton,2026.09.25-23.10_triton_hard-shape_seed=42,triton_compile_error,confirmed_signature,flip,1790362643.4106863,results/2026.09.25-23.10_triton_hard-shape_seed=42/failed/triton_compile_error/failed_extended_arithmetic_9ebf96f17edf7173.json,独立复现代表样本，按相同错误签名关联；非逐例根因证明,"(self.fn, self, context=context, options=options, codegen_fns=codegen_fns,
           ^^^^^^^^^^^^^^^^^^^^^^^^^^^^^^^^^^^^^^^^^^^^^^^^^^^^^^^^^^^^^^^^^^^^^^^^^^^^^^^^^^^^^
triton.compiler.errors.CompilationError: at 22:11:
    e9 = (e8.to(tl.float16)).to(tl.float16)
    e10 = (e9.to(tl.float16)).to(tl.float16)
    e11 = (tl.full((16, 16), 0.5, tl.float16)).to(tl.float16)
    e12 = ((e10 * e11)).to(tl.float16)
    e13 = (tl.full((16, 16), 1, tl.int32)).to(tl.int32)
    e14 = ((e1 ^ e13)).to(tl.int32)
    e15 = (tl.full((16, 16), 3, tl.int32)).to(tl.int32)
    e16 = ((e14 < e15)).to(tl.int1)
    e17 = ((e16 & e2)).to(tl.int1)
    e18 = (tl.full((16, 16), -0.125, tl.float16)).to(tl.float16)
    e19 = (tl.where(e17, e12, e18)).to(tl.float16)
    e20 = (tl.flip(e19)).to(tl.float16)
           ^"
41790,4,triton,2026.09.25-23.10_triton_hard-shape_seed=42,triton_compile_error,confirmed_signature,flip,1790363911.0145051,results/2026.09.25-23.10_triton_hard-shape_seed=42/failed/triton_compile_error/failed_extended_mixed_607bd16d9a360c26.json,独立复现代表样本，按相同错误签名关联；非逐例根因证明,"  return ast_to_ttir(self.fn, self, context=context, options=options, codegen_fns=codegen_fns,
           ^^^^^^^^^^^^^^^^^^^^^^^^^^^^^^^^^^^^^^^^^^^^^^^^^^^^^^^^^^^^^^^^^^^^^^^^^^^^^^^^^^^^^
triton.compiler.errors.CompilationError: at 135:12:
        e114, e115 = mixed_helper_extended_0_0(e113, e71, mem0, mem1, mem2, mem5, mem6, mem7, mem8, steps, limit, bid)
        e116 = (tl.full((16, 32), 0.125, tl.float16)).to(tl.float16)
        e117 = ((e114 * e116)).to(tl.float16)
        e118 = ((e105 + e115)).to(tl.float32)
        e119 = (tl.full((), 1, tl.int32)).to(tl.int32)
        e120 = ((e103 + e119)).to(tl.int32)
        e121 = ((e106 + e120)).to(tl.int32)
        e122 = e117
        e123 = e118
        e124 = e121
        e103 += 1
    e125 = (tl.flip(e122)).to(tl.float16)
            ^"
41790,4,triton,2026.09.25-23.10_triton_hard-shape_seed=42,triton_compile_error,confirmed_signature,flip,1790364285.6572757,results/2026.09.25-23.10_triton_hard-shape_seed=42/failed/triton_compile_error/failed_extended_indexed_memory_21d1379f4c12b5f7.json,独立复现代表样本，按相同错误签名关联；非逐例根因证明,"^^^^^^^^^^^^^
triton.compiler.errors.CompilationError: at 40:11:
    e22 = ((e18 + e21)).to(tl.float16)
    e23 = (tl.full((), 2, tl.int32)).to(tl.int32)
    e24 = (tl.broadcast_to(e23, (16, 16))).to(tl.int32)
    e25 = (tl.full((), 2, tl.int32)).to(tl.int32)
    e26 = (tl.broadcast_to(e25, (16, 16))).to(tl.int32)
    e27 = ((e24 + e26)).to(tl.int32)
    e28 = ((((tl.arange(0, 16)[:, None] * 16 + tl.arange(0, 16)[None, :]) + 35) % 256)).to(tl.int32)
    e29 = ((((255 - (tl.arange(0, 16)[:, None] * 16 + tl.arange(0, 16)[None, :])) + 119) % 256)).to(tl.int32)
    e30 = (tl.full((16, 16), 128, tl.int32)).to(tl.int32)
    e31 = ((e29 < e30)).to(tl.int1)
    tl.atomic_min(mem5 + bid * 288 + 16 + e28 * 1, e27, (e31 & (e28 >= 0) & (e28 < 256)))
    e32 = (tl.flip(e22)).to(tl.float16)
           ^"
41790,4,triton,2026.09.25-23.10_triton_hard-shape_seed=42,triton_compile_error,confirmed_signature,flip,1790364339.8677464,results/2026.09.25-23.10_triton_hard-shape_seed=42/failed/triton_compile_error/failed_extended_mixed_a4a2aa8271593e33.json,独立复现代表样本，按相同错误签名关联；非逐例根因证明,"make_ir
    return ast_to_ttir(self.fn, self, context=context, options=options, codegen_fns=codegen_fns,
           ^^^^^^^^^^^^^^^^^^^^^^^^^^^^^^^^^^^^^^^^^^^^^^^^^^^^^^^^^^^^^^^^^^^^^^^^^^^^^^^^^^^^^
triton.compiler.errors.CompilationError: at 123:12:
        e102, e103 = mixed_helper_extended_0_0(e101, e39, mem0, mem1, mem2, mem3, mem6, mem7, steps, limit, bid)
        e104 = (tl.full((16, 16), 0.125, tl.float16)).to(tl.float16)
        e105 = ((e102 * e104)).to(tl.float16)
        e106 = ((e93 + e103)).to(tl.float32)
        e107 = (tl.full((), 1, tl.int32)).to(tl.int32)
        e108 = ((e91 + e107)).to(tl.int32)
        e109 = ((e94 + e108)).to(tl.int32)
        e110 = e105
        e111 = e106
        e112 = e109
        e91 += 1
    e113 = (tl.flip(e110)).to(tl.float16)
            ^"
41790,4,triton,2026.09.25-23.10_triton_hard-shape_seed=42,triton_compile_error,confirmed_signature,flip,1790365268.017507,results/2026.09.25-23.10_triton_hard-shape_seed=42/failed/triton_compile_error/failed_extended_indexed_memory_3d230a45569c6d80.json,独立复现代表样本，按相同错误签名关联；非逐例根因证明,"^^^^^^^^^^^^^^^^^^^^^^^^^^^^^^^^^^^^^^^^^^^^^^^^^^^^^^^^^
triton.compiler.errors.CompilationError: at 26:11:
    e11 = (tl.full((32, 16), 0.125, tl.float32)).to(tl.float32)
    e12 = ((e10 + e11)).to(tl.float32)
    tl.debug_barrier()
    tl.store(mem1 + bid * 1060 + 18 + e7 * 1, e12, (e9 & (e7 >= 0) & (e7 < 512)))
    tl.debug_barrier()
    e13 = (tl.full((32, 16), True, tl.int1)).to(tl.int1)
    e14 = (tl.load(mem1 + bid * 1060 + 17 + e7 * 2, (e13 & (e7 >= 0) & (e7 < 512)), other=0)).to(tl.float32)
    e15 = (tl.full((32, 16), 1, tl.int32)).to(tl.int32)
    e16 = ((e7 ^ e15)).to(tl.int32)
    e17 = (tl.load(mem1 + bid * 1060 + 18 + e16 * 1, (e9 & (e16 >= 0) & (e16 < 512)), other=0)).to(tl.float32)
    e18 = ((e14 + e17)).to(tl.float32)
    e19 = (tl.flip(e18)).to(tl.float32)
           ^"
41790,4,triton,2026.09.25-23.10_triton_hard-shape_seed=42,triton_compile_error,confirmed_signature,flip,1790365740.8581173,results/2026.09.25-23.10_triton_hard-shape_seed=42/failed/triton_compile_error/failed_extended_mixed_080792a57406a822.json,独立复现代表样本，按相同错误签名关联；非逐例根因证明,"ke_ir
    return ast_to_ttir(self.fn, self, context=context, options=options, codegen_fns=codegen_fns,
           ^^^^^^^^^^^^^^^^^^^^^^^^^^^^^^^^^^^^^^^^^^^^^^^^^^^^^^^^^^^^^^^^^^^^^^^^^^^^^^^^^^^^^
triton.compiler.errors.CompilationError: at 131:12:
        e110, e111 = mixed_helper_extended_0_0(e109, e67, mem0, mem1, mem4, mem5, mem6, mem7, steps, limit, bid)
        e112 = (tl.full((32, 16), 0.125, tl.float16)).to(tl.float16)
        e113 = ((e110 * e112)).to(tl.float16)
        e114 = ((e101 + e111)).to(tl.float32)
        e115 = (tl.full((), 1, tl.int32)).to(tl.int32)
        e116 = ((e99 + e115)).to(tl.int32)
        e117 = ((e102 + e116)).to(tl.int32)
        e118 = e113
        e119 = e114
        e120 = e117
        e99 += 1
    e121 = (tl.flip(e118)).to(tl.float16)
            ^"
41790,4,triton,2026.09.25-23.10_triton_hard-shape_seed=42,triton_compile_error,confirmed_signature,flip,1790365904.9028475,results/2026.09.25-23.10_triton_hard-shape_seed=42/failed/triton_compile_error/failed_extended_mixed_c141068a41eff34f.json,独立复现代表样本，按相同错误签名关联；非逐例根因证明,"context, options=options, codegen_fns=codegen_fns,
           ^^^^^^^^^^^^^^^^^^^^^^^^^^^^^^^^^^^^^^^^^^^^^^^^^^^^^^^^^^^^^^^^^^^^^^^^^^^^^^^^^^^^^
triton.compiler.errors.CompilationError: at 139:12:
        e119 = ((e102 + e118)).to(tl.int32)
        e120 = ((e105 + e119)).to(tl.int32)
        e121 = e116
        e122 = e117
        e123 = e120
        e102 += 1
    e124 = (tl.full((), 0, tl.float32)).to(tl.float32)
    e125 = (tl.broadcast_to(e124, (16, 16))).to(tl.float32)
    e126 = ((((255 - (tl.arange(0, 16)[:, None] * 16 + tl.arange(0, 16)[None, :])) + 236) % 256)).to(tl.int32)
    e127 = (tl.full((16, 16), True, tl.int1)).to(tl.int1)
    tl.atomic_add(mem8 + bid * 288 + 16 + e126 * 1, e125, (e127 & (e126 >= 0) & (e126 < 256)))
    e128 = (tl.flip(e121)).to(tl.float16)
            ^"
41790,4,triton,2026.09.25-23.10_triton_hard-shape_seed=42,triton_compile_error,confirmed_signature,flip,1790367592.7152004,results/2026.09.25-23.10_triton_hard-shape_seed=42/failed/triton_compile_error/failed_extended_mixed_cff0b8ec83132a1d.json,独立复现代表样本，按相同错误签名关联；非逐例根因证明,"^^^^^^^^^^^^^^^^^^^^^^^^^^^^^^^^^^^^^^^^^^^^^^^^^^^^^^^^^^^^^^^^^^^^
triton.compiler.errors.CompilationError: at 143:12:
    e121 = (tl.full((), 2, tl.int32)).to(tl.int32)
    e122 = (tl.full((), True, tl.int1)).to(tl.int1)
    e123 = (tl.load(mem7 + bid * 36 + 16 + e121 * 1, (e122 & (e121 >= 0) & (e121 < 4)), other=0)).to(tl.float16)
    e124 = (tl.full((), 0.0, tl.float16)).to(tl.float16)
    e125 = ((e117 * e124)).to(tl.float16)
    e126 = (tl.full((), 0.125, tl.float16)).to(tl.float16)
    e127 = ((e120 * e126)).to(tl.float16)
    e128 = (tl.full((), -0.125, tl.float16)).to(tl.float16)
    e129 = ((e123 * e128)).to(tl.float16)
    e130 = (tl.fma(e125, e127, e129)).to(tl.float16)
    e131 = (tl.fma(e130, e127, e129)).to(tl.float16)
    e132 = (tl.flip(e103)).to(tl.float16)
            ^"
41790,4,triton,2026.09.25-23.10_triton_hard-shape_seed=42,triton_compile_error,confirmed_signature,flip,1790367630.4774454,results/2026.09.25-23.10_triton_hard-shape_seed=42/failed/triton_compile_error/failed_extended_arithmetic_c3c21a7acadb1d62.json,独立复现代表样本，按相同错误签名关联；非逐例根因证明,"rn ast_to_ttir(self.fn, self, context=context, options=options, codegen_fns=codegen_fns,
           ^^^^^^^^^^^^^^^^^^^^^^^^^^^^^^^^^^^^^^^^^^^^^^^^^^^^^^^^^^^^^^^^^^^^^^^^^^^^^^^^^^^^^
triton.compiler.errors.CompilationError: at 19:11:
    e6 = ((e5 * e5)).to(tl.float32)
    e7 = (e6.to(tl.float16)).to(tl.float16)
    e8 = (tl.full((32, 16), 0.5, tl.float16)).to(tl.float16)
    e9 = ((e7 * e8)).to(tl.float16)
    e10 = (tl.full((32, 16), 3, tl.int32)).to(tl.int32)
    e11 = ((e1 & e10)).to(tl.int32)
    e12 = (tl.full((32, 16), 3, tl.int32)).to(tl.int32)
    e13 = ((e11 < e12)).to(tl.int1)
    e14 = ((e13 & e2)).to(tl.int1)
    e15 = (tl.full((32, 16), -0.125, tl.float16)).to(tl.float16)
    e16 = (tl.where(e14, e9, e15)).to(tl.float16)
    e17 = (tl.flip(e16)).to(tl.float16)
           ^"
41790,4,triton,2026.09.25-23.10_triton_hard-shape_seed=42,triton_compile_error,confirmed_signature,flip,1790367678.539986,results/2026.09.25-23.10_triton_hard-shape_seed=42/failed/triton_compile_error/failed_extended_control_calls_2d182d4b88d36986.json,独立复现代表样本，按相同错误签名关联；非逐例根因证明,"ns,
           ^^^^^^^^^^^^^^^^^^^^^^^^^^^^^^^^^^^^^^^^^^^^^^^^^^^^^^^^^^^^^^^^^^^^^^^^^^^^^^^^^^^^^
triton.compiler.errors.CompilationError: at 98:11:
    e82 = (tl.full((), 2, tl.int32)).to(tl.int32)
    e83 = (tl.full((), True, tl.int1)).to(tl.int1)
    e84 = (tl.load(mem3 + bid * 36 + 16 + e82 * 1, (e83 & (e82 >= 0) & (e82 < 4)), other=0)).to(tl.float16)
    e85 = (tl.full((), 0.125, tl.float16)).to(tl.float16)
    e86 = ((e78 * e85)).to(tl.float16)
    e87 = (tl.full((), 0.0, tl.float16)).to(tl.float16)
    e88 = ((e81 * e87)).to(tl.float16)
    e89 = (tl.full((), 0.125, tl.float16)).to(tl.float16)
    e90 = ((e84 * e89)).to(tl.float16)
    e91 = (tl.fma(e86, e88, e90)).to(tl.float16)
    e92 = (tl.fma(e91, e88, e90)).to(tl.float16)
    e93 = (tl.flip(e73)).to(tl.float16)
           ^"
41790,4,triton,2026.09.25-23.10_triton_hard-shape_seed=42,triton_compile_error,confirmed_signature,flip,1790369051.3578935,results/2026.09.25-23.10_triton_hard-shape_seed=42/failed/triton_compile_error/failed_extended_control_calls_d7b24498e5f2b940.json,独立复现代表样本，按相同错误签名关联；非逐例根因证明,"s,
           ^^^^^^^^^^^^^^^^^^^^^^^^^^^^^^^^^^^^^^^^^^^^^^^^^^^^^^^^^^^^^^^^^^^^^^^^^^^^^^^^^^^^^
triton.compiler.errors.CompilationError: at 92:11:
    e76 = (tl.full((), 2, tl.int32)).to(tl.int32)
    e77 = (tl.full((), True, tl.int1)).to(tl.int1)
    e78 = (tl.load(mem3 + bid * 36 + 16 + e76 * 1, (e77 & (e76 >= 0) & (e76 < 4)), other=0)).to(tl.float16)
    e79 = (tl.full((), 1.0, tl.float16)).to(tl.float16)
    e80 = ((e72 * e79)).to(tl.float16)
    e81 = (tl.full((), 0.125, tl.float16)).to(tl.float16)
    e82 = ((e75 * e81)).to(tl.float16)
    e83 = (tl.full((), -0.125, tl.float16)).to(tl.float16)
    e84 = ((e78 * e83)).to(tl.float16)
    e85 = (tl.fma(e80, e82, e84)).to(tl.float16)
    e86 = (tl.fma(e85, e82, e84)).to(tl.float16)
    e87 = (tl.flip(e67)).to(tl.float16)
           ^"
41790,4,triton,2026.09.25-23.10_triton_hard-shape_seed=42,triton_compile_error,confirmed_signature,flip,1790370875.99168,results/2026.09.25-23.10_triton_hard-shape_seed=42/failed/triton_compile_error/failed_extended_control_calls_b3a7c419a88b5080.json,独立复现代表样本，按相同错误签名关联；非逐例根因证明,"/compiler/compiler.py"", line 80, in make_ir
    return ast_to_ttir(self.fn, self, context=context, options=options, codegen_fns=codegen_fns,
           ^^^^^^^^^^^^^^^^^^^^^^^^^^^^^^^^^^^^^^^^^^^^^^^^^^^^^^^^^^^^^^^^^^^^^^^^^^^^^^^^^^^^^
triton.compiler.errors.CompilationError: at 76:11:
        e60, e61 = mixed_helper_extended_0_0(e59, e17, mem0, mem1, mem2, mem3, steps, limit, bid)
        e62 = (tl.full((16, 32), 0.125, tl.float16)).to(tl.float16)
        e63 = ((e60 * e62)).to(tl.float16)
        e64 = ((e51 + e61)).to(tl.float32)
        e65 = (tl.full((), 1, tl.int32)).to(tl.int32)
        e66 = ((e49 + e65)).to(tl.int32)
        e67 = ((e52 + e66)).to(tl.int32)
        e68 = e63
        e69 = e64
        e70 = e67
        e49 += 1
    e71 = (tl.flip(e68)).to(tl.float16)
           ^"
41790,4,triton,2026.09.25-23.10_triton_hard-shape_seed=42,triton_compile_error,confirmed_signature,flip,1790372368.915501,results/2026.09.25-23.10_triton_hard-shape_seed=42/failed/triton_compile_error/failed_extended_mixed_61120aad8906b93c.json,独立复现代表样本，按相同错误签名关联；非逐例根因证明,"^^^^^^^^^^^^^^^^^^^^^^^^^^^^^^^^^^^^^^^^^^^^^^^^^^^^^^^^^^^^^^^^^^^^^^^^
triton.compiler.errors.CompilationError: at 141:12:
    e119 = (tl.full((), 2, tl.int32)).to(tl.int32)
    e120 = (tl.full((), True, tl.int1)).to(tl.int1)
    e121 = (tl.load(mem7 + bid * 36 + 16 + e119 * 1, (e120 & (e119 >= 0) & (e119 < 4)), other=0)).to(tl.float32)
    e122 = (tl.full((), 1.0, tl.float32)).to(tl.float32)
    e123 = ((e115 * e122)).to(tl.float32)
    e124 = (tl.full((), 1.0, tl.float32)).to(tl.float32)
    e125 = ((e118 * e124)).to(tl.float32)
    e126 = (tl.full((), -1.0, tl.float32)).to(tl.float32)
    e127 = ((e121 * e126)).to(tl.float32)
    e128 = (tl.fma(e123, e125, e127)).to(tl.float32)
    e129 = (tl.fma(e128, e125, e127)).to(tl.float32)
    e130 = (tl.flip(e110)).to(tl.float16)
            ^"
41790,4,triton,2026.09.25-23.10_triton_hard-shape_seed=42,triton_compile_error,confirmed_signature,flip,1790372700.9700496,results/2026.09.25-23.10_triton_hard-shape_seed=42/failed/triton_compile_error/failed_extended_control_calls_7b8f1630696d7191.json,独立复现代表样本，按相同错误签名关联；非逐例根因证明,"triton/compiler/compiler.py"", line 80, in make_ir
    return ast_to_ttir(self.fn, self, context=context, options=options, codegen_fns=codegen_fns,
           ^^^^^^^^^^^^^^^^^^^^^^^^^^^^^^^^^^^^^^^^^^^^^^^^^^^^^^^^^^^^^^^^^^^^^^^^^^^^^^^^^^^^^
triton.compiler.errors.CompilationError: at 78:11:
        e62, e63 = mixed_helper_extended_0_0(e61, e19, mem0, mem1, mem2, steps, limit, bid)
        e64 = (tl.full((32, 16), 0.125, tl.float16)).to(tl.float16)
        e65 = ((e62 * e64)).to(tl.float16)
        e66 = ((e53 + e63)).to(tl.float32)
        e67 = (tl.full((), 1, tl.int32)).to(tl.int32)
        e68 = ((e51 + e67)).to(tl.int32)
        e69 = ((e54 + e68)).to(tl.int32)
        e70 = e65
        e71 = e66
        e72 = e69
        e51 += 1
    e73 = (tl.flip(e70)).to(tl.float16)
           ^"
41790,4,triton,2026.09.25-23.10_triton_hard-shape_seed=42,triton_compile_error,confirmed_signature,flip,1790373601.7324712,results/2026.09.25-23.10_triton_hard-shape_seed=42/failed/triton_compile_error/failed_extended_shape_matmul_207baf911d976fbf.json,独立复现代表样本，按相同错误签名关联；非逐例根因证明,"^^^^^^^^^^^^^^^^^^^^^^^^^^^^^^
triton.compiler.errors.CompilationError: at 26:11:
    e8 = (tl.full((16, 16), 0.0, tl.float32)).to(tl.float32)
    e9 = (tl.dot(e7, e7, e8, input_precision='ieee')).to(tl.float32)
    e10 = (tl.where(tl.sum((e9 != e9).to(tl.int32), 1) > 0, float('nan'), tl.max(e9.to(tl.float32), 1))).to(tl.float32)
    e11 = (tl.reshape(e10, (16, 1))).to(tl.float32)
    e12 = ((e9 - e11)).to(tl.float32)
    e13 = (tl.full((16, 16), 0.125, tl.float32)).to(tl.float32)
    e14 = ((e12 * e13)).to(tl.float32)
    e15 = (e14.to(tl.float16)).to(tl.float16)
    e16 = (tl.dot(e15, e7, e8, input_precision='ieee')).to(tl.float32)
    e17 = (tl.reshape(e16, (16, 16))).to(tl.float32)
    e18 = (tl.reshape(e17, (16, 16))).to(tl.float32)
    e19 = (tl.flip(e18)).to(tl.float32)
           ^"
41790,4,triton,2026.09.25-23.10_triton_hard-shape_seed=42,triton_compile_error,confirmed_signature,flip,1790374667.4761982,results/2026.09.25-23.10_triton_hard-shape_seed=42/failed/triton_compile_error/failed_extended_indexed_memory_0a0b3d6e0ff02a7c.json,独立复现代表样本，按相同错误签名关联；非逐例根因证明,"n_fns,
           ^^^^^^^^^^^^^^^^^^^^^^^^^^^^^^^^^^^^^^^^^^^^^^^^^^^^^^^^^^^^^^^^^^^^^^^^^^^^^^^^^^^^^
triton.compiler.errors.CompilationError: at 46:11:
    e28 = (tl.full((), 2, tl.int32)).to(tl.int32)
    e29 = (tl.full((), True, tl.int1)).to(tl.int1)
    e30 = (tl.load(mem4 + bid * 36 + 16 + e28 * 1, (e29 & (e28 >= 0) & (e28 < 4)), other=0)).to(tl.float16)
    e31 = (tl.full((), 1.0, tl.float16)).to(tl.float16)
    e32 = ((e24 * e31)).to(tl.float16)
    e33 = (tl.full((), -1.0, tl.float16)).to(tl.float16)
    e34 = ((e27 * e33)).to(tl.float16)
    e35 = (tl.full((), 0.5, tl.float16)).to(tl.float16)
    e36 = ((e30 * e35)).to(tl.float16)
    e37 = (tl.fma(e32, e34, e36)).to(tl.float16)
    e38 = (tl.fma(e37, e34, e36)).to(tl.float16)
    e39 = (tl.flip(e21)).to(tl.float16)
           ^"
41790,4,triton,2026.09.25-23.10_triton_hard-shape_seed=42,triton_compile_error,confirmed_signature,flip,1790374821.620647,results/2026.09.25-23.10_triton_hard-shape_seed=42/failed/triton_compile_error/failed_extended_indexed_memory_7c5000f5611d7e72.json,独立复现代表样本，按相同错误签名关联；非逐例根因证明,"^^^^^^^^^^^^^^^^^^^^^^^^^^^^^^^^^^^^^^^^^^^^^^^^
triton.compiler.errors.CompilationError: at 29:11:
    e14 = (tl.full((32, 16), 0.125, tl.float32)).to(tl.float32)
    e15 = ((e13 + e14)).to(tl.float32)
    tl.debug_barrier()
    tl.store(mem2 + bid * 1060 + 18 + e10 * 1, e15, (e12 & (e10 >= 0) & (e10 < 512)))
    tl.debug_barrier()
    e16 = (tl.full((32, 16), True, tl.int1)).to(tl.int1)
    e17 = (tl.load(mem2 + bid * 1060 + 17 + e10 * 2, (e16 & (e10 >= 0) & (e10 < 512)), other=0)).to(tl.float32)
    e18 = (tl.full((32, 16), 7, tl.int32)).to(tl.int32)
    e19 = ((e10 ^ e18)).to(tl.int32)
    e20 = (tl.load(mem2 + bid * 1060 + 18 + e19 * 1, (e12 & (e19 >= 0) & (e19 < 512)), other=0)).to(tl.float32)
    e21 = ((e17 + e20)).to(tl.float32)
    e22 = (tl.flip(e21)).to(tl.float32)
           ^"
41790,4,triton,2026.09.25-23.10_triton_hard-shape_seed=42,triton_compile_error,confirmed_signature,flip,1790375128.9318943,results/2026.09.25-23.10_triton_hard-shape_seed=42/failed/triton_compile_error/failed_extended_control_calls_1d38d6c4759e1d93.json,独立复现代表样本，按相同错误签名关联；非逐例根因证明,"/compiler/compiler.py"", line 80, in make_ir
    return ast_to_ttir(self.fn, self, context=context, options=options, codegen_fns=codegen_fns,
           ^^^^^^^^^^^^^^^^^^^^^^^^^^^^^^^^^^^^^^^^^^^^^^^^^^^^^^^^^^^^^^^^^^^^^^^^^^^^^^^^^^^^^
triton.compiler.errors.CompilationError: at 79:11:
        e63, e64 = mixed_helper_extended_0_0(e62, e20, mem0, mem1, mem2, mem3, steps, limit, bid)
        e65 = (tl.full((32, 16), 0.125, tl.float16)).to(tl.float16)
        e66 = ((e63 * e65)).to(tl.float16)
        e67 = ((e54 + e64)).to(tl.float32)
        e68 = (tl.full((), 1, tl.int32)).to(tl.int32)
        e69 = ((e52 + e68)).to(tl.int32)
        e70 = ((e55 + e69)).to(tl.int32)
        e71 = e66
        e72 = e67
        e73 = e70
        e52 += 1
    e74 = (tl.flip(e71)).to(tl.float16)
           ^"
41790,4,triton,2026.09.25-23.10_triton_hard-shape_seed=42,triton_compile_error,confirmed_signature,flip,1790375459.3472624,results/2026.09.25-23.10_triton_hard-shape_seed=42/failed/triton_compile_error/failed_extended_control_calls_a128a1fefe2fe270.json,独立复现代表样本，按相同错误签名关联；非逐例根因证明,"er.errors.CompilationError: at 88:11:
    e72 = (tl.broadcast_to(e71, (16, 16))).to(tl.float32)
    e73 = (tl.full((), -0.25, tl.float32)).to(tl.float32)
    e74 = (tl.broadcast_to(e73, (16, 16))).to(tl.float32)
    e75 = ((e72 + e74)).to(tl.float32)
    e76 = ((((255 - (tl.arange(0, 16)[:, None] * 16 + tl.arange(0, 16)[None, :])) + 172) % 256)).to(tl.int32)
    e77 = (tl.full((16, 16), 7, tl.int32)).to(tl.int32)
    e78 = ((e76 & e77)).to(tl.int32)
    e79 = ((((255 - (tl.arange(0, 16)[:, None] * 16 + tl.arange(0, 16)[None, :])) + 132) % 256)).to(tl.int32)
    e80 = (tl.full((16, 16), 128, tl.int32)).to(tl.int32)
    e81 = ((e79 < e80)).to(tl.int1)
    tl.atomic_max(mem3 + bid * 288 + 16 + e78 * 1, e75, (e81 & (e78 >= 0) & (e78 < 256)))
    e82 = (tl.flip(e68)).to(tl.float16)
           ^"
41790,4,triton,2026.09.25-23.10_triton_hard-shape_seed=42,triton_compile_error,confirmed_signature,flip,1790376793.137865,results/2026.09.25-23.10_triton_hard-shape_seed=42/failed/triton_compile_error/failed_extended_indexed_memory_c57f3712fea0548e.json,独立复现代表样本，按相同错误签名关联；非逐例根因证明,"^^^^^^^^^^^^^^^^^^^^^^^^^^^^^^^^^^^^^^^^^^^^^^^^^^^^^^^^^^^^
triton.compiler.errors.CompilationError: at 24:11:
    e9 = (tl.full((32, 16), 0.125, tl.float16)).to(tl.float16)
    e10 = ((e8 + e9)).to(tl.float16)
    tl.debug_barrier()
    tl.store(mem1 + bid * 1060 + 18 + e5 * 1, e10, (e7 & (e5 >= 0) & (e5 < 512)))
    tl.debug_barrier()
    e11 = (tl.full((32, 16), True, tl.int1)).to(tl.int1)
    e12 = (tl.load(mem1 + bid * 1060 + 17 + e5 * 2, (e11 & (e5 >= 0) & (e5 < 512)), other=0)).to(tl.float16)
    e13 = (tl.full((32, 16), 7, tl.int32)).to(tl.int32)
    e14 = ((e5 ^ e13)).to(tl.int32)
    e15 = (tl.load(mem1 + bid * 1060 + 18 + e14 * 1, (e7 & (e14 >= 0) & (e14 < 512)), other=0)).to(tl.float16)
    e16 = ((e12 + e15)).to(tl.float16)
    e17 = (tl.flip(e16)).to(tl.float16)
           ^"
41790,4,triton,2026.09.25-23.10_triton_hard-shape_seed=42,triton_compile_error,confirmed_signature,flip,1790377824.8656337,results/2026.09.25-23.10_triton_hard-shape_seed=42/failed/triton_compile_error/failed_extended_shape_matmul_a31a01e631bcca56.json,独立复现代表样本，按相同错误签名关联；非逐例根因证明,"n_fns,
           ^^^^^^^^^^^^^^^^^^^^^^^^^^^^^^^^^^^^^^^^^^^^^^^^^^^^^^^^^^^^^^^^^^^^^^^^^^^^^^^^^^^^^
triton.compiler.errors.CompilationError: at 53:11:
    e40 = (tl.full((), 2, tl.int32)).to(tl.int32)
    e41 = (tl.full((), True, tl.int1)).to(tl.int1)
    e42 = (tl.load(mem4 + bid * 36 + 16 + e40 * 1, (e41 & (e40 >= 0) & (e40 < 4)), other=0)).to(tl.float16)
    e43 = (tl.full((), 1.0, tl.float16)).to(tl.float16)
    e44 = ((e36 * e43)).to(tl.float16)
    e45 = (tl.full((), -1.0, tl.float16)).to(tl.float16)
    e46 = ((e39 * e45)).to(tl.float16)
    e47 = (tl.full((), 0.5, tl.float16)).to(tl.float16)
    e48 = ((e42 * e47)).to(tl.float16)
    e49 = (tl.fma(e44, e46, e48)).to(tl.float16)
    e50 = (tl.fma(e49, e46, e48)).to(tl.float16)
    e51 = (tl.flip(e33)).to(tl.float32)
           ^"
41790,4,triton,2026.09.25-23.10_triton_hard-shape_seed=42,triton_compile_error,confirmed_signature,flip,1790378711.5518796,results/2026.09.25-23.10_triton_hard-shape_seed=42/failed/triton_compile_error/failed_extended_arithmetic_f196f44e97615e8e.json,独立复现代表样本，按相同错误签名关联；非逐例根因证明,"^^^^^^^^^^^^^^^^^^^^^^^^^^^^^^^^^^^^^^^^^^^^^^^^^^^^^^^^^^^^^^^^^^^^^^^^^^^^^^^^^^
triton.compiler.errors.CompilationError: at 25:11:
    e12 = (tl.load(mem1 + bid * 544 + 16 + e10 * 1, (e11 & (e10 >= 0) & (e10 < 512)), other=0)).to(tl.int32)
    e13 = (tl.full((16, 32), 1, tl.int32)).to(tl.int32)
    e14 = ((e12 ^ e13)).to(tl.int32)
    e15 = (tl.full((16, 32), 3, tl.int32)).to(tl.int32)
    e16 = ((e14 < e15)).to(tl.int1)
    e17 = ((((tl.arange(0, 16)[:, None] * 32 + tl.arange(0, 32)[None, :]) + 182) % 512)).to(tl.int32)
    e18 = (limit).to(tl.int32)
    e19 = ((e17 < e18)).to(tl.int1)
    e20 = ((e16 & e19)).to(tl.int1)
    e21 = (tl.full((16, 32), -0.125, tl.float16)).to(tl.float16)
    e22 = (tl.where(e20, e9, e21)).to(tl.float16)
    e23 = (tl.flip(e22)).to(tl.float16)
           ^"
41790,4,triton,2026.09.25-23.10_triton_hard-shape_seed=42,triton_compile_error,confirmed_signature,flip,1790379062.7720227,results/2026.09.25-23.10_triton_hard-shape_seed=42/failed/triton_compile_error/failed_extended_shape_matmul_19e64a683d1997a0.json,独立复现代表样本，按相同错误签名关联；非逐例根因证明,"n_fns,
           ^^^^^^^^^^^^^^^^^^^^^^^^^^^^^^^^^^^^^^^^^^^^^^^^^^^^^^^^^^^^^^^^^^^^^^^^^^^^^^^^^^^^^
triton.compiler.errors.CompilationError: at 38:11:
    e25 = (tl.full((), 2, tl.int32)).to(tl.int32)
    e26 = (tl.full((), True, tl.int1)).to(tl.int1)
    e27 = (tl.load(mem1 + bid * 36 + 16 + e25 * 1, (e26 & (e25 >= 0) & (e25 < 4)), other=0)).to(tl.float32)
    e28 = (tl.full((), 1.0, tl.float32)).to(tl.float32)
    e29 = ((e21 * e28)).to(tl.float32)
    e30 = (tl.full((), -1.0, tl.float32)).to(tl.float32)
    e31 = ((e24 * e30)).to(tl.float32)
    e32 = (tl.full((), 0.5, tl.float32)).to(tl.float32)
    e33 = ((e27 * e32)).to(tl.float32)
    e34 = (tl.fma(e29, e31, e33)).to(tl.float32)
    e35 = (tl.fma(e34, e31, e33)).to(tl.float32)
    e36 = (tl.flip(e18)).to(tl.float32)
           ^"
41790,4,triton,2026.09.25-23.10_triton_hard-shape_seed=42,triton_compile_error,confirmed_signature,flip,1790381514.096196,results/2026.09.25-23.10_triton_hard-shape_seed=42/failed/triton_compile_error/failed_extended_arithmetic_116dd3ecc3bc8fcf.json,独立复现代表样本，按相同错误签名关联；非逐例根因证明,"n_fns,
           ^^^^^^^^^^^^^^^^^^^^^^^^^^^^^^^^^^^^^^^^^^^^^^^^^^^^^^^^^^^^^^^^^^^^^^^^^^^^^^^^^^^^^
triton.compiler.errors.CompilationError: at 45:11:
    e32 = (tl.full((), 2, tl.int32)).to(tl.int32)
    e33 = (tl.full((), True, tl.int1)).to(tl.int1)
    e34 = (tl.load(mem3 + bid * 36 + 16 + e32 * 1, (e33 & (e32 >= 0) & (e32 < 4)), other=0)).to(tl.float32)
    e35 = (tl.full((), 1.0, tl.float32)).to(tl.float32)
    e36 = ((e28 * e35)).to(tl.float32)
    e37 = (tl.full((), -1.0, tl.float32)).to(tl.float32)
    e38 = ((e31 * e37)).to(tl.float32)
    e39 = (tl.full((), 0.5, tl.float32)).to(tl.float32)
    e40 = ((e34 * e39)).to(tl.float32)
    e41 = (tl.fma(e36, e38, e40)).to(tl.float32)
    e42 = (tl.fma(e41, e38, e40)).to(tl.float32)
    e43 = (tl.flip(e25)).to(tl.float16)
           ^"
41790,4,triton,2026.09.25-23.10_triton_hard-shape_seed=42,triton_compile_error,confirmed_signature,flip,1790384063.5436804,results/2026.09.25-23.10_triton_hard-shape_seed=42/failed/triton_compile_error/failed_extended_control_calls_18787b86a9502c59.json,独立复现代表样本，按相同错误签名关联；非逐例根因证明,"triton/compiler/compiler.py"", line 80, in make_ir
    return ast_to_ttir(self.fn, self, context=context, options=options, codegen_fns=codegen_fns,
           ^^^^^^^^^^^^^^^^^^^^^^^^^^^^^^^^^^^^^^^^^^^^^^^^^^^^^^^^^^^^^^^^^^^^^^^^^^^^^^^^^^^^^
triton.compiler.errors.CompilationError: at 76:11:
        e60, e61 = mixed_helper_extended_0_0(e59, e17, mem0, mem1, mem2, steps, limit, bid)
        e62 = (tl.full((16, 32), 0.125, tl.float16)).to(tl.float16)
        e63 = ((e60 * e62)).to(tl.float16)
        e64 = ((e51 + e61)).to(tl.float32)
        e65 = (tl.full((), 1, tl.int32)).to(tl.int32)
        e66 = ((e49 + e65)).to(tl.int32)
        e67 = ((e52 + e66)).to(tl.int32)
        e68 = e63
        e69 = e64
        e70 = e67
        e49 += 1
    e71 = (tl.flip(e68)).to(tl.float16)
           ^"
41790,4,triton,2026.09.25-23.10_triton_hard-shape_seed=42,triton_compile_error,confirmed_signature,flip,1790384134.3419197,results/2026.09.25-23.10_triton_hard-shape_seed=42/failed/triton_compile_error/failed_extended_control_calls_ac5d6d9c007f2b42.json,独立复现代表样本，按相同错误签名关联；非逐例根因证明,"n_fns,
           ^^^^^^^^^^^^^^^^^^^^^^^^^^^^^^^^^^^^^^^^^^^^^^^^^^^^^^^^^^^^^^^^^^^^^^^^^^^^^^^^^^^^^
triton.compiler.errors.CompilationError: at 92:11:
    e76 = (tl.full((), 2, tl.int32)).to(tl.int32)
    e77 = (tl.full((), True, tl.int1)).to(tl.int1)
    e78 = (tl.load(mem3 + bid * 36 + 16 + e76 * 1, (e77 & (e76 >= 0) & (e76 < 4)), other=0)).to(tl.float16)
    e79 = (tl.full((), 1.0, tl.float16)).to(tl.float16)
    e80 = ((e72 * e79)).to(tl.float16)
    e81 = (tl.full((), 1.0, tl.float16)).to(tl.float16)
    e82 = ((e75 * e81)).to(tl.float16)
    e83 = (tl.full((), -1.0, tl.float16)).to(tl.float16)
    e84 = ((e78 * e83)).to(tl.float16)
    e85 = (tl.fma(e80, e82, e84)).to(tl.float16)
    e86 = (tl.fma(e85, e82, e84)).to(tl.float16)
    e87 = (tl.flip(e67)).to(tl.float16)
           ^"
41790,4,triton,2026.09.25-23.10_triton_hard-shape_seed=42,triton_compile_error,confirmed_signature,flip,1790384781.3955998,results/2026.09.25-23.10_triton_hard-shape_seed=42/failed/triton_compile_error/failed_extended_arithmetic_d4bc571ffbcaa41b.json,独立复现代表样本，按相同错误签名关联；非逐例根因证明,"^^^^^^
triton.compiler.errors.CompilationError: at 39:11:
    e26 = (tl.broadcast_to(e25, (32, 16))).to(tl.float32)
    e27 = (tl.full((), 0.5, tl.float32)).to(tl.float32)
    e28 = (tl.broadcast_to(e27, (32, 16))).to(tl.float32)
    e29 = ((e26 + e28)).to(tl.float32)
    e30 = ((((tl.arange(0, 32)[:, None] * 16 + tl.arange(0, 16)[None, :]) + 58) % 512)).to(tl.int32)
    e31 = (tl.full((32, 16), 7, tl.int32)).to(tl.int32)
    e32 = ((e30 & e31)).to(tl.int32)
    e33 = ((((tl.arange(0, 32)[:, None] * 16 + tl.arange(0, 16)[None, :]) + 77) % 512)).to(tl.int32)
    e34 = (tl.full((32, 16), 256, tl.int32)).to(tl.int32)
    e35 = ((e33 < e34)).to(tl.int1)
    tl.atomic_min(mem3 + bid * 544 + 16 + e32 * 1, e29, (e35 & (e32 >= 0) & (e32 < 512)))
    e36 = (tl.flip(e24)).to(tl.float16)
           ^"
41790,4,triton,2026.09.25-23.10_triton_hard-shape_seed=42,triton_compile_error,confirmed_signature,flip,1790385952.032095,results/2026.09.25-23.10_triton_hard-shape_seed=42/failed/triton_compile_error/failed_extended_shape_matmul_51df18b47ec6634b.json,独立复现代表样本，按相同错误签名关联；非逐例根因证明,"^^^^^^^^^^^^^^^^^
triton.compiler.errors.CompilationError: at 28:11:
    e14 = (tl.full((16, 16), 0.125, tl.float32)).to(tl.float32)
    e15 = (tl.dot(e12, e13, e14, input_precision='ieee')).to(tl.float32)
    e16 = (tl.where(tl.sum((e15 != e15).to(tl.int32), 1) > 0, float('nan'), tl.max(e15.to(tl.float32), 1))).to(tl.float32)
    e17 = (tl.reshape(e16, (16, 1))).to(tl.float32)
    e18 = ((e15 - e17)).to(tl.float32)
    e19 = (tl.full((16, 16), 0.125, tl.float32)).to(tl.float32)
    e20 = ((e18 * e19)).to(tl.float32)
    e21 = (e20.to(tl.float16)).to(tl.float16)
    e22 = (tl.dot(e21, e12, e14, input_precision='ieee')).to(tl.float32)
    e23 = (tl.reshape(e22, (16, 16))).to(tl.float32)
    e24 = (tl.reshape(e23, (16, 16))).to(tl.float32)
    e25 = (tl.flip(e24)).to(tl.float32)
           ^"
41790,4,triton,2026.09.25-23.10_triton_hard-shape_seed=42,triton_compile_error,confirmed_signature,flip,1790387129.453075,results/2026.09.25-23.10_triton_hard-shape_seed=42/failed/triton_compile_error/failed_extended_indexed_memory_e1830884e44b9201.json,独立复现代表样本，按相同错误签名关联；非逐例根因证明,"^^^^^^^^^^^^^^^^^^^^^^^^^^^^^^^^^^^^^^^^^^^^^^^^
triton.compiler.errors.CompilationError: at 37:11:
    e22 = (tl.full((16, 32), 0.125, tl.float16)).to(tl.float16)
    e23 = ((e21 + e22)).to(tl.float16)
    tl.debug_barrier()
    tl.store(mem4 + bid * 1060 + 18 + e18 * 1, e23, (e20 & (e18 >= 0) & (e18 < 512)))
    tl.debug_barrier()
    e24 = (tl.full((16, 32), True, tl.int1)).to(tl.int1)
    e25 = (tl.load(mem4 + bid * 1060 + 17 + e18 * 2, (e24 & (e18 >= 0) & (e18 < 512)), other=0)).to(tl.float16)
    e26 = (tl.full((16, 32), 3, tl.int32)).to(tl.int32)
    e27 = ((e18 ^ e26)).to(tl.int32)
    e28 = (tl.load(mem4 + bid * 1060 + 18 + e27 * 1, (e20 & (e27 >= 0) & (e27 < 512)), other=0)).to(tl.float16)
    e29 = ((e25 + e28)).to(tl.float16)
    e30 = (tl.flip(e29)).to(tl.float16)
           ^"
41790,4,triton,2026.09.25-23.10_triton_hard-shape_seed=42,triton_compile_error,confirmed_signature,flip,1790387247.3249862,results/2026.09.25-23.10_triton_hard-shape_seed=42/failed/triton_compile_error/failed_extended_indexed_memory_392555c8673f28fe.json,独立复现代表样本，按相同错误签名关联；非逐例根因证明,"^^^^^^^^^^^^^^^^^^^^^^^^^^^^^^^^^^^^^^^^^^^^^^^^^^^
triton.compiler.errors.CompilationError: at 29:11:
    e14 = (tl.full((16, 16), 0.125, tl.float16)).to(tl.float16)
    e15 = ((e13 + e14)).to(tl.float16)
    tl.debug_barrier()
    tl.store(mem2 + bid * 548 + 18 + e10 * 1, e15, (e12 & (e10 >= 0) & (e10 < 256)))
    tl.debug_barrier()
    e16 = (tl.full((16, 16), True, tl.int1)).to(tl.int1)
    e17 = (tl.load(mem2 + bid * 548 + 17 + e10 * 2, (e16 & (e10 >= 0) & (e10 < 256)), other=0)).to(tl.float16)
    e18 = (tl.full((16, 16), 3, tl.int32)).to(tl.int32)
    e19 = ((e10 ^ e18)).to(tl.int32)
    e20 = (tl.load(mem2 + bid * 548 + 18 + e19 * 1, (e12 & (e19 >= 0) & (e19 < 256)), other=0)).to(tl.float16)
    e21 = ((e17 + e20)).to(tl.float16)
    e22 = (tl.flip(e21)).to(tl.float16)
           ^"
41790,4,triton,2026.09.25-23.10_triton_hard-shape_seed=42,triton_compile_error,confirmed_signature,flip,1790387321.7992961,results/2026.09.25-23.10_triton_hard-shape_seed=42/failed/triton_compile_error/failed_extended_control_calls_f9c0463670f7848d.json,独立复现代表样本，按相同错误签名关联；非逐例根因证明,"s,
           ^^^^^^^^^^^^^^^^^^^^^^^^^^^^^^^^^^^^^^^^^^^^^^^^^^^^^^^^^^^^^^^^^^^^^^^^^^^^^^^^^^^^^
triton.compiler.errors.CompilationError: at 95:11:
    e79 = (tl.full((), 2, tl.int32)).to(tl.int32)
    e80 = (tl.full((), True, tl.int1)).to(tl.int1)
    e81 = (tl.load(mem3 + bid * 36 + 16 + e79 * 1, (e80 & (e79 >= 0) & (e79 < 4)), other=0)).to(tl.float32)
    e82 = (tl.full((), 1.0, tl.float32)).to(tl.float32)
    e83 = ((e75 * e82)).to(tl.float32)
    e84 = (tl.full((), 0.125, tl.float32)).to(tl.float32)
    e85 = ((e78 * e84)).to(tl.float32)
    e86 = (tl.full((), -0.125, tl.float32)).to(tl.float32)
    e87 = ((e81 * e86)).to(tl.float32)
    e88 = (tl.fma(e83, e85, e87)).to(tl.float32)
    e89 = (tl.fma(e88, e85, e87)).to(tl.float32)
    e90 = (tl.flip(e70)).to(tl.float16)
           ^"
41790,4,triton,2026.09.25-23.10_triton_hard-shape_seed=42,triton_compile_error,confirmed_signature,flip,1790387325.5934265,results/2026.09.25-23.10_triton_hard-shape_seed=42/failed/triton_compile_error/failed_extended_shape_matmul_93ab71230749b46c.json,独立复现代表样本，按相同错误签名关联；非逐例根因证明,"ontext, options=options, codegen_fns=codegen_fns,
           ^^^^^^^^^^^^^^^^^^^^^^^^^^^^^^^^^^^^^^^^^^^^^^^^^^^^^^^^^^^^^^^^^^^^^^^^^^^^^^^^^^^^^
triton.compiler.errors.CompilationError: at 37:11:
    e24 = ((e22 - e23)).to(tl.int32)
    e25 = (e24.to(tl.int8)).to(tl.int8)
    e26 = (tl.full((16, 16), 0, tl.int32)).to(tl.int32)
    e27 = (tl.dot(e17, e25, e26, out_dtype=tl.int32)).to(tl.int32)
    e28 = (tl.sum(e27.to(tl.int32), 0)).to(tl.int32)
    e29 = (tl.sum(e28.to(tl.int32), 0)).to(tl.int32)
    e30 = (e29.to(tl.float32)).to(tl.float32)
    e31 = (tl.full((), 0.0078125, tl.float32)).to(tl.float32)
    e32 = ((e30 * e31)).to(tl.float32)
    e33 = (tl.broadcast_to(e32, (16, 32))).to(tl.float32)
    e34 = ((e12 + e33)).to(tl.float32)
    e35 = (tl.flip(e34)).to(tl.float32)
           ^"
41790,4,triton,2026.09.25-23.10_triton_hard-shape_seed=42,triton_compile_error,confirmed_signature,flip,1790388066.2076871,results/2026.09.25-23.10_triton_hard-shape_seed=42/failed/triton_compile_error/failed_extended_control_calls_bd7bcc0f1b806183.json,独立复现代表样本，按相同错误签名关联；非逐例根因证明,"^^^^^^^^^^^^^^^^^
triton.compiler.errors.CompilationError: at 91:11:
    e75 = (tl.broadcast_to(e74, (16, 32))).to(tl.int32)
    e76 = (tl.full((), 1, tl.int32)).to(tl.int32)
    e77 = (tl.broadcast_to(e76, (16, 32))).to(tl.int32)
    e78 = ((e75 + e77)).to(tl.int32)
    e79 = ((((tl.arange(0, 16)[:, None] * 32 + tl.arange(0, 32)[None, :]) + 251) % 512)).to(tl.int32)
    e80 = (tl.full((16, 32), 7, tl.int32)).to(tl.int32)
    e81 = ((e79 & e80)).to(tl.int32)
    e82 = ((((tl.arange(0, 16)[:, None] * 32 + tl.arange(0, 32)[None, :]) + 44) % 512)).to(tl.int32)
    e83 = (tl.full((16, 32), 256, tl.int32)).to(tl.int32)
    e84 = ((e82 < e83)).to(tl.int1)
    tl.atomic_max(mem4 + bid * 544 + 16 + e81 * 1, e78, (e84 & (e81 >= 0) & (e81 < 512)))
    e85 = (tl.flip(e71)).to(tl.float16)
           ^"
41790,4,triton,2026.09.25-23.10_triton_hard-shape_seed=42,triton_compile_error,confirmed_signature,flip,1790389943.8313427,results/2026.09.25-23.10_triton_hard-shape_seed=42/failed/triton_compile_error/failed_extended_mixed_95de61304548d5ec.json,独立复现代表样本，按相同错误签名关联；非逐例根因证明,"iler/compiler.py"", line 80, in make_ir
    return ast_to_ttir(self.fn, self, context=context, options=options, codegen_fns=codegen_fns,
           ^^^^^^^^^^^^^^^^^^^^^^^^^^^^^^^^^^^^^^^^^^^^^^^^^^^^^^^^^^^^^^^^^^^^^^^^^^^^^^^^^^^^^
triton.compiler.errors.CompilationError: at 120:12:
        e94, e95 = mixed_helper_extended_0_0(e93, e34, mem0, mem1, mem4, steps, limit, bid)
        e96 = (tl.full((16, 16), 0.125, tl.float16)).to(tl.float16)
        e97 = ((e94 * e96)).to(tl.float16)
        e98 = ((e85 + e95)).to(tl.float32)
        e99 = (tl.full((), 1, tl.int32)).to(tl.int32)
        e100 = ((e83 + e99)).to(tl.int32)
        e101 = ((e86 + e100)).to(tl.int32)
        e102 = e97
        e103 = e98
        e104 = e101
        e83 += 1
    e105 = (tl.flip(e102)).to(tl.float16)
            ^"
41790,4,triton,2026.09.25-23.10_triton_hard-shape_seed=42,triton_compile_error,confirmed_signature,flip,1790390625.6794794,results/2026.09.25-23.10_triton_hard-shape_seed=42/failed/triton_compile_error/failed_extended_arithmetic_014c5462872c2e50.json,独立复现代表样本，按相同错误签名关联；非逐例根因证明,"s,
           ^^^^^^^^^^^^^^^^^^^^^^^^^^^^^^^^^^^^^^^^^^^^^^^^^^^^^^^^^^^^^^^^^^^^^^^^^^^^^^^^^^^^^
triton.compiler.errors.CompilationError: at 44:11:
    e30 = (tl.full((), 2, tl.int32)).to(tl.int32)
    e31 = (tl.full((), True, tl.int1)).to(tl.int1)
    e32 = (tl.load(mem2 + bid * 36 + 16 + e30 * 1, (e31 & (e30 >= 0) & (e30 < 4)), other=0)).to(tl.float32)
    e33 = (tl.full((), 0.0, tl.float32)).to(tl.float32)
    e34 = ((e26 * e33)).to(tl.float32)
    e35 = (tl.full((), 0.125, tl.float32)).to(tl.float32)
    e36 = ((e29 * e35)).to(tl.float32)
    e37 = (tl.full((), -0.125, tl.float32)).to(tl.float32)
    e38 = ((e32 * e37)).to(tl.float32)
    e39 = (tl.fma(e34, e36, e38)).to(tl.float32)
    e40 = (tl.fma(e39, e36, e38)).to(tl.float32)
    e41 = (tl.flip(e14)).to(tl.float16)
           ^"
41790,4,triton,2026.09.25-23.10_triton_hard-shape_seed=42,triton_compile_error,confirmed_signature,flip,1790390838.7842453,results/2026.09.25-23.10_triton_hard-shape_seed=42/failed/triton_compile_error/failed_extended_control_calls_866daa9c8faebd60.json,独立复现代表样本，按相同错误签名关联；非逐例根因证明,"/compiler/compiler.py"", line 80, in make_ir
    return ast_to_ttir(self.fn, self, context=context, options=options, codegen_fns=codegen_fns,
           ^^^^^^^^^^^^^^^^^^^^^^^^^^^^^^^^^^^^^^^^^^^^^^^^^^^^^^^^^^^^^^^^^^^^^^^^^^^^^^^^^^^^^
triton.compiler.errors.CompilationError: at 81:11:
        e65, e66 = mixed_helper_extended_0_0(e64, e22, mem0, mem1, mem2, mem3, steps, limit, bid)
        e67 = (tl.full((32, 16), 0.125, tl.float16)).to(tl.float16)
        e68 = ((e65 * e67)).to(tl.float16)
        e69 = ((e56 + e66)).to(tl.float32)
        e70 = (tl.full((), 1, tl.int32)).to(tl.int32)
        e71 = ((e54 + e70)).to(tl.int32)
        e72 = ((e57 + e71)).to(tl.int32)
        e73 = e68
        e74 = e69
        e75 = e72
        e54 += 1
    e76 = (tl.flip(e73)).to(tl.float16)
           ^"
41790,4,triton,2026.09.25-23.10_triton_hard-shape_seed=42,triton_compile_error,confirmed_signature,flip,1790390852.4967585,results/2026.09.25-23.10_triton_hard-shape_seed=42/failed/triton_compile_error/failed_extended_arithmetic_e6e5683b6ed0fbfd.json,独立复现代表样本，按相同错误签名关联；非逐例根因证明,"^^^^^^^^^^^^^^^^^^^^^^^^^^^
triton.compiler.errors.CompilationError: at 30:11:
    e17 = (tl.where(e15, e7, e16)).to(tl.float16)
    e18 = (tl.full((), -0.5, tl.float32)).to(tl.float32)
    e19 = (tl.broadcast_to(e18, (32, 16))).to(tl.float32)
    e20 = (tl.full((), -0.25, tl.float32)).to(tl.float32)
    e21 = (tl.broadcast_to(e20, (32, 16))).to(tl.float32)
    e22 = ((e19 + e21)).to(tl.float32)
    e23 = ((((511 - (tl.arange(0, 32)[:, None] * 16 + tl.arange(0, 16)[None, :])) + 21) % 512)).to(tl.int32)
    e24 = (tl.full((32, 16), 7, tl.int32)).to(tl.int32)
    e25 = ((e23 & e24)).to(tl.int32)
    e26 = (tl.full((32, 16), True, tl.int1)).to(tl.int1)
    tl.atomic_min(mem1 + bid * 544 + 16 + e25 * 1, e22, (e26 & (e25 >= 0) & (e25 < 512)))
    e27 = (tl.flip(e17)).to(tl.float16)
           ^"
41790,4,triton,2026.09.25-23.10_triton_hard-shape_seed=42,triton_compile_error,confirmed_signature,flip,1790391570.9730139,results/2026.09.25-23.10_triton_hard-shape_seed=42/failed/triton_compile_error/failed_extended_arithmetic_25e6459d52596395.json,独立复现代表样本，按相同错误签名关联；非逐例根因证明,"return ast_to_ttir(self.fn, self, context=context, options=options, codegen_fns=codegen_fns,
           ^^^^^^^^^^^^^^^^^^^^^^^^^^^^^^^^^^^^^^^^^^^^^^^^^^^^^^^^^^^^^^^^^^^^^^^^^^^^^^^^^^^^^
triton.compiler.errors.CompilationError: at 17:11:
    e4 = ((e3 - e3)).to(tl.float16)
    e5 = (e4.to(tl.float16)).to(tl.float16)
    e6 = (tl.full((32, 16), 0.5, tl.float16)).to(tl.float16)
    e7 = ((e5 * e6)).to(tl.float16)
    e8 = (tl.full((32, 16), 7, tl.int32)).to(tl.int32)
    e9 = ((e1 & e8)).to(tl.int32)
    e10 = (tl.full((32, 16), 3, tl.int32)).to(tl.int32)
    e11 = ((e9 < e10)).to(tl.int1)
    e12 = ((e11 & e2)).to(tl.int1)
    e13 = (tl.full((32, 16), -0.125, tl.float16)).to(tl.float16)
    e14 = (tl.where(e12, e7, e13)).to(tl.float16)
    e15 = (tl.flip(e14)).to(tl.float16)
           ^"
41790,4,triton,2026.09.25-23.10_triton_hard-shape_seed=42,triton_compile_error,confirmed_signature,flip,1790391771.4754262,results/2026.09.25-23.10_triton_hard-shape_seed=42/failed/triton_compile_error/failed_extended_control_calls_072cd909d6dd6c15.json,独立复现代表样本，按相同错误签名关联；非逐例根因证明,"ler/compiler.py"", line 80, in make_ir
    return ast_to_ttir(self.fn, self, context=context, options=options, codegen_fns=codegen_fns,
           ^^^^^^^^^^^^^^^^^^^^^^^^^^^^^^^^^^^^^^^^^^^^^^^^^^^^^^^^^^^^^^^^^^^^^^^^^^^^^^^^^^^^^
triton.compiler.errors.CompilationError: at 78:11:
        e62, e63 = mixed_helper_extended_0_0(e61, e19, mem0, mem1, mem2, mem3, mem4, steps, limit, bid)
        e64 = (tl.full((16, 32), 0.125, tl.float16)).to(tl.float16)
        e65 = ((e62 * e64)).to(tl.float16)
        e66 = ((e53 + e63)).to(tl.float32)
        e67 = (tl.full((), 1, tl.int32)).to(tl.int32)
        e68 = ((e51 + e67)).to(tl.int32)
        e69 = ((e54 + e68)).to(tl.int32)
        e70 = e65
        e71 = e66
        e72 = e69
        e51 += 1
    e73 = (tl.flip(e70)).to(tl.float16)
           ^"
41790,4,triton,2026.09.25-23.10_triton_hard-shape_seed=42,triton_compile_error,confirmed_signature,flip,1790392083.0642545,results/2026.09.25-23.10_triton_hard-shape_seed=42/failed/triton_compile_error/failed_extended_arithmetic_bf5e351c609d6bcd.json,独立复现代表样本，按相同错误签名关联；非逐例根因证明,"ler.errors.CompilationError: at 34:11:
    e21 = (tl.broadcast_to(e20, (32, 16))).to(tl.float32)
    e22 = (tl.full((), 0.125, tl.float32)).to(tl.float32)
    e23 = (tl.broadcast_to(e22, (32, 16))).to(tl.float32)
    e24 = ((e21 + e23)).to(tl.float32)
    e25 = ((((511 - (tl.arange(0, 32)[:, None] * 16 + tl.arange(0, 16)[None, :])) + 19) % 512)).to(tl.int32)
    e26 = (tl.full((32, 16), 255, tl.int32)).to(tl.int32)
    e27 = ((e25 & e26)).to(tl.int32)
    e28 = ((((511 - (tl.arange(0, 32)[:, None] * 16 + tl.arange(0, 16)[None, :])) + 6) % 512)).to(tl.int32)
    e29 = (tl.full((32, 16), 256, tl.int32)).to(tl.int32)
    e30 = ((e28 < e29)).to(tl.int1)
    tl.atomic_max(mem2 + bid * 544 + 16 + e27 * 1, e24, (e30 & (e27 >= 0) & (e27 < 512)))
    e31 = (tl.flip(e19)).to(tl.float16)
           ^"
41790,4,triton,2026.09.25-23.10_triton_hard-shape_seed=42,triton_compile_error,confirmed_signature,flip,1790397019.6288843,results/2026.09.25-23.10_triton_hard-shape_seed=42/failed/triton_compile_error/failed_extended_arithmetic_6ec4e0bfd7b40769.json,独立复现代表样本，按相同错误签名关联；非逐例根因证明,"^^^^^^^^^^^^^^^^^^^^^^^^^^^^^^^^^^^^^^^^^^
triton.compiler.errors.CompilationError: at 32:11:
    e19 = (tl.where(e17, e12, e18)).to(tl.float16)
    e20 = (tl.full((), -1, tl.int32)).to(tl.int32)
    e21 = (tl.broadcast_to(e20, (16, 32))).to(tl.int32)
    e22 = (tl.full((), -1, tl.int32)).to(tl.int32)
    e23 = (tl.broadcast_to(e22, (16, 32))).to(tl.int32)
    e24 = ((e21 - e23)).to(tl.int32)
    e25 = ((((511 - (tl.arange(0, 16)[:, None] * 32 + tl.arange(0, 32)[None, :])) + 301) % 512)).to(tl.int32)
    e26 = (tl.full((16, 32), 255, tl.int32)).to(tl.int32)
    e27 = ((e25 & e26)).to(tl.int32)
    e28 = (tl.full((16, 32), True, tl.int1)).to(tl.int1)
    tl.atomic_min(mem1 + bid * 544 + 16 + e27 * 1, e24, (e28 & (e27 >= 0) & (e27 < 512)))
    e29 = (tl.flip(e19)).to(tl.float16)
           ^"
41790,4,triton,2026.09.25-23.10_triton_hard-shape_seed=42,triton_compile_error,confirmed_signature,flip,1790397340.3288262,results/2026.09.25-23.10_triton_hard-shape_seed=42/failed/triton_compile_error/failed_extended_control_calls_bc01fd6bf575b5ff.json,独立复现代表样本，按相同错误签名关联；非逐例根因证明,"/compiler/compiler.py"", line 80, in make_ir
    return ast_to_ttir(self.fn, self, context=context, options=options, codegen_fns=codegen_fns,
           ^^^^^^^^^^^^^^^^^^^^^^^^^^^^^^^^^^^^^^^^^^^^^^^^^^^^^^^^^^^^^^^^^^^^^^^^^^^^^^^^^^^^^
triton.compiler.errors.CompilationError: at 76:11:
        e60, e61 = mixed_helper_extended_0_0(e59, e17, mem0, mem1, mem2, mem3, steps, limit, bid)
        e62 = (tl.full((16, 32), 0.125, tl.float16)).to(tl.float16)
        e63 = ((e60 * e62)).to(tl.float16)
        e64 = ((e51 + e61)).to(tl.float32)
        e65 = (tl.full((), 1, tl.int32)).to(tl.int32)
        e66 = ((e49 + e65)).to(tl.int32)
        e67 = ((e52 + e66)).to(tl.int32)
        e68 = e63
        e69 = e64
        e70 = e67
        e49 += 1
    e71 = (tl.flip(e68)).to(tl.float16)
           ^"
41790,4,triton,2026.09.25-23.10_triton_hard-shape_seed=42,triton_compile_error,confirmed_signature,flip,1790397708.2182262,results/2026.09.25-23.10_triton_hard-shape_seed=42/failed/triton_compile_error/failed_extended_control_calls_ee4e0cd5717099b0.json,独立复现代表样本，按相同错误签名关联；非逐例根因证明,"/compiler/compiler.py"", line 80, in make_ir
    return ast_to_ttir(self.fn, self, context=context, options=options, codegen_fns=codegen_fns,
           ^^^^^^^^^^^^^^^^^^^^^^^^^^^^^^^^^^^^^^^^^^^^^^^^^^^^^^^^^^^^^^^^^^^^^^^^^^^^^^^^^^^^^
triton.compiler.errors.CompilationError: at 77:11:
        e61, e62 = mixed_helper_extended_0_0(e60, e18, mem0, mem1, mem2, mem3, steps, limit, bid)
        e63 = (tl.full((16, 16), 0.125, tl.float16)).to(tl.float16)
        e64 = ((e61 * e63)).to(tl.float16)
        e65 = ((e52 + e62)).to(tl.float32)
        e66 = (tl.full((), 1, tl.int32)).to(tl.int32)
        e67 = ((e50 + e66)).to(tl.int32)
        e68 = ((e53 + e67)).to(tl.int32)
        e69 = e64
        e70 = e65
        e71 = e68
        e50 += 1
    e72 = (tl.flip(e69)).to(tl.float16)
           ^"
41790,4,triton,2026.09.25-23.10_triton_hard-shape_seed=42,triton_compile_error,confirmed_signature,flip,1790397770.245139,results/2026.09.25-23.10_triton_hard-shape_seed=42/failed/triton_compile_error/failed_extended_control_calls_8d7e1dc4fd2d29fc.json,独立复现代表样本，按相同错误签名关联；非逐例根因证明,"f.fn, self, context=context, options=options, codegen_fns=codegen_fns,
           ^^^^^^^^^^^^^^^^^^^^^^^^^^^^^^^^^^^^^^^^^^^^^^^^^^^^^^^^^^^^^^^^^^^^^^^^^^^^^^^^^^^^^
triton.compiler.errors.CompilationError: at 86:11:
        e71 = e66
        e72 = e67
        e73 = e70
        e52 += 1
    e74 = (tl.full((), 0, tl.int32)).to(tl.int32)
    e75 = (tl.broadcast_to(e74, (16, 16))).to(tl.int32)
    e76 = ((((255 - (tl.arange(0, 16)[:, None] * 16 + tl.arange(0, 16)[None, :])) + 164) % 256)).to(tl.int32)
    e77 = (tl.full((16, 16), 127, tl.int32)).to(tl.int32)
    e78 = ((e76 & e77)).to(tl.int32)
    e79 = (tl.full((16, 16), True, tl.int1)).to(tl.int1)
    tl.atomic_max(mem4 + bid * 288 + 16 + e78 * 1, e75, (e79 & (e78 >= 0) & (e78 < 256)))
    e80 = (tl.flip(e71)).to(tl.float16)
           ^"
41790,4,triton,2026.09.25-23.10_triton_hard-shape_seed=42,triton_compile_error,confirmed_signature,flip,1790398039.5075028,results/2026.09.25-23.10_triton_hard-shape_seed=42/failed/triton_compile_error/failed_extended_indexed_memory_5bc721b1210e41c8.json,独立复现代表样本，按相同错误签名关联；非逐例根因证明,"^^^^^^^^^^^^^^^^^^^^
triton.compiler.errors.CompilationError: at 38:11:
    e20 = ((e16 + e19)).to(tl.float16)
    e21 = (tl.full((), 1, tl.int32)).to(tl.int32)
    e22 = (tl.broadcast_to(e21, (32, 16))).to(tl.int32)
    e23 = (tl.full((), 2, tl.int32)).to(tl.int32)
    e24 = (tl.broadcast_to(e23, (32, 16))).to(tl.int32)
    e25 = ((e22 + e24)).to(tl.int32)
    e26 = ((((tl.arange(0, 32)[:, None] * 16 + tl.arange(0, 16)[None, :]) + 315) % 512)).to(tl.int32)
    e27 = ((((tl.arange(0, 32)[:, None] * 16 + tl.arange(0, 16)[None, :]) + 220) % 512)).to(tl.int32)
    e28 = (tl.full((32, 16), 256, tl.int32)).to(tl.int32)
    e29 = ((e27 < e28)).to(tl.int1)
    tl.atomic_add(mem4 + bid * 544 + 16 + e26 * 1, e25, (e29 & (e26 >= 0) & (e26 < 512)))
    e30 = (tl.flip(e20)).to(tl.float16)
           ^"
41790,4,triton,2026.09.25-23.10_triton_hard-shape_seed=42,triton_compile_error,confirmed_signature,flip,1790398138.6241002,results/2026.09.25-23.10_triton_hard-shape_seed=42/failed/triton_compile_error/failed_extended_shape_matmul_bc2304bf648d4a49.json,独立复现代表样本，按相同错误签名关联；非逐例根因证明,"options=options, codegen_fns=codegen_fns,
           ^^^^^^^^^^^^^^^^^^^^^^^^^^^^^^^^^^^^^^^^^^^^^^^^^^^^^^^^^^^^^^^^^^^^^^^^^^^^^^^^^^^^^
triton.compiler.errors.CompilationError: at 35:11:
    e22 = (e21.to(tl.int8)).to(tl.int8)
    e23 = (tl.full((16, 32), 0, tl.int32)).to(tl.int32)
    e24 = (tl.dot(e14, e22, e23, out_dtype=tl.int32)).to(tl.int32)
    e25 = (tl.sum(e24.to(tl.int32), 0)).to(tl.int32)
    e26 = (tl.sum(e25.to(tl.int32), 0)).to(tl.int32)
    e27 = (e26.to(tl.float32)).to(tl.float32)
    e28 = (tl.full((), 0.0078125, tl.float32)).to(tl.float32)
    e29 = ((e27 * e28)).to(tl.float32)
    e30 = (tl.broadcast_to(e29, (32, 16))).to(tl.float32)
    e31 = (e30.to(tl.float16)).to(tl.float16)
    e32 = ((e6 + e31)).to(tl.float16)
    e33 = (tl.flip(e32)).to(tl.float16)
           ^"
41790,4,triton,2026.09.25-23.10_triton_hard-shape_seed=42,triton_compile_error,confirmed_signature,flip,1790399961.8843694,results/2026.09.25-23.10_triton_hard-shape_seed=42/failed/triton_compile_error/failed_extended_mixed_90904deeed19bd86.json,独立复现代表样本，按相同错误签名关联；非逐例根因证明,"r
    return ast_to_ttir(self.fn, self, context=context, options=options, codegen_fns=codegen_fns,
           ^^^^^^^^^^^^^^^^^^^^^^^^^^^^^^^^^^^^^^^^^^^^^^^^^^^^^^^^^^^^^^^^^^^^^^^^^^^^^^^^^^^^^
triton.compiler.errors.CompilationError: at 128:12:
        e102, e103 = mixed_helper_extended_0_0(e101, e41, mem0, mem1, mem2, mem5, mem6, mem7, mem8, steps, limit, bid)
        e104 = (tl.full((16, 16), 0.125, tl.float16)).to(tl.float16)
        e105 = ((e102 * e104)).to(tl.float16)
        e106 = ((e93 + e103)).to(tl.float32)
        e107 = (tl.full((), 1, tl.int32)).to(tl.int32)
        e108 = ((e91 + e107)).to(tl.int32)
        e109 = ((e94 + e108)).to(tl.int32)
        e110 = e105
        e111 = e106
        e112 = e109
        e91 += 1
    e113 = (tl.flip(e110)).to(tl.float16)
            ^"
41790,4,triton,2026.09.25-23.10_triton_hard-shape_seed=42,triton_compile_error,confirmed_signature,flip,1790400298.661065,results/2026.09.25-23.10_triton_hard-shape_seed=42/failed/triton_compile_error/failed_extended_arithmetic_9ce6815ab6f2964b.json,独立复现代表样本，按相同错误签名关联；非逐例根因证明,"n ast_to_ttir(self.fn, self, context=context, options=options, codegen_fns=codegen_fns,
           ^^^^^^^^^^^^^^^^^^^^^^^^^^^^^^^^^^^^^^^^^^^^^^^^^^^^^^^^^^^^^^^^^^^^^^^^^^^^^^^^^^^^^
triton.compiler.errors.CompilationError: at 19:11:
    e6 = ((e5 * e3)).to(tl.float32)
    e7 = (e6.to(tl.float16)).to(tl.float16)
    e8 = (tl.full((32, 16), 0.5, tl.float16)).to(tl.float16)
    e9 = ((e7 * e8)).to(tl.float16)
    e10 = (tl.full((32, 16), 1, tl.int32)).to(tl.int32)
    e11 = ((e1 ^ e10)).to(tl.int32)
    e12 = (tl.full((32, 16), 3, tl.int32)).to(tl.int32)
    e13 = ((e11 < e12)).to(tl.int1)
    e14 = ((e13 & e13)).to(tl.int1)
    e15 = (tl.full((32, 16), -0.125, tl.float16)).to(tl.float16)
    e16 = (tl.where(e14, e9, e15)).to(tl.float16)
    e17 = (tl.flip(e16)).to(tl.float16)
           ^"
41790,4,triton,2026.09.25-23.10_triton_hard-shape_seed=42,triton_compile_error,confirmed_signature,flip,1790400564.7874665,results/2026.09.25-23.10_triton_hard-shape_seed=42/failed/triton_compile_error/failed_extended_control_calls_907317e550d7b5a6.json,独立复现代表样本，按相同错误签名关联；非逐例根因证明,"_fns,
           ^^^^^^^^^^^^^^^^^^^^^^^^^^^^^^^^^^^^^^^^^^^^^^^^^^^^^^^^^^^^^^^^^^^^^^^^^^^^^^^^^^^^^
triton.compiler.errors.CompilationError: at 98:11:
    e82 = (tl.full((), 2, tl.int32)).to(tl.int32)
    e83 = (tl.full((), True, tl.int1)).to(tl.int1)
    e84 = (tl.load(mem4 + bid * 36 + 16 + e82 * 1, (e83 & (e82 >= 0) & (e82 < 4)), other=0)).to(tl.float32)
    e85 = (tl.full((), -0.5, tl.float32)).to(tl.float32)
    e86 = ((e78 * e85)).to(tl.float32)
    e87 = (tl.full((), 0.25, tl.float32)).to(tl.float32)
    e88 = ((e81 * e87)).to(tl.float32)
    e89 = (tl.full((), 0.0, tl.float32)).to(tl.float32)
    e90 = ((e84 * e89)).to(tl.float32)
    e91 = (tl.fma(e86, e88, e90)).to(tl.float32)
    e92 = (tl.fma(e91, e88, e90)).to(tl.float32)
    e93 = (tl.flip(e73)).to(tl.float16)
           ^"
41790,4,triton,2026.09.25-23.10_triton_hard-shape_seed=42,triton_compile_error,confirmed_signature,flip,1790401407.3160205,results/2026.09.25-23.10_triton_hard-shape_seed=42/failed/triton_compile_error/failed_extended_shape_matmul_7481747050f1a500.json,独立复现代表样本，按相同错误签名关联；非逐例根因证明,"^^^^^^^^^^^^^^^^^^^^
triton.compiler.errors.CompilationError: at 24:11:
    e11 = (tl.full((16, 16), 0.0, tl.float32)).to(tl.float32)
    e12 = (tl.dot(e10, e9, e11, input_precision='ieee')).to(tl.float32)
    e13 = (tl.where(tl.sum((e12 != e12).to(tl.int32), 1) > 0, float('nan'), tl.max(e12.to(tl.float32), 1))).to(tl.float32)
    e14 = (tl.reshape(e13, (16, 1))).to(tl.float32)
    e15 = ((e12 - e14)).to(tl.float32)
    e16 = (tl.full((16, 16), 0.125, tl.float32)).to(tl.float32)
    e17 = ((e15 * e16)).to(tl.float32)
    e18 = (e17.to(tl.float16)).to(tl.float16)
    e19 = (tl.dot(e18, e10, e11, input_precision='ieee')).to(tl.float32)
    e20 = (tl.reshape(e19, (16, 16))).to(tl.float32)
    e21 = (tl.reshape(e20, (16, 16))).to(tl.float32)
    e22 = (tl.flip(e21)).to(tl.float32)
           ^"
41790,4,triton,2026.09.25-23.10_triton_hard-shape_seed=42,triton_compile_error,confirmed_signature,flip,1790401721.5033739,results/2026.09.25-23.10_triton_hard-shape_seed=42/failed/triton_compile_error/failed_extended_indexed_memory_dfab0096abeeb5f4.json,独立复现代表样本，按相同错误签名关联；非逐例根因证明,"^^^^^^^^^^^^^^^^^^^^^^^^^^^^^^^^^^^^^^^^^^^^^^^^^^^^^^^^^^^^^^^^
triton.compiler.errors.CompilationError: at 39:11:
    e21 = ((e17 + e20)).to(tl.float16)
    e22 = (tl.full((), -3, tl.int32)).to(tl.int32)
    e23 = (tl.broadcast_to(e22, (16, 32))).to(tl.int32)
    e24 = (tl.full((), -3, tl.int32)).to(tl.int32)
    e25 = (tl.broadcast_to(e24, (16, 32))).to(tl.int32)
    e26 = ((e23 - e25)).to(tl.int32)
    e27 = ((((tl.arange(0, 16)[:, None] * 32 + tl.arange(0, 32)[None, :]) + 151) % 512)).to(tl.int32)
    e28 = (tl.full((16, 32), 7, tl.int32)).to(tl.int32)
    e29 = ((e27 & e28)).to(tl.int32)
    e30 = (tl.full((16, 32), True, tl.int1)).to(tl.int1)
    tl.atomic_min(mem4 + bid * 544 + 16 + e29 * 1, e26, (e30 & (e29 >= 0) & (e29 < 512)))
    e31 = (tl.flip(e21)).to(tl.float16)
           ^"
41790,4,triton,2026.09.25-23.10_triton_hard-shape_seed=42,triton_compile_error,confirmed_signature,flip,1790402985.5838685,results/2026.09.25-23.10_triton_hard-shape_seed=42/failed/triton_compile_error/failed_extended_shape_matmul_feeaf4f949cba83f.json,独立复现代表样本，按相同错误签名关联；非逐例根因证明,"n_fns,
           ^^^^^^^^^^^^^^^^^^^^^^^^^^^^^^^^^^^^^^^^^^^^^^^^^^^^^^^^^^^^^^^^^^^^^^^^^^^^^^^^^^^^^
triton.compiler.errors.CompilationError: at 50:11:
    e37 = (tl.full((), 2, tl.int32)).to(tl.int32)
    e38 = (tl.full((), True, tl.int1)).to(tl.int1)
    e39 = (tl.load(mem3 + bid * 36 + 16 + e37 * 1, (e38 & (e37 >= 0) & (e37 < 4)), other=0)).to(tl.float32)
    e40 = (tl.full((), 1.0, tl.float32)).to(tl.float32)
    e41 = ((e33 * e40)).to(tl.float32)
    e42 = (tl.full((), 1.0, tl.float32)).to(tl.float32)
    e43 = ((e36 * e42)).to(tl.float32)
    e44 = (tl.full((), -1.0, tl.float32)).to(tl.float32)
    e45 = ((e39 * e44)).to(tl.float32)
    e46 = (tl.fma(e41, e43, e45)).to(tl.float32)
    e47 = (tl.fma(e46, e43, e45)).to(tl.float32)
    e48 = (tl.flip(e30)).to(tl.float32)
           ^"
41790,4,triton,2026.09.25-23.10_triton_hard-shape_seed=42,triton_compile_error,confirmed_signature,flip,1790403042.6387906,results/2026.09.25-23.10_triton_hard-shape_seed=42/failed/triton_compile_error/failed_extended_mixed_9ba0ed290b9419fe.json,独立复现代表样本，按相同错误签名关联；非逐例根因证明,"rors.CompilationError: at 143:12:
    e122 = (tl.broadcast_to(e121, (32, 16))).to(tl.int32)
    e123 = (tl.full((), 1, tl.int32)).to(tl.int32)
    e124 = (tl.broadcast_to(e123, (32, 16))).to(tl.int32)
    e125 = ((e122 + e124)).to(tl.int32)
    e126 = ((((511 - (tl.arange(0, 32)[:, None] * 16 + tl.arange(0, 16)[None, :])) + 166) % 512)).to(tl.int32)
    e127 = (tl.full((32, 16), 7, tl.int32)).to(tl.int32)
    e128 = ((e126 & e127)).to(tl.int32)
    e129 = ((((tl.arange(0, 32)[:, None] * 16 + tl.arange(0, 16)[None, :]) + 330) % 512)).to(tl.int32)
    e130 = (tl.full((32, 16), 256, tl.int32)).to(tl.int32)
    e131 = ((e129 < e130)).to(tl.int1)
    tl.atomic_add(mem7 + bid * 544 + 16 + e128 * 1, e125, (e131 & (e128 >= 0) & (e128 < 512)))
    e132 = (tl.flip(e118)).to(tl.float16)
            ^"
41790,4,triton,2026.09.25-23.10_triton_hard-shape_seed=42,triton_compile_error,confirmed_signature,flip,1790404060.098528,results/2026.09.25-23.10_triton_hard-shape_seed=42/failed/triton_compile_error/failed_extended_indexed_memory_8d4eefb08b5b18d4.json,独立复现代表样本，按相同错误签名关联；非逐例根因证明,"s,
           ^^^^^^^^^^^^^^^^^^^^^^^^^^^^^^^^^^^^^^^^^^^^^^^^^^^^^^^^^^^^^^^^^^^^^^^^^^^^^^^^^^^^^
triton.compiler.errors.CompilationError: at 46:11:
    e28 = (tl.full((), 2, tl.int32)).to(tl.int32)
    e29 = (tl.full((), True, tl.int1)).to(tl.int1)
    e30 = (tl.load(mem4 + bid * 36 + 16 + e28 * 1, (e29 & (e28 >= 0) & (e28 < 4)), other=0)).to(tl.float16)
    e31 = (tl.full((), 0.0, tl.float16)).to(tl.float16)
    e32 = ((e24 * e31)).to(tl.float16)
    e33 = (tl.full((), 0.125, tl.float16)).to(tl.float16)
    e34 = ((e27 * e33)).to(tl.float16)
    e35 = (tl.full((), -0.125, tl.float16)).to(tl.float16)
    e36 = ((e30 * e35)).to(tl.float16)
    e37 = (tl.fma(e32, e34, e36)).to(tl.float16)
    e38 = (tl.fma(e37, e34, e36)).to(tl.float16)
    e39 = (tl.flip(e21)).to(tl.float16)
           ^"
41790,4,triton,2026.09.25-23.10_triton_hard-shape_seed=42,triton_compile_error,confirmed_signature,flip,1790405195.9922535,results/2026.09.25-23.10_triton_hard-shape_seed=42/failed/triton_compile_error/failed_extended_shape_matmul_b7e1a607cf357567.json,独立复现代表样本，按相同错误签名关联；非逐例根因证明,"^^^^^^^^^^^^^^^^^^^^^^^^^^^^^^^^^^^^^^^^^^
triton.compiler.errors.CompilationError: at 38:11:
    e25 = (tl.reshape(e24, (16, 16))).to(tl.float32)
    e26 = (tl.full((), -2, tl.int32)).to(tl.int32)
    e27 = (tl.broadcast_to(e26, (16, 16))).to(tl.int32)
    e28 = (tl.full((), -3, tl.int32)).to(tl.int32)
    e29 = (tl.broadcast_to(e28, (16, 16))).to(tl.int32)
    e30 = ((e27 + e29)).to(tl.int32)
    e31 = ((((255 - (tl.arange(0, 16)[:, None] * 16 + tl.arange(0, 16)[None, :])) + 238) % 256)).to(tl.int32)
    e32 = (tl.full((16, 16), 7, tl.int32)).to(tl.int32)
    e33 = ((e31 & e32)).to(tl.int32)
    e34 = (tl.full((16, 16), True, tl.int1)).to(tl.int1)
    tl.atomic_add(mem1 + bid * 288 + 16 + e33 * 1, e30, (e34 & (e33 >= 0) & (e33 < 256)))
    e35 = (tl.flip(e25)).to(tl.float32)
           ^"
41790,4,triton,2026.09.25-23.10_triton_hard-shape_seed=42,triton_compile_error,confirmed_signature,flip,1790405759.107629,results/2026.09.25-23.10_triton_hard-shape_seed=42/failed/triton_compile_error/failed_extended_shape_matmul_109e6263b6ff2546.json,独立复现代表样本，按相同错误签名关联；非逐例根因证明,"^^^^^^^
triton.compiler.errors.CompilationError: at 27:11:
    e14 = (tl.reshape(e13, (16, 1))).to(tl.float32)
    e15 = ((e12 - e14)).to(tl.float32)
    e16 = (tl.full((16, 16), 0.125, tl.float32)).to(tl.float32)
    e17 = ((e15 * e16)).to(tl.float32)
    e18 = ((((tl.arange(0, 16)[:, None] * 16 + tl.arange(0, 16)[None, :]) + 109) % 256)).to(tl.int32)
    e19 = (tl.full((16, 16), True, tl.int1)).to(tl.int1)
    e20 = (tl.load(mem1 + bid * 288 + 16 + e18 * 1, (e19 & (e18 >= 0) & (e18 < 256)), other=0)).to(tl.float16)
    e21 = (e17.to(tl.float16)).to(tl.float16)
    e22 = (tl.dot(e21, e20, e11, input_precision='ieee')).to(tl.float32)
    e23 = (tl.reshape(e22, (16, 16))).to(tl.float32)
    e24 = (tl.reshape(e23, (16, 16))).to(tl.float32)
    e25 = (tl.flip(e24)).to(tl.float32)
           ^"
41790,4,triton,2026.09.25-23.10_triton_hard-shape_seed=42,triton_compile_error,confirmed_signature,flip,1790408648.9153922,results/2026.09.25-23.10_triton_hard-shape_seed=42/failed/triton_compile_error/failed_extended_arithmetic_689f5d1472674296.json,独立复现代表样本，按相同错误签名关联；非逐例根因证明," ast_to_ttir(self.fn, self, context=context, options=options, codegen_fns=codegen_fns,
           ^^^^^^^^^^^^^^^^^^^^^^^^^^^^^^^^^^^^^^^^^^^^^^^^^^^^^^^^^^^^^^^^^^^^^^^^^^^^^^^^^^^^^
triton.compiler.errors.CompilationError: at 20:11:
    e7 = ((e3 - e6)).to(tl.float16)
    e8 = (e7.to(tl.float16)).to(tl.float16)
    e9 = (tl.full((32, 16), 0.5, tl.float16)).to(tl.float16)
    e10 = ((e8 * e9)).to(tl.float16)
    e11 = (tl.full((32, 16), 3, tl.int32)).to(tl.int32)
    e12 = ((e1 & e11)).to(tl.int32)
    e13 = (tl.full((32, 16), 3, tl.int32)).to(tl.int32)
    e14 = ((e12 < e13)).to(tl.int1)
    e15 = ((e14 & e5)).to(tl.int1)
    e16 = (tl.full((32, 16), -0.125, tl.float16)).to(tl.float16)
    e17 = (tl.where(e15, e10, e16)).to(tl.float16)
    e18 = (tl.flip(e17)).to(tl.float16)
           ^"
41790,4,triton,2026.09.25-23.10_triton_hard-shape_seed=42,triton_compile_error,confirmed_signature,flip,1790408850.2890468,results/2026.09.25-23.10_triton_hard-shape_seed=42/failed/triton_compile_error/failed_extended_mixed_0b20320bab02d1a5.json,独立复现代表样本，按相同错误签名关联；非逐例根因证明,"Error: at 135:12:
    e114 = (tl.broadcast_to(e113, (16, 16))).to(tl.float32)
    e115 = (tl.full((), 0.125, tl.float32)).to(tl.float32)
    e116 = (tl.broadcast_to(e115, (16, 16))).to(tl.float32)
    e117 = ((e114 - e116)).to(tl.float32)
    e118 = ((((255 - (tl.arange(0, 16)[:, None] * 16 + tl.arange(0, 16)[None, :])) + 161) % 256)).to(tl.int32)
    e119 = (tl.full((16, 16), 127, tl.int32)).to(tl.int32)
    e120 = ((e118 & e119)).to(tl.int32)
    e121 = ((((tl.arange(0, 16)[:, None] * 16 + tl.arange(0, 16)[None, :]) + 163) % 256)).to(tl.int32)
    e122 = (tl.full((16, 16), 128, tl.int32)).to(tl.int32)
    e123 = ((e121 < e122)).to(tl.int1)
    tl.atomic_max(mem8 + bid * 288 + 16 + e120 * 1, e117, (e123 & (e120 >= 0) & (e120 < 256)))
    e124 = (tl.flip(e110)).to(tl.float16)
            ^"
